/* This work is not copywritten, not licensed, and free for all to use and modify. */
/* AC is the ashes of greatness that we love and hold dear but we no longer are content to play in those ashes, We will rise like the pheonix and we will make it our own. */
/* Thank you to Hells, for answering my stupid and crazy half cocked questions, DU for always pushign me to be better, Roogon for the constant support and TCK for being an inspiration for this project. */


/* #region Json Townsfolk*/

DELETE FROM `weenie` WHERE `class_Id` = 2000220;

INSERT INTO `weenie` (`class_Id`, `class_Name`, `type`, `last_Modified`)
VALUES (2000220, 'ace2000220-townfolk', 10, '2019-09-24 03:41:00') /* Creature */;

INSERT INTO `weenie_properties_int` (`object_Id`, `type`, `value`)
VALUES (2000220,   1,         16) /* ItemType - Creature */
     , (2000220,   2,         31) /* CreatureType - Human */
     , (2000220,   6,         -1) /* ItemsCapacity */
     , (2000220,   7,         -1) /* ContainersCapacity */
     , (2000220,   8,        120) /* Mass */
     , (2000220,  16,         32) /* ItemUseable - Remote */
     , (2000220,  25,         15) /* Level */
     , (2000220,  27,          0) /* ArmorType - None */
     , (2000220,  93,    6292504) /* PhysicsState - ReportCollisions, IgnoreCollisions, Gravity, ReportCollisionsAsEnvironment, EdgeSlide */
     , (2000220,  95,          8) /* RadarBlipColor - Yellow */
     , (2000220, 113,          1) /* Gender - Male */
     , (2000220, 133,          4) /* ShowableOnRadar - ShowAlways */
     , (2000220, 134,         16) /* PlayerKillerStatus - RubberGlue */
     , (2000220, 146,        293) /* XpOverride */
     , (2000220, 188,          1) /* HeritageGroup - Aluvian */;

INSERT INTO `weenie_properties_bool` (`object_Id`, `type`, `value`)
VALUES (2000220,   1, True ) /* Stuck */
     , (2000220,   8, True ) /* AllowGive */
     , (2000220,  11, True ) /* IgnoreCollisions */
     , (2000220,  12, True ) /* ReportCollisions */
     , (2000220,  13, False) /* Ethereal */
     , (2000220,  14, True ) /* GravityStatus */
     , (2000220,  19, False) /* Attackable */
     , (2000220,  29, True ) /* NoCorpse */
     , (2000220,  41, True ) /* ReportCollisionsAsEnvironment */
     , (2000220,  42, True ) /* AllowEdgeSlide */
     , (2000220,  52, True ) /* AiImmobile */
     , (2000220,  79, True ) /* AiAcceptEverything */;

INSERT INTO `weenie_properties_float` (`object_Id`, `type`, `value`)
VALUES (2000220,   1,       5) /* HeartbeatInterval */
     , (2000220,   2,       0) /* HeartbeatTimestamp */
     , (2000220,   3, 0.159999996423721) /* HealthRate */
     , (2000220,   4,       5) /* StaminaRate */
     , (2000220,   5,       1) /* ManaRate */
     , (2000220,  13, 0.899999976158142) /* ArmorModVsSlash */
     , (2000220,  14,       1) /* ArmorModVsPierce */
     , (2000220,  15, 1.10000002384186) /* ArmorModVsBludgeon */
     , (2000220,  16, 0.400000005960464) /* ArmorModVsCold */
     , (2000220,  17, 0.400000005960464) /* ArmorModVsFire */
     , (2000220,  18,       1) /* ArmorModVsAcid */
     , (2000220,  19, 0.600000023841858) /* ArmorModVsElectric */
     , (2000220,  54,       3) /* UseRadius */
     , (2000220,  64,       1) /* ResistSlash */
     , (2000220,  65,       1) /* ResistPierce */
     , (2000220,  66,       1) /* ResistBludgeon */
     , (2000220,  67,       1) /* ResistFire */
     , (2000220,  68,       1) /* ResistCold */
     , (2000220,  69,       1) /* ResistAcid */
     , (2000220,  70,       1) /* ResistElectric */
     , (2000220,  71,       1) /* ResistHealthBoost */
     , (2000220,  72,       1) /* ResistStaminaDrain */
     , (2000220,  73,       1) /* ResistStaminaBoost */
     , (2000220,  74,       1) /* ResistManaDrain */
     , (2000220,  75,       1) /* ResistManaBoost */
     , (2000220, 104,      10) /* ObviousRadarRange */
     , (2000220, 125,       1) /* ResistHealthDrain */;

INSERT INTO `weenie_properties_string` (`object_Id`, `type`, `value`)
VALUES (2000220,   1, 'Townfolk') /* Name */
     , (2000220,   3, 'Male') /* Sex */
     , (2000220,   4, 'Aluvian') /* HeritageGroup */;

INSERT INTO `weenie_properties_d_i_d` (`object_Id`, `type`, `value`)
VALUES (2000220,   1,   33554433) /* Setup */
     , (2000220,   2,  150994945) /* MotionTable */
     , (2000220,   3,  536870913) /* SoundTable */
     , (2000220,   4,  805306368) /* CombatTable */
     , (2000220,   6,   67108990) /* PaletteBase */
     , (2000220,   8,  100667446) /* Icon */
     , (2000220,   9,   83890437) /* EyesTexture */
     , (2000220,  10,   83890521) /* NoseTexture */
     , (2000220,  11,   83890627) /* MouthTexture */
     , (2000220,  15,   67116978) /* HairPalette */
     , (2000220,  16,   67109564) /* EyesPalette */
     , (2000220,  17,   67109558) /* SkinPalette */;

INSERT INTO `weenie_properties_attribute` (`object_Id`, `type`, `init_Level`, `level_From_C_P`, `c_P_Spent`)
VALUES (2000220,   1, 110, 0, 0) /* Strength */
     , (2000220,   2, 120, 0, 0) /* Endurance */
     , (2000220,   3, 120, 0, 0) /* Quickness */
     , (2000220,   4, 120, 0, 0) /* Coordination */
     , (2000220,   5, 100, 0, 0) /* Focus */
     , (2000220,   6, 100, 0, 0) /* Self */;

INSERT INTO `weenie_properties_attribute_2nd` (`object_Id`, `type`, `init_Level`, `level_From_C_P`, `c_P_Spent`, `current_Level`)
VALUES (2000220,   1,     0, 0, 0, 60) /* MaxHealth */
     , (2000220,   3,     0, 0, 0, 120) /* MaxStamina */
     , (2000220,   5,     0, 0, 0, 100) /* MaxMana */;

INSERT INTO `weenie_properties_skill` (`object_Id`, `type`, `level_From_P_P`, `s_a_c`, `p_p`, `init_Level`, `resistance_At_Last_Check`, `last_Used_Time`)
VALUES (2000220,  6, 0, 2, 0,   1, 0, 0) /* MeleeDefense        Trained */
     , (2000220,  7, 0, 2, 0,   1, 0, 0) /* MissileDefense      Trained */
     , (2000220, 13, 0, 2, 0,   1, 0, 0) /* UnarmedCombat       Trained */;

INSERT INTO `weenie_properties_body_part` (`object_Id`, `key`, `d_Type`, `d_Val`, `d_Var`, `base_Armor`, `armor_Vs_Slash`, `armor_Vs_Pierce`, `armor_Vs_Bludgeon`, `armor_Vs_Cold`, `armor_Vs_Fire`, `armor_Vs_Acid`, `armor_Vs_Electric`, `armor_Vs_Nether`, `b_h`, `h_l_f`, `m_l_f`, `l_l_f`, `h_r_f`, `m_r_f`, `l_r_f`, `h_l_b`, `m_l_b`, `l_l_b`, `h_r_b`, `m_r_b`, `l_r_b`)
VALUES (2000220,  0,  4,  0,    0,    0,    0,    0,    0,    0,    0,    0,    0,    0, 1, 0.33,    0,    0, 0.33,    0,    0, 0.33,    0,    0, 0.33,    0,    0) /* Head */
     , (2000220,  1,  4,  0,    0,    0,    0,    0,    0,    0,    0,    0,    0,    0, 2, 0.44, 0.17,    0, 0.44, 0.17,    0, 0.44, 0.17,    0, 0.44, 0.17,    0) /* Chest */
     , (2000220,  2,  4,  0,    0,    0,    0,    0,    0,    0,    0,    0,    0,    0, 3,    0, 0.17,    0,    0, 0.17,    0,    0, 0.17,    0,    0, 0.17,    0) /* Abdomen */
     , (2000220,  3,  4,  0,    0,    0,    0,    0,    0,    0,    0,    0,    0,    0, 1, 0.23, 0.03,    0, 0.23, 0.03,    0, 0.23, 0.03,    0, 0.23, 0.03,    0) /* UpperArm */
     , (2000220,  4,  4,  0,    0,    0,    0,    0,    0,    0,    0,    0,    0,    0, 2,    0,  0.3,    0,    0,  0.3,    0,    0,  0.3,    0,    0,  0.3,    0) /* LowerArm */
     , (2000220,  5,  4,  2, 0.75,    0,    0,    0,    0,    0,    0,    0,    0,    0, 2,    0,  0.2,    0,    0,  0.2,    0,    0,  0.2,    0,    0,  0.2,    0) /* Hand */
     , (2000220,  6,  4,  0,    0,    0,    0,    0,    0,    0,    0,    0,    0,    0, 3,    0, 0.13, 0.18,    0, 0.13, 0.18,    0, 0.13, 0.18,    0, 0.13, 0.18) /* UpperLeg */
     , (2000220,  7,  4,  0,    0,    0,    0,    0,    0,    0,    0,    0,    0,    0, 3,    0,    0,  0.6,    0,    0,  0.6,    0,    0,  0.6,    0,    0,  0.6) /* LowerLeg */
     , (2000220,  8,  4,  2, 0.75,    0,    0,    0,    0,    0,    0,    0,    0,    0, 3,    0,    0, 0.22,    0,    0, 0.22,    0,    0, 0.22,    0,    0, 0.22) /* Foot */;

INSERT INTO `weenie_properties_emote` (`object_Id`, `category`, `probability`, `weenie_Class_Id`, `style`, `substyle`, `quest`, `vendor_Type`, `min_Health`, `max_Health`)
VALUES (2000220,  7 /* Use */,      1, NULL, NULL, NULL, NULL, NULL, NULL, NULL);

SET @parent_id = LAST_INSERT_ID();

INSERT INTO `weenie_properties_emote_action` (`emote_Id`, `order`, `type`, `delay`, `extent`, `motion`, `message`, `test_String`, `min`, `max`, `min_64`, `max_64`, `min_Dbl`, `max_Dbl`, `stat`, `display`, `amount`, `amount_64`, `hero_X_P_64`, `percent`, `spell_Id`, `wealth_Rating`, `treasure_Class`, `treasure_Type`, `p_Script`, `sound`, `destination_Type`, `weenie_Class_Id`, `stack_Size`, `palette`, `shade`, `try_To_Bond`, `obj_Cell_Id`, `origin_X`, `origin_Y`, `origin_Z`, `angles_W`, `angles_X`, `angles_Y`, `angles_Z`)
VALUES (@parent_id,  0,  10 /* Tell */, 1.5, 1, NULL, 'How are you this fine day?
', NULL, NULL, NULL, NULL, NULL, NULL, NULL, NULL, NULL, NULL, NULL, NULL, NULL, NULL, NULL, NULL, NULL, NULL, NULL, NULL, NULL, NULL, NULL, NULL, NULL, NULL, NULL, NULL, NULL, NULL, NULL, NULL, NULL);

INSERT INTO `weenie_properties_create_list` (`object_Id`, `destination_Type`, `weenie_Class_Id`, `stack_Size`, `palette`, `shade`, `try_To_Bond`)
VALUES (2000220, 2,  2588,  0, 93, 1, False) /* Create Shirt (2588) for Wield */
     , (2000220, 2, 26452,  0, 87, 0.8, False) /* Create Bathrobe (26452) for Wield */
     , (2000220, 2,  2597,  0, 91, 1, False) /* Create Pants (2597) for Wield */;

DELETE FROM `weenie` WHERE `class_Id` = 2000221;

INSERT INTO `weenie` (`class_Id`, `class_Name`, `type`, `last_Modified`)
VALUES (2000221, 'ace2000221-townfolk', 10, '2019-09-24 03:41:02') /* Creature */;

INSERT INTO `weenie_properties_int` (`object_Id`, `type`, `value`)
VALUES (2000221,   1,         16) /* ItemType - Creature */
     , (2000221,   2,         31) /* CreatureType - Human */
     , (2000221,   6,         -1) /* ItemsCapacity */
     , (2000221,   7,         -1) /* ContainersCapacity */
     , (2000221,   8,        120) /* Mass */
     , (2000221,  16,         32) /* ItemUseable - Remote */
     , (2000221,  25,         15) /* Level */
     , (2000221,  27,          0) /* ArmorType - None */
     , (2000221,  93,    6292504) /* PhysicsState - ReportCollisions, IgnoreCollisions, Gravity, ReportCollisionsAsEnvironment, EdgeSlide */
     , (2000221,  95,          8) /* RadarBlipColor - Yellow */
     , (2000221, 113,          1) /* Gender - Male */
     , (2000221, 133,          4) /* ShowableOnRadar - ShowAlways */
     , (2000221, 134,         16) /* PlayerKillerStatus - RubberGlue */
     , (2000221, 146,        293) /* XpOverride */
     , (2000221, 188,          1) /* HeritageGroup - Aluvian */;

INSERT INTO `weenie_properties_bool` (`object_Id`, `type`, `value`)
VALUES (2000221,   1, True ) /* Stuck */
     , (2000221,   8, True ) /* AllowGive */
     , (2000221,  11, True ) /* IgnoreCollisions */
     , (2000221,  12, True ) /* ReportCollisions */
     , (2000221,  13, False) /* Ethereal */
     , (2000221,  14, True ) /* GravityStatus */
     , (2000221,  19, False) /* Attackable */
     , (2000221,  29, True ) /* NoCorpse */
     , (2000221,  41, True ) /* ReportCollisionsAsEnvironment */
     , (2000221,  42, True ) /* AllowEdgeSlide */
     , (2000221,  52, True ) /* AiImmobile */
     , (2000221,  79, True ) /* AiAcceptEverything */;

INSERT INTO `weenie_properties_float` (`object_Id`, `type`, `value`)
VALUES (2000221,   1,       5) /* HeartbeatInterval */
     , (2000221,   2,       0) /* HeartbeatTimestamp */
     , (2000221,   3, 0.159999996423721) /* HealthRate */
     , (2000221,   4,       5) /* StaminaRate */
     , (2000221,   5,       1) /* ManaRate */
     , (2000221,  13, 0.899999976158142) /* ArmorModVsSlash */
     , (2000221,  14,       1) /* ArmorModVsPierce */
     , (2000221,  15, 1.10000002384186) /* ArmorModVsBludgeon */
     , (2000221,  16, 0.400000005960464) /* ArmorModVsCold */
     , (2000221,  17, 0.400000005960464) /* ArmorModVsFire */
     , (2000221,  18,       1) /* ArmorModVsAcid */
     , (2000221,  19, 0.600000023841858) /* ArmorModVsElectric */
     , (2000221,  54,       3) /* UseRadius */
     , (2000221,  64,       1) /* ResistSlash */
     , (2000221,  65,       1) /* ResistPierce */
     , (2000221,  66,       1) /* ResistBludgeon */
     , (2000221,  67,       1) /* ResistFire */
     , (2000221,  68,       1) /* ResistCold */
     , (2000221,  69,       1) /* ResistAcid */
     , (2000221,  70,       1) /* ResistElectric */
     , (2000221,  71,       1) /* ResistHealthBoost */
     , (2000221,  72,       1) /* ResistStaminaDrain */
     , (2000221,  73,       1) /* ResistStaminaBoost */
     , (2000221,  74,       1) /* ResistManaDrain */
     , (2000221,  75,       1) /* ResistManaBoost */
     , (2000221, 104,      10) /* ObviousRadarRange */
     , (2000221, 125,       1) /* ResistHealthDrain */;

INSERT INTO `weenie_properties_string` (`object_Id`, `type`, `value`)
VALUES (2000221,   1, 'Townfolk') /* Name */
     , (2000221,   3, 'Male') /* Sex */
     , (2000221,   4, 'Aluvian') /* HeritageGroup */;

INSERT INTO `weenie_properties_d_i_d` (`object_Id`, `type`, `value`)
VALUES (2000221,   1,   33554433) /* Setup */
     , (2000221,   2,  150994945) /* MotionTable */
     , (2000221,   3,  536870913) /* SoundTable */
     , (2000221,   4,  805306368) /* CombatTable */
     , (2000221,   6,   67108990) /* PaletteBase */
     , (2000221,   8,  100667446) /* Icon */
     , (2000221,   9,   83890437) /* EyesTexture */
     , (2000221,  10,   83890521) /* NoseTexture */
     , (2000221,  11,   83890627) /* MouthTexture */
     , (2000221,  15,   67116978) /* HairPalette */
     , (2000221,  16,   67109564) /* EyesPalette */
     , (2000221,  17,   67109558) /* SkinPalette */;

INSERT INTO `weenie_properties_attribute` (`object_Id`, `type`, `init_Level`, `level_From_C_P`, `c_P_Spent`)
VALUES (2000221,   1, 110, 0, 0) /* Strength */
     , (2000221,   2, 120, 0, 0) /* Endurance */
     , (2000221,   3, 120, 0, 0) /* Quickness */
     , (2000221,   4, 120, 0, 0) /* Coordination */
     , (2000221,   5, 100, 0, 0) /* Focus */
     , (2000221,   6, 100, 0, 0) /* Self */;

INSERT INTO `weenie_properties_attribute_2nd` (`object_Id`, `type`, `init_Level`, `level_From_C_P`, `c_P_Spent`, `current_Level`)
VALUES (2000221,   1,     0, 0, 0, 60) /* MaxHealth */
     , (2000221,   3,     0, 0, 0, 120) /* MaxStamina */
     , (2000221,   5,     0, 0, 0, 100) /* MaxMana */;

INSERT INTO `weenie_properties_skill` (`object_Id`, `type`, `level_From_P_P`, `s_a_c`, `p_p`, `init_Level`, `resistance_At_Last_Check`, `last_Used_Time`)
VALUES (2000221,  6, 0, 2, 0,   1, 0, 0) /* MeleeDefense        Trained */
     , (2000221,  7, 0, 2, 0,   1, 0, 0) /* MissileDefense      Trained */
     , (2000221, 13, 0, 2, 0,   1, 0, 0) /* UnarmedCombat       Trained */;

INSERT INTO `weenie_properties_body_part` (`object_Id`, `key`, `d_Type`, `d_Val`, `d_Var`, `base_Armor`, `armor_Vs_Slash`, `armor_Vs_Pierce`, `armor_Vs_Bludgeon`, `armor_Vs_Cold`, `armor_Vs_Fire`, `armor_Vs_Acid`, `armor_Vs_Electric`, `armor_Vs_Nether`, `b_h`, `h_l_f`, `m_l_f`, `l_l_f`, `h_r_f`, `m_r_f`, `l_r_f`, `h_l_b`, `m_l_b`, `l_l_b`, `h_r_b`, `m_r_b`, `l_r_b`)
VALUES (2000221,  0,  4,  0,    0,    0,    0,    0,    0,    0,    0,    0,    0,    0, 1, 0.33,    0,    0, 0.33,    0,    0, 0.33,    0,    0, 0.33,    0,    0) /* Head */
     , (2000221,  1,  4,  0,    0,    0,    0,    0,    0,    0,    0,    0,    0,    0, 2, 0.44, 0.17,    0, 0.44, 0.17,    0, 0.44, 0.17,    0, 0.44, 0.17,    0) /* Chest */
     , (2000221,  2,  4,  0,    0,    0,    0,    0,    0,    0,    0,    0,    0,    0, 3,    0, 0.17,    0,    0, 0.17,    0,    0, 0.17,    0,    0, 0.17,    0) /* Abdomen */
     , (2000221,  3,  4,  0,    0,    0,    0,    0,    0,    0,    0,    0,    0,    0, 1, 0.23, 0.03,    0, 0.23, 0.03,    0, 0.23, 0.03,    0, 0.23, 0.03,    0) /* UpperArm */
     , (2000221,  4,  4,  0,    0,    0,    0,    0,    0,    0,    0,    0,    0,    0, 2,    0,  0.3,    0,    0,  0.3,    0,    0,  0.3,    0,    0,  0.3,    0) /* LowerArm */
     , (2000221,  5,  4,  2, 0.75,    0,    0,    0,    0,    0,    0,    0,    0,    0, 2,    0,  0.2,    0,    0,  0.2,    0,    0,  0.2,    0,    0,  0.2,    0) /* Hand */
     , (2000221,  6,  4,  0,    0,    0,    0,    0,    0,    0,    0,    0,    0,    0, 3,    0, 0.13, 0.18,    0, 0.13, 0.18,    0, 0.13, 0.18,    0, 0.13, 0.18) /* UpperLeg */
     , (2000221,  7,  4,  0,    0,    0,    0,    0,    0,    0,    0,    0,    0,    0, 3,    0,    0,  0.6,    0,    0,  0.6,    0,    0,  0.6,    0,    0,  0.6) /* LowerLeg */
     , (2000221,  8,  4,  2, 0.75,    0,    0,    0,    0,    0,    0,    0,    0,    0, 3,    0,    0, 0.22,    0,    0, 0.22,    0,    0, 0.22,    0,    0, 0.22) /* Foot */;

INSERT INTO `weenie_properties_emote` (`object_Id`, `category`, `probability`, `weenie_Class_Id`, `style`, `substyle`, `quest`, `vendor_Type`, `min_Health`, `max_Health`)
VALUES (2000221,  7 /* Use */,      1, NULL, NULL, NULL, NULL, NULL, NULL, NULL);

SET @parent_id = LAST_INSERT_ID();

INSERT INTO `weenie_properties_emote_action` (`emote_Id`, `order`, `type`, `delay`, `extent`, `motion`, `message`, `test_String`, `min`, `max`, `min_64`, `max_64`, `min_Dbl`, `max_Dbl`, `stat`, `display`, `amount`, `amount_64`, `hero_X_P_64`, `percent`, `spell_Id`, `wealth_Rating`, `treasure_Class`, `treasure_Type`, `p_Script`, `sound`, `destination_Type`, `weenie_Class_Id`, `stack_Size`, `palette`, `shade`, `try_To_Bond`, `obj_Cell_Id`, `origin_X`, `origin_Y`, `origin_Z`, `angles_W`, `angles_X`, `angles_Y`, `angles_Z`)
VALUES (@parent_id,  0,  10 /* Tell */, 1.5, 1, NULL, 'Have you seen the tumies on the riverbanks? what is happening to our good town.', NULL, NULL, NULL, NULL, NULL, NULL, NULL, NULL, NULL, NULL, NULL, NULL, NULL, NULL, NULL, NULL, NULL, NULL, NULL, NULL, NULL, NULL, NULL, NULL, NULL, NULL, NULL, NULL, NULL, NULL, NULL, NULL, NULL);

INSERT INTO `weenie_properties_create_list` (`object_Id`, `destination_Type`, `weenie_Class_Id`, `stack_Size`, `palette`, `shade`, `try_To_Bond`)
VALUES (2000221, 2,  2588,  0, 90, 1, False) /* Create Shirt (2588) for Wield */
     , (2000221, 2,  2597,  0, 5, 1, False) /* Create Pants (2597) for Wield */;

DELETE FROM `weenie` WHERE `class_Id` = 2000222;

INSERT INTO `weenie` (`class_Id`, `class_Name`, `type`, `last_Modified`)
VALUES (2000222, 'ace2000222-townfolk', 10, '2019-09-24 03:41:03') /* Creature */;

INSERT INTO `weenie_properties_int` (`object_Id`, `type`, `value`)
VALUES (2000222,   1,         16) /* ItemType - Creature */
     , (2000222,   2,         31) /* CreatureType - Human */
     , (2000222,   6,         -1) /* ItemsCapacity */
     , (2000222,   7,         -1) /* ContainersCapacity */
     , (2000222,   8,        120) /* Mass */
     , (2000222,  16,         32) /* ItemUseable - Remote */
     , (2000222,  25,         15) /* Level */
     , (2000222,  27,          0) /* ArmorType - None */
     , (2000222,  93,    6292504) /* PhysicsState - ReportCollisions, IgnoreCollisions, Gravity, ReportCollisionsAsEnvironment, EdgeSlide */
     , (2000222,  95,          8) /* RadarBlipColor - Yellow */
     , (2000222, 113,          1) /* Gender - Male */
     , (2000222, 133,          4) /* ShowableOnRadar - ShowAlways */
     , (2000222, 134,         16) /* PlayerKillerStatus - RubberGlue */
     , (2000222, 146,        293) /* XpOverride */
     , (2000222, 188,          1) /* HeritageGroup - Aluvian */;

INSERT INTO `weenie_properties_bool` (`object_Id`, `type`, `value`)
VALUES (2000222,   1, True ) /* Stuck */
     , (2000222,   8, True ) /* AllowGive */
     , (2000222,  11, True ) /* IgnoreCollisions */
     , (2000222,  12, True ) /* ReportCollisions */
     , (2000222,  13, False) /* Ethereal */
     , (2000222,  14, True ) /* GravityStatus */
     , (2000222,  19, False) /* Attackable */
     , (2000222,  29, True ) /* NoCorpse */
     , (2000222,  41, True ) /* ReportCollisionsAsEnvironment */
     , (2000222,  42, True ) /* AllowEdgeSlide */
     , (2000222,  52, True ) /* AiImmobile */
     , (2000222,  79, True ) /* AiAcceptEverything */;

INSERT INTO `weenie_properties_float` (`object_Id`, `type`, `value`)
VALUES (2000222,   1,       5) /* HeartbeatInterval */
     , (2000222,   2,       0) /* HeartbeatTimestamp */
     , (2000222,   3, 0.159999996423721) /* HealthRate */
     , (2000222,   4,       5) /* StaminaRate */
     , (2000222,   5,       1) /* ManaRate */
     , (2000222,  13, 0.899999976158142) /* ArmorModVsSlash */
     , (2000222,  14,       1) /* ArmorModVsPierce */
     , (2000222,  15, 1.10000002384186) /* ArmorModVsBludgeon */
     , (2000222,  16, 0.400000005960464) /* ArmorModVsCold */
     , (2000222,  17, 0.400000005960464) /* ArmorModVsFire */
     , (2000222,  18,       1) /* ArmorModVsAcid */
     , (2000222,  19, 0.600000023841858) /* ArmorModVsElectric */
     , (2000222,  54,       3) /* UseRadius */
     , (2000222,  64,       1) /* ResistSlash */
     , (2000222,  65,       1) /* ResistPierce */
     , (2000222,  66,       1) /* ResistBludgeon */
     , (2000222,  67,       1) /* ResistFire */
     , (2000222,  68,       1) /* ResistCold */
     , (2000222,  69,       1) /* ResistAcid */
     , (2000222,  70,       1) /* ResistElectric */
     , (2000222,  71,       1) /* ResistHealthBoost */
     , (2000222,  72,       1) /* ResistStaminaDrain */
     , (2000222,  73,       1) /* ResistStaminaBoost */
     , (2000222,  74,       1) /* ResistManaDrain */
     , (2000222,  75,       1) /* ResistManaBoost */
     , (2000222, 104,      10) /* ObviousRadarRange */
     , (2000222, 125,       1) /* ResistHealthDrain */;

INSERT INTO `weenie_properties_string` (`object_Id`, `type`, `value`)
VALUES (2000222,   1, 'Townfolk') /* Name */
     , (2000222,   3, 'Male') /* Sex */
     , (2000222,   4, 'Aluvian') /* HeritageGroup */;

INSERT INTO `weenie_properties_d_i_d` (`object_Id`, `type`, `value`)
VALUES (2000222,   1,   33554433) /* Setup */
     , (2000222,   2,  150994945) /* MotionTable */
     , (2000222,   3,  536870913) /* SoundTable */
     , (2000222,   4,  805306368) /* CombatTable */
     , (2000222,   6,   67108990) /* PaletteBase */
     , (2000222,   8,  100667446) /* Icon */
     , (2000222,   9,   83890437) /* EyesTexture */
     , (2000222,  10,   83890521) /* NoseTexture */
     , (2000222,  11,   83890627) /* MouthTexture */
     , (2000222,  15,   67116978) /* HairPalette */
     , (2000222,  16,   67109564) /* EyesPalette */
     , (2000222,  17,   67109558) /* SkinPalette */;

INSERT INTO `weenie_properties_attribute` (`object_Id`, `type`, `init_Level`, `level_From_C_P`, `c_P_Spent`)
VALUES (2000222,   1, 110, 0, 0) /* Strength */
     , (2000222,   2, 120, 0, 0) /* Endurance */
     , (2000222,   3, 120, 0, 0) /* Quickness */
     , (2000222,   4, 120, 0, 0) /* Coordination */
     , (2000222,   5, 100, 0, 0) /* Focus */
     , (2000222,   6, 100, 0, 0) /* Self */;

INSERT INTO `weenie_properties_attribute_2nd` (`object_Id`, `type`, `init_Level`, `level_From_C_P`, `c_P_Spent`, `current_Level`)
VALUES (2000222,   1,     0, 0, 0, 60) /* MaxHealth */
     , (2000222,   3,     0, 0, 0, 120) /* MaxStamina */
     , (2000222,   5,     0, 0, 0, 100) /* MaxMana */;

INSERT INTO `weenie_properties_skill` (`object_Id`, `type`, `level_From_P_P`, `s_a_c`, `p_p`, `init_Level`, `resistance_At_Last_Check`, `last_Used_Time`)
VALUES (2000222,  6, 0, 2, 0,   1, 0, 0) /* MeleeDefense        Trained */
     , (2000222,  7, 0, 2, 0,   1, 0, 0) /* MissileDefense      Trained */
     , (2000222, 13, 0, 2, 0,   1, 0, 0) /* UnarmedCombat       Trained */;

INSERT INTO `weenie_properties_body_part` (`object_Id`, `key`, `d_Type`, `d_Val`, `d_Var`, `base_Armor`, `armor_Vs_Slash`, `armor_Vs_Pierce`, `armor_Vs_Bludgeon`, `armor_Vs_Cold`, `armor_Vs_Fire`, `armor_Vs_Acid`, `armor_Vs_Electric`, `armor_Vs_Nether`, `b_h`, `h_l_f`, `m_l_f`, `l_l_f`, `h_r_f`, `m_r_f`, `l_r_f`, `h_l_b`, `m_l_b`, `l_l_b`, `h_r_b`, `m_r_b`, `l_r_b`)
VALUES (2000222,  0,  4,  0,    0,    0,    0,    0,    0,    0,    0,    0,    0,    0, 1, 0.33,    0,    0, 0.33,    0,    0, 0.33,    0,    0, 0.33,    0,    0) /* Head */
     , (2000222,  1,  4,  0,    0,    0,    0,    0,    0,    0,    0,    0,    0,    0, 2, 0.44, 0.17,    0, 0.44, 0.17,    0, 0.44, 0.17,    0, 0.44, 0.17,    0) /* Chest */
     , (2000222,  2,  4,  0,    0,    0,    0,    0,    0,    0,    0,    0,    0,    0, 3,    0, 0.17,    0,    0, 0.17,    0,    0, 0.17,    0,    0, 0.17,    0) /* Abdomen */
     , (2000222,  3,  4,  0,    0,    0,    0,    0,    0,    0,    0,    0,    0,    0, 1, 0.23, 0.03,    0, 0.23, 0.03,    0, 0.23, 0.03,    0, 0.23, 0.03,    0) /* UpperArm */
     , (2000222,  4,  4,  0,    0,    0,    0,    0,    0,    0,    0,    0,    0,    0, 2,    0,  0.3,    0,    0,  0.3,    0,    0,  0.3,    0,    0,  0.3,    0) /* LowerArm */
     , (2000222,  5,  4,  2, 0.75,    0,    0,    0,    0,    0,    0,    0,    0,    0, 2,    0,  0.2,    0,    0,  0.2,    0,    0,  0.2,    0,    0,  0.2,    0) /* Hand */
     , (2000222,  6,  4,  0,    0,    0,    0,    0,    0,    0,    0,    0,    0,    0, 3,    0, 0.13, 0.18,    0, 0.13, 0.18,    0, 0.13, 0.18,    0, 0.13, 0.18) /* UpperLeg */
     , (2000222,  7,  4,  0,    0,    0,    0,    0,    0,    0,    0,    0,    0,    0, 3,    0,    0,  0.6,    0,    0,  0.6,    0,    0,  0.6,    0,    0,  0.6) /* LowerLeg */
     , (2000222,  8,  4,  2, 0.75,    0,    0,    0,    0,    0,    0,    0,    0,    0, 3,    0,    0, 0.22,    0,    0, 0.22,    0,    0, 0.22,    0,    0, 0.22) /* Foot */;

INSERT INTO `weenie_properties_emote` (`object_Id`, `category`, `probability`, `weenie_Class_Id`, `style`, `substyle`, `quest`, `vendor_Type`, `min_Health`, `max_Health`)
VALUES (2000222,  7 /* Use */,      1, NULL, NULL, NULL, NULL, NULL, NULL, NULL);

SET @parent_id = LAST_INSERT_ID();

INSERT INTO `weenie_properties_emote_action` (`emote_Id`, `order`, `type`, `delay`, `extent`, `motion`, `message`, `test_String`, `min`, `max`, `min_64`, `max_64`, `min_Dbl`, `max_Dbl`, `stat`, `display`, `amount`, `amount_64`, `hero_X_P_64`, `percent`, `spell_Id`, `wealth_Rating`, `treasure_Class`, `treasure_Type`, `p_Script`, `sound`, `destination_Type`, `weenie_Class_Id`, `stack_Size`, `palette`, `shade`, `try_To_Bond`, `obj_Cell_Id`, `origin_X`, `origin_Y`, `origin_Z`, `angles_W`, `angles_X`, `angles_Y`, `angles_Z`)
VALUES (@parent_id,  0,  10 /* Tell */, 1.5, 1, NULL, 'I saw the bartender moving some boxes down to the river... Very suspicious.
', NULL, NULL, NULL, NULL, NULL, NULL, NULL, NULL, NULL, NULL, NULL, NULL, NULL, NULL, NULL, NULL, NULL, NULL, NULL, NULL, NULL, NULL, NULL, NULL, NULL, NULL, NULL, NULL, NULL, NULL, NULL, NULL, NULL);

INSERT INTO `weenie_properties_create_list` (`object_Id`, `destination_Type`, `weenie_Class_Id`, `stack_Size`, `palette`, `shade`, `try_To_Bond`)
VALUES (2000222, 2,  2588,  0, 5, 1, False) /* Create Shirt (2588) for Wield */
     , (2000222, 2,  2597,  0, 89, 1, False) /* Create Pants (2597) for Wield */;

DELETE FROM `weenie` WHERE `class_Id` = 2000223;

INSERT INTO `weenie` (`class_Id`, `class_Name`, `type`, `last_Modified`)
VALUES (2000223, 'ace2000223-townfolk', 10, '2019-09-24 03:41:04') /* Creature */;

INSERT INTO `weenie_properties_int` (`object_Id`, `type`, `value`)
VALUES (2000223,   1,         16) /* ItemType - Creature */
     , (2000223,   2,         31) /* CreatureType - Human */
     , (2000223,   6,         -1) /* ItemsCapacity */
     , (2000223,   7,         -1) /* ContainersCapacity */
     , (2000223,   8,        120) /* Mass */
     , (2000223,  16,         32) /* ItemUseable - Remote */
     , (2000223,  25,         15) /* Level */
     , (2000223,  27,          0) /* ArmorType - None */
     , (2000223,  93,    6292504) /* PhysicsState - ReportCollisions, IgnoreCollisions, Gravity, ReportCollisionsAsEnvironment, EdgeSlide */
     , (2000223,  95,          8) /* RadarBlipColor - Yellow */
     , (2000223, 113,          1) /* Gender - Male */
     , (2000223, 133,          4) /* ShowableOnRadar - ShowAlways */
     , (2000223, 134,         16) /* PlayerKillerStatus - RubberGlue */
     , (2000223, 146,        293) /* XpOverride */
     , (2000223, 188,          1) /* HeritageGroup - Aluvian */;

INSERT INTO `weenie_properties_bool` (`object_Id`, `type`, `value`)
VALUES (2000223,   1, True ) /* Stuck */
     , (2000223,   8, True ) /* AllowGive */
     , (2000223,  11, True ) /* IgnoreCollisions */
     , (2000223,  12, True ) /* ReportCollisions */
     , (2000223,  13, False) /* Ethereal */
     , (2000223,  14, True ) /* GravityStatus */
     , (2000223,  19, False) /* Attackable */
     , (2000223,  29, True ) /* NoCorpse */
     , (2000223,  41, True ) /* ReportCollisionsAsEnvironment */
     , (2000223,  42, True ) /* AllowEdgeSlide */
     , (2000223,  52, True ) /* AiImmobile */
     , (2000223,  79, True ) /* AiAcceptEverything */;

INSERT INTO `weenie_properties_float` (`object_Id`, `type`, `value`)
VALUES (2000223,   1,       5) /* HeartbeatInterval */
     , (2000223,   2,       0) /* HeartbeatTimestamp */
     , (2000223,   3, 0.159999996423721) /* HealthRate */
     , (2000223,   4,       5) /* StaminaRate */
     , (2000223,   5,       1) /* ManaRate */
     , (2000223,  13, 0.899999976158142) /* ArmorModVsSlash */
     , (2000223,  14,       1) /* ArmorModVsPierce */
     , (2000223,  15, 1.10000002384186) /* ArmorModVsBludgeon */
     , (2000223,  16, 0.400000005960464) /* ArmorModVsCold */
     , (2000223,  17, 0.400000005960464) /* ArmorModVsFire */
     , (2000223,  18,       1) /* ArmorModVsAcid */
     , (2000223,  19, 0.600000023841858) /* ArmorModVsElectric */
     , (2000223,  54,       3) /* UseRadius */
     , (2000223,  64,       1) /* ResistSlash */
     , (2000223,  65,       1) /* ResistPierce */
     , (2000223,  66,       1) /* ResistBludgeon */
     , (2000223,  67,       1) /* ResistFire */
     , (2000223,  68,       1) /* ResistCold */
     , (2000223,  69,       1) /* ResistAcid */
     , (2000223,  70,       1) /* ResistElectric */
     , (2000223,  71,       1) /* ResistHealthBoost */
     , (2000223,  72,       1) /* ResistStaminaDrain */
     , (2000223,  73,       1) /* ResistStaminaBoost */
     , (2000223,  74,       1) /* ResistManaDrain */
     , (2000223,  75,       1) /* ResistManaBoost */
     , (2000223, 104,      10) /* ObviousRadarRange */
     , (2000223, 125,       1) /* ResistHealthDrain */;

INSERT INTO `weenie_properties_string` (`object_Id`, `type`, `value`)
VALUES (2000223,   1, 'Townfolk') /* Name */
     , (2000223,   3, 'Male') /* Sex */
     , (2000223,   4, 'Aluvian') /* HeritageGroup */;

INSERT INTO `weenie_properties_d_i_d` (`object_Id`, `type`, `value`)
VALUES (2000223,   1,   33554433) /* Setup */
     , (2000223,   2,  150994945) /* MotionTable */
     , (2000223,   3,  536870913) /* SoundTable */
     , (2000223,   4,  805306368) /* CombatTable */
     , (2000223,   6,   67108990) /* PaletteBase */
     , (2000223,   8,  100667446) /* Icon */
     , (2000223,   9,   83890437) /* EyesTexture */
     , (2000223,  10,   83890521) /* NoseTexture */
     , (2000223,  11,   83890627) /* MouthTexture */
     , (2000223,  15,   67116978) /* HairPalette */
     , (2000223,  16,   67109564) /* EyesPalette */
     , (2000223,  17,   67109558) /* SkinPalette */;

INSERT INTO `weenie_properties_attribute` (`object_Id`, `type`, `init_Level`, `level_From_C_P`, `c_P_Spent`)
VALUES (2000223,   1, 110, 0, 0) /* Strength */
     , (2000223,   2, 120, 0, 0) /* Endurance */
     , (2000223,   3, 120, 0, 0) /* Quickness */
     , (2000223,   4, 120, 0, 0) /* Coordination */
     , (2000223,   5, 100, 0, 0) /* Focus */
     , (2000223,   6, 100, 0, 0) /* Self */;

INSERT INTO `weenie_properties_attribute_2nd` (`object_Id`, `type`, `init_Level`, `level_From_C_P`, `c_P_Spent`, `current_Level`)
VALUES (2000223,   1,     0, 0, 0, 60) /* MaxHealth */
     , (2000223,   3,     0, 0, 0, 120) /* MaxStamina */
     , (2000223,   5,     0, 0, 0, 100) /* MaxMana */;

INSERT INTO `weenie_properties_skill` (`object_Id`, `type`, `level_From_P_P`, `s_a_c`, `p_p`, `init_Level`, `resistance_At_Last_Check`, `last_Used_Time`)
VALUES (2000223,  6, 0, 2, 0,   1, 0, 0) /* MeleeDefense        Trained */
     , (2000223,  7, 0, 2, 0,   1, 0, 0) /* MissileDefense      Trained */
     , (2000223, 13, 0, 2, 0,   1, 0, 0) /* UnarmedCombat       Trained */;

INSERT INTO `weenie_properties_body_part` (`object_Id`, `key`, `d_Type`, `d_Val`, `d_Var`, `base_Armor`, `armor_Vs_Slash`, `armor_Vs_Pierce`, `armor_Vs_Bludgeon`, `armor_Vs_Cold`, `armor_Vs_Fire`, `armor_Vs_Acid`, `armor_Vs_Electric`, `armor_Vs_Nether`, `b_h`, `h_l_f`, `m_l_f`, `l_l_f`, `h_r_f`, `m_r_f`, `l_r_f`, `h_l_b`, `m_l_b`, `l_l_b`, `h_r_b`, `m_r_b`, `l_r_b`)
VALUES (2000223,  0,  4,  0,    0,    0,    0,    0,    0,    0,    0,    0,    0,    0, 1, 0.33,    0,    0, 0.33,    0,    0, 0.33,    0,    0, 0.33,    0,    0) /* Head */
     , (2000223,  1,  4,  0,    0,    0,    0,    0,    0,    0,    0,    0,    0,    0, 2, 0.44, 0.17,    0, 0.44, 0.17,    0, 0.44, 0.17,    0, 0.44, 0.17,    0) /* Chest */
     , (2000223,  2,  4,  0,    0,    0,    0,    0,    0,    0,    0,    0,    0,    0, 3,    0, 0.17,    0,    0, 0.17,    0,    0, 0.17,    0,    0, 0.17,    0) /* Abdomen */
     , (2000223,  3,  4,  0,    0,    0,    0,    0,    0,    0,    0,    0,    0,    0, 1, 0.23, 0.03,    0, 0.23, 0.03,    0, 0.23, 0.03,    0, 0.23, 0.03,    0) /* UpperArm */
     , (2000223,  4,  4,  0,    0,    0,    0,    0,    0,    0,    0,    0,    0,    0, 2,    0,  0.3,    0,    0,  0.3,    0,    0,  0.3,    0,    0,  0.3,    0) /* LowerArm */
     , (2000223,  5,  4,  2, 0.75,    0,    0,    0,    0,    0,    0,    0,    0,    0, 2,    0,  0.2,    0,    0,  0.2,    0,    0,  0.2,    0,    0,  0.2,    0) /* Hand */
     , (2000223,  6,  4,  0,    0,    0,    0,    0,    0,    0,    0,    0,    0,    0, 3,    0, 0.13, 0.18,    0, 0.13, 0.18,    0, 0.13, 0.18,    0, 0.13, 0.18) /* UpperLeg */
     , (2000223,  7,  4,  0,    0,    0,    0,    0,    0,    0,    0,    0,    0,    0, 3,    0,    0,  0.6,    0,    0,  0.6,    0,    0,  0.6,    0,    0,  0.6) /* LowerLeg */
     , (2000223,  8,  4,  2, 0.75,    0,    0,    0,    0,    0,    0,    0,    0,    0, 3,    0,    0, 0.22,    0,    0, 0.22,    0,    0, 0.22,    0,    0, 0.22) /* Foot */;

INSERT INTO `weenie_properties_emote` (`object_Id`, `category`, `probability`, `weenie_Class_Id`, `style`, `substyle`, `quest`, `vendor_Type`, `min_Health`, `max_Health`)
VALUES (2000223,  7 /* Use */,      1, NULL, NULL, NULL, NULL, NULL, NULL, NULL);

SET @parent_id = LAST_INSERT_ID();

INSERT INTO `weenie_properties_emote_action` (`emote_Id`, `order`, `type`, `delay`, `extent`, `motion`, `message`, `test_String`, `min`, `max`, `min_64`, `max_64`, `min_Dbl`, `max_Dbl`, `stat`, `display`, `amount`, `amount_64`, `hero_X_P_64`, `percent`, `spell_Id`, `wealth_Rating`, `treasure_Class`, `treasure_Type`, `p_Script`, `sound`, `destination_Type`, `weenie_Class_Id`, `stack_Size`, `palette`, `shade`, `try_To_Bond`, `obj_Cell_Id`, `origin_X`, `origin_Y`, `origin_Z`, `angles_W`, `angles_X`, `angles_Y`, `angles_Z`)
VALUES (@parent_id,  0,  10 /* Tell */, 1.5, 1, NULL, 'Remember the good old days of hunting the mountains above Arwic for mattekers... good times that.', NULL, NULL, NULL, NULL, NULL, NULL, NULL, NULL, NULL, NULL, NULL, NULL, NULL, NULL, NULL, NULL, NULL, NULL, NULL, NULL, NULL, NULL, NULL, NULL, NULL, NULL, NULL, NULL, NULL, NULL, NULL, NULL, NULL);

INSERT INTO `weenie_properties_create_list` (`object_Id`, `destination_Type`, `weenie_Class_Id`, `stack_Size`, `palette`, `shade`, `try_To_Bond`)
VALUES (2000223, 2,  2588,  0, 90, 1, False) /* Create Shirt (2588) for Wield */
     , (2000223, 2,  2597,  0, 87, 1, False) /* Create Pants (2597) for Wield */;

DELETE FROM `weenie` WHERE `class_Id` = 2000224;

INSERT INTO `weenie` (`class_Id`, `class_Name`, `type`, `last_Modified`)
VALUES (2000224, 'ace2000224-townfolk', 10, '2019-09-24 03:41:05') /* Creature */;

INSERT INTO `weenie_properties_int` (`object_Id`, `type`, `value`)
VALUES (2000224,   1,         16) /* ItemType - Creature */
     , (2000224,   2,         31) /* CreatureType - Human */
     , (2000224,   6,         -1) /* ItemsCapacity */
     , (2000224,   7,         -1) /* ContainersCapacity */
     , (2000224,   8,        120) /* Mass */
     , (2000224,  16,         32) /* ItemUseable - Remote */
     , (2000224,  25,         15) /* Level */
     , (2000224,  27,          0) /* ArmorType - None */
     , (2000224,  93,    6292504) /* PhysicsState - ReportCollisions, IgnoreCollisions, Gravity, ReportCollisionsAsEnvironment, EdgeSlide */
     , (2000224,  95,          8) /* RadarBlipColor - Yellow */
     , (2000224, 113,          1) /* Gender - Male */
     , (2000224, 133,          4) /* ShowableOnRadar - ShowAlways */
     , (2000224, 134,         16) /* PlayerKillerStatus - RubberGlue */
     , (2000224, 146,        293) /* XpOverride */
     , (2000224, 188,          1) /* HeritageGroup - Aluvian */;

INSERT INTO `weenie_properties_bool` (`object_Id`, `type`, `value`)
VALUES (2000224,   1, True ) /* Stuck */
     , (2000224,   8, True ) /* AllowGive */
     , (2000224,  11, True ) /* IgnoreCollisions */
     , (2000224,  12, True ) /* ReportCollisions */
     , (2000224,  13, False) /* Ethereal */
     , (2000224,  14, True ) /* GravityStatus */
     , (2000224,  19, False) /* Attackable */
     , (2000224,  29, True ) /* NoCorpse */
     , (2000224,  41, True ) /* ReportCollisionsAsEnvironment */
     , (2000224,  42, True ) /* AllowEdgeSlide */
     , (2000224,  52, True ) /* AiImmobile */
     , (2000224,  79, True ) /* AiAcceptEverything */;

INSERT INTO `weenie_properties_float` (`object_Id`, `type`, `value`)
VALUES (2000224,   1,       5) /* HeartbeatInterval */
     , (2000224,   2,       0) /* HeartbeatTimestamp */
     , (2000224,   3, 0.159999996423721) /* HealthRate */
     , (2000224,   4,       5) /* StaminaRate */
     , (2000224,   5,       1) /* ManaRate */
     , (2000224,  13, 0.899999976158142) /* ArmorModVsSlash */
     , (2000224,  14,       1) /* ArmorModVsPierce */
     , (2000224,  15, 1.10000002384186) /* ArmorModVsBludgeon */
     , (2000224,  16, 0.400000005960464) /* ArmorModVsCold */
     , (2000224,  17, 0.400000005960464) /* ArmorModVsFire */
     , (2000224,  18,       1) /* ArmorModVsAcid */
     , (2000224,  19, 0.600000023841858) /* ArmorModVsElectric */
     , (2000224,  54,       3) /* UseRadius */
     , (2000224,  64,       1) /* ResistSlash */
     , (2000224,  65,       1) /* ResistPierce */
     , (2000224,  66,       1) /* ResistBludgeon */
     , (2000224,  67,       1) /* ResistFire */
     , (2000224,  68,       1) /* ResistCold */
     , (2000224,  69,       1) /* ResistAcid */
     , (2000224,  70,       1) /* ResistElectric */
     , (2000224,  71,       1) /* ResistHealthBoost */
     , (2000224,  72,       1) /* ResistStaminaDrain */
     , (2000224,  73,       1) /* ResistStaminaBoost */
     , (2000224,  74,       1) /* ResistManaDrain */
     , (2000224,  75,       1) /* ResistManaBoost */
     , (2000224, 104,      10) /* ObviousRadarRange */
     , (2000224, 125,       1) /* ResistHealthDrain */;

INSERT INTO `weenie_properties_string` (`object_Id`, `type`, `value`)
VALUES (2000224,   1, 'Townfolk') /* Name */
     , (2000224,   3, 'Male') /* Sex */
     , (2000224,   4, 'Aluvian') /* HeritageGroup */;

INSERT INTO `weenie_properties_d_i_d` (`object_Id`, `type`, `value`)
VALUES (2000224,   1,   33554433) /* Setup */
     , (2000224,   2,  150994945) /* MotionTable */
     , (2000224,   3,  536870913) /* SoundTable */
     , (2000224,   4,  805306368) /* CombatTable */
     , (2000224,   6,   67108990) /* PaletteBase */
     , (2000224,   8,  100667446) /* Icon */
     , (2000224,   9,   83890437) /* EyesTexture */
     , (2000224,  10,   83890521) /* NoseTexture */
     , (2000224,  11,   83890627) /* MouthTexture */
     , (2000224,  15,   67116978) /* HairPalette */
     , (2000224,  16,   67109564) /* EyesPalette */
     , (2000224,  17,   67109558) /* SkinPalette */;

INSERT INTO `weenie_properties_attribute` (`object_Id`, `type`, `init_Level`, `level_From_C_P`, `c_P_Spent`)
VALUES (2000224,   1, 110, 0, 0) /* Strength */
     , (2000224,   2, 120, 0, 0) /* Endurance */
     , (2000224,   3, 120, 0, 0) /* Quickness */
     , (2000224,   4, 120, 0, 0) /* Coordination */
     , (2000224,   5, 100, 0, 0) /* Focus */
     , (2000224,   6, 100, 0, 0) /* Self */;

INSERT INTO `weenie_properties_attribute_2nd` (`object_Id`, `type`, `init_Level`, `level_From_C_P`, `c_P_Spent`, `current_Level`)
VALUES (2000224,   1,     0, 0, 0, 60) /* MaxHealth */
     , (2000224,   3,     0, 0, 0, 120) /* MaxStamina */
     , (2000224,   5,     0, 0, 0, 100) /* MaxMana */;

INSERT INTO `weenie_properties_skill` (`object_Id`, `type`, `level_From_P_P`, `s_a_c`, `p_p`, `init_Level`, `resistance_At_Last_Check`, `last_Used_Time`)
VALUES (2000224,  6, 0, 2, 0,   1, 0, 0) /* MeleeDefense        Trained */
     , (2000224,  7, 0, 2, 0,   1, 0, 0) /* MissileDefense      Trained */
     , (2000224, 13, 0, 2, 0,   1, 0, 0) /* UnarmedCombat       Trained */;

INSERT INTO `weenie_properties_body_part` (`object_Id`, `key`, `d_Type`, `d_Val`, `d_Var`, `base_Armor`, `armor_Vs_Slash`, `armor_Vs_Pierce`, `armor_Vs_Bludgeon`, `armor_Vs_Cold`, `armor_Vs_Fire`, `armor_Vs_Acid`, `armor_Vs_Electric`, `armor_Vs_Nether`, `b_h`, `h_l_f`, `m_l_f`, `l_l_f`, `h_r_f`, `m_r_f`, `l_r_f`, `h_l_b`, `m_l_b`, `l_l_b`, `h_r_b`, `m_r_b`, `l_r_b`)
VALUES (2000224,  0,  4,  0,    0,    0,    0,    0,    0,    0,    0,    0,    0,    0, 1, 0.33,    0,    0, 0.33,    0,    0, 0.33,    0,    0, 0.33,    0,    0) /* Head */
     , (2000224,  1,  4,  0,    0,    0,    0,    0,    0,    0,    0,    0,    0,    0, 2, 0.44, 0.17,    0, 0.44, 0.17,    0, 0.44, 0.17,    0, 0.44, 0.17,    0) /* Chest */
     , (2000224,  2,  4,  0,    0,    0,    0,    0,    0,    0,    0,    0,    0,    0, 3,    0, 0.17,    0,    0, 0.17,    0,    0, 0.17,    0,    0, 0.17,    0) /* Abdomen */
     , (2000224,  3,  4,  0,    0,    0,    0,    0,    0,    0,    0,    0,    0,    0, 1, 0.23, 0.03,    0, 0.23, 0.03,    0, 0.23, 0.03,    0, 0.23, 0.03,    0) /* UpperArm */
     , (2000224,  4,  4,  0,    0,    0,    0,    0,    0,    0,    0,    0,    0,    0, 2,    0,  0.3,    0,    0,  0.3,    0,    0,  0.3,    0,    0,  0.3,    0) /* LowerArm */
     , (2000224,  5,  4,  2, 0.75,    0,    0,    0,    0,    0,    0,    0,    0,    0, 2,    0,  0.2,    0,    0,  0.2,    0,    0,  0.2,    0,    0,  0.2,    0) /* Hand */
     , (2000224,  6,  4,  0,    0,    0,    0,    0,    0,    0,    0,    0,    0,    0, 3,    0, 0.13, 0.18,    0, 0.13, 0.18,    0, 0.13, 0.18,    0, 0.13, 0.18) /* UpperLeg */
     , (2000224,  7,  4,  0,    0,    0,    0,    0,    0,    0,    0,    0,    0,    0, 3,    0,    0,  0.6,    0,    0,  0.6,    0,    0,  0.6,    0,    0,  0.6) /* LowerLeg */
     , (2000224,  8,  4,  2, 0.75,    0,    0,    0,    0,    0,    0,    0,    0,    0, 3,    0,    0, 0.22,    0,    0, 0.22,    0,    0, 0.22,    0,    0, 0.22) /* Foot */;

INSERT INTO `weenie_properties_emote` (`object_Id`, `category`, `probability`, `weenie_Class_Id`, `style`, `substyle`, `quest`, `vendor_Type`, `min_Health`, `max_Health`)
VALUES (2000224,  7 /* Use */,      1, NULL, NULL, NULL, NULL, NULL, NULL, NULL);

SET @parent_id = LAST_INSERT_ID();

INSERT INTO `weenie_properties_emote_action` (`emote_Id`, `order`, `type`, `delay`, `extent`, `motion`, `message`, `test_String`, `min`, `max`, `min_64`, `max_64`, `min_Dbl`, `max_Dbl`, `stat`, `display`, `amount`, `amount_64`, `hero_X_P_64`, `percent`, `spell_Id`, `wealth_Rating`, `treasure_Class`, `treasure_Type`, `p_Script`, `sound`, `destination_Type`, `weenie_Class_Id`, `stack_Size`, `palette`, `shade`, `try_To_Bond`, `obj_Cell_Id`, `origin_X`, `origin_Y`, `origin_Z`, `angles_W`, `angles_X`, `angles_Y`, `angles_Z`)
VALUES (@parent_id,  0,  10 /* Tell */, 1.5, 1, NULL, 'Remember when New Aluvia was not overun with Children? quiet and peaceful.', NULL, NULL, NULL, NULL, NULL, NULL, NULL, NULL, NULL, NULL, NULL, NULL, NULL, NULL, NULL, NULL, NULL, NULL, NULL, NULL, NULL, NULL, NULL, NULL, NULL, NULL, NULL, NULL, NULL, NULL, NULL, NULL, NULL);

INSERT INTO `weenie_properties_create_list` (`object_Id`, `destination_Type`, `weenie_Class_Id`, `stack_Size`, `palette`, `shade`, `try_To_Bond`)
VALUES (2000224, 2,  2588,  0, 5, 1, False) /* Create Shirt (2588) for Wield */
     , (2000224, 2,  2597,  0, 5, 1, False) /* Create Pants (2597) for Wield */;

DELETE FROM `weenie` WHERE `class_Id` = 2000225;

INSERT INTO `weenie` (`class_Id`, `class_Name`, `type`, `last_Modified`)
VALUES (2000225, 'ace2000225-townfolk', 10, '2019-09-24 03:41:06') /* Creature */;

INSERT INTO `weenie_properties_int` (`object_Id`, `type`, `value`)
VALUES (2000225,   1,         16) /* ItemType - Creature */
     , (2000225,   2,         31) /* CreatureType - Human */
     , (2000225,   6,         -1) /* ItemsCapacity */
     , (2000225,   7,         -1) /* ContainersCapacity */
     , (2000225,   8,        120) /* Mass */
     , (2000225,  16,         32) /* ItemUseable - Remote */
     , (2000225,  25,         15) /* Level */
     , (2000225,  27,          0) /* ArmorType - None */
     , (2000225,  93,    6292504) /* PhysicsState - ReportCollisions, IgnoreCollisions, Gravity, ReportCollisionsAsEnvironment, EdgeSlide */
     , (2000225,  95,          8) /* RadarBlipColor - Yellow */
     , (2000225, 113,          1) /* Gender - Male */
     , (2000225, 133,          4) /* ShowableOnRadar - ShowAlways */
     , (2000225, 134,         16) /* PlayerKillerStatus - RubberGlue */
     , (2000225, 146,        293) /* XpOverride */
     , (2000225, 188,          1) /* HeritageGroup - Aluvian */;

INSERT INTO `weenie_properties_bool` (`object_Id`, `type`, `value`)
VALUES (2000225,   1, True ) /* Stuck */
     , (2000225,   8, True ) /* AllowGive */
     , (2000225,  11, True ) /* IgnoreCollisions */
     , (2000225,  12, True ) /* ReportCollisions */
     , (2000225,  13, False) /* Ethereal */
     , (2000225,  14, True ) /* GravityStatus */
     , (2000225,  19, False) /* Attackable */
     , (2000225,  29, True ) /* NoCorpse */
     , (2000225,  41, True ) /* ReportCollisionsAsEnvironment */
     , (2000225,  42, True ) /* AllowEdgeSlide */
     , (2000225,  52, True ) /* AiImmobile */
     , (2000225,  79, True ) /* AiAcceptEverything */;

INSERT INTO `weenie_properties_float` (`object_Id`, `type`, `value`)
VALUES (2000225,   1,       5) /* HeartbeatInterval */
     , (2000225,   2,       0) /* HeartbeatTimestamp */
     , (2000225,   3, 0.159999996423721) /* HealthRate */
     , (2000225,   4,       5) /* StaminaRate */
     , (2000225,   5,       1) /* ManaRate */
     , (2000225,  13, 0.899999976158142) /* ArmorModVsSlash */
     , (2000225,  14,       1) /* ArmorModVsPierce */
     , (2000225,  15, 1.10000002384186) /* ArmorModVsBludgeon */
     , (2000225,  16, 0.400000005960464) /* ArmorModVsCold */
     , (2000225,  17, 0.400000005960464) /* ArmorModVsFire */
     , (2000225,  18,       1) /* ArmorModVsAcid */
     , (2000225,  19, 0.600000023841858) /* ArmorModVsElectric */
     , (2000225,  54,       3) /* UseRadius */
     , (2000225,  64,       1) /* ResistSlash */
     , (2000225,  65,       1) /* ResistPierce */
     , (2000225,  66,       1) /* ResistBludgeon */
     , (2000225,  67,       1) /* ResistFire */
     , (2000225,  68,       1) /* ResistCold */
     , (2000225,  69,       1) /* ResistAcid */
     , (2000225,  70,       1) /* ResistElectric */
     , (2000225,  71,       1) /* ResistHealthBoost */
     , (2000225,  72,       1) /* ResistStaminaDrain */
     , (2000225,  73,       1) /* ResistStaminaBoost */
     , (2000225,  74,       1) /* ResistManaDrain */
     , (2000225,  75,       1) /* ResistManaBoost */
     , (2000225, 104,      10) /* ObviousRadarRange */
     , (2000225, 125,       1) /* ResistHealthDrain */;

INSERT INTO `weenie_properties_string` (`object_Id`, `type`, `value`)
VALUES (2000225,   1, 'Townfolk') /* Name */
     , (2000225,   3, 'Male') /* Sex */
     , (2000225,   4, 'Aluvian') /* HeritageGroup */;

INSERT INTO `weenie_properties_d_i_d` (`object_Id`, `type`, `value`)
VALUES (2000225,   1,   33554433) /* Setup */
     , (2000225,   2,  150994945) /* MotionTable */
     , (2000225,   3,  536870913) /* SoundTable */
     , (2000225,   4,  805306368) /* CombatTable */
     , (2000225,   6,   67108990) /* PaletteBase */
     , (2000225,   8,  100667446) /* Icon */
     , (2000225,   9,   83890437) /* EyesTexture */
     , (2000225,  10,   83890521) /* NoseTexture */
     , (2000225,  11,   83890627) /* MouthTexture */
     , (2000225,  15,   67116978) /* HairPalette */
     , (2000225,  16,   67109564) /* EyesPalette */
     , (2000225,  17,   67109558) /* SkinPalette */;

INSERT INTO `weenie_properties_attribute` (`object_Id`, `type`, `init_Level`, `level_From_C_P`, `c_P_Spent`)
VALUES (2000225,   1, 110, 0, 0) /* Strength */
     , (2000225,   2, 120, 0, 0) /* Endurance */
     , (2000225,   3, 120, 0, 0) /* Quickness */
     , (2000225,   4, 120, 0, 0) /* Coordination */
     , (2000225,   5, 100, 0, 0) /* Focus */
     , (2000225,   6, 100, 0, 0) /* Self */;

INSERT INTO `weenie_properties_attribute_2nd` (`object_Id`, `type`, `init_Level`, `level_From_C_P`, `c_P_Spent`, `current_Level`)
VALUES (2000225,   1,     0, 0, 0, 60) /* MaxHealth */
     , (2000225,   3,     0, 0, 0, 120) /* MaxStamina */
     , (2000225,   5,     0, 0, 0, 100) /* MaxMana */;

INSERT INTO `weenie_properties_skill` (`object_Id`, `type`, `level_From_P_P`, `s_a_c`, `p_p`, `init_Level`, `resistance_At_Last_Check`, `last_Used_Time`)
VALUES (2000225,  6, 0, 2, 0,   1, 0, 0) /* MeleeDefense        Trained */
     , (2000225,  7, 0, 2, 0,   1, 0, 0) /* MissileDefense      Trained */
     , (2000225, 13, 0, 2, 0,   1, 0, 0) /* UnarmedCombat       Trained */;

INSERT INTO `weenie_properties_body_part` (`object_Id`, `key`, `d_Type`, `d_Val`, `d_Var`, `base_Armor`, `armor_Vs_Slash`, `armor_Vs_Pierce`, `armor_Vs_Bludgeon`, `armor_Vs_Cold`, `armor_Vs_Fire`, `armor_Vs_Acid`, `armor_Vs_Electric`, `armor_Vs_Nether`, `b_h`, `h_l_f`, `m_l_f`, `l_l_f`, `h_r_f`, `m_r_f`, `l_r_f`, `h_l_b`, `m_l_b`, `l_l_b`, `h_r_b`, `m_r_b`, `l_r_b`)
VALUES (2000225,  0,  4,  0,    0,    0,    0,    0,    0,    0,    0,    0,    0,    0, 1, 0.33,    0,    0, 0.33,    0,    0, 0.33,    0,    0, 0.33,    0,    0) /* Head */
     , (2000225,  1,  4,  0,    0,    0,    0,    0,    0,    0,    0,    0,    0,    0, 2, 0.44, 0.17,    0, 0.44, 0.17,    0, 0.44, 0.17,    0, 0.44, 0.17,    0) /* Chest */
     , (2000225,  2,  4,  0,    0,    0,    0,    0,    0,    0,    0,    0,    0,    0, 3,    0, 0.17,    0,    0, 0.17,    0,    0, 0.17,    0,    0, 0.17,    0) /* Abdomen */
     , (2000225,  3,  4,  0,    0,    0,    0,    0,    0,    0,    0,    0,    0,    0, 1, 0.23, 0.03,    0, 0.23, 0.03,    0, 0.23, 0.03,    0, 0.23, 0.03,    0) /* UpperArm */
     , (2000225,  4,  4,  0,    0,    0,    0,    0,    0,    0,    0,    0,    0,    0, 2,    0,  0.3,    0,    0,  0.3,    0,    0,  0.3,    0,    0,  0.3,    0) /* LowerArm */
     , (2000225,  5,  4,  2, 0.75,    0,    0,    0,    0,    0,    0,    0,    0,    0, 2,    0,  0.2,    0,    0,  0.2,    0,    0,  0.2,    0,    0,  0.2,    0) /* Hand */
     , (2000225,  6,  4,  0,    0,    0,    0,    0,    0,    0,    0,    0,    0,    0, 3,    0, 0.13, 0.18,    0, 0.13, 0.18,    0, 0.13, 0.18,    0, 0.13, 0.18) /* UpperLeg */
     , (2000225,  7,  4,  0,    0,    0,    0,    0,    0,    0,    0,    0,    0,    0, 3,    0,    0,  0.6,    0,    0,  0.6,    0,    0,  0.6,    0,    0,  0.6) /* LowerLeg */
     , (2000225,  8,  4,  2, 0.75,    0,    0,    0,    0,    0,    0,    0,    0,    0, 3,    0,    0, 0.22,    0,    0, 0.22,    0,    0, 0.22,    0,    0, 0.22) /* Foot */;

INSERT INTO `weenie_properties_emote` (`object_Id`, `category`, `probability`, `weenie_Class_Id`, `style`, `substyle`, `quest`, `vendor_Type`, `min_Health`, `max_Health`)
VALUES (2000225,  7 /* Use */,      1, NULL, NULL, NULL, NULL, NULL, NULL, NULL);

SET @parent_id = LAST_INSERT_ID();

INSERT INTO `weenie_properties_emote_action` (`emote_Id`, `order`, `type`, `delay`, `extent`, `motion`, `message`, `test_String`, `min`, `max`, `min_64`, `max_64`, `min_Dbl`, `max_Dbl`, `stat`, `display`, `amount`, `amount_64`, `hero_X_P_64`, `percent`, `spell_Id`, `wealth_Rating`, `treasure_Class`, `treasure_Type`, `p_Script`, `sound`, `destination_Type`, `weenie_Class_Id`, `stack_Size`, `palette`, `shade`, `try_To_Bond`, `obj_Cell_Id`, `origin_X`, `origin_Y`, `origin_Z`, `angles_W`, `angles_X`, `angles_Y`, `angles_Z`)
VALUES (@parent_id,  0,  10 /* Tell */, 1.5, 1, NULL, 'The Isle of Tears is becoming rougher recently', NULL, NULL, NULL, NULL, NULL, NULL, NULL, NULL, NULL, NULL, NULL, NULL, NULL, NULL, NULL, NULL, NULL, NULL, NULL, NULL, NULL, NULL, NULL, NULL, NULL, NULL, NULL, NULL, NULL, NULL, NULL, NULL, NULL);

INSERT INTO `weenie_properties_create_list` (`object_Id`, `destination_Type`, `weenie_Class_Id`, `stack_Size`, `palette`, `shade`, `try_To_Bond`)
VALUES (2000225, 2,  5853,  0, 91, 1, False) /* Create Dho Vest and Robe (5853) for Wield */
     , (2000225, 2,  2597,  0, 5, 1, False) /* Create Pants (2597) for Wield */;

DELETE FROM `weenie` WHERE `class_Id` = 2000226;

INSERT INTO `weenie` (`class_Id`, `class_Name`, `type`, `last_Modified`)
VALUES (2000226, 'ace2000226-townfolk', 10, '2019-09-24 03:41:07') /* Creature */;

INSERT INTO `weenie_properties_int` (`object_Id`, `type`, `value`)
VALUES (2000226,   1,         16) /* ItemType - Creature */
     , (2000226,   2,         31) /* CreatureType - Human */
     , (2000226,   6,         -1) /* ItemsCapacity */
     , (2000226,   7,         -1) /* ContainersCapacity */
     , (2000226,   8,        120) /* Mass */
     , (2000226,  16,         32) /* ItemUseable - Remote */
     , (2000226,  25,         15) /* Level */
     , (2000226,  27,          0) /* ArmorType - None */
     , (2000226,  93,    6292504) /* PhysicsState - ReportCollisions, IgnoreCollisions, Gravity, ReportCollisionsAsEnvironment, EdgeSlide */
     , (2000226,  95,          8) /* RadarBlipColor - Yellow */
     , (2000226, 113,          1) /* Gender - Male */
     , (2000226, 133,          4) /* ShowableOnRadar - ShowAlways */
     , (2000226, 134,         16) /* PlayerKillerStatus - RubberGlue */
     , (2000226, 146,        293) /* XpOverride */
     , (2000226, 188,          1) /* HeritageGroup - Aluvian */;

INSERT INTO `weenie_properties_bool` (`object_Id`, `type`, `value`)
VALUES (2000226,   1, True ) /* Stuck */
     , (2000226,   8, True ) /* AllowGive */
     , (2000226,  11, True ) /* IgnoreCollisions */
     , (2000226,  12, True ) /* ReportCollisions */
     , (2000226,  13, False) /* Ethereal */
     , (2000226,  14, True ) /* GravityStatus */
     , (2000226,  19, False) /* Attackable */
     , (2000226,  29, True ) /* NoCorpse */
     , (2000226,  41, True ) /* ReportCollisionsAsEnvironment */
     , (2000226,  42, True ) /* AllowEdgeSlide */
     , (2000226,  52, True ) /* AiImmobile */
     , (2000226,  79, True ) /* AiAcceptEverything */;

INSERT INTO `weenie_properties_float` (`object_Id`, `type`, `value`)
VALUES (2000226,   1,       5) /* HeartbeatInterval */
     , (2000226,   2,       0) /* HeartbeatTimestamp */
     , (2000226,   3, 0.159999996423721) /* HealthRate */
     , (2000226,   4,       5) /* StaminaRate */
     , (2000226,   5,       1) /* ManaRate */
     , (2000226,  13, 0.899999976158142) /* ArmorModVsSlash */
     , (2000226,  14,       1) /* ArmorModVsPierce */
     , (2000226,  15, 1.10000002384186) /* ArmorModVsBludgeon */
     , (2000226,  16, 0.400000005960464) /* ArmorModVsCold */
     , (2000226,  17, 0.400000005960464) /* ArmorModVsFire */
     , (2000226,  18,       1) /* ArmorModVsAcid */
     , (2000226,  19, 0.600000023841858) /* ArmorModVsElectric */
     , (2000226,  54,       3) /* UseRadius */
     , (2000226,  64,       1) /* ResistSlash */
     , (2000226,  65,       1) /* ResistPierce */
     , (2000226,  66,       1) /* ResistBludgeon */
     , (2000226,  67,       1) /* ResistFire */
     , (2000226,  68,       1) /* ResistCold */
     , (2000226,  69,       1) /* ResistAcid */
     , (2000226,  70,       1) /* ResistElectric */
     , (2000226,  71,       1) /* ResistHealthBoost */
     , (2000226,  72,       1) /* ResistStaminaDrain */
     , (2000226,  73,       1) /* ResistStaminaBoost */
     , (2000226,  74,       1) /* ResistManaDrain */
     , (2000226,  75,       1) /* ResistManaBoost */
     , (2000226, 104,      10) /* ObviousRadarRange */
     , (2000226, 125,       1) /* ResistHealthDrain */;

INSERT INTO `weenie_properties_string` (`object_Id`, `type`, `value`)
VALUES (2000226,   1, 'Townfolk') /* Name */
     , (2000226,   3, 'Male') /* Sex */
     , (2000226,   4, 'Aluvian') /* HeritageGroup */;

INSERT INTO `weenie_properties_d_i_d` (`object_Id`, `type`, `value`)
VALUES (2000226,   1,   33554433) /* Setup */
     , (2000226,   2,  150994945) /* MotionTable */
     , (2000226,   3,  536870913) /* SoundTable */
     , (2000226,   4,  805306368) /* CombatTable */
     , (2000226,   6,   67108990) /* PaletteBase */
     , (2000226,   8,  100667446) /* Icon */
     , (2000226,   9,   83890437) /* EyesTexture */
     , (2000226,  10,   83890521) /* NoseTexture */
     , (2000226,  11,   83890627) /* MouthTexture */
     , (2000226,  15,   67116978) /* HairPalette */
     , (2000226,  16,   67109564) /* EyesPalette */
     , (2000226,  17,   67109558) /* SkinPalette */;

INSERT INTO `weenie_properties_attribute` (`object_Id`, `type`, `init_Level`, `level_From_C_P`, `c_P_Spent`)
VALUES (2000226,   1, 110, 0, 0) /* Strength */
     , (2000226,   2, 120, 0, 0) /* Endurance */
     , (2000226,   3, 120, 0, 0) /* Quickness */
     , (2000226,   4, 120, 0, 0) /* Coordination */
     , (2000226,   5, 100, 0, 0) /* Focus */
     , (2000226,   6, 100, 0, 0) /* Self */;

INSERT INTO `weenie_properties_attribute_2nd` (`object_Id`, `type`, `init_Level`, `level_From_C_P`, `c_P_Spent`, `current_Level`)
VALUES (2000226,   1,     0, 0, 0, 60) /* MaxHealth */
     , (2000226,   3,     0, 0, 0, 120) /* MaxStamina */
     , (2000226,   5,     0, 0, 0, 100) /* MaxMana */;

INSERT INTO `weenie_properties_skill` (`object_Id`, `type`, `level_From_P_P`, `s_a_c`, `p_p`, `init_Level`, `resistance_At_Last_Check`, `last_Used_Time`)
VALUES (2000226,  6, 0, 2, 0,   1, 0, 0) /* MeleeDefense        Trained */
     , (2000226,  7, 0, 2, 0,   1, 0, 0) /* MissileDefense      Trained */
     , (2000226, 13, 0, 2, 0,   1, 0, 0) /* UnarmedCombat       Trained */;

INSERT INTO `weenie_properties_body_part` (`object_Id`, `key`, `d_Type`, `d_Val`, `d_Var`, `base_Armor`, `armor_Vs_Slash`, `armor_Vs_Pierce`, `armor_Vs_Bludgeon`, `armor_Vs_Cold`, `armor_Vs_Fire`, `armor_Vs_Acid`, `armor_Vs_Electric`, `armor_Vs_Nether`, `b_h`, `h_l_f`, `m_l_f`, `l_l_f`, `h_r_f`, `m_r_f`, `l_r_f`, `h_l_b`, `m_l_b`, `l_l_b`, `h_r_b`, `m_r_b`, `l_r_b`)
VALUES (2000226,  0,  4,  0,    0,    0,    0,    0,    0,    0,    0,    0,    0,    0, 1, 0.33,    0,    0, 0.33,    0,    0, 0.33,    0,    0, 0.33,    0,    0) /* Head */
     , (2000226,  1,  4,  0,    0,    0,    0,    0,    0,    0,    0,    0,    0,    0, 2, 0.44, 0.17,    0, 0.44, 0.17,    0, 0.44, 0.17,    0, 0.44, 0.17,    0) /* Chest */
     , (2000226,  2,  4,  0,    0,    0,    0,    0,    0,    0,    0,    0,    0,    0, 3,    0, 0.17,    0,    0, 0.17,    0,    0, 0.17,    0,    0, 0.17,    0) /* Abdomen */
     , (2000226,  3,  4,  0,    0,    0,    0,    0,    0,    0,    0,    0,    0,    0, 1, 0.23, 0.03,    0, 0.23, 0.03,    0, 0.23, 0.03,    0, 0.23, 0.03,    0) /* UpperArm */
     , (2000226,  4,  4,  0,    0,    0,    0,    0,    0,    0,    0,    0,    0,    0, 2,    0,  0.3,    0,    0,  0.3,    0,    0,  0.3,    0,    0,  0.3,    0) /* LowerArm */
     , (2000226,  5,  4,  2, 0.75,    0,    0,    0,    0,    0,    0,    0,    0,    0, 2,    0,  0.2,    0,    0,  0.2,    0,    0,  0.2,    0,    0,  0.2,    0) /* Hand */
     , (2000226,  6,  4,  0,    0,    0,    0,    0,    0,    0,    0,    0,    0,    0, 3,    0, 0.13, 0.18,    0, 0.13, 0.18,    0, 0.13, 0.18,    0, 0.13, 0.18) /* UpperLeg */
     , (2000226,  7,  4,  0,    0,    0,    0,    0,    0,    0,    0,    0,    0,    0, 3,    0,    0,  0.6,    0,    0,  0.6,    0,    0,  0.6,    0,    0,  0.6) /* LowerLeg */
     , (2000226,  8,  4,  2, 0.75,    0,    0,    0,    0,    0,    0,    0,    0,    0, 3,    0,    0, 0.22,    0,    0, 0.22,    0,    0, 0.22,    0,    0, 0.22) /* Foot */;

INSERT INTO `weenie_properties_emote` (`object_Id`, `category`, `probability`, `weenie_Class_Id`, `style`, `substyle`, `quest`, `vendor_Type`, `min_Health`, `max_Health`)
VALUES (2000226,  7 /* Use */,      1, NULL, NULL, NULL, NULL, NULL, NULL, NULL);

SET @parent_id = LAST_INSERT_ID();

INSERT INTO `weenie_properties_emote_action` (`emote_Id`, `order`, `type`, `delay`, `extent`, `motion`, `message`, `test_String`, `min`, `max`, `min_64`, `max_64`, `min_Dbl`, `max_Dbl`, `stat`, `display`, `amount`, `amount_64`, `hero_X_P_64`, `percent`, `spell_Id`, `wealth_Rating`, `treasure_Class`, `treasure_Type`, `p_Script`, `sound`, `destination_Type`, `weenie_Class_Id`, `stack_Size`, `palette`, `shade`, `try_To_Bond`, `obj_Cell_Id`, `origin_X`, `origin_Y`, `origin_Z`, `angles_W`, `angles_X`, `angles_Y`, `angles_Z`)
VALUES (@parent_id,  0,  10 /* Tell */, 1.5, 1, NULL, 'I heard the Monouga''s are rebuilding the old city outside Zaikhal, why would haven''t the people of Zaikhal done anything, those monsters don''t deserve to pretend they are civilized.
', NULL, NULL, NULL, NULL, NULL, NULL, NULL, NULL, NULL, NULL, NULL, NULL, NULL, NULL, NULL, NULL, NULL, NULL, NULL, NULL, NULL, NULL, NULL, NULL, NULL, NULL, NULL, NULL, NULL, NULL, NULL, NULL, NULL);

INSERT INTO `weenie_properties_create_list` (`object_Id`, `destination_Type`, `weenie_Class_Id`, `stack_Size`, `palette`, `shade`, `try_To_Bond`)
VALUES (2000226, 2,  2588,  0, 93, 1, False) /* Create Shirt (2588) for Wield */
     , (2000226, 2,  2597,  0, 88, 1, False) /* Create Pants (2597) for Wield */;

DELETE FROM `weenie` WHERE `class_Id` = 2000227;

INSERT INTO `weenie` (`class_Id`, `class_Name`, `type`, `last_Modified`)
VALUES (2000227, 'ace2000227-townfolk', 10, '2019-09-24 03:41:08') /* Creature */;

INSERT INTO `weenie_properties_int` (`object_Id`, `type`, `value`)
VALUES (2000227,   1,         16) /* ItemType - Creature */
     , (2000227,   2,         31) /* CreatureType - Human */
     , (2000227,   6,         -1) /* ItemsCapacity */
     , (2000227,   7,         -1) /* ContainersCapacity */
     , (2000227,   8,        120) /* Mass */
     , (2000227,  16,         32) /* ItemUseable - Remote */
     , (2000227,  25,         15) /* Level */
     , (2000227,  27,          0) /* ArmorType - None */
     , (2000227,  93,    6292504) /* PhysicsState - ReportCollisions, IgnoreCollisions, Gravity, ReportCollisionsAsEnvironment, EdgeSlide */
     , (2000227,  95,          8) /* RadarBlipColor - Yellow */
     , (2000227, 113,          1) /* Gender - Male */
     , (2000227, 133,          4) /* ShowableOnRadar - ShowAlways */
     , (2000227, 134,         16) /* PlayerKillerStatus - RubberGlue */
     , (2000227, 146,        293) /* XpOverride */
     , (2000227, 188,          1) /* HeritageGroup - Aluvian */;

INSERT INTO `weenie_properties_bool` (`object_Id`, `type`, `value`)
VALUES (2000227,   1, True ) /* Stuck */
     , (2000227,   8, True ) /* AllowGive */
     , (2000227,  11, True ) /* IgnoreCollisions */
     , (2000227,  12, True ) /* ReportCollisions */
     , (2000227,  13, False) /* Ethereal */
     , (2000227,  14, True ) /* GravityStatus */
     , (2000227,  19, False) /* Attackable */
     , (2000227,  29, True ) /* NoCorpse */
     , (2000227,  41, True ) /* ReportCollisionsAsEnvironment */
     , (2000227,  42, True ) /* AllowEdgeSlide */
     , (2000227,  52, True ) /* AiImmobile */
     , (2000227,  79, True ) /* AiAcceptEverything */;

INSERT INTO `weenie_properties_float` (`object_Id`, `type`, `value`)
VALUES (2000227,   1,       5) /* HeartbeatInterval */
     , (2000227,   2,       0) /* HeartbeatTimestamp */
     , (2000227,   3, 0.159999996423721) /* HealthRate */
     , (2000227,   4,       5) /* StaminaRate */
     , (2000227,   5,       1) /* ManaRate */
     , (2000227,  13, 0.899999976158142) /* ArmorModVsSlash */
     , (2000227,  14,       1) /* ArmorModVsPierce */
     , (2000227,  15, 1.10000002384186) /* ArmorModVsBludgeon */
     , (2000227,  16, 0.400000005960464) /* ArmorModVsCold */
     , (2000227,  17, 0.400000005960464) /* ArmorModVsFire */
     , (2000227,  18,       1) /* ArmorModVsAcid */
     , (2000227,  19, 0.600000023841858) /* ArmorModVsElectric */
     , (2000227,  54,       3) /* UseRadius */
     , (2000227,  64,       1) /* ResistSlash */
     , (2000227,  65,       1) /* ResistPierce */
     , (2000227,  66,       1) /* ResistBludgeon */
     , (2000227,  67,       1) /* ResistFire */
     , (2000227,  68,       1) /* ResistCold */
     , (2000227,  69,       1) /* ResistAcid */
     , (2000227,  70,       1) /* ResistElectric */
     , (2000227,  71,       1) /* ResistHealthBoost */
     , (2000227,  72,       1) /* ResistStaminaDrain */
     , (2000227,  73,       1) /* ResistStaminaBoost */
     , (2000227,  74,       1) /* ResistManaDrain */
     , (2000227,  75,       1) /* ResistManaBoost */
     , (2000227, 104,      10) /* ObviousRadarRange */
     , (2000227, 125,       1) /* ResistHealthDrain */;

INSERT INTO `weenie_properties_string` (`object_Id`, `type`, `value`)
VALUES (2000227,   1, 'Townfolk') /* Name */
     , (2000227,   3, 'Male') /* Sex */
     , (2000227,   4, 'Aluvian') /* HeritageGroup */;

INSERT INTO `weenie_properties_d_i_d` (`object_Id`, `type`, `value`)
VALUES (2000227,   1,   33554433) /* Setup */
     , (2000227,   2,  150994945) /* MotionTable */
     , (2000227,   3,  536870913) /* SoundTable */
     , (2000227,   4,  805306368) /* CombatTable */
     , (2000227,   6,   67108990) /* PaletteBase */
     , (2000227,   8,  100667446) /* Icon */
     , (2000227,   9,   83890437) /* EyesTexture */
     , (2000227,  10,   83890521) /* NoseTexture */
     , (2000227,  11,   83890627) /* MouthTexture */
     , (2000227,  15,   67116978) /* HairPalette */
     , (2000227,  16,   67109564) /* EyesPalette */
     , (2000227,  17,   67109558) /* SkinPalette */;

INSERT INTO `weenie_properties_attribute` (`object_Id`, `type`, `init_Level`, `level_From_C_P`, `c_P_Spent`)
VALUES (2000227,   1, 110, 0, 0) /* Strength */
     , (2000227,   2, 120, 0, 0) /* Endurance */
     , (2000227,   3, 120, 0, 0) /* Quickness */
     , (2000227,   4, 120, 0, 0) /* Coordination */
     , (2000227,   5, 100, 0, 0) /* Focus */
     , (2000227,   6, 100, 0, 0) /* Self */;

INSERT INTO `weenie_properties_attribute_2nd` (`object_Id`, `type`, `init_Level`, `level_From_C_P`, `c_P_Spent`, `current_Level`)
VALUES (2000227,   1,     0, 0, 0, 60) /* MaxHealth */
     , (2000227,   3,     0, 0, 0, 120) /* MaxStamina */
     , (2000227,   5,     0, 0, 0, 100) /* MaxMana */;

INSERT INTO `weenie_properties_skill` (`object_Id`, `type`, `level_From_P_P`, `s_a_c`, `p_p`, `init_Level`, `resistance_At_Last_Check`, `last_Used_Time`)
VALUES (2000227,  6, 0, 2, 0,   1, 0, 0) /* MeleeDefense        Trained */
     , (2000227,  7, 0, 2, 0,   1, 0, 0) /* MissileDefense      Trained */
     , (2000227, 13, 0, 2, 0,   1, 0, 0) /* UnarmedCombat       Trained */;

INSERT INTO `weenie_properties_body_part` (`object_Id`, `key`, `d_Type`, `d_Val`, `d_Var`, `base_Armor`, `armor_Vs_Slash`, `armor_Vs_Pierce`, `armor_Vs_Bludgeon`, `armor_Vs_Cold`, `armor_Vs_Fire`, `armor_Vs_Acid`, `armor_Vs_Electric`, `armor_Vs_Nether`, `b_h`, `h_l_f`, `m_l_f`, `l_l_f`, `h_r_f`, `m_r_f`, `l_r_f`, `h_l_b`, `m_l_b`, `l_l_b`, `h_r_b`, `m_r_b`, `l_r_b`)
VALUES (2000227,  0,  4,  0,    0,    0,    0,    0,    0,    0,    0,    0,    0,    0, 1, 0.33,    0,    0, 0.33,    0,    0, 0.33,    0,    0, 0.33,    0,    0) /* Head */
     , (2000227,  1,  4,  0,    0,    0,    0,    0,    0,    0,    0,    0,    0,    0, 2, 0.44, 0.17,    0, 0.44, 0.17,    0, 0.44, 0.17,    0, 0.44, 0.17,    0) /* Chest */
     , (2000227,  2,  4,  0,    0,    0,    0,    0,    0,    0,    0,    0,    0,    0, 3,    0, 0.17,    0,    0, 0.17,    0,    0, 0.17,    0,    0, 0.17,    0) /* Abdomen */
     , (2000227,  3,  4,  0,    0,    0,    0,    0,    0,    0,    0,    0,    0,    0, 1, 0.23, 0.03,    0, 0.23, 0.03,    0, 0.23, 0.03,    0, 0.23, 0.03,    0) /* UpperArm */
     , (2000227,  4,  4,  0,    0,    0,    0,    0,    0,    0,    0,    0,    0,    0, 2,    0,  0.3,    0,    0,  0.3,    0,    0,  0.3,    0,    0,  0.3,    0) /* LowerArm */
     , (2000227,  5,  4,  2, 0.75,    0,    0,    0,    0,    0,    0,    0,    0,    0, 2,    0,  0.2,    0,    0,  0.2,    0,    0,  0.2,    0,    0,  0.2,    0) /* Hand */
     , (2000227,  6,  4,  0,    0,    0,    0,    0,    0,    0,    0,    0,    0,    0, 3,    0, 0.13, 0.18,    0, 0.13, 0.18,    0, 0.13, 0.18,    0, 0.13, 0.18) /* UpperLeg */
     , (2000227,  7,  4,  0,    0,    0,    0,    0,    0,    0,    0,    0,    0,    0, 3,    0,    0,  0.6,    0,    0,  0.6,    0,    0,  0.6,    0,    0,  0.6) /* LowerLeg */
     , (2000227,  8,  4,  2, 0.75,    0,    0,    0,    0,    0,    0,    0,    0,    0, 3,    0,    0, 0.22,    0,    0, 0.22,    0,    0, 0.22,    0,    0, 0.22) /* Foot */;

INSERT INTO `weenie_properties_emote` (`object_Id`, `category`, `probability`, `weenie_Class_Id`, `style`, `substyle`, `quest`, `vendor_Type`, `min_Health`, `max_Health`)
VALUES (2000227,  7 /* Use */,      1, NULL, NULL, NULL, NULL, NULL, NULL, NULL);

SET @parent_id = LAST_INSERT_ID();

INSERT INTO `weenie_properties_emote_action` (`emote_Id`, `order`, `type`, `delay`, `extent`, `motion`, `message`, `test_String`, `min`, `max`, `min_64`, `max_64`, `min_Dbl`, `max_Dbl`, `stat`, `display`, `amount`, `amount_64`, `hero_X_P_64`, `percent`, `spell_Id`, `wealth_Rating`, `treasure_Class`, `treasure_Type`, `p_Script`, `sound`, `destination_Type`, `weenie_Class_Id`, `stack_Size`, `palette`, `shade`, `try_To_Bond`, `obj_Cell_Id`, `origin_X`, `origin_Y`, `origin_Z`, `angles_W`, `angles_X`, `angles_Y`, `angles_Z`)
VALUES (@parent_id,  0,  10 /* Tell */, 1.5, 1, NULL, 'I miss stomping bugs under my boot, but now giant acid spitting olthoi everywhere.', NULL, NULL, NULL, NULL, NULL, NULL, NULL, NULL, NULL, NULL, NULL, NULL, NULL, NULL, NULL, NULL, NULL, NULL, NULL, NULL, NULL, NULL, NULL, NULL, NULL, NULL, NULL, NULL, NULL, NULL, NULL, NULL, NULL);

INSERT INTO `weenie_properties_create_list` (`object_Id`, `destination_Type`, `weenie_Class_Id`, `stack_Size`, `palette`, `shade`, `try_To_Bond`)
VALUES (2000227, 2,  2588,  0, 85, 1, False) /* Create Shirt (2588) for Wield */
     , (2000227, 2,  2597,  0, 90, 1, False) /* Create Pants (2597) for Wield */;

DELETE FROM `weenie` WHERE `class_Id` = 2000228;

INSERT INTO `weenie` (`class_Id`, `class_Name`, `type`, `last_Modified`)
VALUES (2000228, 'ace2000228-townfolk', 10, '2019-09-24 03:41:09') /* Creature */;

INSERT INTO `weenie_properties_int` (`object_Id`, `type`, `value`)
VALUES (2000228,   1,         16) /* ItemType - Creature */
     , (2000228,   2,         31) /* CreatureType - Human */
     , (2000228,   6,         -1) /* ItemsCapacity */
     , (2000228,   7,         -1) /* ContainersCapacity */
     , (2000228,   8,        120) /* Mass */
     , (2000228,  16,         32) /* ItemUseable - Remote */
     , (2000228,  25,         15) /* Level */
     , (2000228,  27,          0) /* ArmorType - None */
     , (2000228,  93,    6292504) /* PhysicsState - ReportCollisions, IgnoreCollisions, Gravity, ReportCollisionsAsEnvironment, EdgeSlide */
     , (2000228,  95,          8) /* RadarBlipColor - Yellow */
     , (2000228, 113,          1) /* Gender - Male */
     , (2000228, 133,          4) /* ShowableOnRadar - ShowAlways */
     , (2000228, 134,         16) /* PlayerKillerStatus - RubberGlue */
     , (2000228, 146,        293) /* XpOverride */
     , (2000228, 188,          1) /* HeritageGroup - Aluvian */;

INSERT INTO `weenie_properties_bool` (`object_Id`, `type`, `value`)
VALUES (2000228,   1, True ) /* Stuck */
     , (2000228,   8, True ) /* AllowGive */
     , (2000228,  11, True ) /* IgnoreCollisions */
     , (2000228,  12, True ) /* ReportCollisions */
     , (2000228,  13, False) /* Ethereal */
     , (2000228,  14, True ) /* GravityStatus */
     , (2000228,  19, False) /* Attackable */
     , (2000228,  29, True ) /* NoCorpse */
     , (2000228,  41, True ) /* ReportCollisionsAsEnvironment */
     , (2000228,  42, True ) /* AllowEdgeSlide */
     , (2000228,  52, True ) /* AiImmobile */
     , (2000228,  79, True ) /* AiAcceptEverything */;

INSERT INTO `weenie_properties_float` (`object_Id`, `type`, `value`)
VALUES (2000228,   1,       5) /* HeartbeatInterval */
     , (2000228,   2,       0) /* HeartbeatTimestamp */
     , (2000228,   3, 0.159999996423721) /* HealthRate */
     , (2000228,   4,       5) /* StaminaRate */
     , (2000228,   5,       1) /* ManaRate */
     , (2000228,  13, 0.899999976158142) /* ArmorModVsSlash */
     , (2000228,  14,       1) /* ArmorModVsPierce */
     , (2000228,  15, 1.10000002384186) /* ArmorModVsBludgeon */
     , (2000228,  16, 0.400000005960464) /* ArmorModVsCold */
     , (2000228,  17, 0.400000005960464) /* ArmorModVsFire */
     , (2000228,  18,       1) /* ArmorModVsAcid */
     , (2000228,  19, 0.600000023841858) /* ArmorModVsElectric */
     , (2000228,  54,       3) /* UseRadius */
     , (2000228,  64,       1) /* ResistSlash */
     , (2000228,  65,       1) /* ResistPierce */
     , (2000228,  66,       1) /* ResistBludgeon */
     , (2000228,  67,       1) /* ResistFire */
     , (2000228,  68,       1) /* ResistCold */
     , (2000228,  69,       1) /* ResistAcid */
     , (2000228,  70,       1) /* ResistElectric */
     , (2000228,  71,       1) /* ResistHealthBoost */
     , (2000228,  72,       1) /* ResistStaminaDrain */
     , (2000228,  73,       1) /* ResistStaminaBoost */
     , (2000228,  74,       1) /* ResistManaDrain */
     , (2000228,  75,       1) /* ResistManaBoost */
     , (2000228, 104,      10) /* ObviousRadarRange */
     , (2000228, 125,       1) /* ResistHealthDrain */;

INSERT INTO `weenie_properties_string` (`object_Id`, `type`, `value`)
VALUES (2000228,   1, 'Townfolk') /* Name */
     , (2000228,   3, 'Male') /* Sex */
     , (2000228,   4, 'Aluvian') /* HeritageGroup */;

INSERT INTO `weenie_properties_d_i_d` (`object_Id`, `type`, `value`)
VALUES (2000228,   1,   33554433) /* Setup */
     , (2000228,   2,  150994945) /* MotionTable */
     , (2000228,   3,  536870913) /* SoundTable */
     , (2000228,   4,  805306368) /* CombatTable */
     , (2000228,   6,   67108990) /* PaletteBase */
     , (2000228,   8,  100667446) /* Icon */
     , (2000228,   9,   83890437) /* EyesTexture */
     , (2000228,  10,   83890521) /* NoseTexture */
     , (2000228,  11,   83890627) /* MouthTexture */
     , (2000228,  15,   67116978) /* HairPalette */
     , (2000228,  16,   67109564) /* EyesPalette */
     , (2000228,  17,   67109558) /* SkinPalette */;

INSERT INTO `weenie_properties_attribute` (`object_Id`, `type`, `init_Level`, `level_From_C_P`, `c_P_Spent`)
VALUES (2000228,   1, 110, 0, 0) /* Strength */
     , (2000228,   2, 120, 0, 0) /* Endurance */
     , (2000228,   3, 120, 0, 0) /* Quickness */
     , (2000228,   4, 120, 0, 0) /* Coordination */
     , (2000228,   5, 100, 0, 0) /* Focus */
     , (2000228,   6, 100, 0, 0) /* Self */;

INSERT INTO `weenie_properties_attribute_2nd` (`object_Id`, `type`, `init_Level`, `level_From_C_P`, `c_P_Spent`, `current_Level`)
VALUES (2000228,   1,     0, 0, 0, 60) /* MaxHealth */
     , (2000228,   3,     0, 0, 0, 120) /* MaxStamina */
     , (2000228,   5,     0, 0, 0, 100) /* MaxMana */;

INSERT INTO `weenie_properties_skill` (`object_Id`, `type`, `level_From_P_P`, `s_a_c`, `p_p`, `init_Level`, `resistance_At_Last_Check`, `last_Used_Time`)
VALUES (2000228,  6, 0, 2, 0,   1, 0, 0) /* MeleeDefense        Trained */
     , (2000228,  7, 0, 2, 0,   1, 0, 0) /* MissileDefense      Trained */
     , (2000228, 13, 0, 2, 0,   1, 0, 0) /* UnarmedCombat       Trained */;

INSERT INTO `weenie_properties_body_part` (`object_Id`, `key`, `d_Type`, `d_Val`, `d_Var`, `base_Armor`, `armor_Vs_Slash`, `armor_Vs_Pierce`, `armor_Vs_Bludgeon`, `armor_Vs_Cold`, `armor_Vs_Fire`, `armor_Vs_Acid`, `armor_Vs_Electric`, `armor_Vs_Nether`, `b_h`, `h_l_f`, `m_l_f`, `l_l_f`, `h_r_f`, `m_r_f`, `l_r_f`, `h_l_b`, `m_l_b`, `l_l_b`, `h_r_b`, `m_r_b`, `l_r_b`)
VALUES (2000228,  0,  4,  0,    0,    0,    0,    0,    0,    0,    0,    0,    0,    0, 1, 0.33,    0,    0, 0.33,    0,    0, 0.33,    0,    0, 0.33,    0,    0) /* Head */
     , (2000228,  1,  4,  0,    0,    0,    0,    0,    0,    0,    0,    0,    0,    0, 2, 0.44, 0.17,    0, 0.44, 0.17,    0, 0.44, 0.17,    0, 0.44, 0.17,    0) /* Chest */
     , (2000228,  2,  4,  0,    0,    0,    0,    0,    0,    0,    0,    0,    0,    0, 3,    0, 0.17,    0,    0, 0.17,    0,    0, 0.17,    0,    0, 0.17,    0) /* Abdomen */
     , (2000228,  3,  4,  0,    0,    0,    0,    0,    0,    0,    0,    0,    0,    0, 1, 0.23, 0.03,    0, 0.23, 0.03,    0, 0.23, 0.03,    0, 0.23, 0.03,    0) /* UpperArm */
     , (2000228,  4,  4,  0,    0,    0,    0,    0,    0,    0,    0,    0,    0,    0, 2,    0,  0.3,    0,    0,  0.3,    0,    0,  0.3,    0,    0,  0.3,    0) /* LowerArm */
     , (2000228,  5,  4,  2, 0.75,    0,    0,    0,    0,    0,    0,    0,    0,    0, 2,    0,  0.2,    0,    0,  0.2,    0,    0,  0.2,    0,    0,  0.2,    0) /* Hand */
     , (2000228,  6,  4,  0,    0,    0,    0,    0,    0,    0,    0,    0,    0,    0, 3,    0, 0.13, 0.18,    0, 0.13, 0.18,    0, 0.13, 0.18,    0, 0.13, 0.18) /* UpperLeg */
     , (2000228,  7,  4,  0,    0,    0,    0,    0,    0,    0,    0,    0,    0,    0, 3,    0,    0,  0.6,    0,    0,  0.6,    0,    0,  0.6,    0,    0,  0.6) /* LowerLeg */
     , (2000228,  8,  4,  2, 0.75,    0,    0,    0,    0,    0,    0,    0,    0,    0, 3,    0,    0, 0.22,    0,    0, 0.22,    0,    0, 0.22,    0,    0, 0.22) /* Foot */;

INSERT INTO `weenie_properties_emote` (`object_Id`, `category`, `probability`, `weenie_Class_Id`, `style`, `substyle`, `quest`, `vendor_Type`, `min_Health`, `max_Health`)
VALUES (2000228,  7 /* Use */,      1, NULL, NULL, NULL, NULL, NULL, NULL, NULL);

SET @parent_id = LAST_INSERT_ID();

INSERT INTO `weenie_properties_emote_action` (`emote_Id`, `order`, `type`, `delay`, `extent`, `motion`, `message`, `test_String`, `min`, `max`, `min_64`, `max_64`, `min_Dbl`, `max_Dbl`, `stat`, `display`, `amount`, `amount_64`, `hero_X_P_64`, `percent`, `spell_Id`, `wealth_Rating`, `treasure_Class`, `treasure_Type`, `p_Script`, `sound`, `destination_Type`, `weenie_Class_Id`, `stack_Size`, `palette`, `shade`, `try_To_Bond`, `obj_Cell_Id`, `origin_X`, `origin_Y`, `origin_Z`, `angles_W`, `angles_X`, `angles_Y`, `angles_Z`)
VALUES (@parent_id,  0,  10 /* Tell */, 1.5, 1, NULL, 'I know the fuins are creepy, but I kinda like them. good people.', NULL, NULL, NULL, NULL, NULL, NULL, NULL, NULL, NULL, NULL, NULL, NULL, NULL, NULL, NULL, NULL, NULL, NULL, NULL, NULL, NULL, NULL, NULL, NULL, NULL, NULL, NULL, NULL, NULL, NULL, NULL, NULL, NULL);

INSERT INTO `weenie_properties_create_list` (`object_Id`, `destination_Type`, `weenie_Class_Id`, `stack_Size`, `palette`, `shade`, `try_To_Bond`)
VALUES (2000228, 2,  5893,  0, 92, 1, False) /* Create Hoary Mattekar Robe (5893) for Wield */
     , (2000228, 2,  2597,  0, 5, 1, False) /* Create Pants (2597) for Wield */;

DELETE FROM `weenie` WHERE `class_Id` = 2000229;

INSERT INTO `weenie` (`class_Id`, `class_Name`, `type`, `last_Modified`)
VALUES (2000229, 'ace2000229-townfolk', 10, '2019-09-24 03:41:11') /* Creature */;

INSERT INTO `weenie_properties_int` (`object_Id`, `type`, `value`)
VALUES (2000229,   1,         16) /* ItemType - Creature */
     , (2000229,   2,         31) /* CreatureType - Human */
     , (2000229,   6,         -1) /* ItemsCapacity */
     , (2000229,   7,         -1) /* ContainersCapacity */
     , (2000229,   8,        120) /* Mass */
     , (2000229,  16,         32) /* ItemUseable - Remote */
     , (2000229,  25,         15) /* Level */
     , (2000229,  27,          0) /* ArmorType - None */
     , (2000229,  93,    6292504) /* PhysicsState - ReportCollisions, IgnoreCollisions, Gravity, ReportCollisionsAsEnvironment, EdgeSlide */
     , (2000229,  95,          8) /* RadarBlipColor - Yellow */
     , (2000229, 113,          1) /* Gender - Male */
     , (2000229, 133,          4) /* ShowableOnRadar - ShowAlways */
     , (2000229, 134,         16) /* PlayerKillerStatus - RubberGlue */
     , (2000229, 146,        293) /* XpOverride */
     , (2000229, 188,          1) /* HeritageGroup - Aluvian */;

INSERT INTO `weenie_properties_bool` (`object_Id`, `type`, `value`)
VALUES (2000229,   1, True ) /* Stuck */
     , (2000229,   8, True ) /* AllowGive */
     , (2000229,  11, True ) /* IgnoreCollisions */
     , (2000229,  12, True ) /* ReportCollisions */
     , (2000229,  13, False) /* Ethereal */
     , (2000229,  14, True ) /* GravityStatus */
     , (2000229,  19, False) /* Attackable */
     , (2000229,  29, True ) /* NoCorpse */
     , (2000229,  41, True ) /* ReportCollisionsAsEnvironment */
     , (2000229,  42, True ) /* AllowEdgeSlide */
     , (2000229,  52, True ) /* AiImmobile */
     , (2000229,  79, True ) /* AiAcceptEverything */;

INSERT INTO `weenie_properties_float` (`object_Id`, `type`, `value`)
VALUES (2000229,   1,       5) /* HeartbeatInterval */
     , (2000229,   2,       0) /* HeartbeatTimestamp */
     , (2000229,   3, 0.159999996423721) /* HealthRate */
     , (2000229,   4,       5) /* StaminaRate */
     , (2000229,   5,       1) /* ManaRate */
     , (2000229,  13, 0.899999976158142) /* ArmorModVsSlash */
     , (2000229,  14,       1) /* ArmorModVsPierce */
     , (2000229,  15, 1.10000002384186) /* ArmorModVsBludgeon */
     , (2000229,  16, 0.400000005960464) /* ArmorModVsCold */
     , (2000229,  17, 0.400000005960464) /* ArmorModVsFire */
     , (2000229,  18,       1) /* ArmorModVsAcid */
     , (2000229,  19, 0.600000023841858) /* ArmorModVsElectric */
     , (2000229,  54,       3) /* UseRadius */
     , (2000229,  64,       1) /* ResistSlash */
     , (2000229,  65,       1) /* ResistPierce */
     , (2000229,  66,       1) /* ResistBludgeon */
     , (2000229,  67,       1) /* ResistFire */
     , (2000229,  68,       1) /* ResistCold */
     , (2000229,  69,       1) /* ResistAcid */
     , (2000229,  70,       1) /* ResistElectric */
     , (2000229,  71,       1) /* ResistHealthBoost */
     , (2000229,  72,       1) /* ResistStaminaDrain */
     , (2000229,  73,       1) /* ResistStaminaBoost */
     , (2000229,  74,       1) /* ResistManaDrain */
     , (2000229,  75,       1) /* ResistManaBoost */
     , (2000229, 104,      10) /* ObviousRadarRange */
     , (2000229, 125,       1) /* ResistHealthDrain */;

INSERT INTO `weenie_properties_string` (`object_Id`, `type`, `value`)
VALUES (2000229,   1, 'Townfolk') /* Name */
     , (2000229,   3, 'Male') /* Sex */
     , (2000229,   4, 'Aluvian') /* HeritageGroup */;

INSERT INTO `weenie_properties_d_i_d` (`object_Id`, `type`, `value`)
VALUES (2000229,   1,   33554433) /* Setup */
     , (2000229,   2,  150994945) /* MotionTable */
     , (2000229,   3,  536870913) /* SoundTable */
     , (2000229,   4,  805306368) /* CombatTable */
     , (2000229,   6,   67108990) /* PaletteBase */
     , (2000229,   8,  100667446) /* Icon */
     , (2000229,   9,   83890437) /* EyesTexture */
     , (2000229,  10,   83890521) /* NoseTexture */
     , (2000229,  11,   83890627) /* MouthTexture */
     , (2000229,  15,   67116978) /* HairPalette */
     , (2000229,  16,   67109564) /* EyesPalette */
     , (2000229,  17,   67109558) /* SkinPalette */;

INSERT INTO `weenie_properties_attribute` (`object_Id`, `type`, `init_Level`, `level_From_C_P`, `c_P_Spent`)
VALUES (2000229,   1, 110, 0, 0) /* Strength */
     , (2000229,   2, 120, 0, 0) /* Endurance */
     , (2000229,   3, 120, 0, 0) /* Quickness */
     , (2000229,   4, 120, 0, 0) /* Coordination */
     , (2000229,   5, 100, 0, 0) /* Focus */
     , (2000229,   6, 100, 0, 0) /* Self */;

INSERT INTO `weenie_properties_attribute_2nd` (`object_Id`, `type`, `init_Level`, `level_From_C_P`, `c_P_Spent`, `current_Level`)
VALUES (2000229,   1,     0, 0, 0, 60) /* MaxHealth */
     , (2000229,   3,     0, 0, 0, 120) /* MaxStamina */
     , (2000229,   5,     0, 0, 0, 100) /* MaxMana */;

INSERT INTO `weenie_properties_skill` (`object_Id`, `type`, `level_From_P_P`, `s_a_c`, `p_p`, `init_Level`, `resistance_At_Last_Check`, `last_Used_Time`)
VALUES (2000229,  6, 0, 2, 0,   1, 0, 0) /* MeleeDefense        Trained */
     , (2000229,  7, 0, 2, 0,   1, 0, 0) /* MissileDefense      Trained */
     , (2000229, 13, 0, 2, 0,   1, 0, 0) /* UnarmedCombat       Trained */;

INSERT INTO `weenie_properties_body_part` (`object_Id`, `key`, `d_Type`, `d_Val`, `d_Var`, `base_Armor`, `armor_Vs_Slash`, `armor_Vs_Pierce`, `armor_Vs_Bludgeon`, `armor_Vs_Cold`, `armor_Vs_Fire`, `armor_Vs_Acid`, `armor_Vs_Electric`, `armor_Vs_Nether`, `b_h`, `h_l_f`, `m_l_f`, `l_l_f`, `h_r_f`, `m_r_f`, `l_r_f`, `h_l_b`, `m_l_b`, `l_l_b`, `h_r_b`, `m_r_b`, `l_r_b`)
VALUES (2000229,  0,  4,  0,    0,    0,    0,    0,    0,    0,    0,    0,    0,    0, 1, 0.33,    0,    0, 0.33,    0,    0, 0.33,    0,    0, 0.33,    0,    0) /* Head */
     , (2000229,  1,  4,  0,    0,    0,    0,    0,    0,    0,    0,    0,    0,    0, 2, 0.44, 0.17,    0, 0.44, 0.17,    0, 0.44, 0.17,    0, 0.44, 0.17,    0) /* Chest */
     , (2000229,  2,  4,  0,    0,    0,    0,    0,    0,    0,    0,    0,    0,    0, 3,    0, 0.17,    0,    0, 0.17,    0,    0, 0.17,    0,    0, 0.17,    0) /* Abdomen */
     , (2000229,  3,  4,  0,    0,    0,    0,    0,    0,    0,    0,    0,    0,    0, 1, 0.23, 0.03,    0, 0.23, 0.03,    0, 0.23, 0.03,    0, 0.23, 0.03,    0) /* UpperArm */
     , (2000229,  4,  4,  0,    0,    0,    0,    0,    0,    0,    0,    0,    0,    0, 2,    0,  0.3,    0,    0,  0.3,    0,    0,  0.3,    0,    0,  0.3,    0) /* LowerArm */
     , (2000229,  5,  4,  2, 0.75,    0,    0,    0,    0,    0,    0,    0,    0,    0, 2,    0,  0.2,    0,    0,  0.2,    0,    0,  0.2,    0,    0,  0.2,    0) /* Hand */
     , (2000229,  6,  4,  0,    0,    0,    0,    0,    0,    0,    0,    0,    0,    0, 3,    0, 0.13, 0.18,    0, 0.13, 0.18,    0, 0.13, 0.18,    0, 0.13, 0.18) /* UpperLeg */
     , (2000229,  7,  4,  0,    0,    0,    0,    0,    0,    0,    0,    0,    0,    0, 3,    0,    0,  0.6,    0,    0,  0.6,    0,    0,  0.6,    0,    0,  0.6) /* LowerLeg */
     , (2000229,  8,  4,  2, 0.75,    0,    0,    0,    0,    0,    0,    0,    0,    0, 3,    0,    0, 0.22,    0,    0, 0.22,    0,    0, 0.22,    0,    0, 0.22) /* Foot */;

INSERT INTO `weenie_properties_emote` (`object_Id`, `category`, `probability`, `weenie_Class_Id`, `style`, `substyle`, `quest`, `vendor_Type`, `min_Health`, `max_Health`)
VALUES (2000229,  7 /* Use */,      1, NULL, NULL, NULL, NULL, NULL, NULL, NULL);

SET @parent_id = LAST_INSERT_ID();

INSERT INTO `weenie_properties_emote_action` (`emote_Id`, `order`, `type`, `delay`, `extent`, `motion`, `message`, `test_String`, `min`, `max`, `min_64`, `max_64`, `min_Dbl`, `max_Dbl`, `stat`, `display`, `amount`, `amount_64`, `hero_X_P_64`, `percent`, `spell_Id`, `wealth_Rating`, `treasure_Class`, `treasure_Type`, `p_Script`, `sound`, `destination_Type`, `weenie_Class_Id`, `stack_Size`, `palette`, `shade`, `try_To_Bond`, `obj_Cell_Id`, `origin_X`, `origin_Y`, `origin_Z`, `angles_W`, `angles_X`, `angles_Y`, `angles_Z`)
VALUES (@parent_id,  0,  10 /* Tell */, 1.5, 1, NULL, 'I miss old Arwic, hate going to the city now.', NULL, NULL, NULL, NULL, NULL, NULL, NULL, NULL, NULL, NULL, NULL, NULL, NULL, NULL, NULL, NULL, NULL, NULL, NULL, NULL, NULL, NULL, NULL, NULL, NULL, NULL, NULL, NULL, NULL, NULL, NULL, NULL, NULL);

INSERT INTO `weenie_properties_create_list` (`object_Id`, `destination_Type`, `weenie_Class_Id`, `stack_Size`, `palette`, `shade`, `try_To_Bond`)
VALUES (2000229, 2,  2588,  0, 86, 1, False) /* Create Shirt (2588) for Wield */
     , (2000229, 2,  2597,  0, 5, 1, False) /* Create Pants (2597) for Wield */;

DELETE FROM `weenie` WHERE `class_Id` = 2000230;

INSERT INTO `weenie` (`class_Id`, `class_Name`, `type`, `last_Modified`)
VALUES (2000230, 'ace2000230-townfolk', 10, '2019-09-24 03:41:12') /* Creature */;

INSERT INTO `weenie_properties_int` (`object_Id`, `type`, `value`)
VALUES (2000230,   1,         16) /* ItemType - Creature */
     , (2000230,   2,         31) /* CreatureType - Human */
     , (2000230,   6,         -1) /* ItemsCapacity */
     , (2000230,   7,         -1) /* ContainersCapacity */
     , (2000230,   8,        120) /* Mass */
     , (2000230,  16,         32) /* ItemUseable - Remote */
     , (2000230,  25,         15) /* Level */
     , (2000230,  27,          0) /* ArmorType - None */
     , (2000230,  93,    6292504) /* PhysicsState - ReportCollisions, IgnoreCollisions, Gravity, ReportCollisionsAsEnvironment, EdgeSlide */
     , (2000230,  95,          8) /* RadarBlipColor - Yellow */
     , (2000230, 113,          1) /* Gender - Male */
     , (2000230, 133,          4) /* ShowableOnRadar - ShowAlways */
     , (2000230, 134,         16) /* PlayerKillerStatus - RubberGlue */
     , (2000230, 146,        293) /* XpOverride */
     , (2000230, 188,          1) /* HeritageGroup - Aluvian */;

INSERT INTO `weenie_properties_bool` (`object_Id`, `type`, `value`)
VALUES (2000230,   1, True ) /* Stuck */
     , (2000230,   8, True ) /* AllowGive */
     , (2000230,  11, True ) /* IgnoreCollisions */
     , (2000230,  12, True ) /* ReportCollisions */
     , (2000230,  13, False) /* Ethereal */
     , (2000230,  14, True ) /* GravityStatus */
     , (2000230,  19, False) /* Attackable */
     , (2000230,  29, True ) /* NoCorpse */
     , (2000230,  41, True ) /* ReportCollisionsAsEnvironment */
     , (2000230,  42, True ) /* AllowEdgeSlide */
     , (2000230,  52, True ) /* AiImmobile */
     , (2000230,  79, True ) /* AiAcceptEverything */;

INSERT INTO `weenie_properties_float` (`object_Id`, `type`, `value`)
VALUES (2000230,   1,       5) /* HeartbeatInterval */
     , (2000230,   2,       0) /* HeartbeatTimestamp */
     , (2000230,   3, 0.159999996423721) /* HealthRate */
     , (2000230,   4,       5) /* StaminaRate */
     , (2000230,   5,       1) /* ManaRate */
     , (2000230,  13, 0.899999976158142) /* ArmorModVsSlash */
     , (2000230,  14,       1) /* ArmorModVsPierce */
     , (2000230,  15, 1.10000002384186) /* ArmorModVsBludgeon */
     , (2000230,  16, 0.400000005960464) /* ArmorModVsCold */
     , (2000230,  17, 0.400000005960464) /* ArmorModVsFire */
     , (2000230,  18,       1) /* ArmorModVsAcid */
     , (2000230,  19, 0.600000023841858) /* ArmorModVsElectric */
     , (2000230,  54,       3) /* UseRadius */
     , (2000230,  64,       1) /* ResistSlash */
     , (2000230,  65,       1) /* ResistPierce */
     , (2000230,  66,       1) /* ResistBludgeon */
     , (2000230,  67,       1) /* ResistFire */
     , (2000230,  68,       1) /* ResistCold */
     , (2000230,  69,       1) /* ResistAcid */
     , (2000230,  70,       1) /* ResistElectric */
     , (2000230,  71,       1) /* ResistHealthBoost */
     , (2000230,  72,       1) /* ResistStaminaDrain */
     , (2000230,  73,       1) /* ResistStaminaBoost */
     , (2000230,  74,       1) /* ResistManaDrain */
     , (2000230,  75,       1) /* ResistManaBoost */
     , (2000230, 104,      10) /* ObviousRadarRange */
     , (2000230, 125,       1) /* ResistHealthDrain */;

INSERT INTO `weenie_properties_string` (`object_Id`, `type`, `value`)
VALUES (2000230,   1, 'Townfolk') /* Name */
     , (2000230,   3, 'Male') /* Sex */
     , (2000230,   4, 'Aluvian') /* HeritageGroup */;

INSERT INTO `weenie_properties_d_i_d` (`object_Id`, `type`, `value`)
VALUES (2000230,   1,   33554433) /* Setup */
     , (2000230,   2,  150994945) /* MotionTable */
     , (2000230,   3,  536870913) /* SoundTable */
     , (2000230,   4,  805306368) /* CombatTable */
     , (2000230,   6,   67108990) /* PaletteBase */
     , (2000230,   8,  100667446) /* Icon */
     , (2000230,   9,   83890437) /* EyesTexture */
     , (2000230,  10,   83890521) /* NoseTexture */
     , (2000230,  11,   83890627) /* MouthTexture */
     , (2000230,  15,   67116978) /* HairPalette */
     , (2000230,  16,   67109564) /* EyesPalette */
     , (2000230,  17,   67109558) /* SkinPalette */;

INSERT INTO `weenie_properties_attribute` (`object_Id`, `type`, `init_Level`, `level_From_C_P`, `c_P_Spent`)
VALUES (2000230,   1, 110, 0, 0) /* Strength */
     , (2000230,   2, 120, 0, 0) /* Endurance */
     , (2000230,   3, 120, 0, 0) /* Quickness */
     , (2000230,   4, 120, 0, 0) /* Coordination */
     , (2000230,   5, 100, 0, 0) /* Focus */
     , (2000230,   6, 100, 0, 0) /* Self */;

INSERT INTO `weenie_properties_attribute_2nd` (`object_Id`, `type`, `init_Level`, `level_From_C_P`, `c_P_Spent`, `current_Level`)
VALUES (2000230,   1,     0, 0, 0, 60) /* MaxHealth */
     , (2000230,   3,     0, 0, 0, 120) /* MaxStamina */
     , (2000230,   5,     0, 0, 0, 100) /* MaxMana */;

INSERT INTO `weenie_properties_skill` (`object_Id`, `type`, `level_From_P_P`, `s_a_c`, `p_p`, `init_Level`, `resistance_At_Last_Check`, `last_Used_Time`)
VALUES (2000230,  6, 0, 2, 0,   1, 0, 0) /* MeleeDefense        Trained */
     , (2000230,  7, 0, 2, 0,   1, 0, 0) /* MissileDefense      Trained */
     , (2000230, 13, 0, 2, 0,   1, 0, 0) /* UnarmedCombat       Trained */;

INSERT INTO `weenie_properties_body_part` (`object_Id`, `key`, `d_Type`, `d_Val`, `d_Var`, `base_Armor`, `armor_Vs_Slash`, `armor_Vs_Pierce`, `armor_Vs_Bludgeon`, `armor_Vs_Cold`, `armor_Vs_Fire`, `armor_Vs_Acid`, `armor_Vs_Electric`, `armor_Vs_Nether`, `b_h`, `h_l_f`, `m_l_f`, `l_l_f`, `h_r_f`, `m_r_f`, `l_r_f`, `h_l_b`, `m_l_b`, `l_l_b`, `h_r_b`, `m_r_b`, `l_r_b`)
VALUES (2000230,  0,  4,  0,    0,    0,    0,    0,    0,    0,    0,    0,    0,    0, 1, 0.33,    0,    0, 0.33,    0,    0, 0.33,    0,    0, 0.33,    0,    0) /* Head */
     , (2000230,  1,  4,  0,    0,    0,    0,    0,    0,    0,    0,    0,    0,    0, 2, 0.44, 0.17,    0, 0.44, 0.17,    0, 0.44, 0.17,    0, 0.44, 0.17,    0) /* Chest */
     , (2000230,  2,  4,  0,    0,    0,    0,    0,    0,    0,    0,    0,    0,    0, 3,    0, 0.17,    0,    0, 0.17,    0,    0, 0.17,    0,    0, 0.17,    0) /* Abdomen */
     , (2000230,  3,  4,  0,    0,    0,    0,    0,    0,    0,    0,    0,    0,    0, 1, 0.23, 0.03,    0, 0.23, 0.03,    0, 0.23, 0.03,    0, 0.23, 0.03,    0) /* UpperArm */
     , (2000230,  4,  4,  0,    0,    0,    0,    0,    0,    0,    0,    0,    0,    0, 2,    0,  0.3,    0,    0,  0.3,    0,    0,  0.3,    0,    0,  0.3,    0) /* LowerArm */
     , (2000230,  5,  4,  2, 0.75,    0,    0,    0,    0,    0,    0,    0,    0,    0, 2,    0,  0.2,    0,    0,  0.2,    0,    0,  0.2,    0,    0,  0.2,    0) /* Hand */
     , (2000230,  6,  4,  0,    0,    0,    0,    0,    0,    0,    0,    0,    0,    0, 3,    0, 0.13, 0.18,    0, 0.13, 0.18,    0, 0.13, 0.18,    0, 0.13, 0.18) /* UpperLeg */
     , (2000230,  7,  4,  0,    0,    0,    0,    0,    0,    0,    0,    0,    0,    0, 3,    0,    0,  0.6,    0,    0,  0.6,    0,    0,  0.6,    0,    0,  0.6) /* LowerLeg */
     , (2000230,  8,  4,  2, 0.75,    0,    0,    0,    0,    0,    0,    0,    0,    0, 3,    0,    0, 0.22,    0,    0, 0.22,    0,    0, 0.22,    0,    0, 0.22) /* Foot */;

INSERT INTO `weenie_properties_emote` (`object_Id`, `category`, `probability`, `weenie_Class_Id`, `style`, `substyle`, `quest`, `vendor_Type`, `min_Health`, `max_Health`)
VALUES (2000230,  7 /* Use */,      1, NULL, NULL, NULL, NULL, NULL, NULL, NULL);

SET @parent_id = LAST_INSERT_ID();

INSERT INTO `weenie_properties_emote_action` (`emote_Id`, `order`, `type`, `delay`, `extent`, `motion`, `message`, `test_String`, `min`, `max`, `min_64`, `max_64`, `min_Dbl`, `max_Dbl`, `stat`, `display`, `amount`, `amount_64`, `hero_X_P_64`, `percent`, `spell_Id`, `wealth_Rating`, `treasure_Class`, `treasure_Type`, `p_Script`, `sound`, `destination_Type`, `weenie_Class_Id`, `stack_Size`, `palette`, `shade`, `try_To_Bond`, `obj_Cell_Id`, `origin_X`, `origin_Y`, `origin_Z`, `angles_W`, `angles_X`, `angles_Y`, `angles_Z`)
VALUES (@parent_id,  0,  10 /* Tell */, 1.5, 1, NULL, 'Tumeroks are stupid dirty creatures and now we welcome them into our cities with open arms... Bah!
', NULL, NULL, NULL, NULL, NULL, NULL, NULL, NULL, NULL, NULL, NULL, NULL, NULL, NULL, NULL, NULL, NULL, NULL, NULL, NULL, NULL, NULL, NULL, NULL, NULL, NULL, NULL, NULL, NULL, NULL, NULL, NULL, NULL);

INSERT INTO `weenie_properties_create_list` (`object_Id`, `destination_Type`, `weenie_Class_Id`, `stack_Size`, `palette`, `shade`, `try_To_Bond`)
VALUES (2000230, 2,  5852,  0, 85, 1, False) /* Create Dho Vest and Robe (5852) for Wield */
     , (2000230, 2,  2597,  0, 5, 1, False) /* Create Pants (2597) for Wield */;

DELETE FROM `weenie` WHERE `class_Id` = 2000235;

INSERT INTO `weenie` (`class_Id`, `class_Name`, `type`, `last_Modified`)
VALUES (2000235, 'ace2000235-townfolk', 10, '2019-09-24 03:41:18') /* Creature */;

INSERT INTO `weenie_properties_int` (`object_Id`, `type`, `value`)
VALUES (2000235,   1,         16) /* ItemType - Creature */
     , (2000235,   2,         31) /* CreatureType - Human */
     , (2000235,   6,         -1) /* ItemsCapacity */
     , (2000235,   7,         -1) /* ContainersCapacity */
     , (2000235,   8,        120) /* Mass */
     , (2000235,  16,         32) /* ItemUseable - Remote */
     , (2000235,  25,         15) /* Level */
     , (2000235,  27,          0) /* ArmorType - None */
     , (2000235,  93,    6292504) /* PhysicsState - ReportCollisions, IgnoreCollisions, Gravity, ReportCollisionsAsEnvironment, EdgeSlide */
     , (2000235,  95,          8) /* RadarBlipColor - Yellow */
     , (2000235, 113,          1) /* Gender - Male */
     , (2000235, 133,          4) /* ShowableOnRadar - ShowAlways */
     , (2000235, 134,         16) /* PlayerKillerStatus - RubberGlue */
     , (2000235, 146,        293) /* XpOverride */
     , (2000235, 188,          1) /* HeritageGroup - Aluvian */;

INSERT INTO `weenie_properties_bool` (`object_Id`, `type`, `value`)
VALUES (2000235,   1, True ) /* Stuck */
     , (2000235,   8, True ) /* AllowGive */
     , (2000235,  11, True ) /* IgnoreCollisions */
     , (2000235,  12, True ) /* ReportCollisions */
     , (2000235,  13, False) /* Ethereal */
     , (2000235,  14, True ) /* GravityStatus */
     , (2000235,  19, False) /* Attackable */
     , (2000235,  29, True ) /* NoCorpse */
     , (2000235,  41, True ) /* ReportCollisionsAsEnvironment */
     , (2000235,  42, True ) /* AllowEdgeSlide */
     , (2000235,  52, True ) /* AiImmobile */
     , (2000235,  79, True ) /* AiAcceptEverything */;

INSERT INTO `weenie_properties_float` (`object_Id`, `type`, `value`)
VALUES (2000235,   1,       5) /* HeartbeatInterval */
     , (2000235,   2,       0) /* HeartbeatTimestamp */
     , (2000235,   3, 0.159999996423721) /* HealthRate */
     , (2000235,   4,       5) /* StaminaRate */
     , (2000235,   5,       1) /* ManaRate */
     , (2000235,  13, 0.899999976158142) /* ArmorModVsSlash */
     , (2000235,  14,       1) /* ArmorModVsPierce */
     , (2000235,  15, 1.10000002384186) /* ArmorModVsBludgeon */
     , (2000235,  16, 0.400000005960464) /* ArmorModVsCold */
     , (2000235,  17, 0.400000005960464) /* ArmorModVsFire */
     , (2000235,  18,       1) /* ArmorModVsAcid */
     , (2000235,  19, 0.600000023841858) /* ArmorModVsElectric */
     , (2000235,  54,       3) /* UseRadius */
     , (2000235,  64,       1) /* ResistSlash */
     , (2000235,  65,       1) /* ResistPierce */
     , (2000235,  66,       1) /* ResistBludgeon */
     , (2000235,  67,       1) /* ResistFire */
     , (2000235,  68,       1) /* ResistCold */
     , (2000235,  69,       1) /* ResistAcid */
     , (2000235,  70,       1) /* ResistElectric */
     , (2000235,  71,       1) /* ResistHealthBoost */
     , (2000235,  72,       1) /* ResistStaminaDrain */
     , (2000235,  73,       1) /* ResistStaminaBoost */
     , (2000235,  74,       1) /* ResistManaDrain */
     , (2000235,  75,       1) /* ResistManaBoost */
     , (2000235, 104,      10) /* ObviousRadarRange */
     , (2000235, 125,       1) /* ResistHealthDrain */;

INSERT INTO `weenie_properties_string` (`object_Id`, `type`, `value`)
VALUES (2000235,   1, 'Townfolk') /* Name */
     , (2000235,   3, 'Male') /* Sex */
     , (2000235,   4, 'Aluvian') /* HeritageGroup */;

INSERT INTO `weenie_properties_d_i_d` (`object_Id`, `type`, `value`)
VALUES (2000235,   1,   33554433) /* Setup */
     , (2000235,   2,  150994945) /* MotionTable */
     , (2000235,   3,  536870913) /* SoundTable */
     , (2000235,   4,  805306368) /* CombatTable */
     , (2000235,   6,   67108990) /* PaletteBase */
     , (2000235,   8,  100667446) /* Icon */
     , (2000235,   9,   83890437) /* EyesTexture */
     , (2000235,  10,   83890521) /* NoseTexture */
     , (2000235,  11,   83890627) /* MouthTexture */
     , (2000235,  15,   67116978) /* HairPalette */
     , (2000235,  16,   67109564) /* EyesPalette */
     , (2000235,  17,   67109558) /* SkinPalette */;

INSERT INTO `weenie_properties_attribute` (`object_Id`, `type`, `init_Level`, `level_From_C_P`, `c_P_Spent`)
VALUES (2000235,   1, 110, 0, 0) /* Strength */
     , (2000235,   2, 120, 0, 0) /* Endurance */
     , (2000235,   3, 120, 0, 0) /* Quickness */
     , (2000235,   4, 120, 0, 0) /* Coordination */
     , (2000235,   5, 100, 0, 0) /* Focus */
     , (2000235,   6, 100, 0, 0) /* Self */;

INSERT INTO `weenie_properties_attribute_2nd` (`object_Id`, `type`, `init_Level`, `level_From_C_P`, `c_P_Spent`, `current_Level`)
VALUES (2000235,   1,     0, 0, 0, 60) /* MaxHealth */
     , (2000235,   3,     0, 0, 0, 120) /* MaxStamina */
     , (2000235,   5,     0, 0, 0, 100) /* MaxMana */;

INSERT INTO `weenie_properties_skill` (`object_Id`, `type`, `level_From_P_P`, `s_a_c`, `p_p`, `init_Level`, `resistance_At_Last_Check`, `last_Used_Time`)
VALUES (2000235,  6, 0, 2, 0,   1, 0, 0) /* MeleeDefense        Trained */
     , (2000235,  7, 0, 2, 0,   1, 0, 0) /* MissileDefense      Trained */
     , (2000235, 13, 0, 2, 0,   1, 0, 0) /* UnarmedCombat       Trained */;

INSERT INTO `weenie_properties_body_part` (`object_Id`, `key`, `d_Type`, `d_Val`, `d_Var`, `base_Armor`, `armor_Vs_Slash`, `armor_Vs_Pierce`, `armor_Vs_Bludgeon`, `armor_Vs_Cold`, `armor_Vs_Fire`, `armor_Vs_Acid`, `armor_Vs_Electric`, `armor_Vs_Nether`, `b_h`, `h_l_f`, `m_l_f`, `l_l_f`, `h_r_f`, `m_r_f`, `l_r_f`, `h_l_b`, `m_l_b`, `l_l_b`, `h_r_b`, `m_r_b`, `l_r_b`)
VALUES (2000235,  0,  4,  0,    0,    0,    0,    0,    0,    0,    0,    0,    0,    0, 1, 0.33,    0,    0, 0.33,    0,    0, 0.33,    0,    0, 0.33,    0,    0) /* Head */
     , (2000235,  1,  4,  0,    0,    0,    0,    0,    0,    0,    0,    0,    0,    0, 2, 0.44, 0.17,    0, 0.44, 0.17,    0, 0.44, 0.17,    0, 0.44, 0.17,    0) /* Chest */
     , (2000235,  2,  4,  0,    0,    0,    0,    0,    0,    0,    0,    0,    0,    0, 3,    0, 0.17,    0,    0, 0.17,    0,    0, 0.17,    0,    0, 0.17,    0) /* Abdomen */
     , (2000235,  3,  4,  0,    0,    0,    0,    0,    0,    0,    0,    0,    0,    0, 1, 0.23, 0.03,    0, 0.23, 0.03,    0, 0.23, 0.03,    0, 0.23, 0.03,    0) /* UpperArm */
     , (2000235,  4,  4,  0,    0,    0,    0,    0,    0,    0,    0,    0,    0,    0, 2,    0,  0.3,    0,    0,  0.3,    0,    0,  0.3,    0,    0,  0.3,    0) /* LowerArm */
     , (2000235,  5,  4,  2, 0.75,    0,    0,    0,    0,    0,    0,    0,    0,    0, 2,    0,  0.2,    0,    0,  0.2,    0,    0,  0.2,    0,    0,  0.2,    0) /* Hand */
     , (2000235,  6,  4,  0,    0,    0,    0,    0,    0,    0,    0,    0,    0,    0, 3,    0, 0.13, 0.18,    0, 0.13, 0.18,    0, 0.13, 0.18,    0, 0.13, 0.18) /* UpperLeg */
     , (2000235,  7,  4,  0,    0,    0,    0,    0,    0,    0,    0,    0,    0,    0, 3,    0,    0,  0.6,    0,    0,  0.6,    0,    0,  0.6,    0,    0,  0.6) /* LowerLeg */
     , (2000235,  8,  4,  2, 0.75,    0,    0,    0,    0,    0,    0,    0,    0,    0, 3,    0,    0, 0.22,    0,    0, 0.22,    0,    0, 0.22,    0,    0, 0.22) /* Foot */;

INSERT INTO `weenie_properties_emote` (`object_Id`, `category`, `probability`, `weenie_Class_Id`, `style`, `substyle`, `quest`, `vendor_Type`, `min_Health`, `max_Health`)
VALUES (2000235,  7 /* Use */,      1, NULL, NULL, NULL, NULL, NULL, NULL, NULL);

SET @parent_id = LAST_INSERT_ID();

INSERT INTO `weenie_properties_emote_action` (`emote_Id`, `order`, `type`, `delay`, `extent`, `motion`, `message`, `test_String`, `min`, `max`, `min_64`, `max_64`, `min_Dbl`, `max_Dbl`, `stat`, `display`, `amount`, `amount_64`, `hero_X_P_64`, `percent`, `spell_Id`, `wealth_Rating`, `treasure_Class`, `treasure_Type`, `p_Script`, `sound`, `destination_Type`, `weenie_Class_Id`, `stack_Size`, `palette`, `shade`, `try_To_Bond`, `obj_Cell_Id`, `origin_X`, `origin_Y`, `origin_Z`, `angles_W`, `angles_X`, `angles_Y`, `angles_Z`)
VALUES (@parent_id,  0,  10 /* Tell */, 1.5, 1, NULL, 'I miss stomping bugs under my boot, but now giant acid spitting olthoi everywhere.', NULL, NULL, NULL, NULL, NULL, NULL, NULL, NULL, NULL, NULL, NULL, NULL, NULL, NULL, NULL, NULL, NULL, NULL, NULL, NULL, NULL, NULL, NULL, NULL, NULL, NULL, NULL, NULL, NULL, NULL, NULL, NULL, NULL);

INSERT INTO `weenie_properties_create_list` (`object_Id`, `destination_Type`, `weenie_Class_Id`, `stack_Size`, `palette`, `shade`, `try_To_Bond`)
VALUES (2000235, 2,  2588,  0, 90, 1, False) /* Create Shirt (2588) for Wield */
     , (2000235, 2,  2597,  0, 5, 1, False) /* Create Pants (2597) for Wield */;

DELETE FROM `weenie` WHERE `class_Id` = 2000234;

INSERT INTO `weenie` (`class_Id`, `class_Name`, `type`, `last_Modified`)
VALUES (2000234, 'ace2000234-townfolk', 10, '2019-09-24 03:41:17') /* Creature */;

INSERT INTO `weenie_properties_int` (`object_Id`, `type`, `value`)
VALUES (2000234,   1,         16) /* ItemType - Creature */
     , (2000234,   2,         31) /* CreatureType - Human */
     , (2000234,   6,         -1) /* ItemsCapacity */
     , (2000234,   7,         -1) /* ContainersCapacity */
     , (2000234,   8,        120) /* Mass */
     , (2000234,  16,         32) /* ItemUseable - Remote */
     , (2000234,  25,         15) /* Level */
     , (2000234,  27,          0) /* ArmorType - None */
     , (2000234,  93,    6292504) /* PhysicsState - ReportCollisions, IgnoreCollisions, Gravity, ReportCollisionsAsEnvironment, EdgeSlide */
     , (2000234,  95,          8) /* RadarBlipColor - Yellow */
     , (2000234, 113,          1) /* Gender - Male */
     , (2000234, 133,          4) /* ShowableOnRadar - ShowAlways */
     , (2000234, 134,         16) /* PlayerKillerStatus - RubberGlue */
     , (2000234, 146,        293) /* XpOverride */
     , (2000234, 188,          1) /* HeritageGroup - Aluvian */;

INSERT INTO `weenie_properties_bool` (`object_Id`, `type`, `value`)
VALUES (2000234,   1, True ) /* Stuck */
     , (2000234,   8, True ) /* AllowGive */
     , (2000234,  11, True ) /* IgnoreCollisions */
     , (2000234,  12, True ) /* ReportCollisions */
     , (2000234,  13, False) /* Ethereal */
     , (2000234,  14, True ) /* GravityStatus */
     , (2000234,  19, False) /* Attackable */
     , (2000234,  29, True ) /* NoCorpse */
     , (2000234,  41, True ) /* ReportCollisionsAsEnvironment */
     , (2000234,  42, True ) /* AllowEdgeSlide */
     , (2000234,  52, True ) /* AiImmobile */
     , (2000234,  79, True ) /* AiAcceptEverything */;

INSERT INTO `weenie_properties_float` (`object_Id`, `type`, `value`)
VALUES (2000234,   1,       5) /* HeartbeatInterval */
     , (2000234,   2,       0) /* HeartbeatTimestamp */
     , (2000234,   3, 0.159999996423721) /* HealthRate */
     , (2000234,   4,       5) /* StaminaRate */
     , (2000234,   5,       1) /* ManaRate */
     , (2000234,  13, 0.899999976158142) /* ArmorModVsSlash */
     , (2000234,  14,       1) /* ArmorModVsPierce */
     , (2000234,  15, 1.10000002384186) /* ArmorModVsBludgeon */
     , (2000234,  16, 0.400000005960464) /* ArmorModVsCold */
     , (2000234,  17, 0.400000005960464) /* ArmorModVsFire */
     , (2000234,  18,       1) /* ArmorModVsAcid */
     , (2000234,  19, 0.600000023841858) /* ArmorModVsElectric */
     , (2000234,  54,       3) /* UseRadius */
     , (2000234,  64,       1) /* ResistSlash */
     , (2000234,  65,       1) /* ResistPierce */
     , (2000234,  66,       1) /* ResistBludgeon */
     , (2000234,  67,       1) /* ResistFire */
     , (2000234,  68,       1) /* ResistCold */
     , (2000234,  69,       1) /* ResistAcid */
     , (2000234,  70,       1) /* ResistElectric */
     , (2000234,  71,       1) /* ResistHealthBoost */
     , (2000234,  72,       1) /* ResistStaminaDrain */
     , (2000234,  73,       1) /* ResistStaminaBoost */
     , (2000234,  74,       1) /* ResistManaDrain */
     , (2000234,  75,       1) /* ResistManaBoost */
     , (2000234, 104,      10) /* ObviousRadarRange */
     , (2000234, 125,       1) /* ResistHealthDrain */;

INSERT INTO `weenie_properties_string` (`object_Id`, `type`, `value`)
VALUES (2000234,   1, 'Townfolk') /* Name */
     , (2000234,   3, 'Male') /* Sex */
     , (2000234,   4, 'Aluvian') /* HeritageGroup */;

INSERT INTO `weenie_properties_d_i_d` (`object_Id`, `type`, `value`)
VALUES (2000234,   1,   33554433) /* Setup */
     , (2000234,   2,  150994945) /* MotionTable */
     , (2000234,   3,  536870913) /* SoundTable */
     , (2000234,   4,  805306368) /* CombatTable */
     , (2000234,   6,   67108990) /* PaletteBase */
     , (2000234,   8,  100667446) /* Icon */
     , (2000234,   9,   83890437) /* EyesTexture */
     , (2000234,  10,   83890521) /* NoseTexture */
     , (2000234,  11,   83890627) /* MouthTexture */
     , (2000234,  15,   67116978) /* HairPalette */
     , (2000234,  16,   67109564) /* EyesPalette */
     , (2000234,  17,   67109558) /* SkinPalette */;

INSERT INTO `weenie_properties_attribute` (`object_Id`, `type`, `init_Level`, `level_From_C_P`, `c_P_Spent`)
VALUES (2000234,   1, 110, 0, 0) /* Strength */
     , (2000234,   2, 120, 0, 0) /* Endurance */
     , (2000234,   3, 120, 0, 0) /* Quickness */
     , (2000234,   4, 120, 0, 0) /* Coordination */
     , (2000234,   5, 100, 0, 0) /* Focus */
     , (2000234,   6, 100, 0, 0) /* Self */;

INSERT INTO `weenie_properties_attribute_2nd` (`object_Id`, `type`, `init_Level`, `level_From_C_P`, `c_P_Spent`, `current_Level`)
VALUES (2000234,   1,     0, 0, 0, 60) /* MaxHealth */
     , (2000234,   3,     0, 0, 0, 120) /* MaxStamina */
     , (2000234,   5,     0, 0, 0, 100) /* MaxMana */;

INSERT INTO `weenie_properties_skill` (`object_Id`, `type`, `level_From_P_P`, `s_a_c`, `p_p`, `init_Level`, `resistance_At_Last_Check`, `last_Used_Time`)
VALUES (2000234,  6, 0, 2, 0,   1, 0, 0) /* MeleeDefense        Trained */
     , (2000234,  7, 0, 2, 0,   1, 0, 0) /* MissileDefense      Trained */
     , (2000234, 13, 0, 2, 0,   1, 0, 0) /* UnarmedCombat       Trained */;

INSERT INTO `weenie_properties_body_part` (`object_Id`, `key`, `d_Type`, `d_Val`, `d_Var`, `base_Armor`, `armor_Vs_Slash`, `armor_Vs_Pierce`, `armor_Vs_Bludgeon`, `armor_Vs_Cold`, `armor_Vs_Fire`, `armor_Vs_Acid`, `armor_Vs_Electric`, `armor_Vs_Nether`, `b_h`, `h_l_f`, `m_l_f`, `l_l_f`, `h_r_f`, `m_r_f`, `l_r_f`, `h_l_b`, `m_l_b`, `l_l_b`, `h_r_b`, `m_r_b`, `l_r_b`)
VALUES (2000234,  0,  4,  0,    0,    0,    0,    0,    0,    0,    0,    0,    0,    0, 1, 0.33,    0,    0, 0.33,    0,    0, 0.33,    0,    0, 0.33,    0,    0) /* Head */
     , (2000234,  1,  4,  0,    0,    0,    0,    0,    0,    0,    0,    0,    0,    0, 2, 0.44, 0.17,    0, 0.44, 0.17,    0, 0.44, 0.17,    0, 0.44, 0.17,    0) /* Chest */
     , (2000234,  2,  4,  0,    0,    0,    0,    0,    0,    0,    0,    0,    0,    0, 3,    0, 0.17,    0,    0, 0.17,    0,    0, 0.17,    0,    0, 0.17,    0) /* Abdomen */
     , (2000234,  3,  4,  0,    0,    0,    0,    0,    0,    0,    0,    0,    0,    0, 1, 0.23, 0.03,    0, 0.23, 0.03,    0, 0.23, 0.03,    0, 0.23, 0.03,    0) /* UpperArm */
     , (2000234,  4,  4,  0,    0,    0,    0,    0,    0,    0,    0,    0,    0,    0, 2,    0,  0.3,    0,    0,  0.3,    0,    0,  0.3,    0,    0,  0.3,    0) /* LowerArm */
     , (2000234,  5,  4,  2, 0.75,    0,    0,    0,    0,    0,    0,    0,    0,    0, 2,    0,  0.2,    0,    0,  0.2,    0,    0,  0.2,    0,    0,  0.2,    0) /* Hand */
     , (2000234,  6,  4,  0,    0,    0,    0,    0,    0,    0,    0,    0,    0,    0, 3,    0, 0.13, 0.18,    0, 0.13, 0.18,    0, 0.13, 0.18,    0, 0.13, 0.18) /* UpperLeg */
     , (2000234,  7,  4,  0,    0,    0,    0,    0,    0,    0,    0,    0,    0,    0, 3,    0,    0,  0.6,    0,    0,  0.6,    0,    0,  0.6,    0,    0,  0.6) /* LowerLeg */
     , (2000234,  8,  4,  2, 0.75,    0,    0,    0,    0,    0,    0,    0,    0,    0, 3,    0,    0, 0.22,    0,    0, 0.22,    0,    0, 0.22,    0,    0, 0.22) /* Foot */;

INSERT INTO `weenie_properties_emote` (`object_Id`, `category`, `probability`, `weenie_Class_Id`, `style`, `substyle`, `quest`, `vendor_Type`, `min_Health`, `max_Health`)
VALUES (2000234,  7 /* Use */,      1, NULL, NULL, NULL, NULL, NULL, NULL, NULL);

SET @parent_id = LAST_INSERT_ID();

INSERT INTO `weenie_properties_emote_action` (`emote_Id`, `order`, `type`, `delay`, `extent`, `motion`, `message`, `test_String`, `min`, `max`, `min_64`, `max_64`, `min_Dbl`, `max_Dbl`, `stat`, `display`, `amount`, `amount_64`, `hero_X_P_64`, `percent`, `spell_Id`, `wealth_Rating`, `treasure_Class`, `treasure_Type`, `p_Script`, `sound`, `destination_Type`, `weenie_Class_Id`, `stack_Size`, `palette`, `shade`, `try_To_Bond`, `obj_Cell_Id`, `origin_X`, `origin_Y`, `origin_Z`, `angles_W`, `angles_X`, `angles_Y`, `angles_Z`)
VALUES (@parent_id,  0,  10 /* Tell */, 1.5, 1, NULL, 'So high and mighty with all your fancy gear, probably quit after a days real hard work.', NULL, NULL, NULL, NULL, NULL, NULL, NULL, NULL, NULL, NULL, NULL, NULL, NULL, NULL, NULL, NULL, NULL, NULL, NULL, NULL, NULL, NULL, NULL, NULL, NULL, NULL, NULL, NULL, NULL, NULL, NULL, NULL, NULL);

INSERT INTO `weenie_properties_create_list` (`object_Id`, `destination_Type`, `weenie_Class_Id`, `stack_Size`, `palette`, `shade`, `try_To_Bond`)
VALUES (2000234, 2,  2588,  0, 91, 1, False) /* Create Shirt (2588) for Wield */
     , (2000234, 2,  2597,  0, 5, 1, False) /* Create Pants (2597) for Wield */;

DELETE FROM `weenie` WHERE `class_Id` = 2000232;

INSERT INTO `weenie` (`class_Id`, `class_Name`, `type`, `last_Modified`)
VALUES (2000232, 'ace2000232-townfolk', 10, '2019-09-24 03:41:14') /* Creature */;

INSERT INTO `weenie_properties_int` (`object_Id`, `type`, `value`)
VALUES (2000232,   1,         16) /* ItemType - Creature */
     , (2000232,   2,         31) /* CreatureType - Human */
     , (2000232,   6,         -1) /* ItemsCapacity */
     , (2000232,   7,         -1) /* ContainersCapacity */
     , (2000232,   8,        120) /* Mass */
     , (2000232,  16,         32) /* ItemUseable - Remote */
     , (2000232,  25,         15) /* Level */
     , (2000232,  27,          0) /* ArmorType - None */
     , (2000232,  93,    6292504) /* PhysicsState - ReportCollisions, IgnoreCollisions, Gravity, ReportCollisionsAsEnvironment, EdgeSlide */
     , (2000232,  95,          8) /* RadarBlipColor - Yellow */
     , (2000232, 113,          1) /* Gender - Male */
     , (2000232, 133,          4) /* ShowableOnRadar - ShowAlways */
     , (2000232, 134,         16) /* PlayerKillerStatus - RubberGlue */
     , (2000232, 146,        293) /* XpOverride */
     , (2000232, 188,          1) /* HeritageGroup - Aluvian */;

INSERT INTO `weenie_properties_bool` (`object_Id`, `type`, `value`)
VALUES (2000232,   1, True ) /* Stuck */
     , (2000232,   8, True ) /* AllowGive */
     , (2000232,  11, True ) /* IgnoreCollisions */
     , (2000232,  12, True ) /* ReportCollisions */
     , (2000232,  13, False) /* Ethereal */
     , (2000232,  14, True ) /* GravityStatus */
     , (2000232,  19, False) /* Attackable */
     , (2000232,  29, True ) /* NoCorpse */
     , (2000232,  41, True ) /* ReportCollisionsAsEnvironment */
     , (2000232,  42, True ) /* AllowEdgeSlide */
     , (2000232,  52, True ) /* AiImmobile */
     , (2000232,  79, True ) /* AiAcceptEverything */;

INSERT INTO `weenie_properties_float` (`object_Id`, `type`, `value`)
VALUES (2000232,   1,       5) /* HeartbeatInterval */
     , (2000232,   2,       0) /* HeartbeatTimestamp */
     , (2000232,   3, 0.159999996423721) /* HealthRate */
     , (2000232,   4,       5) /* StaminaRate */
     , (2000232,   5,       1) /* ManaRate */
     , (2000232,  13, 0.899999976158142) /* ArmorModVsSlash */
     , (2000232,  14,       1) /* ArmorModVsPierce */
     , (2000232,  15, 1.10000002384186) /* ArmorModVsBludgeon */
     , (2000232,  16, 0.400000005960464) /* ArmorModVsCold */
     , (2000232,  17, 0.400000005960464) /* ArmorModVsFire */
     , (2000232,  18,       1) /* ArmorModVsAcid */
     , (2000232,  19, 0.600000023841858) /* ArmorModVsElectric */
     , (2000232,  54,       3) /* UseRadius */
     , (2000232,  64,       1) /* ResistSlash */
     , (2000232,  65,       1) /* ResistPierce */
     , (2000232,  66,       1) /* ResistBludgeon */
     , (2000232,  67,       1) /* ResistFire */
     , (2000232,  68,       1) /* ResistCold */
     , (2000232,  69,       1) /* ResistAcid */
     , (2000232,  70,       1) /* ResistElectric */
     , (2000232,  71,       1) /* ResistHealthBoost */
     , (2000232,  72,       1) /* ResistStaminaDrain */
     , (2000232,  73,       1) /* ResistStaminaBoost */
     , (2000232,  74,       1) /* ResistManaDrain */
     , (2000232,  75,       1) /* ResistManaBoost */
     , (2000232, 104,      10) /* ObviousRadarRange */
     , (2000232, 125,       1) /* ResistHealthDrain */;

INSERT INTO `weenie_properties_string` (`object_Id`, `type`, `value`)
VALUES (2000232,   1, 'Townfolk') /* Name */
     , (2000232,   3, 'Male') /* Sex */
     , (2000232,   4, 'Aluvian') /* HeritageGroup */;

INSERT INTO `weenie_properties_d_i_d` (`object_Id`, `type`, `value`)
VALUES (2000232,   1,   33554433) /* Setup */
     , (2000232,   2,  150994945) /* MotionTable */
     , (2000232,   3,  536870913) /* SoundTable */
     , (2000232,   4,  805306368) /* CombatTable */
     , (2000232,   6,   67108990) /* PaletteBase */
     , (2000232,   8,  100667446) /* Icon */
     , (2000232,   9,   83890437) /* EyesTexture */
     , (2000232,  10,   83890521) /* NoseTexture */
     , (2000232,  11,   83890627) /* MouthTexture */
     , (2000232,  15,   67116978) /* HairPalette */
     , (2000232,  16,   67109564) /* EyesPalette */
     , (2000232,  17,   67109558) /* SkinPalette */;

INSERT INTO `weenie_properties_attribute` (`object_Id`, `type`, `init_Level`, `level_From_C_P`, `c_P_Spent`)
VALUES (2000232,   1, 110, 0, 0) /* Strength */
     , (2000232,   2, 120, 0, 0) /* Endurance */
     , (2000232,   3, 120, 0, 0) /* Quickness */
     , (2000232,   4, 120, 0, 0) /* Coordination */
     , (2000232,   5, 100, 0, 0) /* Focus */
     , (2000232,   6, 100, 0, 0) /* Self */;

INSERT INTO `weenie_properties_attribute_2nd` (`object_Id`, `type`, `init_Level`, `level_From_C_P`, `c_P_Spent`, `current_Level`)
VALUES (2000232,   1,     0, 0, 0, 60) /* MaxHealth */
     , (2000232,   3,     0, 0, 0, 120) /* MaxStamina */
     , (2000232,   5,     0, 0, 0, 100) /* MaxMana */;

INSERT INTO `weenie_properties_skill` (`object_Id`, `type`, `level_From_P_P`, `s_a_c`, `p_p`, `init_Level`, `resistance_At_Last_Check`, `last_Used_Time`)
VALUES (2000232,  6, 0, 2, 0,   1, 0, 0) /* MeleeDefense        Trained */
     , (2000232,  7, 0, 2, 0,   1, 0, 0) /* MissileDefense      Trained */
     , (2000232, 13, 0, 2, 0,   1, 0, 0) /* UnarmedCombat       Trained */;

INSERT INTO `weenie_properties_body_part` (`object_Id`, `key`, `d_Type`, `d_Val`, `d_Var`, `base_Armor`, `armor_Vs_Slash`, `armor_Vs_Pierce`, `armor_Vs_Bludgeon`, `armor_Vs_Cold`, `armor_Vs_Fire`, `armor_Vs_Acid`, `armor_Vs_Electric`, `armor_Vs_Nether`, `b_h`, `h_l_f`, `m_l_f`, `l_l_f`, `h_r_f`, `m_r_f`, `l_r_f`, `h_l_b`, `m_l_b`, `l_l_b`, `h_r_b`, `m_r_b`, `l_r_b`)
VALUES (2000232,  0,  4,  0,    0,    0,    0,    0,    0,    0,    0,    0,    0,    0, 1, 0.33,    0,    0, 0.33,    0,    0, 0.33,    0,    0, 0.33,    0,    0) /* Head */
     , (2000232,  1,  4,  0,    0,    0,    0,    0,    0,    0,    0,    0,    0,    0, 2, 0.44, 0.17,    0, 0.44, 0.17,    0, 0.44, 0.17,    0, 0.44, 0.17,    0) /* Chest */
     , (2000232,  2,  4,  0,    0,    0,    0,    0,    0,    0,    0,    0,    0,    0, 3,    0, 0.17,    0,    0, 0.17,    0,    0, 0.17,    0,    0, 0.17,    0) /* Abdomen */
     , (2000232,  3,  4,  0,    0,    0,    0,    0,    0,    0,    0,    0,    0,    0, 1, 0.23, 0.03,    0, 0.23, 0.03,    0, 0.23, 0.03,    0, 0.23, 0.03,    0) /* UpperArm */
     , (2000232,  4,  4,  0,    0,    0,    0,    0,    0,    0,    0,    0,    0,    0, 2,    0,  0.3,    0,    0,  0.3,    0,    0,  0.3,    0,    0,  0.3,    0) /* LowerArm */
     , (2000232,  5,  4,  2, 0.75,    0,    0,    0,    0,    0,    0,    0,    0,    0, 2,    0,  0.2,    0,    0,  0.2,    0,    0,  0.2,    0,    0,  0.2,    0) /* Hand */
     , (2000232,  6,  4,  0,    0,    0,    0,    0,    0,    0,    0,    0,    0,    0, 3,    0, 0.13, 0.18,    0, 0.13, 0.18,    0, 0.13, 0.18,    0, 0.13, 0.18) /* UpperLeg */
     , (2000232,  7,  4,  0,    0,    0,    0,    0,    0,    0,    0,    0,    0,    0, 3,    0,    0,  0.6,    0,    0,  0.6,    0,    0,  0.6,    0,    0,  0.6) /* LowerLeg */
     , (2000232,  8,  4,  2, 0.75,    0,    0,    0,    0,    0,    0,    0,    0,    0, 3,    0,    0, 0.22,    0,    0, 0.22,    0,    0, 0.22,    0,    0, 0.22) /* Foot */;

INSERT INTO `weenie_properties_emote` (`object_Id`, `category`, `probability`, `weenie_Class_Id`, `style`, `substyle`, `quest`, `vendor_Type`, `min_Health`, `max_Health`)
VALUES (2000232,  7 /* Use */,      1, NULL, NULL, NULL, NULL, NULL, NULL, NULL);

SET @parent_id = LAST_INSERT_ID();

INSERT INTO `weenie_properties_emote_action` (`emote_Id`, `order`, `type`, `delay`, `extent`, `motion`, `message`, `test_String`, `min`, `max`, `min_64`, `max_64`, `min_Dbl`, `max_Dbl`, `stat`, `display`, `amount`, `amount_64`, `hero_X_P_64`, `percent`, `spell_Id`, `wealth_Rating`, `treasure_Class`, `treasure_Type`, `p_Script`, `sound`, `destination_Type`, `weenie_Class_Id`, `stack_Size`, `palette`, `shade`, `try_To_Bond`, `obj_Cell_Id`, `origin_X`, `origin_Y`, `origin_Z`, `angles_W`, `angles_X`, `angles_Y`, `angles_Z`)
VALUES (@parent_id,  0,  10 /* Tell */, 1.5, 1, NULL, 'Ello'' good to see you today!', NULL, NULL, NULL, NULL, NULL, NULL, NULL, NULL, NULL, NULL, NULL, NULL, NULL, NULL, NULL, NULL, NULL, NULL, NULL, NULL, NULL, NULL, NULL, NULL, NULL, NULL, NULL, NULL, NULL, NULL, NULL, NULL, NULL);

INSERT INTO `weenie_properties_create_list` (`object_Id`, `destination_Type`, `weenie_Class_Id`, `stack_Size`, `palette`, `shade`, `try_To_Bond`)
VALUES (2000232, 2,  2588,  0, 90, 1, False) /* Create Shirt (2588) for Wield */
     , (2000232, 2,  2597,  0, 90, 1, False) /* Create Pants (2597) for Wield */;

DELETE FROM `weenie` WHERE `class_Id` = 2000231;

INSERT INTO `weenie` (`class_Id`, `class_Name`, `type`, `last_Modified`)
VALUES (2000231, 'ace2000231-townfolk', 10, '2019-09-24 03:41:13') /* Creature */;

INSERT INTO `weenie_properties_int` (`object_Id`, `type`, `value`)
VALUES (2000231,   1,         16) /* ItemType - Creature */
     , (2000231,   2,         31) /* CreatureType - Human */
     , (2000231,   6,         -1) /* ItemsCapacity */
     , (2000231,   7,         -1) /* ContainersCapacity */
     , (2000231,   8,        120) /* Mass */
     , (2000231,  16,         32) /* ItemUseable - Remote */
     , (2000231,  25,         15) /* Level */
     , (2000231,  27,          0) /* ArmorType - None */
     , (2000231,  93,    6292504) /* PhysicsState - ReportCollisions, IgnoreCollisions, Gravity, ReportCollisionsAsEnvironment, EdgeSlide */
     , (2000231,  95,          8) /* RadarBlipColor - Yellow */
     , (2000231, 113,          1) /* Gender - Male */
     , (2000231, 133,          4) /* ShowableOnRadar - ShowAlways */
     , (2000231, 134,         16) /* PlayerKillerStatus - RubberGlue */
     , (2000231, 146,        293) /* XpOverride */
     , (2000231, 188,          1) /* HeritageGroup - Aluvian */;

INSERT INTO `weenie_properties_bool` (`object_Id`, `type`, `value`)
VALUES (2000231,   1, True ) /* Stuck */
     , (2000231,   8, True ) /* AllowGive */
     , (2000231,  11, True ) /* IgnoreCollisions */
     , (2000231,  12, True ) /* ReportCollisions */
     , (2000231,  13, False) /* Ethereal */
     , (2000231,  14, True ) /* GravityStatus */
     , (2000231,  19, False) /* Attackable */
     , (2000231,  29, True ) /* NoCorpse */
     , (2000231,  41, True ) /* ReportCollisionsAsEnvironment */
     , (2000231,  42, True ) /* AllowEdgeSlide */
     , (2000231,  52, True ) /* AiImmobile */
     , (2000231,  79, True ) /* AiAcceptEverything */;

INSERT INTO `weenie_properties_float` (`object_Id`, `type`, `value`)
VALUES (2000231,   1,       5) /* HeartbeatInterval */
     , (2000231,   2,       0) /* HeartbeatTimestamp */
     , (2000231,   3, 0.159999996423721) /* HealthRate */
     , (2000231,   4,       5) /* StaminaRate */
     , (2000231,   5,       1) /* ManaRate */
     , (2000231,  13, 0.899999976158142) /* ArmorModVsSlash */
     , (2000231,  14,       1) /* ArmorModVsPierce */
     , (2000231,  15, 1.10000002384186) /* ArmorModVsBludgeon */
     , (2000231,  16, 0.400000005960464) /* ArmorModVsCold */
     , (2000231,  17, 0.400000005960464) /* ArmorModVsFire */
     , (2000231,  18,       1) /* ArmorModVsAcid */
     , (2000231,  19, 0.600000023841858) /* ArmorModVsElectric */
     , (2000231,  54,       3) /* UseRadius */
     , (2000231,  64,       1) /* ResistSlash */
     , (2000231,  65,       1) /* ResistPierce */
     , (2000231,  66,       1) /* ResistBludgeon */
     , (2000231,  67,       1) /* ResistFire */
     , (2000231,  68,       1) /* ResistCold */
     , (2000231,  69,       1) /* ResistAcid */
     , (2000231,  70,       1) /* ResistElectric */
     , (2000231,  71,       1) /* ResistHealthBoost */
     , (2000231,  72,       1) /* ResistStaminaDrain */
     , (2000231,  73,       1) /* ResistStaminaBoost */
     , (2000231,  74,       1) /* ResistManaDrain */
     , (2000231,  75,       1) /* ResistManaBoost */
     , (2000231, 104,      10) /* ObviousRadarRange */
     , (2000231, 125,       1) /* ResistHealthDrain */;

INSERT INTO `weenie_properties_string` (`object_Id`, `type`, `value`)
VALUES (2000231,   1, 'Townfolk') /* Name */
     , (2000231,   3, 'Male') /* Sex */
     , (2000231,   4, 'Aluvian') /* HeritageGroup */;

INSERT INTO `weenie_properties_d_i_d` (`object_Id`, `type`, `value`)
VALUES (2000231,   1,   33554433) /* Setup */
     , (2000231,   2,  150994945) /* MotionTable */
     , (2000231,   3,  536870913) /* SoundTable */
     , (2000231,   4,  805306368) /* CombatTable */
     , (2000231,   6,   67108990) /* PaletteBase */
     , (2000231,   8,  100667446) /* Icon */
     , (2000231,   9,   83890437) /* EyesTexture */
     , (2000231,  10,   83890521) /* NoseTexture */
     , (2000231,  11,   83890627) /* MouthTexture */
     , (2000231,  15,   67116978) /* HairPalette */
     , (2000231,  16,   67109564) /* EyesPalette */
     , (2000231,  17,   67109558) /* SkinPalette */;

INSERT INTO `weenie_properties_attribute` (`object_Id`, `type`, `init_Level`, `level_From_C_P`, `c_P_Spent`)
VALUES (2000231,   1, 110, 0, 0) /* Strength */
     , (2000231,   2, 120, 0, 0) /* Endurance */
     , (2000231,   3, 120, 0, 0) /* Quickness */
     , (2000231,   4, 120, 0, 0) /* Coordination */
     , (2000231,   5, 100, 0, 0) /* Focus */
     , (2000231,   6, 100, 0, 0) /* Self */;

INSERT INTO `weenie_properties_attribute_2nd` (`object_Id`, `type`, `init_Level`, `level_From_C_P`, `c_P_Spent`, `current_Level`)
VALUES (2000231,   1,     0, 0, 0, 60) /* MaxHealth */
     , (2000231,   3,     0, 0, 0, 120) /* MaxStamina */
     , (2000231,   5,     0, 0, 0, 100) /* MaxMana */;

INSERT INTO `weenie_properties_skill` (`object_Id`, `type`, `level_From_P_P`, `s_a_c`, `p_p`, `init_Level`, `resistance_At_Last_Check`, `last_Used_Time`)
VALUES (2000231,  6, 0, 2, 0,   1, 0, 0) /* MeleeDefense        Trained */
     , (2000231,  7, 0, 2, 0,   1, 0, 0) /* MissileDefense      Trained */
     , (2000231, 13, 0, 2, 0,   1, 0, 0) /* UnarmedCombat       Trained */;

INSERT INTO `weenie_properties_body_part` (`object_Id`, `key`, `d_Type`, `d_Val`, `d_Var`, `base_Armor`, `armor_Vs_Slash`, `armor_Vs_Pierce`, `armor_Vs_Bludgeon`, `armor_Vs_Cold`, `armor_Vs_Fire`, `armor_Vs_Acid`, `armor_Vs_Electric`, `armor_Vs_Nether`, `b_h`, `h_l_f`, `m_l_f`, `l_l_f`, `h_r_f`, `m_r_f`, `l_r_f`, `h_l_b`, `m_l_b`, `l_l_b`, `h_r_b`, `m_r_b`, `l_r_b`)
VALUES (2000231,  0,  4,  0,    0,    0,    0,    0,    0,    0,    0,    0,    0,    0, 1, 0.33,    0,    0, 0.33,    0,    0, 0.33,    0,    0, 0.33,    0,    0) /* Head */
     , (2000231,  1,  4,  0,    0,    0,    0,    0,    0,    0,    0,    0,    0,    0, 2, 0.44, 0.17,    0, 0.44, 0.17,    0, 0.44, 0.17,    0, 0.44, 0.17,    0) /* Chest */
     , (2000231,  2,  4,  0,    0,    0,    0,    0,    0,    0,    0,    0,    0,    0, 3,    0, 0.17,    0,    0, 0.17,    0,    0, 0.17,    0,    0, 0.17,    0) /* Abdomen */
     , (2000231,  3,  4,  0,    0,    0,    0,    0,    0,    0,    0,    0,    0,    0, 1, 0.23, 0.03,    0, 0.23, 0.03,    0, 0.23, 0.03,    0, 0.23, 0.03,    0) /* UpperArm */
     , (2000231,  4,  4,  0,    0,    0,    0,    0,    0,    0,    0,    0,    0,    0, 2,    0,  0.3,    0,    0,  0.3,    0,    0,  0.3,    0,    0,  0.3,    0) /* LowerArm */
     , (2000231,  5,  4,  2, 0.75,    0,    0,    0,    0,    0,    0,    0,    0,    0, 2,    0,  0.2,    0,    0,  0.2,    0,    0,  0.2,    0,    0,  0.2,    0) /* Hand */
     , (2000231,  6,  4,  0,    0,    0,    0,    0,    0,    0,    0,    0,    0,    0, 3,    0, 0.13, 0.18,    0, 0.13, 0.18,    0, 0.13, 0.18,    0, 0.13, 0.18) /* UpperLeg */
     , (2000231,  7,  4,  0,    0,    0,    0,    0,    0,    0,    0,    0,    0,    0, 3,    0,    0,  0.6,    0,    0,  0.6,    0,    0,  0.6,    0,    0,  0.6) /* LowerLeg */
     , (2000231,  8,  4,  2, 0.75,    0,    0,    0,    0,    0,    0,    0,    0,    0, 3,    0,    0, 0.22,    0,    0, 0.22,    0,    0, 0.22,    0,    0, 0.22) /* Foot */;

INSERT INTO `weenie_properties_emote` (`object_Id`, `category`, `probability`, `weenie_Class_Id`, `style`, `substyle`, `quest`, `vendor_Type`, `min_Health`, `max_Health`)
VALUES (2000231,  7 /* Use */,      1, NULL, NULL, NULL, NULL, NULL, NULL, NULL);

SET @parent_id = LAST_INSERT_ID();

INSERT INTO `weenie_properties_emote_action` (`emote_Id`, `order`, `type`, `delay`, `extent`, `motion`, `message`, `test_String`, `min`, `max`, `min_64`, `max_64`, `min_Dbl`, `max_Dbl`, `stat`, `display`, `amount`, `amount_64`, `hero_X_P_64`, `percent`, `spell_Id`, `wealth_Rating`, `treasure_Class`, `treasure_Type`, `p_Script`, `sound`, `destination_Type`, `weenie_Class_Id`, `stack_Size`, `palette`, `shade`, `try_To_Bond`, `obj_Cell_Id`, `origin_X`, `origin_Y`, `origin_Z`, `angles_W`, `angles_X`, `angles_Y`, `angles_Z`)
VALUES (@parent_id,  0,  10 /* Tell */, 1.5, 1, NULL, 'My brother had very interesting tales of the Dire Pennensula, the one jutting into the inland sea from the heart of the direlands? that one?', NULL, NULL, NULL, NULL, NULL, NULL, NULL, NULL, NULL, NULL, NULL, NULL, NULL, NULL, NULL, NULL, NULL, NULL, NULL, NULL, NULL, NULL, NULL, NULL, NULL, NULL, NULL, NULL, NULL, NULL, NULL, NULL, NULL);

INSERT INTO `weenie_properties_create_list` (`object_Id`, `destination_Type`, `weenie_Class_Id`, `stack_Size`, `palette`, `shade`, `try_To_Bond`)
VALUES (2000231, 2,  2588,  0, 84, 1, False) /* Create Shirt (2588) for Wield */
     , (2000231, 2,  2597,  0, 5, 1, False) /* Create Pants (2597) for Wield */;

DELETE FROM `weenie` WHERE `class_Id` = 2000233;

INSERT INTO `weenie` (`class_Id`, `class_Name`, `type`, `last_Modified`)
VALUES (2000233, 'ace2000233-townfolk', 10, '2019-09-24 03:41:16') /* Creature */;

INSERT INTO `weenie_properties_int` (`object_Id`, `type`, `value`)
VALUES (2000233,   1,         16) /* ItemType - Creature */
     , (2000233,   2,         31) /* CreatureType - Human */
     , (2000233,   6,         -1) /* ItemsCapacity */
     , (2000233,   7,         -1) /* ContainersCapacity */
     , (2000233,   8,        120) /* Mass */
     , (2000233,  16,         32) /* ItemUseable - Remote */
     , (2000233,  25,         15) /* Level */
     , (2000233,  27,          0) /* ArmorType - None */
     , (2000233,  93,    6292504) /* PhysicsState - ReportCollisions, IgnoreCollisions, Gravity, ReportCollisionsAsEnvironment, EdgeSlide */
     , (2000233,  95,          8) /* RadarBlipColor - Yellow */
     , (2000233, 113,          1) /* Gender - Male */
     , (2000233, 133,          4) /* ShowableOnRadar - ShowAlways */
     , (2000233, 134,         16) /* PlayerKillerStatus - RubberGlue */
     , (2000233, 146,        293) /* XpOverride */
     , (2000233, 188,          1) /* HeritageGroup - Aluvian */;

INSERT INTO `weenie_properties_bool` (`object_Id`, `type`, `value`)
VALUES (2000233,   1, True ) /* Stuck */
     , (2000233,   8, True ) /* AllowGive */
     , (2000233,  11, True ) /* IgnoreCollisions */
     , (2000233,  12, True ) /* ReportCollisions */
     , (2000233,  13, False) /* Ethereal */
     , (2000233,  14, True ) /* GravityStatus */
     , (2000233,  19, False) /* Attackable */
     , (2000233,  29, True ) /* NoCorpse */
     , (2000233,  41, True ) /* ReportCollisionsAsEnvironment */
     , (2000233,  42, True ) /* AllowEdgeSlide */
     , (2000233,  52, True ) /* AiImmobile */
     , (2000233,  79, True ) /* AiAcceptEverything */;

INSERT INTO `weenie_properties_float` (`object_Id`, `type`, `value`)
VALUES (2000233,   1,       5) /* HeartbeatInterval */
     , (2000233,   2,       0) /* HeartbeatTimestamp */
     , (2000233,   3, 0.159999996423721) /* HealthRate */
     , (2000233,   4,       5) /* StaminaRate */
     , (2000233,   5,       1) /* ManaRate */
     , (2000233,  13, 0.899999976158142) /* ArmorModVsSlash */
     , (2000233,  14,       1) /* ArmorModVsPierce */
     , (2000233,  15, 1.10000002384186) /* ArmorModVsBludgeon */
     , (2000233,  16, 0.400000005960464) /* ArmorModVsCold */
     , (2000233,  17, 0.400000005960464) /* ArmorModVsFire */
     , (2000233,  18,       1) /* ArmorModVsAcid */
     , (2000233,  19, 0.600000023841858) /* ArmorModVsElectric */
     , (2000233,  54,       3) /* UseRadius */
     , (2000233,  64,       1) /* ResistSlash */
     , (2000233,  65,       1) /* ResistPierce */
     , (2000233,  66,       1) /* ResistBludgeon */
     , (2000233,  67,       1) /* ResistFire */
     , (2000233,  68,       1) /* ResistCold */
     , (2000233,  69,       1) /* ResistAcid */
     , (2000233,  70,       1) /* ResistElectric */
     , (2000233,  71,       1) /* ResistHealthBoost */
     , (2000233,  72,       1) /* ResistStaminaDrain */
     , (2000233,  73,       1) /* ResistStaminaBoost */
     , (2000233,  74,       1) /* ResistManaDrain */
     , (2000233,  75,       1) /* ResistManaBoost */
     , (2000233, 104,      10) /* ObviousRadarRange */
     , (2000233, 125,       1) /* ResistHealthDrain */;

INSERT INTO `weenie_properties_string` (`object_Id`, `type`, `value`)
VALUES (2000233,   1, 'Townfolk') /* Name */
     , (2000233,   3, 'Male') /* Sex */
     , (2000233,   4, 'Aluvian') /* HeritageGroup */;

INSERT INTO `weenie_properties_d_i_d` (`object_Id`, `type`, `value`)
VALUES (2000233,   1,   33554433) /* Setup */
     , (2000233,   2,  150994945) /* MotionTable */
     , (2000233,   3,  536870913) /* SoundTable */
     , (2000233,   4,  805306368) /* CombatTable */
     , (2000233,   6,   67108990) /* PaletteBase */
     , (2000233,   8,  100667446) /* Icon */
     , (2000233,   9,   83890437) /* EyesTexture */
     , (2000233,  10,   83890521) /* NoseTexture */
     , (2000233,  11,   83890627) /* MouthTexture */
     , (2000233,  15,   67116978) /* HairPalette */
     , (2000233,  16,   67109564) /* EyesPalette */
     , (2000233,  17,   67109558) /* SkinPalette */;

INSERT INTO `weenie_properties_attribute` (`object_Id`, `type`, `init_Level`, `level_From_C_P`, `c_P_Spent`)
VALUES (2000233,   1, 110, 0, 0) /* Strength */
     , (2000233,   2, 120, 0, 0) /* Endurance */
     , (2000233,   3, 120, 0, 0) /* Quickness */
     , (2000233,   4, 120, 0, 0) /* Coordination */
     , (2000233,   5, 100, 0, 0) /* Focus */
     , (2000233,   6, 100, 0, 0) /* Self */;

INSERT INTO `weenie_properties_attribute_2nd` (`object_Id`, `type`, `init_Level`, `level_From_C_P`, `c_P_Spent`, `current_Level`)
VALUES (2000233,   1,     0, 0, 0, 60) /* MaxHealth */
     , (2000233,   3,     0, 0, 0, 120) /* MaxStamina */
     , (2000233,   5,     0, 0, 0, 100) /* MaxMana */;

INSERT INTO `weenie_properties_skill` (`object_Id`, `type`, `level_From_P_P`, `s_a_c`, `p_p`, `init_Level`, `resistance_At_Last_Check`, `last_Used_Time`)
VALUES (2000233,  6, 0, 2, 0,   1, 0, 0) /* MeleeDefense        Trained */
     , (2000233,  7, 0, 2, 0,   1, 0, 0) /* MissileDefense      Trained */
     , (2000233, 13, 0, 2, 0,   1, 0, 0) /* UnarmedCombat       Trained */;

INSERT INTO `weenie_properties_body_part` (`object_Id`, `key`, `d_Type`, `d_Val`, `d_Var`, `base_Armor`, `armor_Vs_Slash`, `armor_Vs_Pierce`, `armor_Vs_Bludgeon`, `armor_Vs_Cold`, `armor_Vs_Fire`, `armor_Vs_Acid`, `armor_Vs_Electric`, `armor_Vs_Nether`, `b_h`, `h_l_f`, `m_l_f`, `l_l_f`, `h_r_f`, `m_r_f`, `l_r_f`, `h_l_b`, `m_l_b`, `l_l_b`, `h_r_b`, `m_r_b`, `l_r_b`)
VALUES (2000233,  0,  4,  0,    0,    0,    0,    0,    0,    0,    0,    0,    0,    0, 1, 0.33,    0,    0, 0.33,    0,    0, 0.33,    0,    0, 0.33,    0,    0) /* Head */
     , (2000233,  1,  4,  0,    0,    0,    0,    0,    0,    0,    0,    0,    0,    0, 2, 0.44, 0.17,    0, 0.44, 0.17,    0, 0.44, 0.17,    0, 0.44, 0.17,    0) /* Chest */
     , (2000233,  2,  4,  0,    0,    0,    0,    0,    0,    0,    0,    0,    0,    0, 3,    0, 0.17,    0,    0, 0.17,    0,    0, 0.17,    0,    0, 0.17,    0) /* Abdomen */
     , (2000233,  3,  4,  0,    0,    0,    0,    0,    0,    0,    0,    0,    0,    0, 1, 0.23, 0.03,    0, 0.23, 0.03,    0, 0.23, 0.03,    0, 0.23, 0.03,    0) /* UpperArm */
     , (2000233,  4,  4,  0,    0,    0,    0,    0,    0,    0,    0,    0,    0,    0, 2,    0,  0.3,    0,    0,  0.3,    0,    0,  0.3,    0,    0,  0.3,    0) /* LowerArm */
     , (2000233,  5,  4,  2, 0.75,    0,    0,    0,    0,    0,    0,    0,    0,    0, 2,    0,  0.2,    0,    0,  0.2,    0,    0,  0.2,    0,    0,  0.2,    0) /* Hand */
     , (2000233,  6,  4,  0,    0,    0,    0,    0,    0,    0,    0,    0,    0,    0, 3,    0, 0.13, 0.18,    0, 0.13, 0.18,    0, 0.13, 0.18,    0, 0.13, 0.18) /* UpperLeg */
     , (2000233,  7,  4,  0,    0,    0,    0,    0,    0,    0,    0,    0,    0,    0, 3,    0,    0,  0.6,    0,    0,  0.6,    0,    0,  0.6,    0,    0,  0.6) /* LowerLeg */
     , (2000233,  8,  4,  2, 0.75,    0,    0,    0,    0,    0,    0,    0,    0,    0, 3,    0,    0, 0.22,    0,    0, 0.22,    0,    0, 0.22,    0,    0, 0.22) /* Foot */;

INSERT INTO `weenie_properties_emote` (`object_Id`, `category`, `probability`, `weenie_Class_Id`, `style`, `substyle`, `quest`, `vendor_Type`, `min_Health`, `max_Health`)
VALUES (2000233,  7 /* Use */,      1, NULL, NULL, NULL, NULL, NULL, NULL, NULL);

SET @parent_id = LAST_INSERT_ID();

INSERT INTO `weenie_properties_emote_action` (`emote_Id`, `order`, `type`, `delay`, `extent`, `motion`, `message`, `test_String`, `min`, `max`, `min_64`, `max_64`, `min_Dbl`, `max_Dbl`, `stat`, `display`, `amount`, `amount_64`, `hero_X_P_64`, `percent`, `spell_Id`, `wealth_Rating`, `treasure_Class`, `treasure_Type`, `p_Script`, `sound`, `destination_Type`, `weenie_Class_Id`, `stack_Size`, `palette`, `shade`, `try_To_Bond`, `obj_Cell_Id`, `origin_X`, `origin_Y`, `origin_Z`, `angles_W`, `angles_X`, `angles_Y`, `angles_Z`)
VALUES (@parent_id,  0,  10 /* Tell */, 1.5, 1, NULL, 'Some of you adventurers worry more about looking pretty than actually doing anything.', NULL, NULL, NULL, NULL, NULL, NULL, NULL, NULL, NULL, NULL, NULL, NULL, NULL, NULL, NULL, NULL, NULL, NULL, NULL, NULL, NULL, NULL, NULL, NULL, NULL, NULL, NULL, NULL, NULL, NULL, NULL, NULL, NULL);

INSERT INTO `weenie_properties_create_list` (`object_Id`, `destination_Type`, `weenie_Class_Id`, `stack_Size`, `palette`, `shade`, `try_To_Bond`)
VALUES (2000233, 2, 26452,  0, 86, 1, False) /* Create Bathrobe (26452) for Wield */
     , (2000233, 2,  2597,  0, 5, 1, False) /* Create Pants (2597) for Wield */;

DELETE FROM `weenie` WHERE `class_Id` = 2000236;

INSERT INTO `weenie` (`class_Id`, `class_Name`, `type`, `last_Modified`)
VALUES (2000236, 'ace2000236-townfolk', 10, '2019-09-24 03:41:19') /* Creature */;

INSERT INTO `weenie_properties_int` (`object_Id`, `type`, `value`)
VALUES (2000236,   1,         16) /* ItemType - Creature */
     , (2000236,   2,         31) /* CreatureType - Human */
     , (2000236,   6,         -1) /* ItemsCapacity */
     , (2000236,   7,         -1) /* ContainersCapacity */
     , (2000236,   8,        120) /* Mass */
     , (2000236,  16,         32) /* ItemUseable - Remote */
     , (2000236,  25,         15) /* Level */
     , (2000236,  27,          0) /* ArmorType - None */
     , (2000236,  93,    6292504) /* PhysicsState - ReportCollisions, IgnoreCollisions, Gravity, ReportCollisionsAsEnvironment, EdgeSlide */
     , (2000236,  95,          8) /* RadarBlipColor - Yellow */
     , (2000236, 113,          1) /* Gender - Male */
     , (2000236, 133,          4) /* ShowableOnRadar - ShowAlways */
     , (2000236, 134,         16) /* PlayerKillerStatus - RubberGlue */
     , (2000236, 146,        293) /* XpOverride */
     , (2000236, 188,          1) /* HeritageGroup - Aluvian */;

INSERT INTO `weenie_properties_bool` (`object_Id`, `type`, `value`)
VALUES (2000236,   1, True ) /* Stuck */
     , (2000236,   8, True ) /* AllowGive */
     , (2000236,  11, True ) /* IgnoreCollisions */
     , (2000236,  12, True ) /* ReportCollisions */
     , (2000236,  13, False) /* Ethereal */
     , (2000236,  14, True ) /* GravityStatus */
     , (2000236,  19, False) /* Attackable */
     , (2000236,  29, True ) /* NoCorpse */
     , (2000236,  41, True ) /* ReportCollisionsAsEnvironment */
     , (2000236,  42, True ) /* AllowEdgeSlide */
     , (2000236,  52, True ) /* AiImmobile */
     , (2000236,  79, True ) /* AiAcceptEverything */;

INSERT INTO `weenie_properties_float` (`object_Id`, `type`, `value`)
VALUES (2000236,   1,       5) /* HeartbeatInterval */
     , (2000236,   2,       0) /* HeartbeatTimestamp */
     , (2000236,   3, 0.159999996423721) /* HealthRate */
     , (2000236,   4,       5) /* StaminaRate */
     , (2000236,   5,       1) /* ManaRate */
     , (2000236,  13, 0.899999976158142) /* ArmorModVsSlash */
     , (2000236,  14,       1) /* ArmorModVsPierce */
     , (2000236,  15, 1.10000002384186) /* ArmorModVsBludgeon */
     , (2000236,  16, 0.400000005960464) /* ArmorModVsCold */
     , (2000236,  17, 0.400000005960464) /* ArmorModVsFire */
     , (2000236,  18,       1) /* ArmorModVsAcid */
     , (2000236,  19, 0.600000023841858) /* ArmorModVsElectric */
     , (2000236,  54,       3) /* UseRadius */
     , (2000236,  64,       1) /* ResistSlash */
     , (2000236,  65,       1) /* ResistPierce */
     , (2000236,  66,       1) /* ResistBludgeon */
     , (2000236,  67,       1) /* ResistFire */
     , (2000236,  68,       1) /* ResistCold */
     , (2000236,  69,       1) /* ResistAcid */
     , (2000236,  70,       1) /* ResistElectric */
     , (2000236,  71,       1) /* ResistHealthBoost */
     , (2000236,  72,       1) /* ResistStaminaDrain */
     , (2000236,  73,       1) /* ResistStaminaBoost */
     , (2000236,  74,       1) /* ResistManaDrain */
     , (2000236,  75,       1) /* ResistManaBoost */
     , (2000236, 104,      10) /* ObviousRadarRange */
     , (2000236, 125,       1) /* ResistHealthDrain */;

INSERT INTO `weenie_properties_string` (`object_Id`, `type`, `value`)
VALUES (2000236,   1, 'Townfolk') /* Name */
     , (2000236,   3, 'Male') /* Sex */
     , (2000236,   4, 'Aluvian') /* HeritageGroup */;

INSERT INTO `weenie_properties_d_i_d` (`object_Id`, `type`, `value`)
VALUES (2000236,   1,   33554433) /* Setup */
     , (2000236,   2,  150994945) /* MotionTable */
     , (2000236,   3,  536870913) /* SoundTable */
     , (2000236,   4,  805306368) /* CombatTable */
     , (2000236,   6,   67108990) /* PaletteBase */
     , (2000236,   8,  100667446) /* Icon */
     , (2000236,   9,   83890437) /* EyesTexture */
     , (2000236,  10,   83890521) /* NoseTexture */
     , (2000236,  11,   83890627) /* MouthTexture */
     , (2000236,  15,   67116978) /* HairPalette */
     , (2000236,  16,   67109564) /* EyesPalette */
     , (2000236,  17,   67109558) /* SkinPalette */;

INSERT INTO `weenie_properties_attribute` (`object_Id`, `type`, `init_Level`, `level_From_C_P`, `c_P_Spent`)
VALUES (2000236,   1, 110, 0, 0) /* Strength */
     , (2000236,   2, 120, 0, 0) /* Endurance */
     , (2000236,   3, 120, 0, 0) /* Quickness */
     , (2000236,   4, 120, 0, 0) /* Coordination */
     , (2000236,   5, 100, 0, 0) /* Focus */
     , (2000236,   6, 100, 0, 0) /* Self */;

INSERT INTO `weenie_properties_attribute_2nd` (`object_Id`, `type`, `init_Level`, `level_From_C_P`, `c_P_Spent`, `current_Level`)
VALUES (2000236,   1,     0, 0, 0, 60) /* MaxHealth */
     , (2000236,   3,     0, 0, 0, 120) /* MaxStamina */
     , (2000236,   5,     0, 0, 0, 100) /* MaxMana */;

INSERT INTO `weenie_properties_skill` (`object_Id`, `type`, `level_From_P_P`, `s_a_c`, `p_p`, `init_Level`, `resistance_At_Last_Check`, `last_Used_Time`)
VALUES (2000236,  6, 0, 2, 0,   1, 0, 0) /* MeleeDefense        Trained */
     , (2000236,  7, 0, 2, 0,   1, 0, 0) /* MissileDefense      Trained */
     , (2000236, 13, 0, 2, 0,   1, 0, 0) /* UnarmedCombat       Trained */;

INSERT INTO `weenie_properties_body_part` (`object_Id`, `key`, `d_Type`, `d_Val`, `d_Var`, `base_Armor`, `armor_Vs_Slash`, `armor_Vs_Pierce`, `armor_Vs_Bludgeon`, `armor_Vs_Cold`, `armor_Vs_Fire`, `armor_Vs_Acid`, `armor_Vs_Electric`, `armor_Vs_Nether`, `b_h`, `h_l_f`, `m_l_f`, `l_l_f`, `h_r_f`, `m_r_f`, `l_r_f`, `h_l_b`, `m_l_b`, `l_l_b`, `h_r_b`, `m_r_b`, `l_r_b`)
VALUES (2000236,  0,  4,  0,    0,    0,    0,    0,    0,    0,    0,    0,    0,    0, 1, 0.33,    0,    0, 0.33,    0,    0, 0.33,    0,    0, 0.33,    0,    0) /* Head */
     , (2000236,  1,  4,  0,    0,    0,    0,    0,    0,    0,    0,    0,    0,    0, 2, 0.44, 0.17,    0, 0.44, 0.17,    0, 0.44, 0.17,    0, 0.44, 0.17,    0) /* Chest */
     , (2000236,  2,  4,  0,    0,    0,    0,    0,    0,    0,    0,    0,    0,    0, 3,    0, 0.17,    0,    0, 0.17,    0,    0, 0.17,    0,    0, 0.17,    0) /* Abdomen */
     , (2000236,  3,  4,  0,    0,    0,    0,    0,    0,    0,    0,    0,    0,    0, 1, 0.23, 0.03,    0, 0.23, 0.03,    0, 0.23, 0.03,    0, 0.23, 0.03,    0) /* UpperArm */
     , (2000236,  4,  4,  0,    0,    0,    0,    0,    0,    0,    0,    0,    0,    0, 2,    0,  0.3,    0,    0,  0.3,    0,    0,  0.3,    0,    0,  0.3,    0) /* LowerArm */
     , (2000236,  5,  4,  2, 0.75,    0,    0,    0,    0,    0,    0,    0,    0,    0, 2,    0,  0.2,    0,    0,  0.2,    0,    0,  0.2,    0,    0,  0.2,    0) /* Hand */
     , (2000236,  6,  4,  0,    0,    0,    0,    0,    0,    0,    0,    0,    0,    0, 3,    0, 0.13, 0.18,    0, 0.13, 0.18,    0, 0.13, 0.18,    0, 0.13, 0.18) /* UpperLeg */
     , (2000236,  7,  4,  0,    0,    0,    0,    0,    0,    0,    0,    0,    0,    0, 3,    0,    0,  0.6,    0,    0,  0.6,    0,    0,  0.6,    0,    0,  0.6) /* LowerLeg */
     , (2000236,  8,  4,  2, 0.75,    0,    0,    0,    0,    0,    0,    0,    0,    0, 3,    0,    0, 0.22,    0,    0, 0.22,    0,    0, 0.22,    0,    0, 0.22) /* Foot */;

INSERT INTO `weenie_properties_emote` (`object_Id`, `category`, `probability`, `weenie_Class_Id`, `style`, `substyle`, `quest`, `vendor_Type`, `min_Health`, `max_Health`)
VALUES (2000236,  7 /* Use */,      1, NULL, NULL, NULL, NULL, NULL, NULL, NULL);

SET @parent_id = LAST_INSERT_ID();

INSERT INTO `weenie_properties_emote_action` (`emote_Id`, `order`, `type`, `delay`, `extent`, `motion`, `message`, `test_String`, `min`, `max`, `min_64`, `max_64`, `min_Dbl`, `max_Dbl`, `stat`, `display`, `amount`, `amount_64`, `hero_X_P_64`, `percent`, `spell_Id`, `wealth_Rating`, `treasure_Class`, `treasure_Type`, `p_Script`, `sound`, `destination_Type`, `weenie_Class_Id`, `stack_Size`, `palette`, `shade`, `try_To_Bond`, `obj_Cell_Id`, `origin_X`, `origin_Y`, `origin_Z`, `angles_W`, `angles_X`, `angles_Y`, `angles_Z`)
VALUES (@parent_id,  0,  10 /* Tell */, 1.5, 1, NULL, 'Man great things happening in Tufa right now, good effort by the restoration committee Asheron sent.', NULL, NULL, NULL, NULL, NULL, NULL, NULL, NULL, NULL, NULL, NULL, NULL, NULL, NULL, NULL, NULL, NULL, NULL, NULL, NULL, NULL, NULL, NULL, NULL, NULL, NULL, NULL, NULL, NULL, NULL, NULL, NULL, NULL);

INSERT INTO `weenie_properties_create_list` (`object_Id`, `destination_Type`, `weenie_Class_Id`, `stack_Size`, `palette`, `shade`, `try_To_Bond`)
VALUES (2000236, 2,  6061,  0, 89, 1, False) /* Create Gelidite Robe (6061) for Wield */
     , (2000236, 2,  2597,  0, 5, 1, False) /* Create Pants (2597) for Wield */;

DELETE FROM `weenie` WHERE `class_Id` = 2000237;

INSERT INTO `weenie` (`class_Id`, `class_Name`, `type`, `last_Modified`)
VALUES (2000237, 'ace2000237-townfolk', 10, '2019-09-24 03:41:20') /* Creature */;

INSERT INTO `weenie_properties_int` (`object_Id`, `type`, `value`)
VALUES (2000237,   1,         16) /* ItemType - Creature */
     , (2000237,   2,         31) /* CreatureType - Human */
     , (2000237,   6,         -1) /* ItemsCapacity */
     , (2000237,   7,         -1) /* ContainersCapacity */
     , (2000237,   8,        120) /* Mass */
     , (2000237,  16,         32) /* ItemUseable - Remote */
     , (2000237,  25,         15) /* Level */
     , (2000237,  27,          0) /* ArmorType - None */
     , (2000237,  93,    6292504) /* PhysicsState - ReportCollisions, IgnoreCollisions, Gravity, ReportCollisionsAsEnvironment, EdgeSlide */
     , (2000237,  95,          8) /* RadarBlipColor - Yellow */
     , (2000237, 113,          1) /* Gender - Male */
     , (2000237, 133,          4) /* ShowableOnRadar - ShowAlways */
     , (2000237, 134,         16) /* PlayerKillerStatus - RubberGlue */
     , (2000237, 146,        293) /* XpOverride */
     , (2000237, 188,          1) /* HeritageGroup - Aluvian */;

INSERT INTO `weenie_properties_bool` (`object_Id`, `type`, `value`)
VALUES (2000237,   1, True ) /* Stuck */
     , (2000237,   8, True ) /* AllowGive */
     , (2000237,  11, True ) /* IgnoreCollisions */
     , (2000237,  12, True ) /* ReportCollisions */
     , (2000237,  13, False) /* Ethereal */
     , (2000237,  14, True ) /* GravityStatus */
     , (2000237,  19, False) /* Attackable */
     , (2000237,  29, True ) /* NoCorpse */
     , (2000237,  41, True ) /* ReportCollisionsAsEnvironment */
     , (2000237,  42, True ) /* AllowEdgeSlide */
     , (2000237,  52, True ) /* AiImmobile */
     , (2000237,  79, True ) /* AiAcceptEverything */;

INSERT INTO `weenie_properties_float` (`object_Id`, `type`, `value`)
VALUES (2000237,   1,       5) /* HeartbeatInterval */
     , (2000237,   2,       0) /* HeartbeatTimestamp */
     , (2000237,   3, 0.159999996423721) /* HealthRate */
     , (2000237,   4,       5) /* StaminaRate */
     , (2000237,   5,       1) /* ManaRate */
     , (2000237,  13, 0.899999976158142) /* ArmorModVsSlash */
     , (2000237,  14,       1) /* ArmorModVsPierce */
     , (2000237,  15, 1.10000002384186) /* ArmorModVsBludgeon */
     , (2000237,  16, 0.400000005960464) /* ArmorModVsCold */
     , (2000237,  17, 0.400000005960464) /* ArmorModVsFire */
     , (2000237,  18,       1) /* ArmorModVsAcid */
     , (2000237,  19, 0.600000023841858) /* ArmorModVsElectric */
     , (2000237,  54,       3) /* UseRadius */
     , (2000237,  64,       1) /* ResistSlash */
     , (2000237,  65,       1) /* ResistPierce */
     , (2000237,  66,       1) /* ResistBludgeon */
     , (2000237,  67,       1) /* ResistFire */
     , (2000237,  68,       1) /* ResistCold */
     , (2000237,  69,       1) /* ResistAcid */
     , (2000237,  70,       1) /* ResistElectric */
     , (2000237,  71,       1) /* ResistHealthBoost */
     , (2000237,  72,       1) /* ResistStaminaDrain */
     , (2000237,  73,       1) /* ResistStaminaBoost */
     , (2000237,  74,       1) /* ResistManaDrain */
     , (2000237,  75,       1) /* ResistManaBoost */
     , (2000237, 104,      10) /* ObviousRadarRange */
     , (2000237, 125,       1) /* ResistHealthDrain */;

INSERT INTO `weenie_properties_string` (`object_Id`, `type`, `value`)
VALUES (2000237,   1, 'Townfolk') /* Name */
     , (2000237,   3, 'Male') /* Sex */
     , (2000237,   4, 'Aluvian') /* HeritageGroup */;

INSERT INTO `weenie_properties_d_i_d` (`object_Id`, `type`, `value`)
VALUES (2000237,   1,   33554433) /* Setup */
     , (2000237,   2,  150994945) /* MotionTable */
     , (2000237,   3,  536870913) /* SoundTable */
     , (2000237,   4,  805306368) /* CombatTable */
     , (2000237,   6,   67108990) /* PaletteBase */
     , (2000237,   8,  100667446) /* Icon */
     , (2000237,   9,   83890437) /* EyesTexture */
     , (2000237,  10,   83890521) /* NoseTexture */
     , (2000237,  11,   83890627) /* MouthTexture */
     , (2000237,  15,   67116978) /* HairPalette */
     , (2000237,  16,   67109564) /* EyesPalette */
     , (2000237,  17,   67109558) /* SkinPalette */;

INSERT INTO `weenie_properties_attribute` (`object_Id`, `type`, `init_Level`, `level_From_C_P`, `c_P_Spent`)
VALUES (2000237,   1, 110, 0, 0) /* Strength */
     , (2000237,   2, 120, 0, 0) /* Endurance */
     , (2000237,   3, 120, 0, 0) /* Quickness */
     , (2000237,   4, 120, 0, 0) /* Coordination */
     , (2000237,   5, 100, 0, 0) /* Focus */
     , (2000237,   6, 100, 0, 0) /* Self */;

INSERT INTO `weenie_properties_attribute_2nd` (`object_Id`, `type`, `init_Level`, `level_From_C_P`, `c_P_Spent`, `current_Level`)
VALUES (2000237,   1,     0, 0, 0, 60) /* MaxHealth */
     , (2000237,   3,     0, 0, 0, 120) /* MaxStamina */
     , (2000237,   5,     0, 0, 0, 100) /* MaxMana */;

INSERT INTO `weenie_properties_skill` (`object_Id`, `type`, `level_From_P_P`, `s_a_c`, `p_p`, `init_Level`, `resistance_At_Last_Check`, `last_Used_Time`)
VALUES (2000237,  6, 0, 2, 0,   1, 0, 0) /* MeleeDefense        Trained */
     , (2000237,  7, 0, 2, 0,   1, 0, 0) /* MissileDefense      Trained */
     , (2000237, 13, 0, 2, 0,   1, 0, 0) /* UnarmedCombat       Trained */;

INSERT INTO `weenie_properties_body_part` (`object_Id`, `key`, `d_Type`, `d_Val`, `d_Var`, `base_Armor`, `armor_Vs_Slash`, `armor_Vs_Pierce`, `armor_Vs_Bludgeon`, `armor_Vs_Cold`, `armor_Vs_Fire`, `armor_Vs_Acid`, `armor_Vs_Electric`, `armor_Vs_Nether`, `b_h`, `h_l_f`, `m_l_f`, `l_l_f`, `h_r_f`, `m_r_f`, `l_r_f`, `h_l_b`, `m_l_b`, `l_l_b`, `h_r_b`, `m_r_b`, `l_r_b`)
VALUES (2000237,  0,  4,  0,    0,    0,    0,    0,    0,    0,    0,    0,    0,    0, 1, 0.33,    0,    0, 0.33,    0,    0, 0.33,    0,    0, 0.33,    0,    0) /* Head */
     , (2000237,  1,  4,  0,    0,    0,    0,    0,    0,    0,    0,    0,    0,    0, 2, 0.44, 0.17,    0, 0.44, 0.17,    0, 0.44, 0.17,    0, 0.44, 0.17,    0) /* Chest */
     , (2000237,  2,  4,  0,    0,    0,    0,    0,    0,    0,    0,    0,    0,    0, 3,    0, 0.17,    0,    0, 0.17,    0,    0, 0.17,    0,    0, 0.17,    0) /* Abdomen */
     , (2000237,  3,  4,  0,    0,    0,    0,    0,    0,    0,    0,    0,    0,    0, 1, 0.23, 0.03,    0, 0.23, 0.03,    0, 0.23, 0.03,    0, 0.23, 0.03,    0) /* UpperArm */
     , (2000237,  4,  4,  0,    0,    0,    0,    0,    0,    0,    0,    0,    0,    0, 2,    0,  0.3,    0,    0,  0.3,    0,    0,  0.3,    0,    0,  0.3,    0) /* LowerArm */
     , (2000237,  5,  4,  2, 0.75,    0,    0,    0,    0,    0,    0,    0,    0,    0, 2,    0,  0.2,    0,    0,  0.2,    0,    0,  0.2,    0,    0,  0.2,    0) /* Hand */
     , (2000237,  6,  4,  0,    0,    0,    0,    0,    0,    0,    0,    0,    0,    0, 3,    0, 0.13, 0.18,    0, 0.13, 0.18,    0, 0.13, 0.18,    0, 0.13, 0.18) /* UpperLeg */
     , (2000237,  7,  4,  0,    0,    0,    0,    0,    0,    0,    0,    0,    0,    0, 3,    0,    0,  0.6,    0,    0,  0.6,    0,    0,  0.6,    0,    0,  0.6) /* LowerLeg */
     , (2000237,  8,  4,  2, 0.75,    0,    0,    0,    0,    0,    0,    0,    0,    0, 3,    0,    0, 0.22,    0,    0, 0.22,    0,    0, 0.22,    0,    0, 0.22) /* Foot */;

INSERT INTO `weenie_properties_emote` (`object_Id`, `category`, `probability`, `weenie_Class_Id`, `style`, `substyle`, `quest`, `vendor_Type`, `min_Health`, `max_Health`)
VALUES (2000237,  7 /* Use */,      1, NULL, NULL, NULL, NULL, NULL, NULL, NULL);

SET @parent_id = LAST_INSERT_ID();

INSERT INTO `weenie_properties_emote_action` (`emote_Id`, `order`, `type`, `delay`, `extent`, `motion`, `message`, `test_String`, `min`, `max`, `min_64`, `max_64`, `min_Dbl`, `max_Dbl`, `stat`, `display`, `amount`, `amount_64`, `hero_X_P_64`, `percent`, `spell_Id`, `wealth_Rating`, `treasure_Class`, `treasure_Type`, `p_Script`, `sound`, `destination_Type`, `weenie_Class_Id`, `stack_Size`, `palette`, `shade`, `try_To_Bond`, `obj_Cell_Id`, `origin_X`, `origin_Y`, `origin_Z`, `angles_W`, `angles_X`, `angles_Y`, `angles_Z`)
VALUES (@parent_id,  0,  10 /* Tell */, 1.5, 1, NULL, 'I think the strongest monster I ever killed was a jungle wasp, nothing like what you adventurers fight now.', NULL, NULL, NULL, NULL, NULL, NULL, NULL, NULL, NULL, NULL, NULL, NULL, NULL, NULL, NULL, NULL, NULL, NULL, NULL, NULL, NULL, NULL, NULL, NULL, NULL, NULL, NULL, NULL, NULL, NULL, NULL, NULL, NULL);

INSERT INTO `weenie_properties_create_list` (`object_Id`, `destination_Type`, `weenie_Class_Id`, `stack_Size`, `palette`, `shade`, `try_To_Bond`)
VALUES (2000237, 2,  2588,  0, 87, 1, False) /* Create Shirt (2588) for Wield */
     , (2000237, 2,  2597,  0, 5, 1, False) /* Create Pants (2597) for Wield */;

DELETE FROM `weenie` WHERE `class_Id` = 2000238;

INSERT INTO `weenie` (`class_Id`, `class_Name`, `type`, `last_Modified`)
VALUES (2000238, 'ace2000238-townfolk', 10, '2019-09-24 03:41:22') /* Creature */;

INSERT INTO `weenie_properties_int` (`object_Id`, `type`, `value`)
VALUES (2000238,   1,         16) /* ItemType - Creature */
     , (2000238,   2,         31) /* CreatureType - Human */
     , (2000238,   6,         -1) /* ItemsCapacity */
     , (2000238,   7,         -1) /* ContainersCapacity */
     , (2000238,   8,        120) /* Mass */
     , (2000238,  16,         32) /* ItemUseable - Remote */
     , (2000238,  25,         15) /* Level */
     , (2000238,  27,          0) /* ArmorType - None */
     , (2000238,  93,    6292504) /* PhysicsState - ReportCollisions, IgnoreCollisions, Gravity, ReportCollisionsAsEnvironment, EdgeSlide */
     , (2000238,  95,          8) /* RadarBlipColor - Yellow */
     , (2000238, 113,          1) /* Gender - Male */
     , (2000238, 133,          4) /* ShowableOnRadar - ShowAlways */
     , (2000238, 134,         16) /* PlayerKillerStatus - RubberGlue */
     , (2000238, 146,        293) /* XpOverride */
     , (2000238, 188,          1) /* HeritageGroup - Aluvian */;

INSERT INTO `weenie_properties_bool` (`object_Id`, `type`, `value`)
VALUES (2000238,   1, True ) /* Stuck */
     , (2000238,   8, True ) /* AllowGive */
     , (2000238,  11, True ) /* IgnoreCollisions */
     , (2000238,  12, True ) /* ReportCollisions */
     , (2000238,  13, False) /* Ethereal */
     , (2000238,  14, True ) /* GravityStatus */
     , (2000238,  19, False) /* Attackable */
     , (2000238,  29, True ) /* NoCorpse */
     , (2000238,  41, True ) /* ReportCollisionsAsEnvironment */
     , (2000238,  42, True ) /* AllowEdgeSlide */
     , (2000238,  52, True ) /* AiImmobile */
     , (2000238,  79, True ) /* AiAcceptEverything */;

INSERT INTO `weenie_properties_float` (`object_Id`, `type`, `value`)
VALUES (2000238,   1,       5) /* HeartbeatInterval */
     , (2000238,   2,       0) /* HeartbeatTimestamp */
     , (2000238,   3, 0.159999996423721) /* HealthRate */
     , (2000238,   4,       5) /* StaminaRate */
     , (2000238,   5,       1) /* ManaRate */
     , (2000238,  13, 0.899999976158142) /* ArmorModVsSlash */
     , (2000238,  14,       1) /* ArmorModVsPierce */
     , (2000238,  15, 1.10000002384186) /* ArmorModVsBludgeon */
     , (2000238,  16, 0.400000005960464) /* ArmorModVsCold */
     , (2000238,  17, 0.400000005960464) /* ArmorModVsFire */
     , (2000238,  18,       1) /* ArmorModVsAcid */
     , (2000238,  19, 0.600000023841858) /* ArmorModVsElectric */
     , (2000238,  54,       3) /* UseRadius */
     , (2000238,  64,       1) /* ResistSlash */
     , (2000238,  65,       1) /* ResistPierce */
     , (2000238,  66,       1) /* ResistBludgeon */
     , (2000238,  67,       1) /* ResistFire */
     , (2000238,  68,       1) /* ResistCold */
     , (2000238,  69,       1) /* ResistAcid */
     , (2000238,  70,       1) /* ResistElectric */
     , (2000238,  71,       1) /* ResistHealthBoost */
     , (2000238,  72,       1) /* ResistStaminaDrain */
     , (2000238,  73,       1) /* ResistStaminaBoost */
     , (2000238,  74,       1) /* ResistManaDrain */
     , (2000238,  75,       1) /* ResistManaBoost */
     , (2000238, 104,      10) /* ObviousRadarRange */
     , (2000238, 125,       1) /* ResistHealthDrain */;

INSERT INTO `weenie_properties_string` (`object_Id`, `type`, `value`)
VALUES (2000238,   1, 'Townfolk') /* Name */
     , (2000238,   3, 'Male') /* Sex */
     , (2000238,   4, 'Aluvian') /* HeritageGroup */;

INSERT INTO `weenie_properties_d_i_d` (`object_Id`, `type`, `value`)
VALUES (2000238,   1,   33554433) /* Setup */
     , (2000238,   2,  150994945) /* MotionTable */
     , (2000238,   3,  536870913) /* SoundTable */
     , (2000238,   4,  805306368) /* CombatTable */
     , (2000238,   6,   67108990) /* PaletteBase */
     , (2000238,   8,  100667446) /* Icon */
     , (2000238,   9,   83890437) /* EyesTexture */
     , (2000238,  10,   83890521) /* NoseTexture */
     , (2000238,  11,   83890627) /* MouthTexture */
     , (2000238,  15,   67116978) /* HairPalette */
     , (2000238,  16,   67109564) /* EyesPalette */
     , (2000238,  17,   67109558) /* SkinPalette */;

INSERT INTO `weenie_properties_attribute` (`object_Id`, `type`, `init_Level`, `level_From_C_P`, `c_P_Spent`)
VALUES (2000238,   1, 110, 0, 0) /* Strength */
     , (2000238,   2, 120, 0, 0) /* Endurance */
     , (2000238,   3, 120, 0, 0) /* Quickness */
     , (2000238,   4, 120, 0, 0) /* Coordination */
     , (2000238,   5, 100, 0, 0) /* Focus */
     , (2000238,   6, 100, 0, 0) /* Self */;

INSERT INTO `weenie_properties_attribute_2nd` (`object_Id`, `type`, `init_Level`, `level_From_C_P`, `c_P_Spent`, `current_Level`)
VALUES (2000238,   1,     0, 0, 0, 60) /* MaxHealth */
     , (2000238,   3,     0, 0, 0, 120) /* MaxStamina */
     , (2000238,   5,     0, 0, 0, 100) /* MaxMana */;

INSERT INTO `weenie_properties_skill` (`object_Id`, `type`, `level_From_P_P`, `s_a_c`, `p_p`, `init_Level`, `resistance_At_Last_Check`, `last_Used_Time`)
VALUES (2000238,  6, 0, 2, 0,   1, 0, 0) /* MeleeDefense        Trained */
     , (2000238,  7, 0, 2, 0,   1, 0, 0) /* MissileDefense      Trained */
     , (2000238, 13, 0, 2, 0,   1, 0, 0) /* UnarmedCombat       Trained */;

INSERT INTO `weenie_properties_body_part` (`object_Id`, `key`, `d_Type`, `d_Val`, `d_Var`, `base_Armor`, `armor_Vs_Slash`, `armor_Vs_Pierce`, `armor_Vs_Bludgeon`, `armor_Vs_Cold`, `armor_Vs_Fire`, `armor_Vs_Acid`, `armor_Vs_Electric`, `armor_Vs_Nether`, `b_h`, `h_l_f`, `m_l_f`, `l_l_f`, `h_r_f`, `m_r_f`, `l_r_f`, `h_l_b`, `m_l_b`, `l_l_b`, `h_r_b`, `m_r_b`, `l_r_b`)
VALUES (2000238,  0,  4,  0,    0,    0,    0,    0,    0,    0,    0,    0,    0,    0, 1, 0.33,    0,    0, 0.33,    0,    0, 0.33,    0,    0, 0.33,    0,    0) /* Head */
     , (2000238,  1,  4,  0,    0,    0,    0,    0,    0,    0,    0,    0,    0,    0, 2, 0.44, 0.17,    0, 0.44, 0.17,    0, 0.44, 0.17,    0, 0.44, 0.17,    0) /* Chest */
     , (2000238,  2,  4,  0,    0,    0,    0,    0,    0,    0,    0,    0,    0,    0, 3,    0, 0.17,    0,    0, 0.17,    0,    0, 0.17,    0,    0, 0.17,    0) /* Abdomen */
     , (2000238,  3,  4,  0,    0,    0,    0,    0,    0,    0,    0,    0,    0,    0, 1, 0.23, 0.03,    0, 0.23, 0.03,    0, 0.23, 0.03,    0, 0.23, 0.03,    0) /* UpperArm */
     , (2000238,  4,  4,  0,    0,    0,    0,    0,    0,    0,    0,    0,    0,    0, 2,    0,  0.3,    0,    0,  0.3,    0,    0,  0.3,    0,    0,  0.3,    0) /* LowerArm */
     , (2000238,  5,  4,  2, 0.75,    0,    0,    0,    0,    0,    0,    0,    0,    0, 2,    0,  0.2,    0,    0,  0.2,    0,    0,  0.2,    0,    0,  0.2,    0) /* Hand */
     , (2000238,  6,  4,  0,    0,    0,    0,    0,    0,    0,    0,    0,    0,    0, 3,    0, 0.13, 0.18,    0, 0.13, 0.18,    0, 0.13, 0.18,    0, 0.13, 0.18) /* UpperLeg */
     , (2000238,  7,  4,  0,    0,    0,    0,    0,    0,    0,    0,    0,    0,    0, 3,    0,    0,  0.6,    0,    0,  0.6,    0,    0,  0.6,    0,    0,  0.6) /* LowerLeg */
     , (2000238,  8,  4,  2, 0.75,    0,    0,    0,    0,    0,    0,    0,    0,    0, 3,    0,    0, 0.22,    0,    0, 0.22,    0,    0, 0.22,    0,    0, 0.22) /* Foot */;

INSERT INTO `weenie_properties_emote` (`object_Id`, `category`, `probability`, `weenie_Class_Id`, `style`, `substyle`, `quest`, `vendor_Type`, `min_Health`, `max_Health`)
VALUES (2000238,  7 /* Use */,      1, NULL, NULL, NULL, NULL, NULL, NULL, NULL);

SET @parent_id = LAST_INSERT_ID();

INSERT INTO `weenie_properties_emote_action` (`emote_Id`, `order`, `type`, `delay`, `extent`, `motion`, `message`, `test_String`, `min`, `max`, `min_64`, `max_64`, `min_Dbl`, `max_Dbl`, `stat`, `display`, `amount`, `amount_64`, `hero_X_P_64`, `percent`, `spell_Id`, `wealth_Rating`, `treasure_Class`, `treasure_Type`, `p_Script`, `sound`, `destination_Type`, `weenie_Class_Id`, `stack_Size`, `palette`, `shade`, `try_To_Bond`, `obj_Cell_Id`, `origin_X`, `origin_Y`, `origin_Z`, `angles_W`, `angles_X`, `angles_Y`, `angles_Z`)
VALUES (@parent_id,  0,  10 /* Tell */, 1.5, 1, NULL, 'When was the last time you saw an adventurer cook something? just needy good for nothings if you ask me.', NULL, NULL, NULL, NULL, NULL, NULL, NULL, NULL, NULL, NULL, NULL, NULL, NULL, NULL, NULL, NULL, NULL, NULL, NULL, NULL, NULL, NULL, NULL, NULL, NULL, NULL, NULL, NULL, NULL, NULL, NULL, NULL, NULL);

INSERT INTO `weenie_properties_create_list` (`object_Id`, `destination_Type`, `weenie_Class_Id`, `stack_Size`, `palette`, `shade`, `try_To_Bond`)
VALUES (2000238, 2, 26452,  0, 86, 1, False) /* Create Bathrobe (26452) for Wield */
     , (2000238, 2,  2597,  0, 5, 1, False) /* Create Pants (2597) for Wield */;

DELETE FROM `weenie` WHERE `class_Id` = 2000239;

INSERT INTO `weenie` (`class_Id`, `class_Name`, `type`, `last_Modified`)
VALUES (2000239, 'ace2000239-townfolk', 10, '2019-09-24 03:41:23') /* Creature */;

INSERT INTO `weenie_properties_int` (`object_Id`, `type`, `value`)
VALUES (2000239,   1,         16) /* ItemType - Creature */
     , (2000239,   2,         31) /* CreatureType - Human */
     , (2000239,   6,         -1) /* ItemsCapacity */
     , (2000239,   7,         -1) /* ContainersCapacity */
     , (2000239,   8,        120) /* Mass */
     , (2000239,  16,         32) /* ItemUseable - Remote */
     , (2000239,  25,         15) /* Level */
     , (2000239,  27,          0) /* ArmorType - None */
     , (2000239,  93,    6292504) /* PhysicsState - ReportCollisions, IgnoreCollisions, Gravity, ReportCollisionsAsEnvironment, EdgeSlide */
     , (2000239,  95,          8) /* RadarBlipColor - Yellow */
     , (2000239, 113,          1) /* Gender - Male */
     , (2000239, 133,          4) /* ShowableOnRadar - ShowAlways */
     , (2000239, 134,         16) /* PlayerKillerStatus - RubberGlue */
     , (2000239, 146,        293) /* XpOverride */
     , (2000239, 188,          1) /* HeritageGroup - Aluvian */;

INSERT INTO `weenie_properties_bool` (`object_Id`, `type`, `value`)
VALUES (2000239,   1, True ) /* Stuck */
     , (2000239,   8, True ) /* AllowGive */
     , (2000239,  11, True ) /* IgnoreCollisions */
     , (2000239,  12, True ) /* ReportCollisions */
     , (2000239,  13, False) /* Ethereal */
     , (2000239,  14, True ) /* GravityStatus */
     , (2000239,  19, False) /* Attackable */
     , (2000239,  29, True ) /* NoCorpse */
     , (2000239,  41, True ) /* ReportCollisionsAsEnvironment */
     , (2000239,  42, True ) /* AllowEdgeSlide */
     , (2000239,  52, True ) /* AiImmobile */
     , (2000239,  79, True ) /* AiAcceptEverything */;

INSERT INTO `weenie_properties_float` (`object_Id`, `type`, `value`)
VALUES (2000239,   1,       5) /* HeartbeatInterval */
     , (2000239,   2,       0) /* HeartbeatTimestamp */
     , (2000239,   3, 0.159999996423721) /* HealthRate */
     , (2000239,   4,       5) /* StaminaRate */
     , (2000239,   5,       1) /* ManaRate */
     , (2000239,  13, 0.899999976158142) /* ArmorModVsSlash */
     , (2000239,  14,       1) /* ArmorModVsPierce */
     , (2000239,  15, 1.10000002384186) /* ArmorModVsBludgeon */
     , (2000239,  16, 0.400000005960464) /* ArmorModVsCold */
     , (2000239,  17, 0.400000005960464) /* ArmorModVsFire */
     , (2000239,  18,       1) /* ArmorModVsAcid */
     , (2000239,  19, 0.600000023841858) /* ArmorModVsElectric */
     , (2000239,  54,       3) /* UseRadius */
     , (2000239,  64,       1) /* ResistSlash */
     , (2000239,  65,       1) /* ResistPierce */
     , (2000239,  66,       1) /* ResistBludgeon */
     , (2000239,  67,       1) /* ResistFire */
     , (2000239,  68,       1) /* ResistCold */
     , (2000239,  69,       1) /* ResistAcid */
     , (2000239,  70,       1) /* ResistElectric */
     , (2000239,  71,       1) /* ResistHealthBoost */
     , (2000239,  72,       1) /* ResistStaminaDrain */
     , (2000239,  73,       1) /* ResistStaminaBoost */
     , (2000239,  74,       1) /* ResistManaDrain */
     , (2000239,  75,       1) /* ResistManaBoost */
     , (2000239, 104,      10) /* ObviousRadarRange */
     , (2000239, 125,       1) /* ResistHealthDrain */;

INSERT INTO `weenie_properties_string` (`object_Id`, `type`, `value`)
VALUES (2000239,   1, 'Townfolk') /* Name */
     , (2000239,   3, 'Male') /* Sex */
     , (2000239,   4, 'Aluvian') /* HeritageGroup */;

INSERT INTO `weenie_properties_d_i_d` (`object_Id`, `type`, `value`)
VALUES (2000239,   1,   33554433) /* Setup */
     , (2000239,   2,  150994945) /* MotionTable */
     , (2000239,   3,  536870913) /* SoundTable */
     , (2000239,   4,  805306368) /* CombatTable */
     , (2000239,   6,   67108990) /* PaletteBase */
     , (2000239,   8,  100667446) /* Icon */
     , (2000239,   9,   83890437) /* EyesTexture */
     , (2000239,  10,   83890521) /* NoseTexture */
     , (2000239,  11,   83890627) /* MouthTexture */
     , (2000239,  15,   67116978) /* HairPalette */
     , (2000239,  16,   67109564) /* EyesPalette */
     , (2000239,  17,   67109558) /* SkinPalette */;

INSERT INTO `weenie_properties_attribute` (`object_Id`, `type`, `init_Level`, `level_From_C_P`, `c_P_Spent`)
VALUES (2000239,   1, 110, 0, 0) /* Strength */
     , (2000239,   2, 120, 0, 0) /* Endurance */
     , (2000239,   3, 120, 0, 0) /* Quickness */
     , (2000239,   4, 120, 0, 0) /* Coordination */
     , (2000239,   5, 100, 0, 0) /* Focus */
     , (2000239,   6, 100, 0, 0) /* Self */;

INSERT INTO `weenie_properties_attribute_2nd` (`object_Id`, `type`, `init_Level`, `level_From_C_P`, `c_P_Spent`, `current_Level`)
VALUES (2000239,   1,     0, 0, 0, 60) /* MaxHealth */
     , (2000239,   3,     0, 0, 0, 120) /* MaxStamina */
     , (2000239,   5,     0, 0, 0, 100) /* MaxMana */;

INSERT INTO `weenie_properties_skill` (`object_Id`, `type`, `level_From_P_P`, `s_a_c`, `p_p`, `init_Level`, `resistance_At_Last_Check`, `last_Used_Time`)
VALUES (2000239,  6, 0, 2, 0,   1, 0, 0) /* MeleeDefense        Trained */
     , (2000239,  7, 0, 2, 0,   1, 0, 0) /* MissileDefense      Trained */
     , (2000239, 13, 0, 2, 0,   1, 0, 0) /* UnarmedCombat       Trained */;

INSERT INTO `weenie_properties_body_part` (`object_Id`, `key`, `d_Type`, `d_Val`, `d_Var`, `base_Armor`, `armor_Vs_Slash`, `armor_Vs_Pierce`, `armor_Vs_Bludgeon`, `armor_Vs_Cold`, `armor_Vs_Fire`, `armor_Vs_Acid`, `armor_Vs_Electric`, `armor_Vs_Nether`, `b_h`, `h_l_f`, `m_l_f`, `l_l_f`, `h_r_f`, `m_r_f`, `l_r_f`, `h_l_b`, `m_l_b`, `l_l_b`, `h_r_b`, `m_r_b`, `l_r_b`)
VALUES (2000239,  0,  4,  0,    0,    0,    0,    0,    0,    0,    0,    0,    0,    0, 1, 0.33,    0,    0, 0.33,    0,    0, 0.33,    0,    0, 0.33,    0,    0) /* Head */
     , (2000239,  1,  4,  0,    0,    0,    0,    0,    0,    0,    0,    0,    0,    0, 2, 0.44, 0.17,    0, 0.44, 0.17,    0, 0.44, 0.17,    0, 0.44, 0.17,    0) /* Chest */
     , (2000239,  2,  4,  0,    0,    0,    0,    0,    0,    0,    0,    0,    0,    0, 3,    0, 0.17,    0,    0, 0.17,    0,    0, 0.17,    0,    0, 0.17,    0) /* Abdomen */
     , (2000239,  3,  4,  0,    0,    0,    0,    0,    0,    0,    0,    0,    0,    0, 1, 0.23, 0.03,    0, 0.23, 0.03,    0, 0.23, 0.03,    0, 0.23, 0.03,    0) /* UpperArm */
     , (2000239,  4,  4,  0,    0,    0,    0,    0,    0,    0,    0,    0,    0,    0, 2,    0,  0.3,    0,    0,  0.3,    0,    0,  0.3,    0,    0,  0.3,    0) /* LowerArm */
     , (2000239,  5,  4,  2, 0.75,    0,    0,    0,    0,    0,    0,    0,    0,    0, 2,    0,  0.2,    0,    0,  0.2,    0,    0,  0.2,    0,    0,  0.2,    0) /* Hand */
     , (2000239,  6,  4,  0,    0,    0,    0,    0,    0,    0,    0,    0,    0,    0, 3,    0, 0.13, 0.18,    0, 0.13, 0.18,    0, 0.13, 0.18,    0, 0.13, 0.18) /* UpperLeg */
     , (2000239,  7,  4,  0,    0,    0,    0,    0,    0,    0,    0,    0,    0,    0, 3,    0,    0,  0.6,    0,    0,  0.6,    0,    0,  0.6,    0,    0,  0.6) /* LowerLeg */
     , (2000239,  8,  4,  2, 0.75,    0,    0,    0,    0,    0,    0,    0,    0,    0, 3,    0,    0, 0.22,    0,    0, 0.22,    0,    0, 0.22,    0,    0, 0.22) /* Foot */;

INSERT INTO `weenie_properties_emote` (`object_Id`, `category`, `probability`, `weenie_Class_Id`, `style`, `substyle`, `quest`, `vendor_Type`, `min_Health`, `max_Health`)
VALUES (2000239,  7 /* Use */,      1, NULL, NULL, NULL, NULL, NULL, NULL, NULL);

SET @parent_id = LAST_INSERT_ID();

INSERT INTO `weenie_properties_emote_action` (`emote_Id`, `order`, `type`, `delay`, `extent`, `motion`, `message`, `test_String`, `min`, `max`, `min_64`, `max_64`, `min_Dbl`, `max_Dbl`, `stat`, `display`, `amount`, `amount_64`, `hero_X_P_64`, `percent`, `spell_Id`, `wealth_Rating`, `treasure_Class`, `treasure_Type`, `p_Script`, `sound`, `destination_Type`, `weenie_Class_Id`, `stack_Size`, `palette`, `shade`, `try_To_Bond`, `obj_Cell_Id`, `origin_X`, `origin_Y`, `origin_Z`, `angles_W`, `angles_X`, `angles_Y`, `angles_Z`)
VALUES (@parent_id,  0,  10 /* Tell */, 1.5, 1, NULL, 'I''m going to go to the Yanshi Ruins and earn me some slivers for my shadow armor!', NULL, NULL, NULL, NULL, NULL, NULL, NULL, NULL, NULL, NULL, NULL, NULL, NULL, NULL, NULL, NULL, NULL, NULL, NULL, NULL, NULL, NULL, NULL, NULL, NULL, NULL, NULL, NULL, NULL, NULL, NULL, NULL, NULL);

INSERT INTO `weenie_properties_create_list` (`object_Id`, `destination_Type`, `weenie_Class_Id`, `stack_Size`, `palette`, `shade`, `try_To_Bond`)
VALUES (2000239, 2,  2588,  0, 91, 1, False) /* Create Shirt (2588) for Wield */
     , (2000239, 2,  2597,  0, 86, 1, False) /* Create Pants (2597) for Wield */;

DELETE FROM `weenie` WHERE `class_Id` = 2000240;

INSERT INTO `weenie` (`class_Id`, `class_Name`, `type`, `last_Modified`)
VALUES (2000240, 'ace2000240-townfolk', 10, '2019-09-24 03:41:24') /* Creature */;

INSERT INTO `weenie_properties_int` (`object_Id`, `type`, `value`)
VALUES (2000240,   1,         16) /* ItemType - Creature */
     , (2000240,   2,         31) /* CreatureType - Human */
     , (2000240,   6,         -1) /* ItemsCapacity */
     , (2000240,   7,         -1) /* ContainersCapacity */
     , (2000240,   8,        120) /* Mass */
     , (2000240,  16,         32) /* ItemUseable - Remote */
     , (2000240,  25,         15) /* Level */
     , (2000240,  27,          0) /* ArmorType - None */
     , (2000240,  93,    6292504) /* PhysicsState - ReportCollisions, IgnoreCollisions, Gravity, ReportCollisionsAsEnvironment, EdgeSlide */
     , (2000240,  95,          8) /* RadarBlipColor - Yellow */
     , (2000240, 113,          1) /* Gender - Male */
     , (2000240, 133,          4) /* ShowableOnRadar - ShowAlways */
     , (2000240, 134,         16) /* PlayerKillerStatus - RubberGlue */
     , (2000240, 146,        293) /* XpOverride */
     , (2000240, 188,          1) /* HeritageGroup - Aluvian */;

INSERT INTO `weenie_properties_bool` (`object_Id`, `type`, `value`)
VALUES (2000240,   1, True ) /* Stuck */
     , (2000240,   8, True ) /* AllowGive */
     , (2000240,  11, True ) /* IgnoreCollisions */
     , (2000240,  12, True ) /* ReportCollisions */
     , (2000240,  13, False) /* Ethereal */
     , (2000240,  14, True ) /* GravityStatus */
     , (2000240,  19, False) /* Attackable */
     , (2000240,  29, True ) /* NoCorpse */
     , (2000240,  41, True ) /* ReportCollisionsAsEnvironment */
     , (2000240,  42, True ) /* AllowEdgeSlide */
     , (2000240,  52, True ) /* AiImmobile */
     , (2000240,  79, True ) /* AiAcceptEverything */;

INSERT INTO `weenie_properties_float` (`object_Id`, `type`, `value`)
VALUES (2000240,   1,       5) /* HeartbeatInterval */
     , (2000240,   2,       0) /* HeartbeatTimestamp */
     , (2000240,   3, 0.159999996423721) /* HealthRate */
     , (2000240,   4,       5) /* StaminaRate */
     , (2000240,   5,       1) /* ManaRate */
     , (2000240,  13, 0.899999976158142) /* ArmorModVsSlash */
     , (2000240,  14,       1) /* ArmorModVsPierce */
     , (2000240,  15, 1.10000002384186) /* ArmorModVsBludgeon */
     , (2000240,  16, 0.400000005960464) /* ArmorModVsCold */
     , (2000240,  17, 0.400000005960464) /* ArmorModVsFire */
     , (2000240,  18,       1) /* ArmorModVsAcid */
     , (2000240,  19, 0.600000023841858) /* ArmorModVsElectric */
     , (2000240,  54,       3) /* UseRadius */
     , (2000240,  64,       1) /* ResistSlash */
     , (2000240,  65,       1) /* ResistPierce */
     , (2000240,  66,       1) /* ResistBludgeon */
     , (2000240,  67,       1) /* ResistFire */
     , (2000240,  68,       1) /* ResistCold */
     , (2000240,  69,       1) /* ResistAcid */
     , (2000240,  70,       1) /* ResistElectric */
     , (2000240,  71,       1) /* ResistHealthBoost */
     , (2000240,  72,       1) /* ResistStaminaDrain */
     , (2000240,  73,       1) /* ResistStaminaBoost */
     , (2000240,  74,       1) /* ResistManaDrain */
     , (2000240,  75,       1) /* ResistManaBoost */
     , (2000240, 104,      10) /* ObviousRadarRange */
     , (2000240, 125,       1) /* ResistHealthDrain */;

INSERT INTO `weenie_properties_string` (`object_Id`, `type`, `value`)
VALUES (2000240,   1, 'Townfolk') /* Name */
     , (2000240,   3, 'Male') /* Sex */
     , (2000240,   4, 'Aluvian') /* HeritageGroup */;

INSERT INTO `weenie_properties_d_i_d` (`object_Id`, `type`, `value`)
VALUES (2000240,   1,   33554433) /* Setup */
     , (2000240,   2,  150994945) /* MotionTable */
     , (2000240,   3,  536870913) /* SoundTable */
     , (2000240,   4,  805306368) /* CombatTable */
     , (2000240,   6,   67108990) /* PaletteBase */
     , (2000240,   8,  100667446) /* Icon */
     , (2000240,   9,   83890437) /* EyesTexture */
     , (2000240,  10,   83890521) /* NoseTexture */
     , (2000240,  11,   83890627) /* MouthTexture */
     , (2000240,  15,   67116978) /* HairPalette */
     , (2000240,  16,   67109564) /* EyesPalette */
     , (2000240,  17,   67109558) /* SkinPalette */;

INSERT INTO `weenie_properties_attribute` (`object_Id`, `type`, `init_Level`, `level_From_C_P`, `c_P_Spent`)
VALUES (2000240,   1, 110, 0, 0) /* Strength */
     , (2000240,   2, 120, 0, 0) /* Endurance */
     , (2000240,   3, 120, 0, 0) /* Quickness */
     , (2000240,   4, 120, 0, 0) /* Coordination */
     , (2000240,   5, 100, 0, 0) /* Focus */
     , (2000240,   6, 100, 0, 0) /* Self */;

INSERT INTO `weenie_properties_attribute_2nd` (`object_Id`, `type`, `init_Level`, `level_From_C_P`, `c_P_Spent`, `current_Level`)
VALUES (2000240,   1,     0, 0, 0, 60) /* MaxHealth */
     , (2000240,   3,     0, 0, 0, 120) /* MaxStamina */
     , (2000240,   5,     0, 0, 0, 100) /* MaxMana */;

INSERT INTO `weenie_properties_skill` (`object_Id`, `type`, `level_From_P_P`, `s_a_c`, `p_p`, `init_Level`, `resistance_At_Last_Check`, `last_Used_Time`)
VALUES (2000240,  6, 0, 2, 0,   1, 0, 0) /* MeleeDefense        Trained */
     , (2000240,  7, 0, 2, 0,   1, 0, 0) /* MissileDefense      Trained */
     , (2000240, 13, 0, 2, 0,   1, 0, 0) /* UnarmedCombat       Trained */;

INSERT INTO `weenie_properties_body_part` (`object_Id`, `key`, `d_Type`, `d_Val`, `d_Var`, `base_Armor`, `armor_Vs_Slash`, `armor_Vs_Pierce`, `armor_Vs_Bludgeon`, `armor_Vs_Cold`, `armor_Vs_Fire`, `armor_Vs_Acid`, `armor_Vs_Electric`, `armor_Vs_Nether`, `b_h`, `h_l_f`, `m_l_f`, `l_l_f`, `h_r_f`, `m_r_f`, `l_r_f`, `h_l_b`, `m_l_b`, `l_l_b`, `h_r_b`, `m_r_b`, `l_r_b`)
VALUES (2000240,  0,  4,  0,    0,    0,    0,    0,    0,    0,    0,    0,    0,    0, 1, 0.33,    0,    0, 0.33,    0,    0, 0.33,    0,    0, 0.33,    0,    0) /* Head */
     , (2000240,  1,  4,  0,    0,    0,    0,    0,    0,    0,    0,    0,    0,    0, 2, 0.44, 0.17,    0, 0.44, 0.17,    0, 0.44, 0.17,    0, 0.44, 0.17,    0) /* Chest */
     , (2000240,  2,  4,  0,    0,    0,    0,    0,    0,    0,    0,    0,    0,    0, 3,    0, 0.17,    0,    0, 0.17,    0,    0, 0.17,    0,    0, 0.17,    0) /* Abdomen */
     , (2000240,  3,  4,  0,    0,    0,    0,    0,    0,    0,    0,    0,    0,    0, 1, 0.23, 0.03,    0, 0.23, 0.03,    0, 0.23, 0.03,    0, 0.23, 0.03,    0) /* UpperArm */
     , (2000240,  4,  4,  0,    0,    0,    0,    0,    0,    0,    0,    0,    0,    0, 2,    0,  0.3,    0,    0,  0.3,    0,    0,  0.3,    0,    0,  0.3,    0) /* LowerArm */
     , (2000240,  5,  4,  2, 0.75,    0,    0,    0,    0,    0,    0,    0,    0,    0, 2,    0,  0.2,    0,    0,  0.2,    0,    0,  0.2,    0,    0,  0.2,    0) /* Hand */
     , (2000240,  6,  4,  0,    0,    0,    0,    0,    0,    0,    0,    0,    0,    0, 3,    0, 0.13, 0.18,    0, 0.13, 0.18,    0, 0.13, 0.18,    0, 0.13, 0.18) /* UpperLeg */
     , (2000240,  7,  4,  0,    0,    0,    0,    0,    0,    0,    0,    0,    0,    0, 3,    0,    0,  0.6,    0,    0,  0.6,    0,    0,  0.6,    0,    0,  0.6) /* LowerLeg */
     , (2000240,  8,  4,  2, 0.75,    0,    0,    0,    0,    0,    0,    0,    0,    0, 3,    0,    0, 0.22,    0,    0, 0.22,    0,    0, 0.22,    0,    0, 0.22) /* Foot */;

INSERT INTO `weenie_properties_emote` (`object_Id`, `category`, `probability`, `weenie_Class_Id`, `style`, `substyle`, `quest`, `vendor_Type`, `min_Health`, `max_Health`)
VALUES (2000240,  7 /* Use */,      1, NULL, NULL, NULL, NULL, NULL, NULL, NULL);

SET @parent_id = LAST_INSERT_ID();

INSERT INTO `weenie_properties_emote_action` (`emote_Id`, `order`, `type`, `delay`, `extent`, `motion`, `message`, `test_String`, `min`, `max`, `min_64`, `max_64`, `min_Dbl`, `max_Dbl`, `stat`, `display`, `amount`, `amount_64`, `hero_X_P_64`, `percent`, `spell_Id`, `wealth_Rating`, `treasure_Class`, `treasure_Type`, `p_Script`, `sound`, `destination_Type`, `weenie_Class_Id`, `stack_Size`, `palette`, `shade`, `try_To_Bond`, `obj_Cell_Id`, `origin_X`, `origin_Y`, `origin_Z`, `angles_W`, `angles_X`, `angles_Y`, `angles_Z`)
VALUES (@parent_id,  0,  10 /* Tell */, 1.5, 1, NULL, 'I have heard Rumours of Golems in Mayoi, I hope everyone is staying safe.', NULL, NULL, NULL, NULL, NULL, NULL, NULL, NULL, NULL, NULL, NULL, NULL, NULL, NULL, NULL, NULL, NULL, NULL, NULL, NULL, NULL, NULL, NULL, NULL, NULL, NULL, NULL, NULL, NULL, NULL, NULL, NULL, NULL);

INSERT INTO `weenie_properties_create_list` (`object_Id`, `destination_Type`, `weenie_Class_Id`, `stack_Size`, `palette`, `shade`, `try_To_Bond`)
VALUES (2000240, 2,  2588,  0, 93, 1, False) /* Create Shirt (2588) for Wield */
     , (2000240, 2,  2597,  0, 86, 1, False) /* Create Pants (2597) for Wield */;

DELETE FROM `weenie` WHERE `class_Id` = 2000241;

INSERT INTO `weenie` (`class_Id`, `class_Name`, `type`, `last_Modified`)
VALUES (2000241, 'ace2000241-townfolk', 10, '2019-09-24 03:41:25') /* Creature */;

INSERT INTO `weenie_properties_int` (`object_Id`, `type`, `value`)
VALUES (2000241,   1,         16) /* ItemType - Creature */
     , (2000241,   2,         31) /* CreatureType - Human */
     , (2000241,   6,         -1) /* ItemsCapacity */
     , (2000241,   7,         -1) /* ContainersCapacity */
     , (2000241,   8,        120) /* Mass */
     , (2000241,  16,         32) /* ItemUseable - Remote */
     , (2000241,  25,         15) /* Level */
     , (2000241,  27,          0) /* ArmorType - None */
     , (2000241,  93,    6292504) /* PhysicsState - ReportCollisions, IgnoreCollisions, Gravity, ReportCollisionsAsEnvironment, EdgeSlide */
     , (2000241,  95,          8) /* RadarBlipColor - Yellow */
     , (2000241, 113,          1) /* Gender - Male */
     , (2000241, 133,          4) /* ShowableOnRadar - ShowAlways */
     , (2000241, 134,         16) /* PlayerKillerStatus - RubberGlue */
     , (2000241, 146,        293) /* XpOverride */
     , (2000241, 188,          1) /* HeritageGroup - Aluvian */;

INSERT INTO `weenie_properties_bool` (`object_Id`, `type`, `value`)
VALUES (2000241,   1, True ) /* Stuck */
     , (2000241,   8, True ) /* AllowGive */
     , (2000241,  11, True ) /* IgnoreCollisions */
     , (2000241,  12, True ) /* ReportCollisions */
     , (2000241,  13, False) /* Ethereal */
     , (2000241,  14, True ) /* GravityStatus */
     , (2000241,  19, False) /* Attackable */
     , (2000241,  29, True ) /* NoCorpse */
     , (2000241,  41, True ) /* ReportCollisionsAsEnvironment */
     , (2000241,  42, True ) /* AllowEdgeSlide */
     , (2000241,  52, True ) /* AiImmobile */
     , (2000241,  79, True ) /* AiAcceptEverything */;

INSERT INTO `weenie_properties_float` (`object_Id`, `type`, `value`)
VALUES (2000241,   1,       5) /* HeartbeatInterval */
     , (2000241,   2,       0) /* HeartbeatTimestamp */
     , (2000241,   3, 0.159999996423721) /* HealthRate */
     , (2000241,   4,       5) /* StaminaRate */
     , (2000241,   5,       1) /* ManaRate */
     , (2000241,  13, 0.899999976158142) /* ArmorModVsSlash */
     , (2000241,  14,       1) /* ArmorModVsPierce */
     , (2000241,  15, 1.10000002384186) /* ArmorModVsBludgeon */
     , (2000241,  16, 0.400000005960464) /* ArmorModVsCold */
     , (2000241,  17, 0.400000005960464) /* ArmorModVsFire */
     , (2000241,  18,       1) /* ArmorModVsAcid */
     , (2000241,  19, 0.600000023841858) /* ArmorModVsElectric */
     , (2000241,  54,       3) /* UseRadius */
     , (2000241,  64,       1) /* ResistSlash */
     , (2000241,  65,       1) /* ResistPierce */
     , (2000241,  66,       1) /* ResistBludgeon */
     , (2000241,  67,       1) /* ResistFire */
     , (2000241,  68,       1) /* ResistCold */
     , (2000241,  69,       1) /* ResistAcid */
     , (2000241,  70,       1) /* ResistElectric */
     , (2000241,  71,       1) /* ResistHealthBoost */
     , (2000241,  72,       1) /* ResistStaminaDrain */
     , (2000241,  73,       1) /* ResistStaminaBoost */
     , (2000241,  74,       1) /* ResistManaDrain */
     , (2000241,  75,       1) /* ResistManaBoost */
     , (2000241, 104,      10) /* ObviousRadarRange */
     , (2000241, 125,       1) /* ResistHealthDrain */;

INSERT INTO `weenie_properties_string` (`object_Id`, `type`, `value`)
VALUES (2000241,   1, 'Townfolk') /* Name */
     , (2000241,   3, 'Male') /* Sex */
     , (2000241,   4, 'Aluvian') /* HeritageGroup */;

INSERT INTO `weenie_properties_d_i_d` (`object_Id`, `type`, `value`)
VALUES (2000241,   1,   33554433) /* Setup */
     , (2000241,   2,  150994945) /* MotionTable */
     , (2000241,   3,  536870913) /* SoundTable */
     , (2000241,   4,  805306368) /* CombatTable */
     , (2000241,   6,   67108990) /* PaletteBase */
     , (2000241,   8,  100667446) /* Icon */
     , (2000241,   9,   83890437) /* EyesTexture */
     , (2000241,  10,   83890521) /* NoseTexture */
     , (2000241,  11,   83890627) /* MouthTexture */
     , (2000241,  15,   67116978) /* HairPalette */
     , (2000241,  16,   67109564) /* EyesPalette */
     , (2000241,  17,   67109558) /* SkinPalette */;

INSERT INTO `weenie_properties_attribute` (`object_Id`, `type`, `init_Level`, `level_From_C_P`, `c_P_Spent`)
VALUES (2000241,   1, 110, 0, 0) /* Strength */
     , (2000241,   2, 120, 0, 0) /* Endurance */
     , (2000241,   3, 120, 0, 0) /* Quickness */
     , (2000241,   4, 120, 0, 0) /* Coordination */
     , (2000241,   5, 100, 0, 0) /* Focus */
     , (2000241,   6, 100, 0, 0) /* Self */;

INSERT INTO `weenie_properties_attribute_2nd` (`object_Id`, `type`, `init_Level`, `level_From_C_P`, `c_P_Spent`, `current_Level`)
VALUES (2000241,   1,     0, 0, 0, 60) /* MaxHealth */
     , (2000241,   3,     0, 0, 0, 120) /* MaxStamina */
     , (2000241,   5,     0, 0, 0, 100) /* MaxMana */;

INSERT INTO `weenie_properties_skill` (`object_Id`, `type`, `level_From_P_P`, `s_a_c`, `p_p`, `init_Level`, `resistance_At_Last_Check`, `last_Used_Time`)
VALUES (2000241,  6, 0, 2, 0,   1, 0, 0) /* MeleeDefense        Trained */
     , (2000241,  7, 0, 2, 0,   1, 0, 0) /* MissileDefense      Trained */
     , (2000241, 13, 0, 2, 0,   1, 0, 0) /* UnarmedCombat       Trained */;

INSERT INTO `weenie_properties_body_part` (`object_Id`, `key`, `d_Type`, `d_Val`, `d_Var`, `base_Armor`, `armor_Vs_Slash`, `armor_Vs_Pierce`, `armor_Vs_Bludgeon`, `armor_Vs_Cold`, `armor_Vs_Fire`, `armor_Vs_Acid`, `armor_Vs_Electric`, `armor_Vs_Nether`, `b_h`, `h_l_f`, `m_l_f`, `l_l_f`, `h_r_f`, `m_r_f`, `l_r_f`, `h_l_b`, `m_l_b`, `l_l_b`, `h_r_b`, `m_r_b`, `l_r_b`)
VALUES (2000241,  0,  4,  0,    0,    0,    0,    0,    0,    0,    0,    0,    0,    0, 1, 0.33,    0,    0, 0.33,    0,    0, 0.33,    0,    0, 0.33,    0,    0) /* Head */
     , (2000241,  1,  4,  0,    0,    0,    0,    0,    0,    0,    0,    0,    0,    0, 2, 0.44, 0.17,    0, 0.44, 0.17,    0, 0.44, 0.17,    0, 0.44, 0.17,    0) /* Chest */
     , (2000241,  2,  4,  0,    0,    0,    0,    0,    0,    0,    0,    0,    0,    0, 3,    0, 0.17,    0,    0, 0.17,    0,    0, 0.17,    0,    0, 0.17,    0) /* Abdomen */
     , (2000241,  3,  4,  0,    0,    0,    0,    0,    0,    0,    0,    0,    0,    0, 1, 0.23, 0.03,    0, 0.23, 0.03,    0, 0.23, 0.03,    0, 0.23, 0.03,    0) /* UpperArm */
     , (2000241,  4,  4,  0,    0,    0,    0,    0,    0,    0,    0,    0,    0,    0, 2,    0,  0.3,    0,    0,  0.3,    0,    0,  0.3,    0,    0,  0.3,    0) /* LowerArm */
     , (2000241,  5,  4,  2, 0.75,    0,    0,    0,    0,    0,    0,    0,    0,    0, 2,    0,  0.2,    0,    0,  0.2,    0,    0,  0.2,    0,    0,  0.2,    0) /* Hand */
     , (2000241,  6,  4,  0,    0,    0,    0,    0,    0,    0,    0,    0,    0,    0, 3,    0, 0.13, 0.18,    0, 0.13, 0.18,    0, 0.13, 0.18,    0, 0.13, 0.18) /* UpperLeg */
     , (2000241,  7,  4,  0,    0,    0,    0,    0,    0,    0,    0,    0,    0,    0, 3,    0,    0,  0.6,    0,    0,  0.6,    0,    0,  0.6,    0,    0,  0.6) /* LowerLeg */
     , (2000241,  8,  4,  2, 0.75,    0,    0,    0,    0,    0,    0,    0,    0,    0, 3,    0,    0, 0.22,    0,    0, 0.22,    0,    0, 0.22,    0,    0, 0.22) /* Foot */;

INSERT INTO `weenie_properties_emote` (`object_Id`, `category`, `probability`, `weenie_Class_Id`, `style`, `substyle`, `quest`, `vendor_Type`, `min_Health`, `max_Health`)
VALUES (2000241,  7 /* Use */,      1, NULL, NULL, NULL, NULL, NULL, NULL, NULL);

SET @parent_id = LAST_INSERT_ID();

INSERT INTO `weenie_properties_emote_action` (`emote_Id`, `order`, `type`, `delay`, `extent`, `motion`, `message`, `test_String`, `min`, `max`, `min_64`, `max_64`, `min_Dbl`, `max_Dbl`, `stat`, `display`, `amount`, `amount_64`, `hero_X_P_64`, `percent`, `spell_Id`, `wealth_Rating`, `treasure_Class`, `treasure_Type`, `p_Script`, `sound`, `destination_Type`, `weenie_Class_Id`, `stack_Size`, `palette`, `shade`, `try_To_Bond`, `obj_Cell_Id`, `origin_X`, `origin_Y`, `origin_Z`, `angles_W`, `angles_X`, `angles_Y`, `angles_Z`)
VALUES (@parent_id,  0,  10 /* Tell */, 1.5, 1, NULL, 'Damn tuskers, seeing what they do to humans on that island of theirs is terrible.', NULL, NULL, NULL, NULL, NULL, NULL, NULL, NULL, NULL, NULL, NULL, NULL, NULL, NULL, NULL, NULL, NULL, NULL, NULL, NULL, NULL, NULL, NULL, NULL, NULL, NULL, NULL, NULL, NULL, NULL, NULL, NULL, NULL);

INSERT INTO `weenie_properties_create_list` (`object_Id`, `destination_Type`, `weenie_Class_Id`, `stack_Size`, `palette`, `shade`, `try_To_Bond`)
VALUES (2000241, 2,  2588,  0, 88, 1, False) /* Create Shirt (2588) for Wield */
     , (2000241, 2,  2597,  0, 86, 1, False) /* Create Pants (2597) for Wield */;

DELETE FROM `weenie` WHERE `class_Id` = 2000242;

INSERT INTO `weenie` (`class_Id`, `class_Name`, `type`, `last_Modified`)
VALUES (2000242, 'ace2000242-townfolk', 10, '2019-09-24 03:41:26') /* Creature */;

INSERT INTO `weenie_properties_int` (`object_Id`, `type`, `value`)
VALUES (2000242,   1,         16) /* ItemType - Creature */
     , (2000242,   2,         31) /* CreatureType - Human */
     , (2000242,   6,         -1) /* ItemsCapacity */
     , (2000242,   7,         -1) /* ContainersCapacity */
     , (2000242,   8,        120) /* Mass */
     , (2000242,  16,         32) /* ItemUseable - Remote */
     , (2000242,  25,         15) /* Level */
     , (2000242,  27,          0) /* ArmorType - None */
     , (2000242,  93,    6292504) /* PhysicsState - ReportCollisions, IgnoreCollisions, Gravity, ReportCollisionsAsEnvironment, EdgeSlide */
     , (2000242,  95,          8) /* RadarBlipColor - Yellow */
     , (2000242, 113,          1) /* Gender - Male */
     , (2000242, 133,          4) /* ShowableOnRadar - ShowAlways */
     , (2000242, 134,         16) /* PlayerKillerStatus - RubberGlue */
     , (2000242, 146,        293) /* XpOverride */
     , (2000242, 188,          1) /* HeritageGroup - Aluvian */;

INSERT INTO `weenie_properties_bool` (`object_Id`, `type`, `value`)
VALUES (2000242,   1, True ) /* Stuck */
     , (2000242,   8, True ) /* AllowGive */
     , (2000242,  11, True ) /* IgnoreCollisions */
     , (2000242,  12, True ) /* ReportCollisions */
     , (2000242,  13, False) /* Ethereal */
     , (2000242,  14, True ) /* GravityStatus */
     , (2000242,  19, False) /* Attackable */
     , (2000242,  29, True ) /* NoCorpse */
     , (2000242,  41, True ) /* ReportCollisionsAsEnvironment */
     , (2000242,  42, True ) /* AllowEdgeSlide */
     , (2000242,  52, True ) /* AiImmobile */
     , (2000242,  79, True ) /* AiAcceptEverything */;

INSERT INTO `weenie_properties_float` (`object_Id`, `type`, `value`)
VALUES (2000242,   1,       5) /* HeartbeatInterval */
     , (2000242,   2,       0) /* HeartbeatTimestamp */
     , (2000242,   3, 0.159999996423721) /* HealthRate */
     , (2000242,   4,       5) /* StaminaRate */
     , (2000242,   5,       1) /* ManaRate */
     , (2000242,  13, 0.899999976158142) /* ArmorModVsSlash */
     , (2000242,  14,       1) /* ArmorModVsPierce */
     , (2000242,  15, 1.10000002384186) /* ArmorModVsBludgeon */
     , (2000242,  16, 0.400000005960464) /* ArmorModVsCold */
     , (2000242,  17, 0.400000005960464) /* ArmorModVsFire */
     , (2000242,  18,       1) /* ArmorModVsAcid */
     , (2000242,  19, 0.600000023841858) /* ArmorModVsElectric */
     , (2000242,  54,       3) /* UseRadius */
     , (2000242,  64,       1) /* ResistSlash */
     , (2000242,  65,       1) /* ResistPierce */
     , (2000242,  66,       1) /* ResistBludgeon */
     , (2000242,  67,       1) /* ResistFire */
     , (2000242,  68,       1) /* ResistCold */
     , (2000242,  69,       1) /* ResistAcid */
     , (2000242,  70,       1) /* ResistElectric */
     , (2000242,  71,       1) /* ResistHealthBoost */
     , (2000242,  72,       1) /* ResistStaminaDrain */
     , (2000242,  73,       1) /* ResistStaminaBoost */
     , (2000242,  74,       1) /* ResistManaDrain */
     , (2000242,  75,       1) /* ResistManaBoost */
     , (2000242, 104,      10) /* ObviousRadarRange */
     , (2000242, 125,       1) /* ResistHealthDrain */;

INSERT INTO `weenie_properties_string` (`object_Id`, `type`, `value`)
VALUES (2000242,   1, 'Townfolk') /* Name */
     , (2000242,   3, 'Male') /* Sex */
     , (2000242,   4, 'Aluvian') /* HeritageGroup */;

INSERT INTO `weenie_properties_d_i_d` (`object_Id`, `type`, `value`)
VALUES (2000242,   1,   33554433) /* Setup */
     , (2000242,   2,  150994945) /* MotionTable */
     , (2000242,   3,  536870913) /* SoundTable */
     , (2000242,   4,  805306368) /* CombatTable */
     , (2000242,   6,   67108990) /* PaletteBase */
     , (2000242,   8,  100667446) /* Icon */
     , (2000242,   9,   83890437) /* EyesTexture */
     , (2000242,  10,   83890521) /* NoseTexture */
     , (2000242,  11,   83890627) /* MouthTexture */
     , (2000242,  15,   67116978) /* HairPalette */
     , (2000242,  16,   67109564) /* EyesPalette */
     , (2000242,  17,   67109558) /* SkinPalette */;

INSERT INTO `weenie_properties_attribute` (`object_Id`, `type`, `init_Level`, `level_From_C_P`, `c_P_Spent`)
VALUES (2000242,   1, 110, 0, 0) /* Strength */
     , (2000242,   2, 120, 0, 0) /* Endurance */
     , (2000242,   3, 120, 0, 0) /* Quickness */
     , (2000242,   4, 120, 0, 0) /* Coordination */
     , (2000242,   5, 100, 0, 0) /* Focus */
     , (2000242,   6, 100, 0, 0) /* Self */;

INSERT INTO `weenie_properties_attribute_2nd` (`object_Id`, `type`, `init_Level`, `level_From_C_P`, `c_P_Spent`, `current_Level`)
VALUES (2000242,   1,     0, 0, 0, 60) /* MaxHealth */
     , (2000242,   3,     0, 0, 0, 120) /* MaxStamina */
     , (2000242,   5,     0, 0, 0, 100) /* MaxMana */;

INSERT INTO `weenie_properties_skill` (`object_Id`, `type`, `level_From_P_P`, `s_a_c`, `p_p`, `init_Level`, `resistance_At_Last_Check`, `last_Used_Time`)
VALUES (2000242,  6, 0, 2, 0,   1, 0, 0) /* MeleeDefense        Trained */
     , (2000242,  7, 0, 2, 0,   1, 0, 0) /* MissileDefense      Trained */
     , (2000242, 13, 0, 2, 0,   1, 0, 0) /* UnarmedCombat       Trained */;

INSERT INTO `weenie_properties_body_part` (`object_Id`, `key`, `d_Type`, `d_Val`, `d_Var`, `base_Armor`, `armor_Vs_Slash`, `armor_Vs_Pierce`, `armor_Vs_Bludgeon`, `armor_Vs_Cold`, `armor_Vs_Fire`, `armor_Vs_Acid`, `armor_Vs_Electric`, `armor_Vs_Nether`, `b_h`, `h_l_f`, `m_l_f`, `l_l_f`, `h_r_f`, `m_r_f`, `l_r_f`, `h_l_b`, `m_l_b`, `l_l_b`, `h_r_b`, `m_r_b`, `l_r_b`)
VALUES (2000242,  0,  4,  0,    0,    0,    0,    0,    0,    0,    0,    0,    0,    0, 1, 0.33,    0,    0, 0.33,    0,    0, 0.33,    0,    0, 0.33,    0,    0) /* Head */
     , (2000242,  1,  4,  0,    0,    0,    0,    0,    0,    0,    0,    0,    0,    0, 2, 0.44, 0.17,    0, 0.44, 0.17,    0, 0.44, 0.17,    0, 0.44, 0.17,    0) /* Chest */
     , (2000242,  2,  4,  0,    0,    0,    0,    0,    0,    0,    0,    0,    0,    0, 3,    0, 0.17,    0,    0, 0.17,    0,    0, 0.17,    0,    0, 0.17,    0) /* Abdomen */
     , (2000242,  3,  4,  0,    0,    0,    0,    0,    0,    0,    0,    0,    0,    0, 1, 0.23, 0.03,    0, 0.23, 0.03,    0, 0.23, 0.03,    0, 0.23, 0.03,    0) /* UpperArm */
     , (2000242,  4,  4,  0,    0,    0,    0,    0,    0,    0,    0,    0,    0,    0, 2,    0,  0.3,    0,    0,  0.3,    0,    0,  0.3,    0,    0,  0.3,    0) /* LowerArm */
     , (2000242,  5,  4,  2, 0.75,    0,    0,    0,    0,    0,    0,    0,    0,    0, 2,    0,  0.2,    0,    0,  0.2,    0,    0,  0.2,    0,    0,  0.2,    0) /* Hand */
     , (2000242,  6,  4,  0,    0,    0,    0,    0,    0,    0,    0,    0,    0,    0, 3,    0, 0.13, 0.18,    0, 0.13, 0.18,    0, 0.13, 0.18,    0, 0.13, 0.18) /* UpperLeg */
     , (2000242,  7,  4,  0,    0,    0,    0,    0,    0,    0,    0,    0,    0,    0, 3,    0,    0,  0.6,    0,    0,  0.6,    0,    0,  0.6,    0,    0,  0.6) /* LowerLeg */
     , (2000242,  8,  4,  2, 0.75,    0,    0,    0,    0,    0,    0,    0,    0,    0, 3,    0,    0, 0.22,    0,    0, 0.22,    0,    0, 0.22,    0,    0, 0.22) /* Foot */;

INSERT INTO `weenie_properties_emote` (`object_Id`, `category`, `probability`, `weenie_Class_Id`, `style`, `substyle`, `quest`, `vendor_Type`, `min_Health`, `max_Health`)
VALUES (2000242,  7 /* Use */,      1, NULL, NULL, NULL, NULL, NULL, NULL, NULL);

SET @parent_id = LAST_INSERT_ID();

INSERT INTO `weenie_properties_emote_action` (`emote_Id`, `order`, `type`, `delay`, `extent`, `motion`, `message`, `test_String`, `min`, `max`, `min_64`, `max_64`, `min_Dbl`, `max_Dbl`, `stat`, `display`, `amount`, `amount_64`, `hero_X_P_64`, `percent`, `spell_Id`, `wealth_Rating`, `treasure_Class`, `treasure_Type`, `p_Script`, `sound`, `destination_Type`, `weenie_Class_Id`, `stack_Size`, `palette`, `shade`, `try_To_Bond`, `obj_Cell_Id`, `origin_X`, `origin_Y`, `origin_Z`, `angles_W`, `angles_X`, `angles_Y`, `angles_Z`)
VALUES (@parent_id,  0,  10 /* Tell */, 1.5, 1, NULL, 'My Wife was once a great adventurer, but the Lifestone became very fond of him.
', NULL, NULL, NULL, NULL, NULL, NULL, NULL, NULL, NULL, NULL, NULL, NULL, NULL, NULL, NULL, NULL, NULL, NULL, NULL, NULL, NULL, NULL, NULL, NULL, NULL, NULL, NULL, NULL, NULL, NULL, NULL, NULL, NULL);

INSERT INTO `weenie_properties_create_list` (`object_Id`, `destination_Type`, `weenie_Class_Id`, `stack_Size`, `palette`, `shade`, `try_To_Bond`)
VALUES (2000242, 2,  5853,  0, 91, 1, False) /* Create Dho Vest and Robe (5853) for Wield */
     , (2000242, 2,  2597,  0, 86, 1, False) /* Create Pants (2597) for Wield */;

DELETE FROM `weenie` WHERE `class_Id` = 2000243;

INSERT INTO `weenie` (`class_Id`, `class_Name`, `type`, `last_Modified`)
VALUES (2000243, 'ace2000243-townfolk', 10, '2019-09-24 03:41:28') /* Creature */;

INSERT INTO `weenie_properties_int` (`object_Id`, `type`, `value`)
VALUES (2000243,   1,         16) /* ItemType - Creature */
     , (2000243,   2,         31) /* CreatureType - Human */
     , (2000243,   6,         -1) /* ItemsCapacity */
     , (2000243,   7,         -1) /* ContainersCapacity */
     , (2000243,   8,        120) /* Mass */
     , (2000243,  16,         32) /* ItemUseable - Remote */
     , (2000243,  25,         15) /* Level */
     , (2000243,  27,          0) /* ArmorType - None */
     , (2000243,  93,    6292504) /* PhysicsState - ReportCollisions, IgnoreCollisions, Gravity, ReportCollisionsAsEnvironment, EdgeSlide */
     , (2000243,  95,          8) /* RadarBlipColor - Yellow */
     , (2000243, 113,          1) /* Gender - Male */
     , (2000243, 133,          4) /* ShowableOnRadar - ShowAlways */
     , (2000243, 134,         16) /* PlayerKillerStatus - RubberGlue */
     , (2000243, 146,        293) /* XpOverride */
     , (2000243, 188,          1) /* HeritageGroup - Aluvian */;

INSERT INTO `weenie_properties_bool` (`object_Id`, `type`, `value`)
VALUES (2000243,   1, True ) /* Stuck */
     , (2000243,   8, True ) /* AllowGive */
     , (2000243,  11, True ) /* IgnoreCollisions */
     , (2000243,  12, True ) /* ReportCollisions */
     , (2000243,  13, False) /* Ethereal */
     , (2000243,  14, True ) /* GravityStatus */
     , (2000243,  19, False) /* Attackable */
     , (2000243,  29, True ) /* NoCorpse */
     , (2000243,  41, True ) /* ReportCollisionsAsEnvironment */
     , (2000243,  42, True ) /* AllowEdgeSlide */
     , (2000243,  52, True ) /* AiImmobile */
     , (2000243,  79, True ) /* AiAcceptEverything */;

INSERT INTO `weenie_properties_float` (`object_Id`, `type`, `value`)
VALUES (2000243,   1,       5) /* HeartbeatInterval */
     , (2000243,   2,       0) /* HeartbeatTimestamp */
     , (2000243,   3, 0.159999996423721) /* HealthRate */
     , (2000243,   4,       5) /* StaminaRate */
     , (2000243,   5,       1) /* ManaRate */
     , (2000243,  13, 0.899999976158142) /* ArmorModVsSlash */
     , (2000243,  14,       1) /* ArmorModVsPierce */
     , (2000243,  15, 1.10000002384186) /* ArmorModVsBludgeon */
     , (2000243,  16, 0.400000005960464) /* ArmorModVsCold */
     , (2000243,  17, 0.400000005960464) /* ArmorModVsFire */
     , (2000243,  18,       1) /* ArmorModVsAcid */
     , (2000243,  19, 0.600000023841858) /* ArmorModVsElectric */
     , (2000243,  54,       3) /* UseRadius */
     , (2000243,  64,       1) /* ResistSlash */
     , (2000243,  65,       1) /* ResistPierce */
     , (2000243,  66,       1) /* ResistBludgeon */
     , (2000243,  67,       1) /* ResistFire */
     , (2000243,  68,       1) /* ResistCold */
     , (2000243,  69,       1) /* ResistAcid */
     , (2000243,  70,       1) /* ResistElectric */
     , (2000243,  71,       1) /* ResistHealthBoost */
     , (2000243,  72,       1) /* ResistStaminaDrain */
     , (2000243,  73,       1) /* ResistStaminaBoost */
     , (2000243,  74,       1) /* ResistManaDrain */
     , (2000243,  75,       1) /* ResistManaBoost */
     , (2000243, 104,      10) /* ObviousRadarRange */
     , (2000243, 125,       1) /* ResistHealthDrain */;

INSERT INTO `weenie_properties_string` (`object_Id`, `type`, `value`)
VALUES (2000243,   1, 'Townfolk') /* Name */
     , (2000243,   3, 'Male') /* Sex */
     , (2000243,   4, 'Aluvian') /* HeritageGroup */;

INSERT INTO `weenie_properties_d_i_d` (`object_Id`, `type`, `value`)
VALUES (2000243,   1,   33554433) /* Setup */
     , (2000243,   2,  150994945) /* MotionTable */
     , (2000243,   3,  536870913) /* SoundTable */
     , (2000243,   4,  805306368) /* CombatTable */
     , (2000243,   6,   67108990) /* PaletteBase */
     , (2000243,   8,  100667446) /* Icon */
     , (2000243,   9,   83890437) /* EyesTexture */
     , (2000243,  10,   83890521) /* NoseTexture */
     , (2000243,  11,   83890627) /* MouthTexture */
     , (2000243,  15,   67116978) /* HairPalette */
     , (2000243,  16,   67109564) /* EyesPalette */
     , (2000243,  17,   67109558) /* SkinPalette */;

INSERT INTO `weenie_properties_attribute` (`object_Id`, `type`, `init_Level`, `level_From_C_P`, `c_P_Spent`)
VALUES (2000243,   1, 110, 0, 0) /* Strength */
     , (2000243,   2, 120, 0, 0) /* Endurance */
     , (2000243,   3, 120, 0, 0) /* Quickness */
     , (2000243,   4, 120, 0, 0) /* Coordination */
     , (2000243,   5, 100, 0, 0) /* Focus */
     , (2000243,   6, 100, 0, 0) /* Self */;

INSERT INTO `weenie_properties_attribute_2nd` (`object_Id`, `type`, `init_Level`, `level_From_C_P`, `c_P_Spent`, `current_Level`)
VALUES (2000243,   1,     0, 0, 0, 60) /* MaxHealth */
     , (2000243,   3,     0, 0, 0, 120) /* MaxStamina */
     , (2000243,   5,     0, 0, 0, 100) /* MaxMana */;

INSERT INTO `weenie_properties_skill` (`object_Id`, `type`, `level_From_P_P`, `s_a_c`, `p_p`, `init_Level`, `resistance_At_Last_Check`, `last_Used_Time`)
VALUES (2000243,  6, 0, 2, 0,   1, 0, 0) /* MeleeDefense        Trained */
     , (2000243,  7, 0, 2, 0,   1, 0, 0) /* MissileDefense      Trained */
     , (2000243, 13, 0, 2, 0,   1, 0, 0) /* UnarmedCombat       Trained */;

INSERT INTO `weenie_properties_body_part` (`object_Id`, `key`, `d_Type`, `d_Val`, `d_Var`, `base_Armor`, `armor_Vs_Slash`, `armor_Vs_Pierce`, `armor_Vs_Bludgeon`, `armor_Vs_Cold`, `armor_Vs_Fire`, `armor_Vs_Acid`, `armor_Vs_Electric`, `armor_Vs_Nether`, `b_h`, `h_l_f`, `m_l_f`, `l_l_f`, `h_r_f`, `m_r_f`, `l_r_f`, `h_l_b`, `m_l_b`, `l_l_b`, `h_r_b`, `m_r_b`, `l_r_b`)
VALUES (2000243,  0,  4,  0,    0,    0,    0,    0,    0,    0,    0,    0,    0,    0, 1, 0.33,    0,    0, 0.33,    0,    0, 0.33,    0,    0, 0.33,    0,    0) /* Head */
     , (2000243,  1,  4,  0,    0,    0,    0,    0,    0,    0,    0,    0,    0,    0, 2, 0.44, 0.17,    0, 0.44, 0.17,    0, 0.44, 0.17,    0, 0.44, 0.17,    0) /* Chest */
     , (2000243,  2,  4,  0,    0,    0,    0,    0,    0,    0,    0,    0,    0,    0, 3,    0, 0.17,    0,    0, 0.17,    0,    0, 0.17,    0,    0, 0.17,    0) /* Abdomen */
     , (2000243,  3,  4,  0,    0,    0,    0,    0,    0,    0,    0,    0,    0,    0, 1, 0.23, 0.03,    0, 0.23, 0.03,    0, 0.23, 0.03,    0, 0.23, 0.03,    0) /* UpperArm */
     , (2000243,  4,  4,  0,    0,    0,    0,    0,    0,    0,    0,    0,    0,    0, 2,    0,  0.3,    0,    0,  0.3,    0,    0,  0.3,    0,    0,  0.3,    0) /* LowerArm */
     , (2000243,  5,  4,  2, 0.75,    0,    0,    0,    0,    0,    0,    0,    0,    0, 2,    0,  0.2,    0,    0,  0.2,    0,    0,  0.2,    0,    0,  0.2,    0) /* Hand */
     , (2000243,  6,  4,  0,    0,    0,    0,    0,    0,    0,    0,    0,    0,    0, 3,    0, 0.13, 0.18,    0, 0.13, 0.18,    0, 0.13, 0.18,    0, 0.13, 0.18) /* UpperLeg */
     , (2000243,  7,  4,  0,    0,    0,    0,    0,    0,    0,    0,    0,    0,    0, 3,    0,    0,  0.6,    0,    0,  0.6,    0,    0,  0.6,    0,    0,  0.6) /* LowerLeg */
     , (2000243,  8,  4,  2, 0.75,    0,    0,    0,    0,    0,    0,    0,    0,    0, 3,    0,    0, 0.22,    0,    0, 0.22,    0,    0, 0.22,    0,    0, 0.22) /* Foot */;

INSERT INTO `weenie_properties_emote` (`object_Id`, `category`, `probability`, `weenie_Class_Id`, `style`, `substyle`, `quest`, `vendor_Type`, `min_Health`, `max_Health`)
VALUES (2000243,  7 /* Use */,      1, NULL, NULL, NULL, NULL, NULL, NULL, NULL);

SET @parent_id = LAST_INSERT_ID();

INSERT INTO `weenie_properties_emote_action` (`emote_Id`, `order`, `type`, `delay`, `extent`, `motion`, `message`, `test_String`, `min`, `max`, `min_64`, `max_64`, `min_Dbl`, `max_Dbl`, `stat`, `display`, `amount`, `amount_64`, `hero_X_P_64`, `percent`, `spell_Id`, `wealth_Rating`, `treasure_Class`, `treasure_Type`, `p_Script`, `sound`, `destination_Type`, `weenie_Class_Id`, `stack_Size`, `palette`, `shade`, `try_To_Bond`, `obj_Cell_Id`, `origin_X`, `origin_Y`, `origin_Z`, `angles_W`, `angles_X`, `angles_Y`, `angles_Z`)
VALUES (@parent_id,  0,  10 /* Tell */, 1.5, 1, NULL, 'I love the sound of Children in the air.', NULL, NULL, NULL, NULL, NULL, NULL, NULL, NULL, NULL, NULL, NULL, NULL, NULL, NULL, NULL, NULL, NULL, NULL, NULL, NULL, NULL, NULL, NULL, NULL, NULL, NULL, NULL, NULL, NULL, NULL, NULL, NULL, NULL);

INSERT INTO `weenie_properties_create_list` (`object_Id`, `destination_Type`, `weenie_Class_Id`, `stack_Size`, `palette`, `shade`, `try_To_Bond`)
VALUES (2000243, 2,  2588,  0, 90, 1, False) /* Create Shirt (2588) for Wield */
     , (2000243, 2,  2597,  0, 84, 1, False) /* Create Pants (2597) for Wield */;

DELETE FROM `weenie` WHERE `class_Id` = 2000244;

INSERT INTO `weenie` (`class_Id`, `class_Name`, `type`, `last_Modified`)
VALUES (2000244, 'ace2000244-townfolk', 10, '2019-09-24 03:41:29') /* Creature */;

INSERT INTO `weenie_properties_int` (`object_Id`, `type`, `value`)
VALUES (2000244,   1,         16) /* ItemType - Creature */
     , (2000244,   2,         31) /* CreatureType - Human */
     , (2000244,   6,         -1) /* ItemsCapacity */
     , (2000244,   7,         -1) /* ContainersCapacity */
     , (2000244,   8,        120) /* Mass */
     , (2000244,  16,         32) /* ItemUseable - Remote */
     , (2000244,  25,         15) /* Level */
     , (2000244,  27,          0) /* ArmorType - None */
     , (2000244,  93,    6292504) /* PhysicsState - ReportCollisions, IgnoreCollisions, Gravity, ReportCollisionsAsEnvironment, EdgeSlide */
     , (2000244,  95,          8) /* RadarBlipColor - Yellow */
     , (2000244, 113,          1) /* Gender - Male */
     , (2000244, 133,          4) /* ShowableOnRadar - ShowAlways */
     , (2000244, 134,         16) /* PlayerKillerStatus - RubberGlue */
     , (2000244, 146,        293) /* XpOverride */
     , (2000244, 188,          1) /* HeritageGroup - Aluvian */;

INSERT INTO `weenie_properties_bool` (`object_Id`, `type`, `value`)
VALUES (2000244,   1, True ) /* Stuck */
     , (2000244,   8, True ) /* AllowGive */
     , (2000244,  11, True ) /* IgnoreCollisions */
     , (2000244,  12, True ) /* ReportCollisions */
     , (2000244,  13, False) /* Ethereal */
     , (2000244,  14, True ) /* GravityStatus */
     , (2000244,  19, False) /* Attackable */
     , (2000244,  29, True ) /* NoCorpse */
     , (2000244,  41, True ) /* ReportCollisionsAsEnvironment */
     , (2000244,  42, True ) /* AllowEdgeSlide */
     , (2000244,  52, True ) /* AiImmobile */
     , (2000244,  79, True ) /* AiAcceptEverything */;

INSERT INTO `weenie_properties_float` (`object_Id`, `type`, `value`)
VALUES (2000244,   1,       5) /* HeartbeatInterval */
     , (2000244,   2,       0) /* HeartbeatTimestamp */
     , (2000244,   3, 0.159999996423721) /* HealthRate */
     , (2000244,   4,       5) /* StaminaRate */
     , (2000244,   5,       1) /* ManaRate */
     , (2000244,  13, 0.899999976158142) /* ArmorModVsSlash */
     , (2000244,  14,       1) /* ArmorModVsPierce */
     , (2000244,  15, 1.10000002384186) /* ArmorModVsBludgeon */
     , (2000244,  16, 0.400000005960464) /* ArmorModVsCold */
     , (2000244,  17, 0.400000005960464) /* ArmorModVsFire */
     , (2000244,  18,       1) /* ArmorModVsAcid */
     , (2000244,  19, 0.600000023841858) /* ArmorModVsElectric */
     , (2000244,  54,       3) /* UseRadius */
     , (2000244,  64,       1) /* ResistSlash */
     , (2000244,  65,       1) /* ResistPierce */
     , (2000244,  66,       1) /* ResistBludgeon */
     , (2000244,  67,       1) /* ResistFire */
     , (2000244,  68,       1) /* ResistCold */
     , (2000244,  69,       1) /* ResistAcid */
     , (2000244,  70,       1) /* ResistElectric */
     , (2000244,  71,       1) /* ResistHealthBoost */
     , (2000244,  72,       1) /* ResistStaminaDrain */
     , (2000244,  73,       1) /* ResistStaminaBoost */
     , (2000244,  74,       1) /* ResistManaDrain */
     , (2000244,  75,       1) /* ResistManaBoost */
     , (2000244, 104,      10) /* ObviousRadarRange */
     , (2000244, 125,       1) /* ResistHealthDrain */;

INSERT INTO `weenie_properties_string` (`object_Id`, `type`, `value`)
VALUES (2000244,   1, 'Townfolk') /* Name */
     , (2000244,   3, 'Male') /* Sex */
     , (2000244,   4, 'Aluvian') /* HeritageGroup */;

INSERT INTO `weenie_properties_d_i_d` (`object_Id`, `type`, `value`)
VALUES (2000244,   1,   33554433) /* Setup */
     , (2000244,   2,  150994945) /* MotionTable */
     , (2000244,   3,  536870913) /* SoundTable */
     , (2000244,   4,  805306368) /* CombatTable */
     , (2000244,   6,   67108990) /* PaletteBase */
     , (2000244,   8,  100667446) /* Icon */
     , (2000244,   9,   83890437) /* EyesTexture */
     , (2000244,  10,   83890521) /* NoseTexture */
     , (2000244,  11,   83890627) /* MouthTexture */
     , (2000244,  15,   67116978) /* HairPalette */
     , (2000244,  16,   67109564) /* EyesPalette */
     , (2000244,  17,   67109558) /* SkinPalette */;

INSERT INTO `weenie_properties_attribute` (`object_Id`, `type`, `init_Level`, `level_From_C_P`, `c_P_Spent`)
VALUES (2000244,   1, 110, 0, 0) /* Strength */
     , (2000244,   2, 120, 0, 0) /* Endurance */
     , (2000244,   3, 120, 0, 0) /* Quickness */
     , (2000244,   4, 120, 0, 0) /* Coordination */
     , (2000244,   5, 100, 0, 0) /* Focus */
     , (2000244,   6, 100, 0, 0) /* Self */;

INSERT INTO `weenie_properties_attribute_2nd` (`object_Id`, `type`, `init_Level`, `level_From_C_P`, `c_P_Spent`, `current_Level`)
VALUES (2000244,   1,     0, 0, 0, 60) /* MaxHealth */
     , (2000244,   3,     0, 0, 0, 120) /* MaxStamina */
     , (2000244,   5,     0, 0, 0, 100) /* MaxMana */;

INSERT INTO `weenie_properties_skill` (`object_Id`, `type`, `level_From_P_P`, `s_a_c`, `p_p`, `init_Level`, `resistance_At_Last_Check`, `last_Used_Time`)
VALUES (2000244,  6, 0, 2, 0,   1, 0, 0) /* MeleeDefense        Trained */
     , (2000244,  7, 0, 2, 0,   1, 0, 0) /* MissileDefense      Trained */
     , (2000244, 13, 0, 2, 0,   1, 0, 0) /* UnarmedCombat       Trained */;

INSERT INTO `weenie_properties_body_part` (`object_Id`, `key`, `d_Type`, `d_Val`, `d_Var`, `base_Armor`, `armor_Vs_Slash`, `armor_Vs_Pierce`, `armor_Vs_Bludgeon`, `armor_Vs_Cold`, `armor_Vs_Fire`, `armor_Vs_Acid`, `armor_Vs_Electric`, `armor_Vs_Nether`, `b_h`, `h_l_f`, `m_l_f`, `l_l_f`, `h_r_f`, `m_r_f`, `l_r_f`, `h_l_b`, `m_l_b`, `l_l_b`, `h_r_b`, `m_r_b`, `l_r_b`)
VALUES (2000244,  0,  4,  0,    0,    0,    0,    0,    0,    0,    0,    0,    0,    0, 1, 0.33,    0,    0, 0.33,    0,    0, 0.33,    0,    0, 0.33,    0,    0) /* Head */
     , (2000244,  1,  4,  0,    0,    0,    0,    0,    0,    0,    0,    0,    0,    0, 2, 0.44, 0.17,    0, 0.44, 0.17,    0, 0.44, 0.17,    0, 0.44, 0.17,    0) /* Chest */
     , (2000244,  2,  4,  0,    0,    0,    0,    0,    0,    0,    0,    0,    0,    0, 3,    0, 0.17,    0,    0, 0.17,    0,    0, 0.17,    0,    0, 0.17,    0) /* Abdomen */
     , (2000244,  3,  4,  0,    0,    0,    0,    0,    0,    0,    0,    0,    0,    0, 1, 0.23, 0.03,    0, 0.23, 0.03,    0, 0.23, 0.03,    0, 0.23, 0.03,    0) /* UpperArm */
     , (2000244,  4,  4,  0,    0,    0,    0,    0,    0,    0,    0,    0,    0,    0, 2,    0,  0.3,    0,    0,  0.3,    0,    0,  0.3,    0,    0,  0.3,    0) /* LowerArm */
     , (2000244,  5,  4,  2, 0.75,    0,    0,    0,    0,    0,    0,    0,    0,    0, 2,    0,  0.2,    0,    0,  0.2,    0,    0,  0.2,    0,    0,  0.2,    0) /* Hand */
     , (2000244,  6,  4,  0,    0,    0,    0,    0,    0,    0,    0,    0,    0,    0, 3,    0, 0.13, 0.18,    0, 0.13, 0.18,    0, 0.13, 0.18,    0, 0.13, 0.18) /* UpperLeg */
     , (2000244,  7,  4,  0,    0,    0,    0,    0,    0,    0,    0,    0,    0,    0, 3,    0,    0,  0.6,    0,    0,  0.6,    0,    0,  0.6,    0,    0,  0.6) /* LowerLeg */
     , (2000244,  8,  4,  2, 0.75,    0,    0,    0,    0,    0,    0,    0,    0,    0, 3,    0,    0, 0.22,    0,    0, 0.22,    0,    0, 0.22,    0,    0, 0.22) /* Foot */;

INSERT INTO `weenie_properties_emote` (`object_Id`, `category`, `probability`, `weenie_Class_Id`, `style`, `substyle`, `quest`, `vendor_Type`, `min_Health`, `max_Health`)
VALUES (2000244,  7 /* Use */,      1, NULL, NULL, NULL, NULL, NULL, NULL, NULL);

SET @parent_id = LAST_INSERT_ID();

INSERT INTO `weenie_properties_emote_action` (`emote_Id`, `order`, `type`, `delay`, `extent`, `motion`, `message`, `test_String`, `min`, `max`, `min_64`, `max_64`, `min_Dbl`, `max_Dbl`, `stat`, `display`, `amount`, `amount_64`, `hero_X_P_64`, `percent`, `spell_Id`, `wealth_Rating`, `treasure_Class`, `treasure_Type`, `p_Script`, `sound`, `destination_Type`, `weenie_Class_Id`, `stack_Size`, `palette`, `shade`, `try_To_Bond`, `obj_Cell_Id`, `origin_X`, `origin_Y`, `origin_Z`, `angles_W`, `angles_X`, `angles_Y`, `angles_Z`)
VALUES (@parent_id,  0,  10 /* Tell */, 1.5, 1, NULL, 'I heard Baishi was under assault by a Lugian recently, silly little thing from what I heard.', NULL, NULL, NULL, NULL, NULL, NULL, NULL, NULL, NULL, NULL, NULL, NULL, NULL, NULL, NULL, NULL, NULL, NULL, NULL, NULL, NULL, NULL, NULL, NULL, NULL, NULL, NULL, NULL, NULL, NULL, NULL, NULL, NULL);

INSERT INTO `weenie_properties_create_list` (`object_Id`, `destination_Type`, `weenie_Class_Id`, `stack_Size`, `palette`, `shade`, `try_To_Bond`)
VALUES (2000244, 2,  2588,  0, 88, 1, False) /* Create Shirt (2588) for Wield */
     , (2000244, 2,  2597,  0, 87, 1, False) /* Create Pants (2597) for Wield */;

DELETE FROM `weenie` WHERE `class_Id` = 2000245;

INSERT INTO `weenie` (`class_Id`, `class_Name`, `type`, `last_Modified`)
VALUES (2000245, 'ace2000245-townfolk', 10, '2019-09-24 03:41:30') /* Creature */;

INSERT INTO `weenie_properties_int` (`object_Id`, `type`, `value`)
VALUES (2000245,   1,         16) /* ItemType - Creature */
     , (2000245,   2,         31) /* CreatureType - Human */
     , (2000245,   6,         -1) /* ItemsCapacity */
     , (2000245,   7,         -1) /* ContainersCapacity */
     , (2000245,   8,        120) /* Mass */
     , (2000245,  16,         32) /* ItemUseable - Remote */
     , (2000245,  25,         15) /* Level */
     , (2000245,  27,          0) /* ArmorType - None */
     , (2000245,  93,    6292504) /* PhysicsState - ReportCollisions, IgnoreCollisions, Gravity, ReportCollisionsAsEnvironment, EdgeSlide */
     , (2000245,  95,          8) /* RadarBlipColor - Yellow */
     , (2000245, 113,          1) /* Gender - Male */
     , (2000245, 133,          4) /* ShowableOnRadar - ShowAlways */
     , (2000245, 134,         16) /* PlayerKillerStatus - RubberGlue */
     , (2000245, 146,        293) /* XpOverride */
     , (2000245, 188,          1) /* HeritageGroup - Aluvian */;

INSERT INTO `weenie_properties_bool` (`object_Id`, `type`, `value`)
VALUES (2000245,   1, True ) /* Stuck */
     , (2000245,   8, True ) /* AllowGive */
     , (2000245,  11, True ) /* IgnoreCollisions */
     , (2000245,  12, True ) /* ReportCollisions */
     , (2000245,  13, False) /* Ethereal */
     , (2000245,  14, True ) /* GravityStatus */
     , (2000245,  19, False) /* Attackable */
     , (2000245,  29, True ) /* NoCorpse */
     , (2000245,  41, True ) /* ReportCollisionsAsEnvironment */
     , (2000245,  42, True ) /* AllowEdgeSlide */
     , (2000245,  52, True ) /* AiImmobile */
     , (2000245,  79, True ) /* AiAcceptEverything */;

INSERT INTO `weenie_properties_float` (`object_Id`, `type`, `value`)
VALUES (2000245,   1,       5) /* HeartbeatInterval */
     , (2000245,   2,       0) /* HeartbeatTimestamp */
     , (2000245,   3, 0.159999996423721) /* HealthRate */
     , (2000245,   4,       5) /* StaminaRate */
     , (2000245,   5,       1) /* ManaRate */
     , (2000245,  13, 0.899999976158142) /* ArmorModVsSlash */
     , (2000245,  14,       1) /* ArmorModVsPierce */
     , (2000245,  15, 1.10000002384186) /* ArmorModVsBludgeon */
     , (2000245,  16, 0.400000005960464) /* ArmorModVsCold */
     , (2000245,  17, 0.400000005960464) /* ArmorModVsFire */
     , (2000245,  18,       1) /* ArmorModVsAcid */
     , (2000245,  19, 0.600000023841858) /* ArmorModVsElectric */
     , (2000245,  54,       3) /* UseRadius */
     , (2000245,  64,       1) /* ResistSlash */
     , (2000245,  65,       1) /* ResistPierce */
     , (2000245,  66,       1) /* ResistBludgeon */
     , (2000245,  67,       1) /* ResistFire */
     , (2000245,  68,       1) /* ResistCold */
     , (2000245,  69,       1) /* ResistAcid */
     , (2000245,  70,       1) /* ResistElectric */
     , (2000245,  71,       1) /* ResistHealthBoost */
     , (2000245,  72,       1) /* ResistStaminaDrain */
     , (2000245,  73,       1) /* ResistStaminaBoost */
     , (2000245,  74,       1) /* ResistManaDrain */
     , (2000245,  75,       1) /* ResistManaBoost */
     , (2000245, 104,      10) /* ObviousRadarRange */
     , (2000245, 125,       1) /* ResistHealthDrain */;

INSERT INTO `weenie_properties_string` (`object_Id`, `type`, `value`)
VALUES (2000245,   1, 'Townfolk') /* Name */
     , (2000245,   3, 'Male') /* Sex */
     , (2000245,   4, 'Aluvian') /* HeritageGroup */;

INSERT INTO `weenie_properties_d_i_d` (`object_Id`, `type`, `value`)
VALUES (2000245,   1,   33554433) /* Setup */
     , (2000245,   2,  150994945) /* MotionTable */
     , (2000245,   3,  536870913) /* SoundTable */
     , (2000245,   4,  805306368) /* CombatTable */
     , (2000245,   6,   67108990) /* PaletteBase */
     , (2000245,   8,  100667446) /* Icon */
     , (2000245,   9,   83890437) /* EyesTexture */
     , (2000245,  10,   83890521) /* NoseTexture */
     , (2000245,  11,   83890627) /* MouthTexture */
     , (2000245,  15,   67116978) /* HairPalette */
     , (2000245,  16,   67109564) /* EyesPalette */
     , (2000245,  17,   67109558) /* SkinPalette */;

INSERT INTO `weenie_properties_attribute` (`object_Id`, `type`, `init_Level`, `level_From_C_P`, `c_P_Spent`)
VALUES (2000245,   1, 110, 0, 0) /* Strength */
     , (2000245,   2, 120, 0, 0) /* Endurance */
     , (2000245,   3, 120, 0, 0) /* Quickness */
     , (2000245,   4, 120, 0, 0) /* Coordination */
     , (2000245,   5, 100, 0, 0) /* Focus */
     , (2000245,   6, 100, 0, 0) /* Self */;

INSERT INTO `weenie_properties_attribute_2nd` (`object_Id`, `type`, `init_Level`, `level_From_C_P`, `c_P_Spent`, `current_Level`)
VALUES (2000245,   1,     0, 0, 0, 60) /* MaxHealth */
     , (2000245,   3,     0, 0, 0, 120) /* MaxStamina */
     , (2000245,   5,     0, 0, 0, 100) /* MaxMana */;

INSERT INTO `weenie_properties_skill` (`object_Id`, `type`, `level_From_P_P`, `s_a_c`, `p_p`, `init_Level`, `resistance_At_Last_Check`, `last_Used_Time`)
VALUES (2000245,  6, 0, 2, 0,   1, 0, 0) /* MeleeDefense        Trained */
     , (2000245,  7, 0, 2, 0,   1, 0, 0) /* MissileDefense      Trained */
     , (2000245, 13, 0, 2, 0,   1, 0, 0) /* UnarmedCombat       Trained */;

INSERT INTO `weenie_properties_body_part` (`object_Id`, `key`, `d_Type`, `d_Val`, `d_Var`, `base_Armor`, `armor_Vs_Slash`, `armor_Vs_Pierce`, `armor_Vs_Bludgeon`, `armor_Vs_Cold`, `armor_Vs_Fire`, `armor_Vs_Acid`, `armor_Vs_Electric`, `armor_Vs_Nether`, `b_h`, `h_l_f`, `m_l_f`, `l_l_f`, `h_r_f`, `m_r_f`, `l_r_f`, `h_l_b`, `m_l_b`, `l_l_b`, `h_r_b`, `m_r_b`, `l_r_b`)
VALUES (2000245,  0,  4,  0,    0,    0,    0,    0,    0,    0,    0,    0,    0,    0, 1, 0.33,    0,    0, 0.33,    0,    0, 0.33,    0,    0, 0.33,    0,    0) /* Head */
     , (2000245,  1,  4,  0,    0,    0,    0,    0,    0,    0,    0,    0,    0,    0, 2, 0.44, 0.17,    0, 0.44, 0.17,    0, 0.44, 0.17,    0, 0.44, 0.17,    0) /* Chest */
     , (2000245,  2,  4,  0,    0,    0,    0,    0,    0,    0,    0,    0,    0,    0, 3,    0, 0.17,    0,    0, 0.17,    0,    0, 0.17,    0,    0, 0.17,    0) /* Abdomen */
     , (2000245,  3,  4,  0,    0,    0,    0,    0,    0,    0,    0,    0,    0,    0, 1, 0.23, 0.03,    0, 0.23, 0.03,    0, 0.23, 0.03,    0, 0.23, 0.03,    0) /* UpperArm */
     , (2000245,  4,  4,  0,    0,    0,    0,    0,    0,    0,    0,    0,    0,    0, 2,    0,  0.3,    0,    0,  0.3,    0,    0,  0.3,    0,    0,  0.3,    0) /* LowerArm */
     , (2000245,  5,  4,  2, 0.75,    0,    0,    0,    0,    0,    0,    0,    0,    0, 2,    0,  0.2,    0,    0,  0.2,    0,    0,  0.2,    0,    0,  0.2,    0) /* Hand */
     , (2000245,  6,  4,  0,    0,    0,    0,    0,    0,    0,    0,    0,    0,    0, 3,    0, 0.13, 0.18,    0, 0.13, 0.18,    0, 0.13, 0.18,    0, 0.13, 0.18) /* UpperLeg */
     , (2000245,  7,  4,  0,    0,    0,    0,    0,    0,    0,    0,    0,    0,    0, 3,    0,    0,  0.6,    0,    0,  0.6,    0,    0,  0.6,    0,    0,  0.6) /* LowerLeg */
     , (2000245,  8,  4,  2, 0.75,    0,    0,    0,    0,    0,    0,    0,    0,    0, 3,    0,    0, 0.22,    0,    0, 0.22,    0,    0, 0.22,    0,    0, 0.22) /* Foot */;

INSERT INTO `weenie_properties_emote` (`object_Id`, `category`, `probability`, `weenie_Class_Id`, `style`, `substyle`, `quest`, `vendor_Type`, `min_Health`, `max_Health`)
VALUES (2000245,  7 /* Use */,      1, NULL, NULL, NULL, NULL, NULL, NULL, NULL);

SET @parent_id = LAST_INSERT_ID();

INSERT INTO `weenie_properties_emote_action` (`emote_Id`, `order`, `type`, `delay`, `extent`, `motion`, `message`, `test_String`, `min`, `max`, `min_64`, `max_64`, `min_Dbl`, `max_Dbl`, `stat`, `display`, `amount`, `amount_64`, `hero_X_P_64`, `percent`, `spell_Id`, `wealth_Rating`, `treasure_Class`, `treasure_Type`, `p_Script`, `sound`, `destination_Type`, `weenie_Class_Id`, `stack_Size`, `palette`, `shade`, `try_To_Bond`, `obj_Cell_Id`, `origin_X`, `origin_Y`, `origin_Z`, `angles_W`, `angles_X`, `angles_Y`, `angles_Z`)
VALUES (@parent_id,  0,  10 /* Tell */, 1.5, 1, NULL, 'I remember how long it took me to get my first Atlan.', NULL, NULL, NULL, NULL, NULL, NULL, NULL, NULL, NULL, NULL, NULL, NULL, NULL, NULL, NULL, NULL, NULL, NULL, NULL, NULL, NULL, NULL, NULL, NULL, NULL, NULL, NULL, NULL, NULL, NULL, NULL, NULL, NULL);

INSERT INTO `weenie_properties_create_list` (`object_Id`, `destination_Type`, `weenie_Class_Id`, `stack_Size`, `palette`, `shade`, `try_To_Bond`)
VALUES (2000245, 2,  2588,  0, 93, 1, False) /* Create Shirt (2588) for Wield */
     , (2000245, 2,  2597,  0, 86, 1, False) /* Create Pants (2597) for Wield */;

DELETE FROM `weenie` WHERE `class_Id` = 2000246;

INSERT INTO `weenie` (`class_Id`, `class_Name`, `type`, `last_Modified`)
VALUES (2000246, 'ace2000246-townfolk', 10, '2019-09-24 03:41:31') /* Creature */;

INSERT INTO `weenie_properties_int` (`object_Id`, `type`, `value`)
VALUES (2000246,   1,         16) /* ItemType - Creature */
     , (2000246,   2,         31) /* CreatureType - Human */
     , (2000246,   6,         -1) /* ItemsCapacity */
     , (2000246,   7,         -1) /* ContainersCapacity */
     , (2000246,   8,        120) /* Mass */
     , (2000246,  16,         32) /* ItemUseable - Remote */
     , (2000246,  25,         15) /* Level */
     , (2000246,  27,          0) /* ArmorType - None */
     , (2000246,  93,    6292504) /* PhysicsState - ReportCollisions, IgnoreCollisions, Gravity, ReportCollisionsAsEnvironment, EdgeSlide */
     , (2000246,  95,          8) /* RadarBlipColor - Yellow */
     , (2000246, 113,          1) /* Gender - Male */
     , (2000246, 133,          4) /* ShowableOnRadar - ShowAlways */
     , (2000246, 134,         16) /* PlayerKillerStatus - RubberGlue */
     , (2000246, 146,        293) /* XpOverride */
     , (2000246, 188,          1) /* HeritageGroup - Aluvian */;

INSERT INTO `weenie_properties_bool` (`object_Id`, `type`, `value`)
VALUES (2000246,   1, True ) /* Stuck */
     , (2000246,   8, True ) /* AllowGive */
     , (2000246,  11, True ) /* IgnoreCollisions */
     , (2000246,  12, True ) /* ReportCollisions */
     , (2000246,  13, False) /* Ethereal */
     , (2000246,  14, True ) /* GravityStatus */
     , (2000246,  19, False) /* Attackable */
     , (2000246,  29, True ) /* NoCorpse */
     , (2000246,  41, True ) /* ReportCollisionsAsEnvironment */
     , (2000246,  42, True ) /* AllowEdgeSlide */
     , (2000246,  52, True ) /* AiImmobile */
     , (2000246,  79, True ) /* AiAcceptEverything */;

INSERT INTO `weenie_properties_float` (`object_Id`, `type`, `value`)
VALUES (2000246,   1,       5) /* HeartbeatInterval */
     , (2000246,   2,       0) /* HeartbeatTimestamp */
     , (2000246,   3, 0.159999996423721) /* HealthRate */
     , (2000246,   4,       5) /* StaminaRate */
     , (2000246,   5,       1) /* ManaRate */
     , (2000246,  13, 0.899999976158142) /* ArmorModVsSlash */
     , (2000246,  14,       1) /* ArmorModVsPierce */
     , (2000246,  15, 1.10000002384186) /* ArmorModVsBludgeon */
     , (2000246,  16, 0.400000005960464) /* ArmorModVsCold */
     , (2000246,  17, 0.400000005960464) /* ArmorModVsFire */
     , (2000246,  18,       1) /* ArmorModVsAcid */
     , (2000246,  19, 0.600000023841858) /* ArmorModVsElectric */
     , (2000246,  54,       3) /* UseRadius */
     , (2000246,  64,       1) /* ResistSlash */
     , (2000246,  65,       1) /* ResistPierce */
     , (2000246,  66,       1) /* ResistBludgeon */
     , (2000246,  67,       1) /* ResistFire */
     , (2000246,  68,       1) /* ResistCold */
     , (2000246,  69,       1) /* ResistAcid */
     , (2000246,  70,       1) /* ResistElectric */
     , (2000246,  71,       1) /* ResistHealthBoost */
     , (2000246,  72,       1) /* ResistStaminaDrain */
     , (2000246,  73,       1) /* ResistStaminaBoost */
     , (2000246,  74,       1) /* ResistManaDrain */
     , (2000246,  75,       1) /* ResistManaBoost */
     , (2000246, 104,      10) /* ObviousRadarRange */
     , (2000246, 125,       1) /* ResistHealthDrain */;

INSERT INTO `weenie_properties_string` (`object_Id`, `type`, `value`)
VALUES (2000246,   1, 'Townfolk') /* Name */
     , (2000246,   3, 'Male') /* Sex */
     , (2000246,   4, 'Aluvian') /* HeritageGroup */;

INSERT INTO `weenie_properties_d_i_d` (`object_Id`, `type`, `value`)
VALUES (2000246,   1,   33554433) /* Setup */
     , (2000246,   2,  150994945) /* MotionTable */
     , (2000246,   3,  536870913) /* SoundTable */
     , (2000246,   4,  805306368) /* CombatTable */
     , (2000246,   6,   67108990) /* PaletteBase */
     , (2000246,   8,  100667446) /* Icon */
     , (2000246,   9,   83890437) /* EyesTexture */
     , (2000246,  10,   83890521) /* NoseTexture */
     , (2000246,  11,   83890627) /* MouthTexture */
     , (2000246,  15,   67116978) /* HairPalette */
     , (2000246,  16,   67109564) /* EyesPalette */
     , (2000246,  17,   67109558) /* SkinPalette */;

INSERT INTO `weenie_properties_attribute` (`object_Id`, `type`, `init_Level`, `level_From_C_P`, `c_P_Spent`)
VALUES (2000246,   1, 110, 0, 0) /* Strength */
     , (2000246,   2, 120, 0, 0) /* Endurance */
     , (2000246,   3, 120, 0, 0) /* Quickness */
     , (2000246,   4, 120, 0, 0) /* Coordination */
     , (2000246,   5, 100, 0, 0) /* Focus */
     , (2000246,   6, 100, 0, 0) /* Self */;

INSERT INTO `weenie_properties_attribute_2nd` (`object_Id`, `type`, `init_Level`, `level_From_C_P`, `c_P_Spent`, `current_Level`)
VALUES (2000246,   1,     0, 0, 0, 60) /* MaxHealth */
     , (2000246,   3,     0, 0, 0, 120) /* MaxStamina */
     , (2000246,   5,     0, 0, 0, 100) /* MaxMana */;

INSERT INTO `weenie_properties_skill` (`object_Id`, `type`, `level_From_P_P`, `s_a_c`, `p_p`, `init_Level`, `resistance_At_Last_Check`, `last_Used_Time`)
VALUES (2000246,  6, 0, 2, 0,   1, 0, 0) /* MeleeDefense        Trained */
     , (2000246,  7, 0, 2, 0,   1, 0, 0) /* MissileDefense      Trained */
     , (2000246, 13, 0, 2, 0,   1, 0, 0) /* UnarmedCombat       Trained */;

INSERT INTO `weenie_properties_body_part` (`object_Id`, `key`, `d_Type`, `d_Val`, `d_Var`, `base_Armor`, `armor_Vs_Slash`, `armor_Vs_Pierce`, `armor_Vs_Bludgeon`, `armor_Vs_Cold`, `armor_Vs_Fire`, `armor_Vs_Acid`, `armor_Vs_Electric`, `armor_Vs_Nether`, `b_h`, `h_l_f`, `m_l_f`, `l_l_f`, `h_r_f`, `m_r_f`, `l_r_f`, `h_l_b`, `m_l_b`, `l_l_b`, `h_r_b`, `m_r_b`, `l_r_b`)
VALUES (2000246,  0,  4,  0,    0,    0,    0,    0,    0,    0,    0,    0,    0,    0, 1, 0.33,    0,    0, 0.33,    0,    0, 0.33,    0,    0, 0.33,    0,    0) /* Head */
     , (2000246,  1,  4,  0,    0,    0,    0,    0,    0,    0,    0,    0,    0,    0, 2, 0.44, 0.17,    0, 0.44, 0.17,    0, 0.44, 0.17,    0, 0.44, 0.17,    0) /* Chest */
     , (2000246,  2,  4,  0,    0,    0,    0,    0,    0,    0,    0,    0,    0,    0, 3,    0, 0.17,    0,    0, 0.17,    0,    0, 0.17,    0,    0, 0.17,    0) /* Abdomen */
     , (2000246,  3,  4,  0,    0,    0,    0,    0,    0,    0,    0,    0,    0,    0, 1, 0.23, 0.03,    0, 0.23, 0.03,    0, 0.23, 0.03,    0, 0.23, 0.03,    0) /* UpperArm */
     , (2000246,  4,  4,  0,    0,    0,    0,    0,    0,    0,    0,    0,    0,    0, 2,    0,  0.3,    0,    0,  0.3,    0,    0,  0.3,    0,    0,  0.3,    0) /* LowerArm */
     , (2000246,  5,  4,  2, 0.75,    0,    0,    0,    0,    0,    0,    0,    0,    0, 2,    0,  0.2,    0,    0,  0.2,    0,    0,  0.2,    0,    0,  0.2,    0) /* Hand */
     , (2000246,  6,  4,  0,    0,    0,    0,    0,    0,    0,    0,    0,    0,    0, 3,    0, 0.13, 0.18,    0, 0.13, 0.18,    0, 0.13, 0.18,    0, 0.13, 0.18) /* UpperLeg */
     , (2000246,  7,  4,  0,    0,    0,    0,    0,    0,    0,    0,    0,    0,    0, 3,    0,    0,  0.6,    0,    0,  0.6,    0,    0,  0.6,    0,    0,  0.6) /* LowerLeg */
     , (2000246,  8,  4,  2, 0.75,    0,    0,    0,    0,    0,    0,    0,    0,    0, 3,    0,    0, 0.22,    0,    0, 0.22,    0,    0, 0.22,    0,    0, 0.22) /* Foot */;

INSERT INTO `weenie_properties_emote` (`object_Id`, `category`, `probability`, `weenie_Class_Id`, `style`, `substyle`, `quest`, `vendor_Type`, `min_Health`, `max_Health`)
VALUES (2000246,  7 /* Use */,      1, NULL, NULL, NULL, NULL, NULL, NULL, NULL);

SET @parent_id = LAST_INSERT_ID();

INSERT INTO `weenie_properties_emote_action` (`emote_Id`, `order`, `type`, `delay`, `extent`, `motion`, `message`, `test_String`, `min`, `max`, `min_64`, `max_64`, `min_Dbl`, `max_Dbl`, `stat`, `display`, `amount`, `amount_64`, `hero_X_P_64`, `percent`, `spell_Id`, `wealth_Rating`, `treasure_Class`, `treasure_Type`, `p_Script`, `sound`, `destination_Type`, `weenie_Class_Id`, `stack_Size`, `palette`, `shade`, `try_To_Bond`, `obj_Cell_Id`, `origin_X`, `origin_Y`, `origin_Z`, `angles_W`, `angles_X`, `angles_Y`, `angles_Z`)
VALUES (@parent_id,  0,  10 /* Tell */, 1.5, 1, NULL, 'So much to See in Dereth, where should I go next', NULL, NULL, NULL, NULL, NULL, NULL, NULL, NULL, NULL, NULL, NULL, NULL, NULL, NULL, NULL, NULL, NULL, NULL, NULL, NULL, NULL, NULL, NULL, NULL, NULL, NULL, NULL, NULL, NULL, NULL, NULL, NULL, NULL);

INSERT INTO `weenie_properties_create_list` (`object_Id`, `destination_Type`, `weenie_Class_Id`, `stack_Size`, `palette`, `shade`, `try_To_Bond`)
VALUES (2000246, 2,  2588,  0, 91, 1, False) /* Create Shirt (2588) for Wield */
     , (2000246, 2, 26452,  0, 86, 1, False) /* Create Bathrobe (26452) for Wield */;

DELETE FROM `weenie` WHERE `class_Id` = 2000247;

INSERT INTO `weenie` (`class_Id`, `class_Name`, `type`, `last_Modified`)
VALUES (2000247, 'ace2000247-townfolk', 10, '2019-09-24 03:41:32') /* Creature */;

INSERT INTO `weenie_properties_int` (`object_Id`, `type`, `value`)
VALUES (2000247,   1,         16) /* ItemType - Creature */
     , (2000247,   2,         31) /* CreatureType - Human */
     , (2000247,   6,         -1) /* ItemsCapacity */
     , (2000247,   7,         -1) /* ContainersCapacity */
     , (2000247,   8,        120) /* Mass */
     , (2000247,  16,         32) /* ItemUseable - Remote */
     , (2000247,  25,         15) /* Level */
     , (2000247,  27,          0) /* ArmorType - None */
     , (2000247,  93,    6292504) /* PhysicsState - ReportCollisions, IgnoreCollisions, Gravity, ReportCollisionsAsEnvironment, EdgeSlide */
     , (2000247,  95,          8) /* RadarBlipColor - Yellow */
     , (2000247, 113,          1) /* Gender - Male */
     , (2000247, 133,          4) /* ShowableOnRadar - ShowAlways */
     , (2000247, 134,         16) /* PlayerKillerStatus - RubberGlue */
     , (2000247, 146,        293) /* XpOverride */
     , (2000247, 188,          1) /* HeritageGroup - Aluvian */;

INSERT INTO `weenie_properties_bool` (`object_Id`, `type`, `value`)
VALUES (2000247,   1, True ) /* Stuck */
     , (2000247,   8, True ) /* AllowGive */
     , (2000247,  11, True ) /* IgnoreCollisions */
     , (2000247,  12, True ) /* ReportCollisions */
     , (2000247,  13, False) /* Ethereal */
     , (2000247,  14, True ) /* GravityStatus */
     , (2000247,  19, False) /* Attackable */
     , (2000247,  29, True ) /* NoCorpse */
     , (2000247,  41, True ) /* ReportCollisionsAsEnvironment */
     , (2000247,  42, True ) /* AllowEdgeSlide */
     , (2000247,  52, True ) /* AiImmobile */
     , (2000247,  79, True ) /* AiAcceptEverything */;

INSERT INTO `weenie_properties_float` (`object_Id`, `type`, `value`)
VALUES (2000247,   1,       5) /* HeartbeatInterval */
     , (2000247,   2,       0) /* HeartbeatTimestamp */
     , (2000247,   3, 0.159999996423721) /* HealthRate */
     , (2000247,   4,       5) /* StaminaRate */
     , (2000247,   5,       1) /* ManaRate */
     , (2000247,  13, 0.899999976158142) /* ArmorModVsSlash */
     , (2000247,  14,       1) /* ArmorModVsPierce */
     , (2000247,  15, 1.10000002384186) /* ArmorModVsBludgeon */
     , (2000247,  16, 0.400000005960464) /* ArmorModVsCold */
     , (2000247,  17, 0.400000005960464) /* ArmorModVsFire */
     , (2000247,  18,       1) /* ArmorModVsAcid */
     , (2000247,  19, 0.600000023841858) /* ArmorModVsElectric */
     , (2000247,  54,       3) /* UseRadius */
     , (2000247,  64,       1) /* ResistSlash */
     , (2000247,  65,       1) /* ResistPierce */
     , (2000247,  66,       1) /* ResistBludgeon */
     , (2000247,  67,       1) /* ResistFire */
     , (2000247,  68,       1) /* ResistCold */
     , (2000247,  69,       1) /* ResistAcid */
     , (2000247,  70,       1) /* ResistElectric */
     , (2000247,  71,       1) /* ResistHealthBoost */
     , (2000247,  72,       1) /* ResistStaminaDrain */
     , (2000247,  73,       1) /* ResistStaminaBoost */
     , (2000247,  74,       1) /* ResistManaDrain */
     , (2000247,  75,       1) /* ResistManaBoost */
     , (2000247, 104,      10) /* ObviousRadarRange */
     , (2000247, 125,       1) /* ResistHealthDrain */;

INSERT INTO `weenie_properties_string` (`object_Id`, `type`, `value`)
VALUES (2000247,   1, 'Townfolk') /* Name */
     , (2000247,   3, 'Male') /* Sex */
     , (2000247,   4, 'Aluvian') /* HeritageGroup */;

INSERT INTO `weenie_properties_d_i_d` (`object_Id`, `type`, `value`)
VALUES (2000247,   1,   33554433) /* Setup */
     , (2000247,   2,  150994945) /* MotionTable */
     , (2000247,   3,  536870913) /* SoundTable */
     , (2000247,   4,  805306368) /* CombatTable */
     , (2000247,   6,   67108990) /* PaletteBase */
     , (2000247,   8,  100667446) /* Icon */
     , (2000247,   9,   83890437) /* EyesTexture */
     , (2000247,  10,   83890521) /* NoseTexture */
     , (2000247,  11,   83890627) /* MouthTexture */
     , (2000247,  15,   67116978) /* HairPalette */
     , (2000247,  16,   67109564) /* EyesPalette */
     , (2000247,  17,   67109558) /* SkinPalette */;

INSERT INTO `weenie_properties_attribute` (`object_Id`, `type`, `init_Level`, `level_From_C_P`, `c_P_Spent`)
VALUES (2000247,   1, 110, 0, 0) /* Strength */
     , (2000247,   2, 120, 0, 0) /* Endurance */
     , (2000247,   3, 120, 0, 0) /* Quickness */
     , (2000247,   4, 120, 0, 0) /* Coordination */
     , (2000247,   5, 100, 0, 0) /* Focus */
     , (2000247,   6, 100, 0, 0) /* Self */;

INSERT INTO `weenie_properties_attribute_2nd` (`object_Id`, `type`, `init_Level`, `level_From_C_P`, `c_P_Spent`, `current_Level`)
VALUES (2000247,   1,     0, 0, 0, 60) /* MaxHealth */
     , (2000247,   3,     0, 0, 0, 120) /* MaxStamina */
     , (2000247,   5,     0, 0, 0, 100) /* MaxMana */;

INSERT INTO `weenie_properties_skill` (`object_Id`, `type`, `level_From_P_P`, `s_a_c`, `p_p`, `init_Level`, `resistance_At_Last_Check`, `last_Used_Time`)
VALUES (2000247,  6, 0, 2, 0,   1, 0, 0) /* MeleeDefense        Trained */
     , (2000247,  7, 0, 2, 0,   1, 0, 0) /* MissileDefense      Trained */
     , (2000247, 13, 0, 2, 0,   1, 0, 0) /* UnarmedCombat       Trained */;

INSERT INTO `weenie_properties_body_part` (`object_Id`, `key`, `d_Type`, `d_Val`, `d_Var`, `base_Armor`, `armor_Vs_Slash`, `armor_Vs_Pierce`, `armor_Vs_Bludgeon`, `armor_Vs_Cold`, `armor_Vs_Fire`, `armor_Vs_Acid`, `armor_Vs_Electric`, `armor_Vs_Nether`, `b_h`, `h_l_f`, `m_l_f`, `l_l_f`, `h_r_f`, `m_r_f`, `l_r_f`, `h_l_b`, `m_l_b`, `l_l_b`, `h_r_b`, `m_r_b`, `l_r_b`)
VALUES (2000247,  0,  4,  0,    0,    0,    0,    0,    0,    0,    0,    0,    0,    0, 1, 0.33,    0,    0, 0.33,    0,    0, 0.33,    0,    0, 0.33,    0,    0) /* Head */
     , (2000247,  1,  4,  0,    0,    0,    0,    0,    0,    0,    0,    0,    0,    0, 2, 0.44, 0.17,    0, 0.44, 0.17,    0, 0.44, 0.17,    0, 0.44, 0.17,    0) /* Chest */
     , (2000247,  2,  4,  0,    0,    0,    0,    0,    0,    0,    0,    0,    0,    0, 3,    0, 0.17,    0,    0, 0.17,    0,    0, 0.17,    0,    0, 0.17,    0) /* Abdomen */
     , (2000247,  3,  4,  0,    0,    0,    0,    0,    0,    0,    0,    0,    0,    0, 1, 0.23, 0.03,    0, 0.23, 0.03,    0, 0.23, 0.03,    0, 0.23, 0.03,    0) /* UpperArm */
     , (2000247,  4,  4,  0,    0,    0,    0,    0,    0,    0,    0,    0,    0,    0, 2,    0,  0.3,    0,    0,  0.3,    0,    0,  0.3,    0,    0,  0.3,    0) /* LowerArm */
     , (2000247,  5,  4,  2, 0.75,    0,    0,    0,    0,    0,    0,    0,    0,    0, 2,    0,  0.2,    0,    0,  0.2,    0,    0,  0.2,    0,    0,  0.2,    0) /* Hand */
     , (2000247,  6,  4,  0,    0,    0,    0,    0,    0,    0,    0,    0,    0,    0, 3,    0, 0.13, 0.18,    0, 0.13, 0.18,    0, 0.13, 0.18,    0, 0.13, 0.18) /* UpperLeg */
     , (2000247,  7,  4,  0,    0,    0,    0,    0,    0,    0,    0,    0,    0,    0, 3,    0,    0,  0.6,    0,    0,  0.6,    0,    0,  0.6,    0,    0,  0.6) /* LowerLeg */
     , (2000247,  8,  4,  2, 0.75,    0,    0,    0,    0,    0,    0,    0,    0,    0, 3,    0,    0, 0.22,    0,    0, 0.22,    0,    0, 0.22,    0,    0, 0.22) /* Foot */;

INSERT INTO `weenie_properties_emote` (`object_Id`, `category`, `probability`, `weenie_Class_Id`, `style`, `substyle`, `quest`, `vendor_Type`, `min_Health`, `max_Health`)
VALUES (2000247,  7 /* Use */,      1, NULL, NULL, NULL, NULL, NULL, NULL, NULL);

SET @parent_id = LAST_INSERT_ID();

INSERT INTO `weenie_properties_emote_action` (`emote_Id`, `order`, `type`, `delay`, `extent`, `motion`, `message`, `test_String`, `min`, `max`, `min_64`, `max_64`, `min_Dbl`, `max_Dbl`, `stat`, `display`, `amount`, `amount_64`, `hero_X_P_64`, `percent`, `spell_Id`, `wealth_Rating`, `treasure_Class`, `treasure_Type`, `p_Script`, `sound`, `destination_Type`, `weenie_Class_Id`, `stack_Size`, `palette`, `shade`, `try_To_Bond`, `obj_Cell_Id`, `origin_X`, `origin_Y`, `origin_Z`, `angles_W`, `angles_X`, `angles_Y`, `angles_Z`)
VALUES (@parent_id,  0,  10 /* Tell */, 1.5, 1, NULL, 'I think a tamed ursin would be a great amount of fun to ride.', NULL, NULL, NULL, NULL, NULL, NULL, NULL, NULL, NULL, NULL, NULL, NULL, NULL, NULL, NULL, NULL, NULL, NULL, NULL, NULL, NULL, NULL, NULL, NULL, NULL, NULL, NULL, NULL, NULL, NULL, NULL, NULL, NULL);

INSERT INTO `weenie_properties_create_list` (`object_Id`, `destination_Type`, `weenie_Class_Id`, `stack_Size`, `palette`, `shade`, `try_To_Bond`)
VALUES (2000247, 2, 26452,  0, 91, 1, False) /* Create Bathrobe (26452) for Wield */
     , (2000247, 2,  2597,  0, 86, 1, False) /* Create Pants (2597) for Wield */;

DELETE FROM `weenie` WHERE `class_Id` = 2000248;

INSERT INTO `weenie` (`class_Id`, `class_Name`, `type`, `last_Modified`)
VALUES (2000248, 'ace2000248-townfolk', 10, '2019-09-24 03:41:33') /* Creature */;

INSERT INTO `weenie_properties_int` (`object_Id`, `type`, `value`)
VALUES (2000248,   1,         16) /* ItemType - Creature */
     , (2000248,   2,         31) /* CreatureType - Human */
     , (2000248,   6,         -1) /* ItemsCapacity */
     , (2000248,   7,         -1) /* ContainersCapacity */
     , (2000248,   8,        120) /* Mass */
     , (2000248,  16,         32) /* ItemUseable - Remote */
     , (2000248,  25,         15) /* Level */
     , (2000248,  27,          0) /* ArmorType - None */
     , (2000248,  93,    6292504) /* PhysicsState - ReportCollisions, IgnoreCollisions, Gravity, ReportCollisionsAsEnvironment, EdgeSlide */
     , (2000248,  95,          8) /* RadarBlipColor - Yellow */
     , (2000248, 113,          1) /* Gender - Male */
     , (2000248, 133,          4) /* ShowableOnRadar - ShowAlways */
     , (2000248, 134,         16) /* PlayerKillerStatus - RubberGlue */
     , (2000248, 146,        293) /* XpOverride */
     , (2000248, 188,          1) /* HeritageGroup - Aluvian */;

INSERT INTO `weenie_properties_bool` (`object_Id`, `type`, `value`)
VALUES (2000248,   1, True ) /* Stuck */
     , (2000248,   8, True ) /* AllowGive */
     , (2000248,  11, True ) /* IgnoreCollisions */
     , (2000248,  12, True ) /* ReportCollisions */
     , (2000248,  13, False) /* Ethereal */
     , (2000248,  14, True ) /* GravityStatus */
     , (2000248,  19, False) /* Attackable */
     , (2000248,  29, True ) /* NoCorpse */
     , (2000248,  41, True ) /* ReportCollisionsAsEnvironment */
     , (2000248,  42, True ) /* AllowEdgeSlide */
     , (2000248,  52, True ) /* AiImmobile */
     , (2000248,  79, True ) /* AiAcceptEverything */;

INSERT INTO `weenie_properties_float` (`object_Id`, `type`, `value`)
VALUES (2000248,   1,       5) /* HeartbeatInterval */
     , (2000248,   2,       0) /* HeartbeatTimestamp */
     , (2000248,   3, 0.159999996423721) /* HealthRate */
     , (2000248,   4,       5) /* StaminaRate */
     , (2000248,   5,       1) /* ManaRate */
     , (2000248,  13, 0.899999976158142) /* ArmorModVsSlash */
     , (2000248,  14,       1) /* ArmorModVsPierce */
     , (2000248,  15, 1.10000002384186) /* ArmorModVsBludgeon */
     , (2000248,  16, 0.400000005960464) /* ArmorModVsCold */
     , (2000248,  17, 0.400000005960464) /* ArmorModVsFire */
     , (2000248,  18,       1) /* ArmorModVsAcid */
     , (2000248,  19, 0.600000023841858) /* ArmorModVsElectric */
     , (2000248,  54,       3) /* UseRadius */
     , (2000248,  64,       1) /* ResistSlash */
     , (2000248,  65,       1) /* ResistPierce */
     , (2000248,  66,       1) /* ResistBludgeon */
     , (2000248,  67,       1) /* ResistFire */
     , (2000248,  68,       1) /* ResistCold */
     , (2000248,  69,       1) /* ResistAcid */
     , (2000248,  70,       1) /* ResistElectric */
     , (2000248,  71,       1) /* ResistHealthBoost */
     , (2000248,  72,       1) /* ResistStaminaDrain */
     , (2000248,  73,       1) /* ResistStaminaBoost */
     , (2000248,  74,       1) /* ResistManaDrain */
     , (2000248,  75,       1) /* ResistManaBoost */
     , (2000248, 104,      10) /* ObviousRadarRange */
     , (2000248, 125,       1) /* ResistHealthDrain */;

INSERT INTO `weenie_properties_string` (`object_Id`, `type`, `value`)
VALUES (2000248,   1, 'Townfolk') /* Name */
     , (2000248,   3, 'Male') /* Sex */
     , (2000248,   4, 'Aluvian') /* HeritageGroup */;

INSERT INTO `weenie_properties_d_i_d` (`object_Id`, `type`, `value`)
VALUES (2000248,   1,   33554433) /* Setup */
     , (2000248,   2,  150994945) /* MotionTable */
     , (2000248,   3,  536870913) /* SoundTable */
     , (2000248,   4,  805306368) /* CombatTable */
     , (2000248,   6,   67108990) /* PaletteBase */
     , (2000248,   8,  100667446) /* Icon */
     , (2000248,   9,   83890437) /* EyesTexture */
     , (2000248,  10,   83890521) /* NoseTexture */
     , (2000248,  11,   83890627) /* MouthTexture */
     , (2000248,  15,   67116978) /* HairPalette */
     , (2000248,  16,   67109564) /* EyesPalette */
     , (2000248,  17,   67109558) /* SkinPalette */;

INSERT INTO `weenie_properties_attribute` (`object_Id`, `type`, `init_Level`, `level_From_C_P`, `c_P_Spent`)
VALUES (2000248,   1, 110, 0, 0) /* Strength */
     , (2000248,   2, 120, 0, 0) /* Endurance */
     , (2000248,   3, 120, 0, 0) /* Quickness */
     , (2000248,   4, 120, 0, 0) /* Coordination */
     , (2000248,   5, 100, 0, 0) /* Focus */
     , (2000248,   6, 100, 0, 0) /* Self */;

INSERT INTO `weenie_properties_attribute_2nd` (`object_Id`, `type`, `init_Level`, `level_From_C_P`, `c_P_Spent`, `current_Level`)
VALUES (2000248,   1,     0, 0, 0, 60) /* MaxHealth */
     , (2000248,   3,     0, 0, 0, 120) /* MaxStamina */
     , (2000248,   5,     0, 0, 0, 100) /* MaxMana */;

INSERT INTO `weenie_properties_skill` (`object_Id`, `type`, `level_From_P_P`, `s_a_c`, `p_p`, `init_Level`, `resistance_At_Last_Check`, `last_Used_Time`)
VALUES (2000248,  6, 0, 2, 0,   1, 0, 0) /* MeleeDefense        Trained */
     , (2000248,  7, 0, 2, 0,   1, 0, 0) /* MissileDefense      Trained */
     , (2000248, 13, 0, 2, 0,   1, 0, 0) /* UnarmedCombat       Trained */;

INSERT INTO `weenie_properties_body_part` (`object_Id`, `key`, `d_Type`, `d_Val`, `d_Var`, `base_Armor`, `armor_Vs_Slash`, `armor_Vs_Pierce`, `armor_Vs_Bludgeon`, `armor_Vs_Cold`, `armor_Vs_Fire`, `armor_Vs_Acid`, `armor_Vs_Electric`, `armor_Vs_Nether`, `b_h`, `h_l_f`, `m_l_f`, `l_l_f`, `h_r_f`, `m_r_f`, `l_r_f`, `h_l_b`, `m_l_b`, `l_l_b`, `h_r_b`, `m_r_b`, `l_r_b`)
VALUES (2000248,  0,  4,  0,    0,    0,    0,    0,    0,    0,    0,    0,    0,    0, 1, 0.33,    0,    0, 0.33,    0,    0, 0.33,    0,    0, 0.33,    0,    0) /* Head */
     , (2000248,  1,  4,  0,    0,    0,    0,    0,    0,    0,    0,    0,    0,    0, 2, 0.44, 0.17,    0, 0.44, 0.17,    0, 0.44, 0.17,    0, 0.44, 0.17,    0) /* Chest */
     , (2000248,  2,  4,  0,    0,    0,    0,    0,    0,    0,    0,    0,    0,    0, 3,    0, 0.17,    0,    0, 0.17,    0,    0, 0.17,    0,    0, 0.17,    0) /* Abdomen */
     , (2000248,  3,  4,  0,    0,    0,    0,    0,    0,    0,    0,    0,    0,    0, 1, 0.23, 0.03,    0, 0.23, 0.03,    0, 0.23, 0.03,    0, 0.23, 0.03,    0) /* UpperArm */
     , (2000248,  4,  4,  0,    0,    0,    0,    0,    0,    0,    0,    0,    0,    0, 2,    0,  0.3,    0,    0,  0.3,    0,    0,  0.3,    0,    0,  0.3,    0) /* LowerArm */
     , (2000248,  5,  4,  2, 0.75,    0,    0,    0,    0,    0,    0,    0,    0,    0, 2,    0,  0.2,    0,    0,  0.2,    0,    0,  0.2,    0,    0,  0.2,    0) /* Hand */
     , (2000248,  6,  4,  0,    0,    0,    0,    0,    0,    0,    0,    0,    0,    0, 3,    0, 0.13, 0.18,    0, 0.13, 0.18,    0, 0.13, 0.18,    0, 0.13, 0.18) /* UpperLeg */
     , (2000248,  7,  4,  0,    0,    0,    0,    0,    0,    0,    0,    0,    0,    0, 3,    0,    0,  0.6,    0,    0,  0.6,    0,    0,  0.6,    0,    0,  0.6) /* LowerLeg */
     , (2000248,  8,  4,  2, 0.75,    0,    0,    0,    0,    0,    0,    0,    0,    0, 3,    0,    0, 0.22,    0,    0, 0.22,    0,    0, 0.22,    0,    0, 0.22) /* Foot */;

INSERT INTO `weenie_properties_emote` (`object_Id`, `category`, `probability`, `weenie_Class_Id`, `style`, `substyle`, `quest`, `vendor_Type`, `min_Health`, `max_Health`)
VALUES (2000248,  7 /* Use */,      1, NULL, NULL, NULL, NULL, NULL, NULL, NULL);

SET @parent_id = LAST_INSERT_ID();

INSERT INTO `weenie_properties_emote_action` (`emote_Id`, `order`, `type`, `delay`, `extent`, `motion`, `message`, `test_String`, `min`, `max`, `min_64`, `max_64`, `min_Dbl`, `max_Dbl`, `stat`, `display`, `amount`, `amount_64`, `hero_X_P_64`, `percent`, `spell_Id`, `wealth_Rating`, `treasure_Class`, `treasure_Type`, `p_Script`, `sound`, `destination_Type`, `weenie_Class_Id`, `stack_Size`, `palette`, `shade`, `try_To_Bond`, `obj_Cell_Id`, `origin_X`, `origin_Y`, `origin_Z`, `angles_W`, `angles_X`, `angles_Y`, `angles_Z`)
VALUES (@parent_id,  0,  10 /* Tell */, 1.5, 1, NULL, 'My friend ventured into the Caulalian Vestuable and I swear he hit the Lifestone so fast.', NULL, NULL, NULL, NULL, NULL, NULL, NULL, NULL, NULL, NULL, NULL, NULL, NULL, NULL, NULL, NULL, NULL, NULL, NULL, NULL, NULL, NULL, NULL, NULL, NULL, NULL, NULL, NULL, NULL, NULL, NULL, NULL, NULL);

INSERT INTO `weenie_properties_create_list` (`object_Id`, `destination_Type`, `weenie_Class_Id`, `stack_Size`, `palette`, `shade`, `try_To_Bond`)
VALUES (2000248, 2,  2588,  0, 91, 1, False) /* Create Shirt (2588) for Wield */
     , (2000248, 2,  2597,  0, 87, 1, False) /* Create Pants (2597) for Wield */;

DELETE FROM `weenie` WHERE `class_Id` = 2000249;

INSERT INTO `weenie` (`class_Id`, `class_Name`, `type`, `last_Modified`)
VALUES (2000249, 'ace2000249-townfolk', 10, '2019-09-24 03:41:35') /* Creature */;

INSERT INTO `weenie_properties_int` (`object_Id`, `type`, `value`)
VALUES (2000249,   1,         16) /* ItemType - Creature */
     , (2000249,   2,         31) /* CreatureType - Human */
     , (2000249,   6,         -1) /* ItemsCapacity */
     , (2000249,   7,         -1) /* ContainersCapacity */
     , (2000249,   8,        120) /* Mass */
     , (2000249,  16,         32) /* ItemUseable - Remote */
     , (2000249,  25,         15) /* Level */
     , (2000249,  27,          0) /* ArmorType - None */
     , (2000249,  93,    6292504) /* PhysicsState - ReportCollisions, IgnoreCollisions, Gravity, ReportCollisionsAsEnvironment, EdgeSlide */
     , (2000249,  95,          8) /* RadarBlipColor - Yellow */
     , (2000249, 113,          1) /* Gender - Male */
     , (2000249, 133,          4) /* ShowableOnRadar - ShowAlways */
     , (2000249, 134,         16) /* PlayerKillerStatus - RubberGlue */
     , (2000249, 146,        293) /* XpOverride */
     , (2000249, 188,          1) /* HeritageGroup - Aluvian */;

INSERT INTO `weenie_properties_bool` (`object_Id`, `type`, `value`)
VALUES (2000249,   1, True ) /* Stuck */
     , (2000249,   8, True ) /* AllowGive */
     , (2000249,  11, True ) /* IgnoreCollisions */
     , (2000249,  12, True ) /* ReportCollisions */
     , (2000249,  13, False) /* Ethereal */
     , (2000249,  14, True ) /* GravityStatus */
     , (2000249,  19, False) /* Attackable */
     , (2000249,  29, True ) /* NoCorpse */
     , (2000249,  41, True ) /* ReportCollisionsAsEnvironment */
     , (2000249,  42, True ) /* AllowEdgeSlide */
     , (2000249,  52, True ) /* AiImmobile */
     , (2000249,  79, True ) /* AiAcceptEverything */;

INSERT INTO `weenie_properties_float` (`object_Id`, `type`, `value`)
VALUES (2000249,   1,       5) /* HeartbeatInterval */
     , (2000249,   2,       0) /* HeartbeatTimestamp */
     , (2000249,   3, 0.159999996423721) /* HealthRate */
     , (2000249,   4,       5) /* StaminaRate */
     , (2000249,   5,       1) /* ManaRate */
     , (2000249,  13, 0.899999976158142) /* ArmorModVsSlash */
     , (2000249,  14,       1) /* ArmorModVsPierce */
     , (2000249,  15, 1.10000002384186) /* ArmorModVsBludgeon */
     , (2000249,  16, 0.400000005960464) /* ArmorModVsCold */
     , (2000249,  17, 0.400000005960464) /* ArmorModVsFire */
     , (2000249,  18,       1) /* ArmorModVsAcid */
     , (2000249,  19, 0.600000023841858) /* ArmorModVsElectric */
     , (2000249,  54,       3) /* UseRadius */
     , (2000249,  64,       1) /* ResistSlash */
     , (2000249,  65,       1) /* ResistPierce */
     , (2000249,  66,       1) /* ResistBludgeon */
     , (2000249,  67,       1) /* ResistFire */
     , (2000249,  68,       1) /* ResistCold */
     , (2000249,  69,       1) /* ResistAcid */
     , (2000249,  70,       1) /* ResistElectric */
     , (2000249,  71,       1) /* ResistHealthBoost */
     , (2000249,  72,       1) /* ResistStaminaDrain */
     , (2000249,  73,       1) /* ResistStaminaBoost */
     , (2000249,  74,       1) /* ResistManaDrain */
     , (2000249,  75,       1) /* ResistManaBoost */
     , (2000249, 104,      10) /* ObviousRadarRange */
     , (2000249, 125,       1) /* ResistHealthDrain */;

INSERT INTO `weenie_properties_string` (`object_Id`, `type`, `value`)
VALUES (2000249,   1, 'Townfolk') /* Name */
     , (2000249,   3, 'Male') /* Sex */
     , (2000249,   4, 'Aluvian') /* HeritageGroup */;

INSERT INTO `weenie_properties_d_i_d` (`object_Id`, `type`, `value`)
VALUES (2000249,   1,   33554433) /* Setup */
     , (2000249,   2,  150994945) /* MotionTable */
     , (2000249,   3,  536870913) /* SoundTable */
     , (2000249,   4,  805306368) /* CombatTable */
     , (2000249,   6,   67108990) /* PaletteBase */
     , (2000249,   8,  100667446) /* Icon */
     , (2000249,   9,   83890437) /* EyesTexture */
     , (2000249,  10,   83890521) /* NoseTexture */
     , (2000249,  11,   83890627) /* MouthTexture */
     , (2000249,  15,   67116978) /* HairPalette */
     , (2000249,  16,   67109564) /* EyesPalette */
     , (2000249,  17,   67109558) /* SkinPalette */;

INSERT INTO `weenie_properties_attribute` (`object_Id`, `type`, `init_Level`, `level_From_C_P`, `c_P_Spent`)
VALUES (2000249,   1, 110, 0, 0) /* Strength */
     , (2000249,   2, 120, 0, 0) /* Endurance */
     , (2000249,   3, 120, 0, 0) /* Quickness */
     , (2000249,   4, 120, 0, 0) /* Coordination */
     , (2000249,   5, 100, 0, 0) /* Focus */
     , (2000249,   6, 100, 0, 0) /* Self */;

INSERT INTO `weenie_properties_attribute_2nd` (`object_Id`, `type`, `init_Level`, `level_From_C_P`, `c_P_Spent`, `current_Level`)
VALUES (2000249,   1,     0, 0, 0, 60) /* MaxHealth */
     , (2000249,   3,     0, 0, 0, 120) /* MaxStamina */
     , (2000249,   5,     0, 0, 0, 100) /* MaxMana */;

INSERT INTO `weenie_properties_skill` (`object_Id`, `type`, `level_From_P_P`, `s_a_c`, `p_p`, `init_Level`, `resistance_At_Last_Check`, `last_Used_Time`)
VALUES (2000249,  6, 0, 2, 0,   1, 0, 0) /* MeleeDefense        Trained */
     , (2000249,  7, 0, 2, 0,   1, 0, 0) /* MissileDefense      Trained */
     , (2000249, 13, 0, 2, 0,   1, 0, 0) /* UnarmedCombat       Trained */;

INSERT INTO `weenie_properties_body_part` (`object_Id`, `key`, `d_Type`, `d_Val`, `d_Var`, `base_Armor`, `armor_Vs_Slash`, `armor_Vs_Pierce`, `armor_Vs_Bludgeon`, `armor_Vs_Cold`, `armor_Vs_Fire`, `armor_Vs_Acid`, `armor_Vs_Electric`, `armor_Vs_Nether`, `b_h`, `h_l_f`, `m_l_f`, `l_l_f`, `h_r_f`, `m_r_f`, `l_r_f`, `h_l_b`, `m_l_b`, `l_l_b`, `h_r_b`, `m_r_b`, `l_r_b`)
VALUES (2000249,  0,  4,  0,    0,    0,    0,    0,    0,    0,    0,    0,    0,    0, 1, 0.33,    0,    0, 0.33,    0,    0, 0.33,    0,    0, 0.33,    0,    0) /* Head */
     , (2000249,  1,  4,  0,    0,    0,    0,    0,    0,    0,    0,    0,    0,    0, 2, 0.44, 0.17,    0, 0.44, 0.17,    0, 0.44, 0.17,    0, 0.44, 0.17,    0) /* Chest */
     , (2000249,  2,  4,  0,    0,    0,    0,    0,    0,    0,    0,    0,    0,    0, 3,    0, 0.17,    0,    0, 0.17,    0,    0, 0.17,    0,    0, 0.17,    0) /* Abdomen */
     , (2000249,  3,  4,  0,    0,    0,    0,    0,    0,    0,    0,    0,    0,    0, 1, 0.23, 0.03,    0, 0.23, 0.03,    0, 0.23, 0.03,    0, 0.23, 0.03,    0) /* UpperArm */
     , (2000249,  4,  4,  0,    0,    0,    0,    0,    0,    0,    0,    0,    0,    0, 2,    0,  0.3,    0,    0,  0.3,    0,    0,  0.3,    0,    0,  0.3,    0) /* LowerArm */
     , (2000249,  5,  4,  2, 0.75,    0,    0,    0,    0,    0,    0,    0,    0,    0, 2,    0,  0.2,    0,    0,  0.2,    0,    0,  0.2,    0,    0,  0.2,    0) /* Hand */
     , (2000249,  6,  4,  0,    0,    0,    0,    0,    0,    0,    0,    0,    0,    0, 3,    0, 0.13, 0.18,    0, 0.13, 0.18,    0, 0.13, 0.18,    0, 0.13, 0.18) /* UpperLeg */
     , (2000249,  7,  4,  0,    0,    0,    0,    0,    0,    0,    0,    0,    0,    0, 3,    0,    0,  0.6,    0,    0,  0.6,    0,    0,  0.6,    0,    0,  0.6) /* LowerLeg */
     , (2000249,  8,  4,  2, 0.75,    0,    0,    0,    0,    0,    0,    0,    0,    0, 3,    0,    0, 0.22,    0,    0, 0.22,    0,    0, 0.22,    0,    0, 0.22) /* Foot */;

INSERT INTO `weenie_properties_emote` (`object_Id`, `category`, `probability`, `weenie_Class_Id`, `style`, `substyle`, `quest`, `vendor_Type`, `min_Health`, `max_Health`)
VALUES (2000249,  7 /* Use */,      1, NULL, NULL, NULL, NULL, NULL, NULL, NULL);

SET @parent_id = LAST_INSERT_ID();

INSERT INTO `weenie_properties_emote_action` (`emote_Id`, `order`, `type`, `delay`, `extent`, `motion`, `message`, `test_String`, `min`, `max`, `min_64`, `max_64`, `min_Dbl`, `max_Dbl`, `stat`, `display`, `amount`, `amount_64`, `hero_X_P_64`, `percent`, `spell_Id`, `wealth_Rating`, `treasure_Class`, `treasure_Type`, `p_Script`, `sound`, `destination_Type`, `weenie_Class_Id`, `stack_Size`, `palette`, `shade`, `try_To_Bond`, `obj_Cell_Id`, `origin_X`, `origin_Y`, `origin_Z`, `angles_W`, `angles_X`, `angles_Y`, `angles_Z`)
VALUES (@parent_id,  0,  10 /* Tell */, 1.5, 1, NULL, 'I heard the quiddity has gained strength recently.', NULL, NULL, NULL, NULL, NULL, NULL, NULL, NULL, NULL, NULL, NULL, NULL, NULL, NULL, NULL, NULL, NULL, NULL, NULL, NULL, NULL, NULL, NULL, NULL, NULL, NULL, NULL, NULL, NULL, NULL, NULL, NULL, NULL);

INSERT INTO `weenie_properties_create_list` (`object_Id`, `destination_Type`, `weenie_Class_Id`, `stack_Size`, `palette`, `shade`, `try_To_Bond`)
VALUES (2000249, 2, 26452,  0, 89, 1, False) /* Create Bathrobe (26452) for Wield */
     , (2000249, 2,  2597,  0, 86, 1, False) /* Create Pants (2597) for Wield */;

DELETE FROM `weenie` WHERE `class_Id` = 2000250;

INSERT INTO `weenie` (`class_Id`, `class_Name`, `type`, `last_Modified`)
VALUES (2000250, 'ace2000250-townfolk', 10, '2019-09-24 03:41:36') /* Creature */;

INSERT INTO `weenie_properties_int` (`object_Id`, `type`, `value`)
VALUES (2000250,   1,         16) /* ItemType - Creature */
     , (2000250,   2,         31) /* CreatureType - Human */
     , (2000250,   6,         -1) /* ItemsCapacity */
     , (2000250,   7,         -1) /* ContainersCapacity */
     , (2000250,   8,        120) /* Mass */
     , (2000250,  16,         32) /* ItemUseable - Remote */
     , (2000250,  25,         15) /* Level */
     , (2000250,  27,          0) /* ArmorType - None */
     , (2000250,  93,    6292504) /* PhysicsState - ReportCollisions, IgnoreCollisions, Gravity, ReportCollisionsAsEnvironment, EdgeSlide */
     , (2000250,  95,          8) /* RadarBlipColor - Yellow */
     , (2000250, 113,          1) /* Gender - Male */
     , (2000250, 133,          4) /* ShowableOnRadar - ShowAlways */
     , (2000250, 134,         16) /* PlayerKillerStatus - RubberGlue */
     , (2000250, 146,        293) /* XpOverride */
     , (2000250, 188,          1) /* HeritageGroup - Aluvian */;

INSERT INTO `weenie_properties_bool` (`object_Id`, `type`, `value`)
VALUES (2000250,   1, True ) /* Stuck */
     , (2000250,   8, True ) /* AllowGive */
     , (2000250,  11, True ) /* IgnoreCollisions */
     , (2000250,  12, True ) /* ReportCollisions */
     , (2000250,  13, False) /* Ethereal */
     , (2000250,  14, True ) /* GravityStatus */
     , (2000250,  19, False) /* Attackable */
     , (2000250,  29, True ) /* NoCorpse */
     , (2000250,  41, True ) /* ReportCollisionsAsEnvironment */
     , (2000250,  42, True ) /* AllowEdgeSlide */
     , (2000250,  52, True ) /* AiImmobile */
     , (2000250,  79, True ) /* AiAcceptEverything */;

INSERT INTO `weenie_properties_float` (`object_Id`, `type`, `value`)
VALUES (2000250,   1,       5) /* HeartbeatInterval */
     , (2000250,   2,       0) /* HeartbeatTimestamp */
     , (2000250,   3, 0.159999996423721) /* HealthRate */
     , (2000250,   4,       5) /* StaminaRate */
     , (2000250,   5,       1) /* ManaRate */
     , (2000250,  13, 0.899999976158142) /* ArmorModVsSlash */
     , (2000250,  14,       1) /* ArmorModVsPierce */
     , (2000250,  15, 1.10000002384186) /* ArmorModVsBludgeon */
     , (2000250,  16, 0.400000005960464) /* ArmorModVsCold */
     , (2000250,  17, 0.400000005960464) /* ArmorModVsFire */
     , (2000250,  18,       1) /* ArmorModVsAcid */
     , (2000250,  19, 0.600000023841858) /* ArmorModVsElectric */
     , (2000250,  54,       3) /* UseRadius */
     , (2000250,  64,       1) /* ResistSlash */
     , (2000250,  65,       1) /* ResistPierce */
     , (2000250,  66,       1) /* ResistBludgeon */
     , (2000250,  67,       1) /* ResistFire */
     , (2000250,  68,       1) /* ResistCold */
     , (2000250,  69,       1) /* ResistAcid */
     , (2000250,  70,       1) /* ResistElectric */
     , (2000250,  71,       1) /* ResistHealthBoost */
     , (2000250,  72,       1) /* ResistStaminaDrain */
     , (2000250,  73,       1) /* ResistStaminaBoost */
     , (2000250,  74,       1) /* ResistManaDrain */
     , (2000250,  75,       1) /* ResistManaBoost */
     , (2000250, 104,      10) /* ObviousRadarRange */
     , (2000250, 125,       1) /* ResistHealthDrain */;

INSERT INTO `weenie_properties_string` (`object_Id`, `type`, `value`)
VALUES (2000250,   1, 'Townfolk') /* Name */
     , (2000250,   3, 'Male') /* Sex */
     , (2000250,   4, 'Aluvian') /* HeritageGroup */;

INSERT INTO `weenie_properties_d_i_d` (`object_Id`, `type`, `value`)
VALUES (2000250,   1,   33554433) /* Setup */
     , (2000250,   2,  150994945) /* MotionTable */
     , (2000250,   3,  536870913) /* SoundTable */
     , (2000250,   4,  805306368) /* CombatTable */
     , (2000250,   6,   67108990) /* PaletteBase */
     , (2000250,   8,  100667446) /* Icon */
     , (2000250,   9,   83890437) /* EyesTexture */
     , (2000250,  10,   83890521) /* NoseTexture */
     , (2000250,  11,   83890627) /* MouthTexture */
     , (2000250,  15,   67116978) /* HairPalette */
     , (2000250,  16,   67109564) /* EyesPalette */
     , (2000250,  17,   67109558) /* SkinPalette */;

INSERT INTO `weenie_properties_attribute` (`object_Id`, `type`, `init_Level`, `level_From_C_P`, `c_P_Spent`)
VALUES (2000250,   1, 110, 0, 0) /* Strength */
     , (2000250,   2, 120, 0, 0) /* Endurance */
     , (2000250,   3, 120, 0, 0) /* Quickness */
     , (2000250,   4, 120, 0, 0) /* Coordination */
     , (2000250,   5, 100, 0, 0) /* Focus */
     , (2000250,   6, 100, 0, 0) /* Self */;

INSERT INTO `weenie_properties_attribute_2nd` (`object_Id`, `type`, `init_Level`, `level_From_C_P`, `c_P_Spent`, `current_Level`)
VALUES (2000250,   1,     0, 0, 0, 60) /* MaxHealth */
     , (2000250,   3,     0, 0, 0, 120) /* MaxStamina */
     , (2000250,   5,     0, 0, 0, 100) /* MaxMana */;

INSERT INTO `weenie_properties_skill` (`object_Id`, `type`, `level_From_P_P`, `s_a_c`, `p_p`, `init_Level`, `resistance_At_Last_Check`, `last_Used_Time`)
VALUES (2000250,  6, 0, 2, 0,   1, 0, 0) /* MeleeDefense        Trained */
     , (2000250,  7, 0, 2, 0,   1, 0, 0) /* MissileDefense      Trained */
     , (2000250, 13, 0, 2, 0,   1, 0, 0) /* UnarmedCombat       Trained */;

INSERT INTO `weenie_properties_body_part` (`object_Id`, `key`, `d_Type`, `d_Val`, `d_Var`, `base_Armor`, `armor_Vs_Slash`, `armor_Vs_Pierce`, `armor_Vs_Bludgeon`, `armor_Vs_Cold`, `armor_Vs_Fire`, `armor_Vs_Acid`, `armor_Vs_Electric`, `armor_Vs_Nether`, `b_h`, `h_l_f`, `m_l_f`, `l_l_f`, `h_r_f`, `m_r_f`, `l_r_f`, `h_l_b`, `m_l_b`, `l_l_b`, `h_r_b`, `m_r_b`, `l_r_b`)
VALUES (2000250,  0,  4,  0,    0,    0,    0,    0,    0,    0,    0,    0,    0,    0, 1, 0.33,    0,    0, 0.33,    0,    0, 0.33,    0,    0, 0.33,    0,    0) /* Head */
     , (2000250,  1,  4,  0,    0,    0,    0,    0,    0,    0,    0,    0,    0,    0, 2, 0.44, 0.17,    0, 0.44, 0.17,    0, 0.44, 0.17,    0, 0.44, 0.17,    0) /* Chest */
     , (2000250,  2,  4,  0,    0,    0,    0,    0,    0,    0,    0,    0,    0,    0, 3,    0, 0.17,    0,    0, 0.17,    0,    0, 0.17,    0,    0, 0.17,    0) /* Abdomen */
     , (2000250,  3,  4,  0,    0,    0,    0,    0,    0,    0,    0,    0,    0,    0, 1, 0.23, 0.03,    0, 0.23, 0.03,    0, 0.23, 0.03,    0, 0.23, 0.03,    0) /* UpperArm */
     , (2000250,  4,  4,  0,    0,    0,    0,    0,    0,    0,    0,    0,    0,    0, 2,    0,  0.3,    0,    0,  0.3,    0,    0,  0.3,    0,    0,  0.3,    0) /* LowerArm */
     , (2000250,  5,  4,  2, 0.75,    0,    0,    0,    0,    0,    0,    0,    0,    0, 2,    0,  0.2,    0,    0,  0.2,    0,    0,  0.2,    0,    0,  0.2,    0) /* Hand */
     , (2000250,  6,  4,  0,    0,    0,    0,    0,    0,    0,    0,    0,    0,    0, 3,    0, 0.13, 0.18,    0, 0.13, 0.18,    0, 0.13, 0.18,    0, 0.13, 0.18) /* UpperLeg */
     , (2000250,  7,  4,  0,    0,    0,    0,    0,    0,    0,    0,    0,    0,    0, 3,    0,    0,  0.6,    0,    0,  0.6,    0,    0,  0.6,    0,    0,  0.6) /* LowerLeg */
     , (2000250,  8,  4,  2, 0.75,    0,    0,    0,    0,    0,    0,    0,    0,    0, 3,    0,    0, 0.22,    0,    0, 0.22,    0,    0, 0.22,    0,    0, 0.22) /* Foot */;

INSERT INTO `weenie_properties_emote` (`object_Id`, `category`, `probability`, `weenie_Class_Id`, `style`, `substyle`, `quest`, `vendor_Type`, `min_Health`, `max_Health`)
VALUES (2000250,  7 /* Use */,      1, NULL, NULL, NULL, NULL, NULL, NULL, NULL);

SET @parent_id = LAST_INSERT_ID();

INSERT INTO `weenie_properties_emote_action` (`emote_Id`, `order`, `type`, `delay`, `extent`, `motion`, `message`, `test_String`, `min`, `max`, `min_64`, `max_64`, `min_Dbl`, `max_Dbl`, `stat`, `display`, `amount`, `amount_64`, `hero_X_P_64`, `percent`, `spell_Id`, `wealth_Rating`, `treasure_Class`, `treasure_Type`, `p_Script`, `sound`, `destination_Type`, `weenie_Class_Id`, `stack_Size`, `palette`, `shade`, `try_To_Bond`, `obj_Cell_Id`, `origin_X`, `origin_Y`, `origin_Z`, `angles_W`, `angles_X`, `angles_Y`, `angles_Z`)
VALUES (@parent_id,  0,  10 /* Tell */, 1.5, 1, NULL, 'No matter the tragedy, it''s amazing that we can still stand and fight our advesaries after all these years. ', NULL, NULL, NULL, NULL, NULL, NULL, NULL, NULL, NULL, NULL, NULL, NULL, NULL, NULL, NULL, NULL, NULL, NULL, NULL, NULL, NULL, NULL, NULL, NULL, NULL, NULL, NULL, NULL, NULL, NULL, NULL, NULL, NULL);

INSERT INTO `weenie_properties_create_list` (`object_Id`, `destination_Type`, `weenie_Class_Id`, `stack_Size`, `palette`, `shade`, `try_To_Bond`)
VALUES (2000250, 2,  2588,  0, 91, 1, False) /* Create Shirt (2588) for Wield */
     , (2000250, 2,  2597,  0, 86, 1, False) /* Create Pants (2597) for Wield */;

DELETE FROM `weenie` WHERE `class_Id` = 2000251;

INSERT INTO `weenie` (`class_Id`, `class_Name`, `type`, `last_Modified`)
VALUES (2000251, 'ace2000251-townfolk', 10, '2019-09-24 03:41:37') /* Creature */;

INSERT INTO `weenie_properties_int` (`object_Id`, `type`, `value`)
VALUES (2000251,   1,         16) /* ItemType - Creature */
     , (2000251,   2,         31) /* CreatureType - Human */
     , (2000251,   6,         -1) /* ItemsCapacity */
     , (2000251,   7,         -1) /* ContainersCapacity */
     , (2000251,   8,        120) /* Mass */
     , (2000251,  16,         32) /* ItemUseable - Remote */
     , (2000251,  25,         15) /* Level */
     , (2000251,  27,          0) /* ArmorType - None */
     , (2000251,  93,    6292504) /* PhysicsState - ReportCollisions, IgnoreCollisions, Gravity, ReportCollisionsAsEnvironment, EdgeSlide */
     , (2000251,  95,          8) /* RadarBlipColor - Yellow */
     , (2000251, 113,          1) /* Gender - Male */
     , (2000251, 133,          4) /* ShowableOnRadar - ShowAlways */
     , (2000251, 134,         16) /* PlayerKillerStatus - RubberGlue */
     , (2000251, 146,        293) /* XpOverride */
     , (2000251, 188,          1) /* HeritageGroup - Aluvian */;

INSERT INTO `weenie_properties_bool` (`object_Id`, `type`, `value`)
VALUES (2000251,   1, True ) /* Stuck */
     , (2000251,   8, True ) /* AllowGive */
     , (2000251,  11, True ) /* IgnoreCollisions */
     , (2000251,  12, True ) /* ReportCollisions */
     , (2000251,  13, False) /* Ethereal */
     , (2000251,  14, True ) /* GravityStatus */
     , (2000251,  19, False) /* Attackable */
     , (2000251,  29, True ) /* NoCorpse */
     , (2000251,  41, True ) /* ReportCollisionsAsEnvironment */
     , (2000251,  42, True ) /* AllowEdgeSlide */
     , (2000251,  52, True ) /* AiImmobile */
     , (2000251,  79, True ) /* AiAcceptEverything */;

INSERT INTO `weenie_properties_float` (`object_Id`, `type`, `value`)
VALUES (2000251,   1,       5) /* HeartbeatInterval */
     , (2000251,   2,       0) /* HeartbeatTimestamp */
     , (2000251,   3, 0.159999996423721) /* HealthRate */
     , (2000251,   4,       5) /* StaminaRate */
     , (2000251,   5,       1) /* ManaRate */
     , (2000251,  13, 0.899999976158142) /* ArmorModVsSlash */
     , (2000251,  14,       1) /* ArmorModVsPierce */
     , (2000251,  15, 1.10000002384186) /* ArmorModVsBludgeon */
     , (2000251,  16, 0.400000005960464) /* ArmorModVsCold */
     , (2000251,  17, 0.400000005960464) /* ArmorModVsFire */
     , (2000251,  18,       1) /* ArmorModVsAcid */
     , (2000251,  19, 0.600000023841858) /* ArmorModVsElectric */
     , (2000251,  54,       3) /* UseRadius */
     , (2000251,  64,       1) /* ResistSlash */
     , (2000251,  65,       1) /* ResistPierce */
     , (2000251,  66,       1) /* ResistBludgeon */
     , (2000251,  67,       1) /* ResistFire */
     , (2000251,  68,       1) /* ResistCold */
     , (2000251,  69,       1) /* ResistAcid */
     , (2000251,  70,       1) /* ResistElectric */
     , (2000251,  71,       1) /* ResistHealthBoost */
     , (2000251,  72,       1) /* ResistStaminaDrain */
     , (2000251,  73,       1) /* ResistStaminaBoost */
     , (2000251,  74,       1) /* ResistManaDrain */
     , (2000251,  75,       1) /* ResistManaBoost */
     , (2000251, 104,      10) /* ObviousRadarRange */
     , (2000251, 125,       1) /* ResistHealthDrain */;

INSERT INTO `weenie_properties_string` (`object_Id`, `type`, `value`)
VALUES (2000251,   1, 'Townfolk') /* Name */
     , (2000251,   3, 'Male') /* Sex */
     , (2000251,   4, 'Aluvian') /* HeritageGroup */;

INSERT INTO `weenie_properties_d_i_d` (`object_Id`, `type`, `value`)
VALUES (2000251,   1,   33554433) /* Setup */
     , (2000251,   2,  150994945) /* MotionTable */
     , (2000251,   3,  536870913) /* SoundTable */
     , (2000251,   4,  805306368) /* CombatTable */
     , (2000251,   6,   67108990) /* PaletteBase */
     , (2000251,   8,  100667446) /* Icon */
     , (2000251,   9,   83890437) /* EyesTexture */
     , (2000251,  10,   83890521) /* NoseTexture */
     , (2000251,  11,   83890627) /* MouthTexture */
     , (2000251,  15,   67116978) /* HairPalette */
     , (2000251,  16,   67109564) /* EyesPalette */
     , (2000251,  17,   67109558) /* SkinPalette */;

INSERT INTO `weenie_properties_attribute` (`object_Id`, `type`, `init_Level`, `level_From_C_P`, `c_P_Spent`)
VALUES (2000251,   1, 110, 0, 0) /* Strength */
     , (2000251,   2, 120, 0, 0) /* Endurance */
     , (2000251,   3, 120, 0, 0) /* Quickness */
     , (2000251,   4, 120, 0, 0) /* Coordination */
     , (2000251,   5, 100, 0, 0) /* Focus */
     , (2000251,   6, 100, 0, 0) /* Self */;

INSERT INTO `weenie_properties_attribute_2nd` (`object_Id`, `type`, `init_Level`, `level_From_C_P`, `c_P_Spent`, `current_Level`)
VALUES (2000251,   1,     0, 0, 0, 60) /* MaxHealth */
     , (2000251,   3,     0, 0, 0, 120) /* MaxStamina */
     , (2000251,   5,     0, 0, 0, 100) /* MaxMana */;

INSERT INTO `weenie_properties_skill` (`object_Id`, `type`, `level_From_P_P`, `s_a_c`, `p_p`, `init_Level`, `resistance_At_Last_Check`, `last_Used_Time`)
VALUES (2000251,  6, 0, 2, 0,   1, 0, 0) /* MeleeDefense        Trained */
     , (2000251,  7, 0, 2, 0,   1, 0, 0) /* MissileDefense      Trained */
     , (2000251, 13, 0, 2, 0,   1, 0, 0) /* UnarmedCombat       Trained */;

INSERT INTO `weenie_properties_body_part` (`object_Id`, `key`, `d_Type`, `d_Val`, `d_Var`, `base_Armor`, `armor_Vs_Slash`, `armor_Vs_Pierce`, `armor_Vs_Bludgeon`, `armor_Vs_Cold`, `armor_Vs_Fire`, `armor_Vs_Acid`, `armor_Vs_Electric`, `armor_Vs_Nether`, `b_h`, `h_l_f`, `m_l_f`, `l_l_f`, `h_r_f`, `m_r_f`, `l_r_f`, `h_l_b`, `m_l_b`, `l_l_b`, `h_r_b`, `m_r_b`, `l_r_b`)
VALUES (2000251,  0,  4,  0,    0,    0,    0,    0,    0,    0,    0,    0,    0,    0, 1, 0.33,    0,    0, 0.33,    0,    0, 0.33,    0,    0, 0.33,    0,    0) /* Head */
     , (2000251,  1,  4,  0,    0,    0,    0,    0,    0,    0,    0,    0,    0,    0, 2, 0.44, 0.17,    0, 0.44, 0.17,    0, 0.44, 0.17,    0, 0.44, 0.17,    0) /* Chest */
     , (2000251,  2,  4,  0,    0,    0,    0,    0,    0,    0,    0,    0,    0,    0, 3,    0, 0.17,    0,    0, 0.17,    0,    0, 0.17,    0,    0, 0.17,    0) /* Abdomen */
     , (2000251,  3,  4,  0,    0,    0,    0,    0,    0,    0,    0,    0,    0,    0, 1, 0.23, 0.03,    0, 0.23, 0.03,    0, 0.23, 0.03,    0, 0.23, 0.03,    0) /* UpperArm */
     , (2000251,  4,  4,  0,    0,    0,    0,    0,    0,    0,    0,    0,    0,    0, 2,    0,  0.3,    0,    0,  0.3,    0,    0,  0.3,    0,    0,  0.3,    0) /* LowerArm */
     , (2000251,  5,  4,  2, 0.75,    0,    0,    0,    0,    0,    0,    0,    0,    0, 2,    0,  0.2,    0,    0,  0.2,    0,    0,  0.2,    0,    0,  0.2,    0) /* Hand */
     , (2000251,  6,  4,  0,    0,    0,    0,    0,    0,    0,    0,    0,    0,    0, 3,    0, 0.13, 0.18,    0, 0.13, 0.18,    0, 0.13, 0.18,    0, 0.13, 0.18) /* UpperLeg */
     , (2000251,  7,  4,  0,    0,    0,    0,    0,    0,    0,    0,    0,    0,    0, 3,    0,    0,  0.6,    0,    0,  0.6,    0,    0,  0.6,    0,    0,  0.6) /* LowerLeg */
     , (2000251,  8,  4,  2, 0.75,    0,    0,    0,    0,    0,    0,    0,    0,    0, 3,    0,    0, 0.22,    0,    0, 0.22,    0,    0, 0.22,    0,    0, 0.22) /* Foot */;

INSERT INTO `weenie_properties_emote` (`object_Id`, `category`, `probability`, `weenie_Class_Id`, `style`, `substyle`, `quest`, `vendor_Type`, `min_Health`, `max_Health`)
VALUES (2000251,  7 /* Use */,      1, NULL, NULL, NULL, NULL, NULL, NULL, NULL);

SET @parent_id = LAST_INSERT_ID();

INSERT INTO `weenie_properties_emote_action` (`emote_Id`, `order`, `type`, `delay`, `extent`, `motion`, `message`, `test_String`, `min`, `max`, `min_64`, `max_64`, `min_Dbl`, `max_Dbl`, `stat`, `display`, `amount`, `amount_64`, `hero_X_P_64`, `percent`, `spell_Id`, `wealth_Rating`, `treasure_Class`, `treasure_Type`, `p_Script`, `sound`, `destination_Type`, `weenie_Class_Id`, `stack_Size`, `palette`, `shade`, `try_To_Bond`, `obj_Cell_Id`, `origin_X`, `origin_Y`, `origin_Z`, `angles_W`, `angles_X`, `angles_Y`, `angles_Z`)
VALUES (@parent_id,  0,  10 /* Tell */, 1.5, 1, NULL, 'I think I want to join the explorer''s league.', NULL, NULL, NULL, NULL, NULL, NULL, NULL, NULL, NULL, NULL, NULL, NULL, NULL, NULL, NULL, NULL, NULL, NULL, NULL, NULL, NULL, NULL, NULL, NULL, NULL, NULL, NULL, NULL, NULL, NULL, NULL, NULL, NULL);

INSERT INTO `weenie_properties_create_list` (`object_Id`, `destination_Type`, `weenie_Class_Id`, `stack_Size`, `palette`, `shade`, `try_To_Bond`)
VALUES (2000251, 2,  2588,  0, 90, 1, False) /* Create Shirt (2588) for Wield */
     , (2000251, 2,  2597,  0, 93, 1, False) /* Create Pants (2597) for Wield */;

DELETE FROM `weenie` WHERE `class_Id` = 2000252;

INSERT INTO `weenie` (`class_Id`, `class_Name`, `type`, `last_Modified`)
VALUES (2000252, 'ace2000252-townfolk', 10, '2019-09-24 03:41:38') /* Creature */;

INSERT INTO `weenie_properties_int` (`object_Id`, `type`, `value`)
VALUES (2000252,   1,         16) /* ItemType - Creature */
     , (2000252,   2,         31) /* CreatureType - Human */
     , (2000252,   6,         -1) /* ItemsCapacity */
     , (2000252,   7,         -1) /* ContainersCapacity */
     , (2000252,   8,        120) /* Mass */
     , (2000252,  16,         32) /* ItemUseable - Remote */
     , (2000252,  25,         15) /* Level */
     , (2000252,  27,          0) /* ArmorType - None */
     , (2000252,  93,    6292504) /* PhysicsState - ReportCollisions, IgnoreCollisions, Gravity, ReportCollisionsAsEnvironment, EdgeSlide */
     , (2000252,  95,          8) /* RadarBlipColor - Yellow */
     , (2000252, 113,          1) /* Gender - Male */
     , (2000252, 133,          4) /* ShowableOnRadar - ShowAlways */
     , (2000252, 134,         16) /* PlayerKillerStatus - RubberGlue */
     , (2000252, 146,        293) /* XpOverride */
     , (2000252, 188,          1) /* HeritageGroup - Aluvian */;

INSERT INTO `weenie_properties_bool` (`object_Id`, `type`, `value`)
VALUES (2000252,   1, True ) /* Stuck */
     , (2000252,   8, True ) /* AllowGive */
     , (2000252,  11, True ) /* IgnoreCollisions */
     , (2000252,  12, True ) /* ReportCollisions */
     , (2000252,  13, False) /* Ethereal */
     , (2000252,  14, True ) /* GravityStatus */
     , (2000252,  19, False) /* Attackable */
     , (2000252,  29, True ) /* NoCorpse */
     , (2000252,  41, True ) /* ReportCollisionsAsEnvironment */
     , (2000252,  42, True ) /* AllowEdgeSlide */
     , (2000252,  52, True ) /* AiImmobile */
     , (2000252,  79, True ) /* AiAcceptEverything */;

INSERT INTO `weenie_properties_float` (`object_Id`, `type`, `value`)
VALUES (2000252,   1,       5) /* HeartbeatInterval */
     , (2000252,   2,       0) /* HeartbeatTimestamp */
     , (2000252,   3, 0.159999996423721) /* HealthRate */
     , (2000252,   4,       5) /* StaminaRate */
     , (2000252,   5,       1) /* ManaRate */
     , (2000252,  13, 0.899999976158142) /* ArmorModVsSlash */
     , (2000252,  14,       1) /* ArmorModVsPierce */
     , (2000252,  15, 1.10000002384186) /* ArmorModVsBludgeon */
     , (2000252,  16, 0.400000005960464) /* ArmorModVsCold */
     , (2000252,  17, 0.400000005960464) /* ArmorModVsFire */
     , (2000252,  18,       1) /* ArmorModVsAcid */
     , (2000252,  19, 0.600000023841858) /* ArmorModVsElectric */
     , (2000252,  54,       3) /* UseRadius */
     , (2000252,  64,       1) /* ResistSlash */
     , (2000252,  65,       1) /* ResistPierce */
     , (2000252,  66,       1) /* ResistBludgeon */
     , (2000252,  67,       1) /* ResistFire */
     , (2000252,  68,       1) /* ResistCold */
     , (2000252,  69,       1) /* ResistAcid */
     , (2000252,  70,       1) /* ResistElectric */
     , (2000252,  71,       1) /* ResistHealthBoost */
     , (2000252,  72,       1) /* ResistStaminaDrain */
     , (2000252,  73,       1) /* ResistStaminaBoost */
     , (2000252,  74,       1) /* ResistManaDrain */
     , (2000252,  75,       1) /* ResistManaBoost */
     , (2000252, 104,      10) /* ObviousRadarRange */
     , (2000252, 125,       1) /* ResistHealthDrain */;

INSERT INTO `weenie_properties_string` (`object_Id`, `type`, `value`)
VALUES (2000252,   1, 'Townfolk') /* Name */
     , (2000252,   3, 'Male') /* Sex */
     , (2000252,   4, 'Aluvian') /* HeritageGroup */;

INSERT INTO `weenie_properties_d_i_d` (`object_Id`, `type`, `value`)
VALUES (2000252,   1,   33554433) /* Setup */
     , (2000252,   2,  150994945) /* MotionTable */
     , (2000252,   3,  536870913) /* SoundTable */
     , (2000252,   4,  805306368) /* CombatTable */
     , (2000252,   6,   67108990) /* PaletteBase */
     , (2000252,   8,  100667446) /* Icon */
     , (2000252,   9,   83890437) /* EyesTexture */
     , (2000252,  10,   83890521) /* NoseTexture */
     , (2000252,  11,   83890627) /* MouthTexture */
     , (2000252,  15,   67116978) /* HairPalette */
     , (2000252,  16,   67109564) /* EyesPalette */
     , (2000252,  17,   67109558) /* SkinPalette */;

INSERT INTO `weenie_properties_attribute` (`object_Id`, `type`, `init_Level`, `level_From_C_P`, `c_P_Spent`)
VALUES (2000252,   1, 110, 0, 0) /* Strength */
     , (2000252,   2, 120, 0, 0) /* Endurance */
     , (2000252,   3, 120, 0, 0) /* Quickness */
     , (2000252,   4, 120, 0, 0) /* Coordination */
     , (2000252,   5, 100, 0, 0) /* Focus */
     , (2000252,   6, 100, 0, 0) /* Self */;

INSERT INTO `weenie_properties_attribute_2nd` (`object_Id`, `type`, `init_Level`, `level_From_C_P`, `c_P_Spent`, `current_Level`)
VALUES (2000252,   1,     0, 0, 0, 60) /* MaxHealth */
     , (2000252,   3,     0, 0, 0, 120) /* MaxStamina */
     , (2000252,   5,     0, 0, 0, 100) /* MaxMana */;

INSERT INTO `weenie_properties_skill` (`object_Id`, `type`, `level_From_P_P`, `s_a_c`, `p_p`, `init_Level`, `resistance_At_Last_Check`, `last_Used_Time`)
VALUES (2000252,  6, 0, 2, 0,   1, 0, 0) /* MeleeDefense        Trained */
     , (2000252,  7, 0, 2, 0,   1, 0, 0) /* MissileDefense      Trained */
     , (2000252, 13, 0, 2, 0,   1, 0, 0) /* UnarmedCombat       Trained */;

INSERT INTO `weenie_properties_body_part` (`object_Id`, `key`, `d_Type`, `d_Val`, `d_Var`, `base_Armor`, `armor_Vs_Slash`, `armor_Vs_Pierce`, `armor_Vs_Bludgeon`, `armor_Vs_Cold`, `armor_Vs_Fire`, `armor_Vs_Acid`, `armor_Vs_Electric`, `armor_Vs_Nether`, `b_h`, `h_l_f`, `m_l_f`, `l_l_f`, `h_r_f`, `m_r_f`, `l_r_f`, `h_l_b`, `m_l_b`, `l_l_b`, `h_r_b`, `m_r_b`, `l_r_b`)
VALUES (2000252,  0,  4,  0,    0,    0,    0,    0,    0,    0,    0,    0,    0,    0, 1, 0.33,    0,    0, 0.33,    0,    0, 0.33,    0,    0, 0.33,    0,    0) /* Head */
     , (2000252,  1,  4,  0,    0,    0,    0,    0,    0,    0,    0,    0,    0,    0, 2, 0.44, 0.17,    0, 0.44, 0.17,    0, 0.44, 0.17,    0, 0.44, 0.17,    0) /* Chest */
     , (2000252,  2,  4,  0,    0,    0,    0,    0,    0,    0,    0,    0,    0,    0, 3,    0, 0.17,    0,    0, 0.17,    0,    0, 0.17,    0,    0, 0.17,    0) /* Abdomen */
     , (2000252,  3,  4,  0,    0,    0,    0,    0,    0,    0,    0,    0,    0,    0, 1, 0.23, 0.03,    0, 0.23, 0.03,    0, 0.23, 0.03,    0, 0.23, 0.03,    0) /* UpperArm */
     , (2000252,  4,  4,  0,    0,    0,    0,    0,    0,    0,    0,    0,    0,    0, 2,    0,  0.3,    0,    0,  0.3,    0,    0,  0.3,    0,    0,  0.3,    0) /* LowerArm */
     , (2000252,  5,  4,  2, 0.75,    0,    0,    0,    0,    0,    0,    0,    0,    0, 2,    0,  0.2,    0,    0,  0.2,    0,    0,  0.2,    0,    0,  0.2,    0) /* Hand */
     , (2000252,  6,  4,  0,    0,    0,    0,    0,    0,    0,    0,    0,    0,    0, 3,    0, 0.13, 0.18,    0, 0.13, 0.18,    0, 0.13, 0.18,    0, 0.13, 0.18) /* UpperLeg */
     , (2000252,  7,  4,  0,    0,    0,    0,    0,    0,    0,    0,    0,    0,    0, 3,    0,    0,  0.6,    0,    0,  0.6,    0,    0,  0.6,    0,    0,  0.6) /* LowerLeg */
     , (2000252,  8,  4,  2, 0.75,    0,    0,    0,    0,    0,    0,    0,    0,    0, 3,    0,    0, 0.22,    0,    0, 0.22,    0,    0, 0.22,    0,    0, 0.22) /* Foot */;

INSERT INTO `weenie_properties_emote` (`object_Id`, `category`, `probability`, `weenie_Class_Id`, `style`, `substyle`, `quest`, `vendor_Type`, `min_Health`, `max_Health`)
VALUES (2000252,  7 /* Use */,      1, NULL, NULL, NULL, NULL, NULL, NULL, NULL);

SET @parent_id = LAST_INSERT_ID();

INSERT INTO `weenie_properties_emote_action` (`emote_Id`, `order`, `type`, `delay`, `extent`, `motion`, `message`, `test_String`, `min`, `max`, `min_64`, `max_64`, `min_Dbl`, `max_Dbl`, `stat`, `display`, `amount`, `amount_64`, `hero_X_P_64`, `percent`, `spell_Id`, `wealth_Rating`, `treasure_Class`, `treasure_Type`, `p_Script`, `sound`, `destination_Type`, `weenie_Class_Id`, `stack_Size`, `palette`, `shade`, `try_To_Bond`, `obj_Cell_Id`, `origin_X`, `origin_Y`, `origin_Z`, `angles_W`, `angles_X`, `angles_Y`, `angles_Z`)
VALUES (@parent_id,  0,  10 /* Tell */, 1.5, 1, NULL, 'Do you ever get the feeling that the cows are up to something? I hear this story once and I have noticed they are everywhere now.', NULL, NULL, NULL, NULL, NULL, NULL, NULL, NULL, NULL, NULL, NULL, NULL, NULL, NULL, NULL, NULL, NULL, NULL, NULL, NULL, NULL, NULL, NULL, NULL, NULL, NULL, NULL, NULL, NULL, NULL, NULL, NULL, NULL);

INSERT INTO `weenie_properties_create_list` (`object_Id`, `destination_Type`, `weenie_Class_Id`, `stack_Size`, `palette`, `shade`, `try_To_Bond`)
VALUES (2000252, 2,  2588,  0, 89, 1, False) /* Create Shirt (2588) for Wield */
     , (2000252, 2,  2597,  0, 86, 1, False) /* Create Pants (2597) for Wield */;

DELETE FROM `weenie` WHERE `class_Id` = 2000253;

INSERT INTO `weenie` (`class_Id`, `class_Name`, `type`, `last_Modified`)
VALUES (2000253, 'ace2000253-townfolk', 10, '2019-09-24 03:41:39') /* Creature */;

INSERT INTO `weenie_properties_int` (`object_Id`, `type`, `value`)
VALUES (2000253,   1,         16) /* ItemType - Creature */
     , (2000253,   2,         31) /* CreatureType - Human */
     , (2000253,   6,         -1) /* ItemsCapacity */
     , (2000253,   7,         -1) /* ContainersCapacity */
     , (2000253,   8,        120) /* Mass */
     , (2000253,  16,         32) /* ItemUseable - Remote */
     , (2000253,  25,         15) /* Level */
     , (2000253,  27,          0) /* ArmorType - None */
     , (2000253,  93,    6292504) /* PhysicsState - ReportCollisions, IgnoreCollisions, Gravity, ReportCollisionsAsEnvironment, EdgeSlide */
     , (2000253,  95,          8) /* RadarBlipColor - Yellow */
     , (2000253, 113,          1) /* Gender - Male */
     , (2000253, 133,          4) /* ShowableOnRadar - ShowAlways */
     , (2000253, 134,         16) /* PlayerKillerStatus - RubberGlue */
     , (2000253, 146,        293) /* XpOverride */
     , (2000253, 188,          1) /* HeritageGroup - Aluvian */;

INSERT INTO `weenie_properties_bool` (`object_Id`, `type`, `value`)
VALUES (2000253,   1, True ) /* Stuck */
     , (2000253,   8, True ) /* AllowGive */
     , (2000253,  11, True ) /* IgnoreCollisions */
     , (2000253,  12, True ) /* ReportCollisions */
     , (2000253,  13, False) /* Ethereal */
     , (2000253,  14, True ) /* GravityStatus */
     , (2000253,  19, False) /* Attackable */
     , (2000253,  29, True ) /* NoCorpse */
     , (2000253,  41, True ) /* ReportCollisionsAsEnvironment */
     , (2000253,  42, True ) /* AllowEdgeSlide */
     , (2000253,  52, True ) /* AiImmobile */
     , (2000253,  79, True ) /* AiAcceptEverything */;

INSERT INTO `weenie_properties_float` (`object_Id`, `type`, `value`)
VALUES (2000253,   1,       5) /* HeartbeatInterval */
     , (2000253,   2,       0) /* HeartbeatTimestamp */
     , (2000253,   3, 0.159999996423721) /* HealthRate */
     , (2000253,   4,       5) /* StaminaRate */
     , (2000253,   5,       1) /* ManaRate */
     , (2000253,  13, 0.899999976158142) /* ArmorModVsSlash */
     , (2000253,  14,       1) /* ArmorModVsPierce */
     , (2000253,  15, 1.10000002384186) /* ArmorModVsBludgeon */
     , (2000253,  16, 0.400000005960464) /* ArmorModVsCold */
     , (2000253,  17, 0.400000005960464) /* ArmorModVsFire */
     , (2000253,  18,       1) /* ArmorModVsAcid */
     , (2000253,  19, 0.600000023841858) /* ArmorModVsElectric */
     , (2000253,  54,       3) /* UseRadius */
     , (2000253,  64,       1) /* ResistSlash */
     , (2000253,  65,       1) /* ResistPierce */
     , (2000253,  66,       1) /* ResistBludgeon */
     , (2000253,  67,       1) /* ResistFire */
     , (2000253,  68,       1) /* ResistCold */
     , (2000253,  69,       1) /* ResistAcid */
     , (2000253,  70,       1) /* ResistElectric */
     , (2000253,  71,       1) /* ResistHealthBoost */
     , (2000253,  72,       1) /* ResistStaminaDrain */
     , (2000253,  73,       1) /* ResistStaminaBoost */
     , (2000253,  74,       1) /* ResistManaDrain */
     , (2000253,  75,       1) /* ResistManaBoost */
     , (2000253, 104,      10) /* ObviousRadarRange */
     , (2000253, 125,       1) /* ResistHealthDrain */;

INSERT INTO `weenie_properties_string` (`object_Id`, `type`, `value`)
VALUES (2000253,   1, 'Townfolk') /* Name */
     , (2000253,   3, 'Male') /* Sex */
     , (2000253,   4, 'Aluvian') /* HeritageGroup */;

INSERT INTO `weenie_properties_d_i_d` (`object_Id`, `type`, `value`)
VALUES (2000253,   1,   33554433) /* Setup */
     , (2000253,   2,  150994945) /* MotionTable */
     , (2000253,   3,  536870913) /* SoundTable */
     , (2000253,   4,  805306368) /* CombatTable */
     , (2000253,   6,   67108990) /* PaletteBase */
     , (2000253,   8,  100667446) /* Icon */
     , (2000253,   9,   83890437) /* EyesTexture */
     , (2000253,  10,   83890521) /* NoseTexture */
     , (2000253,  11,   83890627) /* MouthTexture */
     , (2000253,  15,   67116978) /* HairPalette */
     , (2000253,  16,   67109564) /* EyesPalette */
     , (2000253,  17,   67109558) /* SkinPalette */;

INSERT INTO `weenie_properties_attribute` (`object_Id`, `type`, `init_Level`, `level_From_C_P`, `c_P_Spent`)
VALUES (2000253,   1, 110, 0, 0) /* Strength */
     , (2000253,   2, 120, 0, 0) /* Endurance */
     , (2000253,   3, 120, 0, 0) /* Quickness */
     , (2000253,   4, 120, 0, 0) /* Coordination */
     , (2000253,   5, 100, 0, 0) /* Focus */
     , (2000253,   6, 100, 0, 0) /* Self */;

INSERT INTO `weenie_properties_attribute_2nd` (`object_Id`, `type`, `init_Level`, `level_From_C_P`, `c_P_Spent`, `current_Level`)
VALUES (2000253,   1,     0, 0, 0, 60) /* MaxHealth */
     , (2000253,   3,     0, 0, 0, 120) /* MaxStamina */
     , (2000253,   5,     0, 0, 0, 100) /* MaxMana */;

INSERT INTO `weenie_properties_skill` (`object_Id`, `type`, `level_From_P_P`, `s_a_c`, `p_p`, `init_Level`, `resistance_At_Last_Check`, `last_Used_Time`)
VALUES (2000253,  6, 0, 2, 0,   1, 0, 0) /* MeleeDefense        Trained */
     , (2000253,  7, 0, 2, 0,   1, 0, 0) /* MissileDefense      Trained */
     , (2000253, 13, 0, 2, 0,   1, 0, 0) /* UnarmedCombat       Trained */;

INSERT INTO `weenie_properties_body_part` (`object_Id`, `key`, `d_Type`, `d_Val`, `d_Var`, `base_Armor`, `armor_Vs_Slash`, `armor_Vs_Pierce`, `armor_Vs_Bludgeon`, `armor_Vs_Cold`, `armor_Vs_Fire`, `armor_Vs_Acid`, `armor_Vs_Electric`, `armor_Vs_Nether`, `b_h`, `h_l_f`, `m_l_f`, `l_l_f`, `h_r_f`, `m_r_f`, `l_r_f`, `h_l_b`, `m_l_b`, `l_l_b`, `h_r_b`, `m_r_b`, `l_r_b`)
VALUES (2000253,  0,  4,  0,    0,    0,    0,    0,    0,    0,    0,    0,    0,    0, 1, 0.33,    0,    0, 0.33,    0,    0, 0.33,    0,    0, 0.33,    0,    0) /* Head */
     , (2000253,  1,  4,  0,    0,    0,    0,    0,    0,    0,    0,    0,    0,    0, 2, 0.44, 0.17,    0, 0.44, 0.17,    0, 0.44, 0.17,    0, 0.44, 0.17,    0) /* Chest */
     , (2000253,  2,  4,  0,    0,    0,    0,    0,    0,    0,    0,    0,    0,    0, 3,    0, 0.17,    0,    0, 0.17,    0,    0, 0.17,    0,    0, 0.17,    0) /* Abdomen */
     , (2000253,  3,  4,  0,    0,    0,    0,    0,    0,    0,    0,    0,    0,    0, 1, 0.23, 0.03,    0, 0.23, 0.03,    0, 0.23, 0.03,    0, 0.23, 0.03,    0) /* UpperArm */
     , (2000253,  4,  4,  0,    0,    0,    0,    0,    0,    0,    0,    0,    0,    0, 2,    0,  0.3,    0,    0,  0.3,    0,    0,  0.3,    0,    0,  0.3,    0) /* LowerArm */
     , (2000253,  5,  4,  2, 0.75,    0,    0,    0,    0,    0,    0,    0,    0,    0, 2,    0,  0.2,    0,    0,  0.2,    0,    0,  0.2,    0,    0,  0.2,    0) /* Hand */
     , (2000253,  6,  4,  0,    0,    0,    0,    0,    0,    0,    0,    0,    0,    0, 3,    0, 0.13, 0.18,    0, 0.13, 0.18,    0, 0.13, 0.18,    0, 0.13, 0.18) /* UpperLeg */
     , (2000253,  7,  4,  0,    0,    0,    0,    0,    0,    0,    0,    0,    0,    0, 3,    0,    0,  0.6,    0,    0,  0.6,    0,    0,  0.6,    0,    0,  0.6) /* LowerLeg */
     , (2000253,  8,  4,  2, 0.75,    0,    0,    0,    0,    0,    0,    0,    0,    0, 3,    0,    0, 0.22,    0,    0, 0.22,    0,    0, 0.22,    0,    0, 0.22) /* Foot */;

INSERT INTO `weenie_properties_emote` (`object_Id`, `category`, `probability`, `weenie_Class_Id`, `style`, `substyle`, `quest`, `vendor_Type`, `min_Health`, `max_Health`)
VALUES (2000253,  7 /* Use */,      1, NULL, NULL, NULL, NULL, NULL, NULL, NULL);

SET @parent_id = LAST_INSERT_ID();

INSERT INTO `weenie_properties_emote_action` (`emote_Id`, `order`, `type`, `delay`, `extent`, `motion`, `message`, `test_String`, `min`, `max`, `min_64`, `max_64`, `min_Dbl`, `max_Dbl`, `stat`, `display`, `amount`, `amount_64`, `hero_X_P_64`, `percent`, `spell_Id`, `wealth_Rating`, `treasure_Class`, `treasure_Type`, `p_Script`, `sound`, `destination_Type`, `weenie_Class_Id`, `stack_Size`, `palette`, `shade`, `try_To_Bond`, `obj_Cell_Id`, `origin_X`, `origin_Y`, `origin_Z`, `angles_W`, `angles_X`, `angles_Y`, `angles_Z`)
VALUES (@parent_id,  0,  10 /* Tell */, 1.5, 1, NULL, 'Have you seen what they did to dryreach, amazing to see them lifting the seige, bit by bit.', NULL, NULL, NULL, NULL, NULL, NULL, NULL, NULL, NULL, NULL, NULL, NULL, NULL, NULL, NULL, NULL, NULL, NULL, NULL, NULL, NULL, NULL, NULL, NULL, NULL, NULL, NULL, NULL, NULL, NULL, NULL, NULL, NULL);

INSERT INTO `weenie_properties_create_list` (`object_Id`, `destination_Type`, `weenie_Class_Id`, `stack_Size`, `palette`, `shade`, `try_To_Bond`)
VALUES (2000253, 2, 26452,  0, 90, 1, False) /* Create Bathrobe (26452) for Wield */
     , (2000253, 2,  2597,  0, 86, 1, False) /* Create Pants (2597) for Wield */;

DELETE FROM `weenie` WHERE `class_Id` = 2000254;

INSERT INTO `weenie` (`class_Id`, `class_Name`, `type`, `last_Modified`)
VALUES (2000254, 'ace2000254-townfolk', 10, '2019-09-24 03:41:41') /* Creature */;

INSERT INTO `weenie_properties_int` (`object_Id`, `type`, `value`)
VALUES (2000254,   1,         16) /* ItemType - Creature */
     , (2000254,   2,         31) /* CreatureType - Human */
     , (2000254,   6,         -1) /* ItemsCapacity */
     , (2000254,   7,         -1) /* ContainersCapacity */
     , (2000254,   8,        120) /* Mass */
     , (2000254,  16,         32) /* ItemUseable - Remote */
     , (2000254,  25,         15) /* Level */
     , (2000254,  27,          0) /* ArmorType - None */
     , (2000254,  93,    6292504) /* PhysicsState - ReportCollisions, IgnoreCollisions, Gravity, ReportCollisionsAsEnvironment, EdgeSlide */
     , (2000254,  95,          8) /* RadarBlipColor - Yellow */
     , (2000254, 113,          1) /* Gender - Male */
     , (2000254, 133,          4) /* ShowableOnRadar - ShowAlways */
     , (2000254, 134,         16) /* PlayerKillerStatus - RubberGlue */
     , (2000254, 146,        293) /* XpOverride */
     , (2000254, 188,          1) /* HeritageGroup - Aluvian */;

INSERT INTO `weenie_properties_bool` (`object_Id`, `type`, `value`)
VALUES (2000254,   1, True ) /* Stuck */
     , (2000254,   8, True ) /* AllowGive */
     , (2000254,  11, True ) /* IgnoreCollisions */
     , (2000254,  12, True ) /* ReportCollisions */
     , (2000254,  13, False) /* Ethereal */
     , (2000254,  14, True ) /* GravityStatus */
     , (2000254,  19, False) /* Attackable */
     , (2000254,  29, True ) /* NoCorpse */
     , (2000254,  41, True ) /* ReportCollisionsAsEnvironment */
     , (2000254,  42, True ) /* AllowEdgeSlide */
     , (2000254,  52, True ) /* AiImmobile */
     , (2000254,  79, True ) /* AiAcceptEverything */;

INSERT INTO `weenie_properties_float` (`object_Id`, `type`, `value`)
VALUES (2000254,   1,       5) /* HeartbeatInterval */
     , (2000254,   2,       0) /* HeartbeatTimestamp */
     , (2000254,   3, 0.159999996423721) /* HealthRate */
     , (2000254,   4,       5) /* StaminaRate */
     , (2000254,   5,       1) /* ManaRate */
     , (2000254,  13, 0.899999976158142) /* ArmorModVsSlash */
     , (2000254,  14,       1) /* ArmorModVsPierce */
     , (2000254,  15, 1.10000002384186) /* ArmorModVsBludgeon */
     , (2000254,  16, 0.400000005960464) /* ArmorModVsCold */
     , (2000254,  17, 0.400000005960464) /* ArmorModVsFire */
     , (2000254,  18,       1) /* ArmorModVsAcid */
     , (2000254,  19, 0.600000023841858) /* ArmorModVsElectric */
     , (2000254,  54,       3) /* UseRadius */
     , (2000254,  64,       1) /* ResistSlash */
     , (2000254,  65,       1) /* ResistPierce */
     , (2000254,  66,       1) /* ResistBludgeon */
     , (2000254,  67,       1) /* ResistFire */
     , (2000254,  68,       1) /* ResistCold */
     , (2000254,  69,       1) /* ResistAcid */
     , (2000254,  70,       1) /* ResistElectric */
     , (2000254,  71,       1) /* ResistHealthBoost */
     , (2000254,  72,       1) /* ResistStaminaDrain */
     , (2000254,  73,       1) /* ResistStaminaBoost */
     , (2000254,  74,       1) /* ResistManaDrain */
     , (2000254,  75,       1) /* ResistManaBoost */
     , (2000254, 104,      10) /* ObviousRadarRange */
     , (2000254, 125,       1) /* ResistHealthDrain */;

INSERT INTO `weenie_properties_string` (`object_Id`, `type`, `value`)
VALUES (2000254,   1, 'Townfolk') /* Name */
     , (2000254,   3, 'Male') /* Sex */
     , (2000254,   4, 'Aluvian') /* HeritageGroup */;

INSERT INTO `weenie_properties_d_i_d` (`object_Id`, `type`, `value`)
VALUES (2000254,   1,   33554433) /* Setup */
     , (2000254,   2,  150994945) /* MotionTable */
     , (2000254,   3,  536870913) /* SoundTable */
     , (2000254,   4,  805306368) /* CombatTable */
     , (2000254,   6,   67108990) /* PaletteBase */
     , (2000254,   8,  100667446) /* Icon */
     , (2000254,   9,   83890437) /* EyesTexture */
     , (2000254,  10,   83890521) /* NoseTexture */
     , (2000254,  11,   83890627) /* MouthTexture */
     , (2000254,  15,   67116978) /* HairPalette */
     , (2000254,  16,   67109564) /* EyesPalette */
     , (2000254,  17,   67109558) /* SkinPalette */;

INSERT INTO `weenie_properties_attribute` (`object_Id`, `type`, `init_Level`, `level_From_C_P`, `c_P_Spent`)
VALUES (2000254,   1, 110, 0, 0) /* Strength */
     , (2000254,   2, 120, 0, 0) /* Endurance */
     , (2000254,   3, 120, 0, 0) /* Quickness */
     , (2000254,   4, 120, 0, 0) /* Coordination */
     , (2000254,   5, 100, 0, 0) /* Focus */
     , (2000254,   6, 100, 0, 0) /* Self */;

INSERT INTO `weenie_properties_attribute_2nd` (`object_Id`, `type`, `init_Level`, `level_From_C_P`, `c_P_Spent`, `current_Level`)
VALUES (2000254,   1,     0, 0, 0, 60) /* MaxHealth */
     , (2000254,   3,     0, 0, 0, 120) /* MaxStamina */
     , (2000254,   5,     0, 0, 0, 100) /* MaxMana */;

INSERT INTO `weenie_properties_skill` (`object_Id`, `type`, `level_From_P_P`, `s_a_c`, `p_p`, `init_Level`, `resistance_At_Last_Check`, `last_Used_Time`)
VALUES (2000254,  6, 0, 2, 0,   1, 0, 0) /* MeleeDefense        Trained */
     , (2000254,  7, 0, 2, 0,   1, 0, 0) /* MissileDefense      Trained */
     , (2000254, 13, 0, 2, 0,   1, 0, 0) /* UnarmedCombat       Trained */;

INSERT INTO `weenie_properties_body_part` (`object_Id`, `key`, `d_Type`, `d_Val`, `d_Var`, `base_Armor`, `armor_Vs_Slash`, `armor_Vs_Pierce`, `armor_Vs_Bludgeon`, `armor_Vs_Cold`, `armor_Vs_Fire`, `armor_Vs_Acid`, `armor_Vs_Electric`, `armor_Vs_Nether`, `b_h`, `h_l_f`, `m_l_f`, `l_l_f`, `h_r_f`, `m_r_f`, `l_r_f`, `h_l_b`, `m_l_b`, `l_l_b`, `h_r_b`, `m_r_b`, `l_r_b`)
VALUES (2000254,  0,  4,  0,    0,    0,    0,    0,    0,    0,    0,    0,    0,    0, 1, 0.33,    0,    0, 0.33,    0,    0, 0.33,    0,    0, 0.33,    0,    0) /* Head */
     , (2000254,  1,  4,  0,    0,    0,    0,    0,    0,    0,    0,    0,    0,    0, 2, 0.44, 0.17,    0, 0.44, 0.17,    0, 0.44, 0.17,    0, 0.44, 0.17,    0) /* Chest */
     , (2000254,  2,  4,  0,    0,    0,    0,    0,    0,    0,    0,    0,    0,    0, 3,    0, 0.17,    0,    0, 0.17,    0,    0, 0.17,    0,    0, 0.17,    0) /* Abdomen */
     , (2000254,  3,  4,  0,    0,    0,    0,    0,    0,    0,    0,    0,    0,    0, 1, 0.23, 0.03,    0, 0.23, 0.03,    0, 0.23, 0.03,    0, 0.23, 0.03,    0) /* UpperArm */
     , (2000254,  4,  4,  0,    0,    0,    0,    0,    0,    0,    0,    0,    0,    0, 2,    0,  0.3,    0,    0,  0.3,    0,    0,  0.3,    0,    0,  0.3,    0) /* LowerArm */
     , (2000254,  5,  4,  2, 0.75,    0,    0,    0,    0,    0,    0,    0,    0,    0, 2,    0,  0.2,    0,    0,  0.2,    0,    0,  0.2,    0,    0,  0.2,    0) /* Hand */
     , (2000254,  6,  4,  0,    0,    0,    0,    0,    0,    0,    0,    0,    0,    0, 3,    0, 0.13, 0.18,    0, 0.13, 0.18,    0, 0.13, 0.18,    0, 0.13, 0.18) /* UpperLeg */
     , (2000254,  7,  4,  0,    0,    0,    0,    0,    0,    0,    0,    0,    0,    0, 3,    0,    0,  0.6,    0,    0,  0.6,    0,    0,  0.6,    0,    0,  0.6) /* LowerLeg */
     , (2000254,  8,  4,  2, 0.75,    0,    0,    0,    0,    0,    0,    0,    0,    0, 3,    0,    0, 0.22,    0,    0, 0.22,    0,    0, 0.22,    0,    0, 0.22) /* Foot */;

INSERT INTO `weenie_properties_emote` (`object_Id`, `category`, `probability`, `weenie_Class_Id`, `style`, `substyle`, `quest`, `vendor_Type`, `min_Health`, `max_Health`)
VALUES (2000254,  7 /* Use */,      1, NULL, NULL, NULL, NULL, NULL, NULL, NULL);

SET @parent_id = LAST_INSERT_ID();

INSERT INTO `weenie_properties_emote_action` (`emote_Id`, `order`, `type`, `delay`, `extent`, `motion`, `message`, `test_String`, `min`, `max`, `min_64`, `max_64`, `min_Dbl`, `max_Dbl`, `stat`, `display`, `amount`, `amount_64`, `hero_X_P_64`, `percent`, `spell_Id`, `wealth_Rating`, `treasure_Class`, `treasure_Type`, `p_Script`, `sound`, `destination_Type`, `weenie_Class_Id`, `stack_Size`, `palette`, `shade`, `try_To_Bond`, `obj_Cell_Id`, `origin_X`, `origin_Y`, `origin_Z`, `angles_W`, `angles_X`, `angles_Y`, `angles_Z`)
VALUES (@parent_id,  0,  10 /* Tell */, 1.5, 1, NULL, 'I wonder if there are still virindi spies among us, I do not think they are as divided as they pretend.', NULL, NULL, NULL, NULL, NULL, NULL, NULL, NULL, NULL, NULL, NULL, NULL, NULL, NULL, NULL, NULL, NULL, NULL, NULL, NULL, NULL, NULL, NULL, NULL, NULL, NULL, NULL, NULL, NULL, NULL, NULL, NULL, NULL);

INSERT INTO `weenie_properties_create_list` (`object_Id`, `destination_Type`, `weenie_Class_Id`, `stack_Size`, `palette`, `shade`, `try_To_Bond`)
VALUES (2000254, 2,  2588,  0, 91, 92, False) /* Create Shirt (2588) for Wield */
     , (2000254, 2,  2597,  0, 86, 86, False) /* Create Pants (2597) for Wield */;

DELETE FROM `weenie` WHERE `class_Id` = 2000255;

INSERT INTO `weenie` (`class_Id`, `class_Name`, `type`, `last_Modified`)
VALUES (2000255, 'ace2000255-townfolk', 10, '2019-09-24 03:41:42') /* Creature */;

INSERT INTO `weenie_properties_int` (`object_Id`, `type`, `value`)
VALUES (2000255,   1,         16) /* ItemType - Creature */
     , (2000255,   2,         31) /* CreatureType - Human */
     , (2000255,   6,         -1) /* ItemsCapacity */
     , (2000255,   7,         -1) /* ContainersCapacity */
     , (2000255,   8,        120) /* Mass */
     , (2000255,  16,         32) /* ItemUseable - Remote */
     , (2000255,  25,         15) /* Level */
     , (2000255,  27,          0) /* ArmorType - None */
     , (2000255,  93,    6292504) /* PhysicsState - ReportCollisions, IgnoreCollisions, Gravity, ReportCollisionsAsEnvironment, EdgeSlide */
     , (2000255,  95,          8) /* RadarBlipColor - Yellow */
     , (2000255, 113,          1) /* Gender - Male */
     , (2000255, 133,          4) /* ShowableOnRadar - ShowAlways */
     , (2000255, 134,         16) /* PlayerKillerStatus - RubberGlue */
     , (2000255, 146,        293) /* XpOverride */
     , (2000255, 188,          1) /* HeritageGroup - Aluvian */;

INSERT INTO `weenie_properties_bool` (`object_Id`, `type`, `value`)
VALUES (2000255,   1, True ) /* Stuck */
     , (2000255,   8, True ) /* AllowGive */
     , (2000255,  11, True ) /* IgnoreCollisions */
     , (2000255,  12, True ) /* ReportCollisions */
     , (2000255,  13, False) /* Ethereal */
     , (2000255,  14, True ) /* GravityStatus */
     , (2000255,  19, False) /* Attackable */
     , (2000255,  29, True ) /* NoCorpse */
     , (2000255,  41, True ) /* ReportCollisionsAsEnvironment */
     , (2000255,  42, True ) /* AllowEdgeSlide */
     , (2000255,  52, True ) /* AiImmobile */
     , (2000255,  79, True ) /* AiAcceptEverything */;

INSERT INTO `weenie_properties_float` (`object_Id`, `type`, `value`)
VALUES (2000255,   1,       5) /* HeartbeatInterval */
     , (2000255,   2,       0) /* HeartbeatTimestamp */
     , (2000255,   3, 0.159999996423721) /* HealthRate */
     , (2000255,   4,       5) /* StaminaRate */
     , (2000255,   5,       1) /* ManaRate */
     , (2000255,  13, 0.899999976158142) /* ArmorModVsSlash */
     , (2000255,  14,       1) /* ArmorModVsPierce */
     , (2000255,  15, 1.10000002384186) /* ArmorModVsBludgeon */
     , (2000255,  16, 0.400000005960464) /* ArmorModVsCold */
     , (2000255,  17, 0.400000005960464) /* ArmorModVsFire */
     , (2000255,  18,       1) /* ArmorModVsAcid */
     , (2000255,  19, 0.600000023841858) /* ArmorModVsElectric */
     , (2000255,  54,       3) /* UseRadius */
     , (2000255,  64,       1) /* ResistSlash */
     , (2000255,  65,       1) /* ResistPierce */
     , (2000255,  66,       1) /* ResistBludgeon */
     , (2000255,  67,       1) /* ResistFire */
     , (2000255,  68,       1) /* ResistCold */
     , (2000255,  69,       1) /* ResistAcid */
     , (2000255,  70,       1) /* ResistElectric */
     , (2000255,  71,       1) /* ResistHealthBoost */
     , (2000255,  72,       1) /* ResistStaminaDrain */
     , (2000255,  73,       1) /* ResistStaminaBoost */
     , (2000255,  74,       1) /* ResistManaDrain */
     , (2000255,  75,       1) /* ResistManaBoost */
     , (2000255, 104,      10) /* ObviousRadarRange */
     , (2000255, 125,       1) /* ResistHealthDrain */;

INSERT INTO `weenie_properties_string` (`object_Id`, `type`, `value`)
VALUES (2000255,   1, 'Townfolk') /* Name */
     , (2000255,   3, 'Male') /* Sex */
     , (2000255,   4, 'Aluvian') /* HeritageGroup */;

INSERT INTO `weenie_properties_d_i_d` (`object_Id`, `type`, `value`)
VALUES (2000255,   1,   33554433) /* Setup */
     , (2000255,   2,  150994945) /* MotionTable */
     , (2000255,   3,  536870913) /* SoundTable */
     , (2000255,   4,  805306368) /* CombatTable */
     , (2000255,   6,   67108990) /* PaletteBase */
     , (2000255,   8,  100667446) /* Icon */
     , (2000255,   9,   83890437) /* EyesTexture */
     , (2000255,  10,   83890521) /* NoseTexture */
     , (2000255,  11,   83890627) /* MouthTexture */
     , (2000255,  15,   67116978) /* HairPalette */
     , (2000255,  16,   67109564) /* EyesPalette */
     , (2000255,  17,   67109558) /* SkinPalette */;

INSERT INTO `weenie_properties_attribute` (`object_Id`, `type`, `init_Level`, `level_From_C_P`, `c_P_Spent`)
VALUES (2000255,   1, 110, 0, 0) /* Strength */
     , (2000255,   2, 120, 0, 0) /* Endurance */
     , (2000255,   3, 120, 0, 0) /* Quickness */
     , (2000255,   4, 120, 0, 0) /* Coordination */
     , (2000255,   5, 100, 0, 0) /* Focus */
     , (2000255,   6, 100, 0, 0) /* Self */;

INSERT INTO `weenie_properties_attribute_2nd` (`object_Id`, `type`, `init_Level`, `level_From_C_P`, `c_P_Spent`, `current_Level`)
VALUES (2000255,   1,     0, 0, 0, 60) /* MaxHealth */
     , (2000255,   3,     0, 0, 0, 120) /* MaxStamina */
     , (2000255,   5,     0, 0, 0, 100) /* MaxMana */;

INSERT INTO `weenie_properties_skill` (`object_Id`, `type`, `level_From_P_P`, `s_a_c`, `p_p`, `init_Level`, `resistance_At_Last_Check`, `last_Used_Time`)
VALUES (2000255,  6, 0, 2, 0,   1, 0, 0) /* MeleeDefense        Trained */
     , (2000255,  7, 0, 2, 0,   1, 0, 0) /* MissileDefense      Trained */
     , (2000255, 13, 0, 2, 0,   1, 0, 0) /* UnarmedCombat       Trained */;

INSERT INTO `weenie_properties_body_part` (`object_Id`, `key`, `d_Type`, `d_Val`, `d_Var`, `base_Armor`, `armor_Vs_Slash`, `armor_Vs_Pierce`, `armor_Vs_Bludgeon`, `armor_Vs_Cold`, `armor_Vs_Fire`, `armor_Vs_Acid`, `armor_Vs_Electric`, `armor_Vs_Nether`, `b_h`, `h_l_f`, `m_l_f`, `l_l_f`, `h_r_f`, `m_r_f`, `l_r_f`, `h_l_b`, `m_l_b`, `l_l_b`, `h_r_b`, `m_r_b`, `l_r_b`)
VALUES (2000255,  0,  4,  0,    0,    0,    0,    0,    0,    0,    0,    0,    0,    0, 1, 0.33,    0,    0, 0.33,    0,    0, 0.33,    0,    0, 0.33,    0,    0) /* Head */
     , (2000255,  1,  4,  0,    0,    0,    0,    0,    0,    0,    0,    0,    0,    0, 2, 0.44, 0.17,    0, 0.44, 0.17,    0, 0.44, 0.17,    0, 0.44, 0.17,    0) /* Chest */
     , (2000255,  2,  4,  0,    0,    0,    0,    0,    0,    0,    0,    0,    0,    0, 3,    0, 0.17,    0,    0, 0.17,    0,    0, 0.17,    0,    0, 0.17,    0) /* Abdomen */
     , (2000255,  3,  4,  0,    0,    0,    0,    0,    0,    0,    0,    0,    0,    0, 1, 0.23, 0.03,    0, 0.23, 0.03,    0, 0.23, 0.03,    0, 0.23, 0.03,    0) /* UpperArm */
     , (2000255,  4,  4,  0,    0,    0,    0,    0,    0,    0,    0,    0,    0,    0, 2,    0,  0.3,    0,    0,  0.3,    0,    0,  0.3,    0,    0,  0.3,    0) /* LowerArm */
     , (2000255,  5,  4,  2, 0.75,    0,    0,    0,    0,    0,    0,    0,    0,    0, 2,    0,  0.2,    0,    0,  0.2,    0,    0,  0.2,    0,    0,  0.2,    0) /* Hand */
     , (2000255,  6,  4,  0,    0,    0,    0,    0,    0,    0,    0,    0,    0,    0, 3,    0, 0.13, 0.18,    0, 0.13, 0.18,    0, 0.13, 0.18,    0, 0.13, 0.18) /* UpperLeg */
     , (2000255,  7,  4,  0,    0,    0,    0,    0,    0,    0,    0,    0,    0,    0, 3,    0,    0,  0.6,    0,    0,  0.6,    0,    0,  0.6,    0,    0,  0.6) /* LowerLeg */
     , (2000255,  8,  4,  2, 0.75,    0,    0,    0,    0,    0,    0,    0,    0,    0, 3,    0,    0, 0.22,    0,    0, 0.22,    0,    0, 0.22,    0,    0, 0.22) /* Foot */;

INSERT INTO `weenie_properties_emote` (`object_Id`, `category`, `probability`, `weenie_Class_Id`, `style`, `substyle`, `quest`, `vendor_Type`, `min_Health`, `max_Health`)
VALUES (2000255,  7 /* Use */,      1, NULL, NULL, NULL, NULL, NULL, NULL, NULL);

SET @parent_id = LAST_INSERT_ID();

INSERT INTO `weenie_properties_emote_action` (`emote_Id`, `order`, `type`, `delay`, `extent`, `motion`, `message`, `test_String`, `min`, `max`, `min_64`, `max_64`, `min_Dbl`, `max_Dbl`, `stat`, `display`, `amount`, `amount_64`, `hero_X_P_64`, `percent`, `spell_Id`, `wealth_Rating`, `treasure_Class`, `treasure_Type`, `p_Script`, `sound`, `destination_Type`, `weenie_Class_Id`, `stack_Size`, `palette`, `shade`, `try_To_Bond`, `obj_Cell_Id`, `origin_X`, `origin_Y`, `origin_Z`, `angles_W`, `angles_X`, `angles_Y`, `angles_Z`)
VALUES (@parent_id,  0,  10 /* Tell */, 1.5, 1, NULL, 'Darkness is rising in Dereth', NULL, NULL, NULL, NULL, NULL, NULL, NULL, NULL, NULL, NULL, NULL, NULL, NULL, NULL, NULL, NULL, NULL, NULL, NULL, NULL, NULL, NULL, NULL, NULL, NULL, NULL, NULL, NULL, NULL, NULL, NULL, NULL, NULL);

INSERT INTO `weenie_properties_create_list` (`object_Id`, `destination_Type`, `weenie_Class_Id`, `stack_Size`, `palette`, `shade`, `try_To_Bond`)
VALUES (2000255, 2,  2588,  0, 91, 1, False) /* Create Shirt (2588) for Wield */
     , (2000255, 2,  2597,  0, 86, 1, False) /* Create Pants (2597) for Wield */;

DELETE FROM `weenie` WHERE `class_Id` = 2000256;

INSERT INTO `weenie` (`class_Id`, `class_Name`, `type`, `last_Modified`)
VALUES (2000256, 'ace2000256-townfolk', 10, '2019-09-24 03:41:43') /* Creature */;

INSERT INTO `weenie_properties_int` (`object_Id`, `type`, `value`)
VALUES (2000256,   1,         16) /* ItemType - Creature */
     , (2000256,   2,         31) /* CreatureType - Human */
     , (2000256,   6,         -1) /* ItemsCapacity */
     , (2000256,   7,         -1) /* ContainersCapacity */
     , (2000256,   8,        120) /* Mass */
     , (2000256,  16,         32) /* ItemUseable - Remote */
     , (2000256,  25,         15) /* Level */
     , (2000256,  27,          0) /* ArmorType - None */
     , (2000256,  93,    6292504) /* PhysicsState - ReportCollisions, IgnoreCollisions, Gravity, ReportCollisionsAsEnvironment, EdgeSlide */
     , (2000256,  95,          8) /* RadarBlipColor - Yellow */
     , (2000256, 113,          1) /* Gender - Male */
     , (2000256, 133,          4) /* ShowableOnRadar - ShowAlways */
     , (2000256, 134,         16) /* PlayerKillerStatus - RubberGlue */
     , (2000256, 146,        293) /* XpOverride */
     , (2000256, 188,          1) /* HeritageGroup - Aluvian */;

INSERT INTO `weenie_properties_bool` (`object_Id`, `type`, `value`)
VALUES (2000256,   1, True ) /* Stuck */
     , (2000256,   8, True ) /* AllowGive */
     , (2000256,  11, True ) /* IgnoreCollisions */
     , (2000256,  12, True ) /* ReportCollisions */
     , (2000256,  13, False) /* Ethereal */
     , (2000256,  14, True ) /* GravityStatus */
     , (2000256,  19, False) /* Attackable */
     , (2000256,  29, True ) /* NoCorpse */
     , (2000256,  41, True ) /* ReportCollisionsAsEnvironment */
     , (2000256,  42, True ) /* AllowEdgeSlide */
     , (2000256,  52, True ) /* AiImmobile */
     , (2000256,  79, True ) /* AiAcceptEverything */;

INSERT INTO `weenie_properties_float` (`object_Id`, `type`, `value`)
VALUES (2000256,   1,       5) /* HeartbeatInterval */
     , (2000256,   2,       0) /* HeartbeatTimestamp */
     , (2000256,   3, 0.159999996423721) /* HealthRate */
     , (2000256,   4,       5) /* StaminaRate */
     , (2000256,   5,       1) /* ManaRate */
     , (2000256,  13, 0.899999976158142) /* ArmorModVsSlash */
     , (2000256,  14,       1) /* ArmorModVsPierce */
     , (2000256,  15, 1.10000002384186) /* ArmorModVsBludgeon */
     , (2000256,  16, 0.400000005960464) /* ArmorModVsCold */
     , (2000256,  17, 0.400000005960464) /* ArmorModVsFire */
     , (2000256,  18,       1) /* ArmorModVsAcid */
     , (2000256,  19, 0.600000023841858) /* ArmorModVsElectric */
     , (2000256,  54,       3) /* UseRadius */
     , (2000256,  64,       1) /* ResistSlash */
     , (2000256,  65,       1) /* ResistPierce */
     , (2000256,  66,       1) /* ResistBludgeon */
     , (2000256,  67,       1) /* ResistFire */
     , (2000256,  68,       1) /* ResistCold */
     , (2000256,  69,       1) /* ResistAcid */
     , (2000256,  70,       1) /* ResistElectric */
     , (2000256,  71,       1) /* ResistHealthBoost */
     , (2000256,  72,       1) /* ResistStaminaDrain */
     , (2000256,  73,       1) /* ResistStaminaBoost */
     , (2000256,  74,       1) /* ResistManaDrain */
     , (2000256,  75,       1) /* ResistManaBoost */
     , (2000256, 104,      10) /* ObviousRadarRange */
     , (2000256, 125,       1) /* ResistHealthDrain */;

INSERT INTO `weenie_properties_string` (`object_Id`, `type`, `value`)
VALUES (2000256,   1, 'Townfolk') /* Name */
     , (2000256,   3, 'Male') /* Sex */
     , (2000256,   4, 'Aluvian') /* HeritageGroup */;

INSERT INTO `weenie_properties_d_i_d` (`object_Id`, `type`, `value`)
VALUES (2000256,   1,   33554433) /* Setup */
     , (2000256,   2,  150994945) /* MotionTable */
     , (2000256,   3,  536870913) /* SoundTable */
     , (2000256,   4,  805306368) /* CombatTable */
     , (2000256,   6,   67108990) /* PaletteBase */
     , (2000256,   8,  100667446) /* Icon */
     , (2000256,   9,   83890437) /* EyesTexture */
     , (2000256,  10,   83890521) /* NoseTexture */
     , (2000256,  11,   83890627) /* MouthTexture */
     , (2000256,  15,   67116978) /* HairPalette */
     , (2000256,  16,   67109564) /* EyesPalette */
     , (2000256,  17,   67109558) /* SkinPalette */;

INSERT INTO `weenie_properties_attribute` (`object_Id`, `type`, `init_Level`, `level_From_C_P`, `c_P_Spent`)
VALUES (2000256,   1, 110, 0, 0) /* Strength */
     , (2000256,   2, 120, 0, 0) /* Endurance */
     , (2000256,   3, 120, 0, 0) /* Quickness */
     , (2000256,   4, 120, 0, 0) /* Coordination */
     , (2000256,   5, 100, 0, 0) /* Focus */
     , (2000256,   6, 100, 0, 0) /* Self */;

INSERT INTO `weenie_properties_attribute_2nd` (`object_Id`, `type`, `init_Level`, `level_From_C_P`, `c_P_Spent`, `current_Level`)
VALUES (2000256,   1,     0, 0, 0, 60) /* MaxHealth */
     , (2000256,   3,     0, 0, 0, 120) /* MaxStamina */
     , (2000256,   5,     0, 0, 0, 100) /* MaxMana */;

INSERT INTO `weenie_properties_skill` (`object_Id`, `type`, `level_From_P_P`, `s_a_c`, `p_p`, `init_Level`, `resistance_At_Last_Check`, `last_Used_Time`)
VALUES (2000256,  6, 0, 2, 0,   1, 0, 0) /* MeleeDefense        Trained */
     , (2000256,  7, 0, 2, 0,   1, 0, 0) /* MissileDefense      Trained */
     , (2000256, 13, 0, 2, 0,   1, 0, 0) /* UnarmedCombat       Trained */;

INSERT INTO `weenie_properties_body_part` (`object_Id`, `key`, `d_Type`, `d_Val`, `d_Var`, `base_Armor`, `armor_Vs_Slash`, `armor_Vs_Pierce`, `armor_Vs_Bludgeon`, `armor_Vs_Cold`, `armor_Vs_Fire`, `armor_Vs_Acid`, `armor_Vs_Electric`, `armor_Vs_Nether`, `b_h`, `h_l_f`, `m_l_f`, `l_l_f`, `h_r_f`, `m_r_f`, `l_r_f`, `h_l_b`, `m_l_b`, `l_l_b`, `h_r_b`, `m_r_b`, `l_r_b`)
VALUES (2000256,  0,  4,  0,    0,    0,    0,    0,    0,    0,    0,    0,    0,    0, 1, 0.33,    0,    0, 0.33,    0,    0, 0.33,    0,    0, 0.33,    0,    0) /* Head */
     , (2000256,  1,  4,  0,    0,    0,    0,    0,    0,    0,    0,    0,    0,    0, 2, 0.44, 0.17,    0, 0.44, 0.17,    0, 0.44, 0.17,    0, 0.44, 0.17,    0) /* Chest */
     , (2000256,  2,  4,  0,    0,    0,    0,    0,    0,    0,    0,    0,    0,    0, 3,    0, 0.17,    0,    0, 0.17,    0,    0, 0.17,    0,    0, 0.17,    0) /* Abdomen */
     , (2000256,  3,  4,  0,    0,    0,    0,    0,    0,    0,    0,    0,    0,    0, 1, 0.23, 0.03,    0, 0.23, 0.03,    0, 0.23, 0.03,    0, 0.23, 0.03,    0) /* UpperArm */
     , (2000256,  4,  4,  0,    0,    0,    0,    0,    0,    0,    0,    0,    0,    0, 2,    0,  0.3,    0,    0,  0.3,    0,    0,  0.3,    0,    0,  0.3,    0) /* LowerArm */
     , (2000256,  5,  4,  2, 0.75,    0,    0,    0,    0,    0,    0,    0,    0,    0, 2,    0,  0.2,    0,    0,  0.2,    0,    0,  0.2,    0,    0,  0.2,    0) /* Hand */
     , (2000256,  6,  4,  0,    0,    0,    0,    0,    0,    0,    0,    0,    0,    0, 3,    0, 0.13, 0.18,    0, 0.13, 0.18,    0, 0.13, 0.18,    0, 0.13, 0.18) /* UpperLeg */
     , (2000256,  7,  4,  0,    0,    0,    0,    0,    0,    0,    0,    0,    0,    0, 3,    0,    0,  0.6,    0,    0,  0.6,    0,    0,  0.6,    0,    0,  0.6) /* LowerLeg */
     , (2000256,  8,  4,  2, 0.75,    0,    0,    0,    0,    0,    0,    0,    0,    0, 3,    0,    0, 0.22,    0,    0, 0.22,    0,    0, 0.22,    0,    0, 0.22) /* Foot */;

INSERT INTO `weenie_properties_emote` (`object_Id`, `category`, `probability`, `weenie_Class_Id`, `style`, `substyle`, `quest`, `vendor_Type`, `min_Health`, `max_Health`)
VALUES (2000256,  7 /* Use */,      1, NULL, NULL, NULL, NULL, NULL, NULL, NULL);

SET @parent_id = LAST_INSERT_ID();

INSERT INTO `weenie_properties_emote_action` (`emote_Id`, `order`, `type`, `delay`, `extent`, `motion`, `message`, `test_String`, `min`, `max`, `min_64`, `max_64`, `min_Dbl`, `max_Dbl`, `stat`, `display`, `amount`, `amount_64`, `hero_X_P_64`, `percent`, `spell_Id`, `wealth_Rating`, `treasure_Class`, `treasure_Type`, `p_Script`, `sound`, `destination_Type`, `weenie_Class_Id`, `stack_Size`, `palette`, `shade`, `try_To_Bond`, `obj_Cell_Id`, `origin_X`, `origin_Y`, `origin_Z`, `angles_W`, `angles_X`, `angles_Y`, `angles_Z`)
VALUES (@parent_id,  0,  10 /* Tell */, 1.5, 1, NULL, 'Asheron is always looking out after us. Do you remember the ones we lost before the lifestones? Tragedy in every way.
', NULL, NULL, NULL, NULL, NULL, NULL, NULL, NULL, NULL, NULL, NULL, NULL, NULL, NULL, NULL, NULL, NULL, NULL, NULL, NULL, NULL, NULL, NULL, NULL, NULL, NULL, NULL, NULL, NULL, NULL, NULL, NULL, NULL);

INSERT INTO `weenie_properties_create_list` (`object_Id`, `destination_Type`, `weenie_Class_Id`, `stack_Size`, `palette`, `shade`, `try_To_Bond`)
VALUES (2000256, 2, 26452,  0, 91, 1, False) /* Create Bathrobe (26452) for Wield */
     , (2000256, 2,  2597,  0, 86, 1, False) /* Create Pants (2597) for Wield */;

DELETE FROM `weenie` WHERE `class_Id` = 2000257;

INSERT INTO `weenie` (`class_Id`, `class_Name`, `type`, `last_Modified`)
VALUES (2000257, 'ace2000257-townfolk', 10, '2019-09-24 03:41:44') /* Creature */;

INSERT INTO `weenie_properties_int` (`object_Id`, `type`, `value`)
VALUES (2000257,   1,         16) /* ItemType - Creature */
     , (2000257,   2,         31) /* CreatureType - Human */
     , (2000257,   6,         -1) /* ItemsCapacity */
     , (2000257,   7,         -1) /* ContainersCapacity */
     , (2000257,   8,        120) /* Mass */
     , (2000257,  16,         32) /* ItemUseable - Remote */
     , (2000257,  25,         15) /* Level */
     , (2000257,  27,          0) /* ArmorType - None */
     , (2000257,  93,    6292504) /* PhysicsState - ReportCollisions, IgnoreCollisions, Gravity, ReportCollisionsAsEnvironment, EdgeSlide */
     , (2000257,  95,          8) /* RadarBlipColor - Yellow */
     , (2000257, 113,          1) /* Gender - Male */
     , (2000257, 133,          4) /* ShowableOnRadar - ShowAlways */
     , (2000257, 134,         16) /* PlayerKillerStatus - RubberGlue */
     , (2000257, 146,        293) /* XpOverride */
     , (2000257, 188,          1) /* HeritageGroup - Aluvian */;

INSERT INTO `weenie_properties_bool` (`object_Id`, `type`, `value`)
VALUES (2000257,   1, True ) /* Stuck */
     , (2000257,   8, True ) /* AllowGive */
     , (2000257,  11, True ) /* IgnoreCollisions */
     , (2000257,  12, True ) /* ReportCollisions */
     , (2000257,  13, False) /* Ethereal */
     , (2000257,  14, True ) /* GravityStatus */
     , (2000257,  19, False) /* Attackable */
     , (2000257,  29, True ) /* NoCorpse */
     , (2000257,  41, True ) /* ReportCollisionsAsEnvironment */
     , (2000257,  42, True ) /* AllowEdgeSlide */
     , (2000257,  52, True ) /* AiImmobile */
     , (2000257,  79, True ) /* AiAcceptEverything */;

INSERT INTO `weenie_properties_float` (`object_Id`, `type`, `value`)
VALUES (2000257,   1,       5) /* HeartbeatInterval */
     , (2000257,   2,       0) /* HeartbeatTimestamp */
     , (2000257,   3, 0.159999996423721) /* HealthRate */
     , (2000257,   4,       5) /* StaminaRate */
     , (2000257,   5,       1) /* ManaRate */
     , (2000257,  13, 0.899999976158142) /* ArmorModVsSlash */
     , (2000257,  14,       1) /* ArmorModVsPierce */
     , (2000257,  15, 1.10000002384186) /* ArmorModVsBludgeon */
     , (2000257,  16, 0.400000005960464) /* ArmorModVsCold */
     , (2000257,  17, 0.400000005960464) /* ArmorModVsFire */
     , (2000257,  18,       1) /* ArmorModVsAcid */
     , (2000257,  19, 0.600000023841858) /* ArmorModVsElectric */
     , (2000257,  54,       3) /* UseRadius */
     , (2000257,  64,       1) /* ResistSlash */
     , (2000257,  65,       1) /* ResistPierce */
     , (2000257,  66,       1) /* ResistBludgeon */
     , (2000257,  67,       1) /* ResistFire */
     , (2000257,  68,       1) /* ResistCold */
     , (2000257,  69,       1) /* ResistAcid */
     , (2000257,  70,       1) /* ResistElectric */
     , (2000257,  71,       1) /* ResistHealthBoost */
     , (2000257,  72,       1) /* ResistStaminaDrain */
     , (2000257,  73,       1) /* ResistStaminaBoost */
     , (2000257,  74,       1) /* ResistManaDrain */
     , (2000257,  75,       1) /* ResistManaBoost */
     , (2000257, 104,      10) /* ObviousRadarRange */
     , (2000257, 125,       1) /* ResistHealthDrain */;

INSERT INTO `weenie_properties_string` (`object_Id`, `type`, `value`)
VALUES (2000257,   1, 'Townfolk') /* Name */
     , (2000257,   3, 'Male') /* Sex */
     , (2000257,   4, 'Aluvian') /* HeritageGroup */;

INSERT INTO `weenie_properties_d_i_d` (`object_Id`, `type`, `value`)
VALUES (2000257,   1,   33554433) /* Setup */
     , (2000257,   2,  150994945) /* MotionTable */
     , (2000257,   3,  536870913) /* SoundTable */
     , (2000257,   4,  805306368) /* CombatTable */
     , (2000257,   6,   67108990) /* PaletteBase */
     , (2000257,   8,  100667446) /* Icon */
     , (2000257,   9,   83890437) /* EyesTexture */
     , (2000257,  10,   83890521) /* NoseTexture */
     , (2000257,  11,   83890627) /* MouthTexture */
     , (2000257,  15,   67116978) /* HairPalette */
     , (2000257,  16,   67109564) /* EyesPalette */
     , (2000257,  17,   67109558) /* SkinPalette */;

INSERT INTO `weenie_properties_attribute` (`object_Id`, `type`, `init_Level`, `level_From_C_P`, `c_P_Spent`)
VALUES (2000257,   1, 110, 0, 0) /* Strength */
     , (2000257,   2, 120, 0, 0) /* Endurance */
     , (2000257,   3, 120, 0, 0) /* Quickness */
     , (2000257,   4, 120, 0, 0) /* Coordination */
     , (2000257,   5, 100, 0, 0) /* Focus */
     , (2000257,   6, 100, 0, 0) /* Self */;

INSERT INTO `weenie_properties_attribute_2nd` (`object_Id`, `type`, `init_Level`, `level_From_C_P`, `c_P_Spent`, `current_Level`)
VALUES (2000257,   1,     0, 0, 0, 60) /* MaxHealth */
     , (2000257,   3,     0, 0, 0, 120) /* MaxStamina */
     , (2000257,   5,     0, 0, 0, 100) /* MaxMana */;

INSERT INTO `weenie_properties_skill` (`object_Id`, `type`, `level_From_P_P`, `s_a_c`, `p_p`, `init_Level`, `resistance_At_Last_Check`, `last_Used_Time`)
VALUES (2000257,  6, 0, 2, 0,   1, 0, 0) /* MeleeDefense        Trained */
     , (2000257,  7, 0, 2, 0,   1, 0, 0) /* MissileDefense      Trained */
     , (2000257, 13, 0, 2, 0,   1, 0, 0) /* UnarmedCombat       Trained */;

INSERT INTO `weenie_properties_body_part` (`object_Id`, `key`, `d_Type`, `d_Val`, `d_Var`, `base_Armor`, `armor_Vs_Slash`, `armor_Vs_Pierce`, `armor_Vs_Bludgeon`, `armor_Vs_Cold`, `armor_Vs_Fire`, `armor_Vs_Acid`, `armor_Vs_Electric`, `armor_Vs_Nether`, `b_h`, `h_l_f`, `m_l_f`, `l_l_f`, `h_r_f`, `m_r_f`, `l_r_f`, `h_l_b`, `m_l_b`, `l_l_b`, `h_r_b`, `m_r_b`, `l_r_b`)
VALUES (2000257,  0,  4,  0,    0,    0,    0,    0,    0,    0,    0,    0,    0,    0, 1, 0.33,    0,    0, 0.33,    0,    0, 0.33,    0,    0, 0.33,    0,    0) /* Head */
     , (2000257,  1,  4,  0,    0,    0,    0,    0,    0,    0,    0,    0,    0,    0, 2, 0.44, 0.17,    0, 0.44, 0.17,    0, 0.44, 0.17,    0, 0.44, 0.17,    0) /* Chest */
     , (2000257,  2,  4,  0,    0,    0,    0,    0,    0,    0,    0,    0,    0,    0, 3,    0, 0.17,    0,    0, 0.17,    0,    0, 0.17,    0,    0, 0.17,    0) /* Abdomen */
     , (2000257,  3,  4,  0,    0,    0,    0,    0,    0,    0,    0,    0,    0,    0, 1, 0.23, 0.03,    0, 0.23, 0.03,    0, 0.23, 0.03,    0, 0.23, 0.03,    0) /* UpperArm */
     , (2000257,  4,  4,  0,    0,    0,    0,    0,    0,    0,    0,    0,    0,    0, 2,    0,  0.3,    0,    0,  0.3,    0,    0,  0.3,    0,    0,  0.3,    0) /* LowerArm */
     , (2000257,  5,  4,  2, 0.75,    0,    0,    0,    0,    0,    0,    0,    0,    0, 2,    0,  0.2,    0,    0,  0.2,    0,    0,  0.2,    0,    0,  0.2,    0) /* Hand */
     , (2000257,  6,  4,  0,    0,    0,    0,    0,    0,    0,    0,    0,    0,    0, 3,    0, 0.13, 0.18,    0, 0.13, 0.18,    0, 0.13, 0.18,    0, 0.13, 0.18) /* UpperLeg */
     , (2000257,  7,  4,  0,    0,    0,    0,    0,    0,    0,    0,    0,    0,    0, 3,    0,    0,  0.6,    0,    0,  0.6,    0,    0,  0.6,    0,    0,  0.6) /* LowerLeg */
     , (2000257,  8,  4,  2, 0.75,    0,    0,    0,    0,    0,    0,    0,    0,    0, 3,    0,    0, 0.22,    0,    0, 0.22,    0,    0, 0.22,    0,    0, 0.22) /* Foot */;

INSERT INTO `weenie_properties_emote` (`object_Id`, `category`, `probability`, `weenie_Class_Id`, `style`, `substyle`, `quest`, `vendor_Type`, `min_Health`, `max_Health`)
VALUES (2000257,  7 /* Use */,      1, NULL, NULL, NULL, NULL, NULL, NULL, NULL);

SET @parent_id = LAST_INSERT_ID();

INSERT INTO `weenie_properties_emote_action` (`emote_Id`, `order`, `type`, `delay`, `extent`, `motion`, `message`, `test_String`, `min`, `max`, `min_64`, `max_64`, `min_Dbl`, `max_Dbl`, `stat`, `display`, `amount`, `amount_64`, `hero_X_P_64`, `percent`, `spell_Id`, `wealth_Rating`, `treasure_Class`, `treasure_Type`, `p_Script`, `sound`, `destination_Type`, `weenie_Class_Id`, `stack_Size`, `palette`, `shade`, `try_To_Bond`, `obj_Cell_Id`, `origin_X`, `origin_Y`, `origin_Z`, `angles_W`, `angles_X`, `angles_Y`, `angles_Z`)
VALUES (@parent_id,  0,  10 /* Tell */, 1.5, 1, NULL, 'When did it become acceptable for adventurers to sport mohawks and this bright hair? silly if you ask me.', NULL, NULL, NULL, NULL, NULL, NULL, NULL, NULL, NULL, NULL, NULL, NULL, NULL, NULL, NULL, NULL, NULL, NULL, NULL, NULL, NULL, NULL, NULL, NULL, NULL, NULL, NULL, NULL, NULL, NULL, NULL, NULL, NULL);

INSERT INTO `weenie_properties_create_list` (`object_Id`, `destination_Type`, `weenie_Class_Id`, `stack_Size`, `palette`, `shade`, `try_To_Bond`)
VALUES (2000257, 2,  2588,  0, 87, 1, False) /* Create Shirt (2588) for Wield */
     , (2000257, 2,  2597,  0, 87, 1, False) /* Create Pants (2597) for Wield */;

DELETE FROM `weenie` WHERE `class_Id` = 2000258;

INSERT INTO `weenie` (`class_Id`, `class_Name`, `type`, `last_Modified`)
VALUES (2000258, 'ace2000258-townfolk', 10, '2019-09-24 03:41:46') /* Creature */;

INSERT INTO `weenie_properties_int` (`object_Id`, `type`, `value`)
VALUES (2000258,   1,         16) /* ItemType - Creature */
     , (2000258,   2,         31) /* CreatureType - Human */
     , (2000258,   6,         -1) /* ItemsCapacity */
     , (2000258,   7,         -1) /* ContainersCapacity */
     , (2000258,   8,        120) /* Mass */
     , (2000258,  16,         32) /* ItemUseable - Remote */
     , (2000258,  25,         15) /* Level */
     , (2000258,  27,          0) /* ArmorType - None */
     , (2000258,  93,    6292504) /* PhysicsState - ReportCollisions, IgnoreCollisions, Gravity, ReportCollisionsAsEnvironment, EdgeSlide */
     , (2000258,  95,          8) /* RadarBlipColor - Yellow */
     , (2000258, 113,          1) /* Gender - Male */
     , (2000258, 133,          4) /* ShowableOnRadar - ShowAlways */
     , (2000258, 134,         16) /* PlayerKillerStatus - RubberGlue */
     , (2000258, 146,        293) /* XpOverride */
     , (2000258, 188,          1) /* HeritageGroup - Aluvian */;

INSERT INTO `weenie_properties_bool` (`object_Id`, `type`, `value`)
VALUES (2000258,   1, True ) /* Stuck */
     , (2000258,   8, True ) /* AllowGive */
     , (2000258,  11, True ) /* IgnoreCollisions */
     , (2000258,  12, True ) /* ReportCollisions */
     , (2000258,  13, False) /* Ethereal */
     , (2000258,  14, True ) /* GravityStatus */
     , (2000258,  19, False) /* Attackable */
     , (2000258,  29, True ) /* NoCorpse */
     , (2000258,  41, True ) /* ReportCollisionsAsEnvironment */
     , (2000258,  42, True ) /* AllowEdgeSlide */
     , (2000258,  52, True ) /* AiImmobile */
     , (2000258,  79, True ) /* AiAcceptEverything */;

INSERT INTO `weenie_properties_float` (`object_Id`, `type`, `value`)
VALUES (2000258,   1,       5) /* HeartbeatInterval */
     , (2000258,   2,       0) /* HeartbeatTimestamp */
     , (2000258,   3, 0.159999996423721) /* HealthRate */
     , (2000258,   4,       5) /* StaminaRate */
     , (2000258,   5,       1) /* ManaRate */
     , (2000258,  13, 0.899999976158142) /* ArmorModVsSlash */
     , (2000258,  14,       1) /* ArmorModVsPierce */
     , (2000258,  15, 1.10000002384186) /* ArmorModVsBludgeon */
     , (2000258,  16, 0.400000005960464) /* ArmorModVsCold */
     , (2000258,  17, 0.400000005960464) /* ArmorModVsFire */
     , (2000258,  18,       1) /* ArmorModVsAcid */
     , (2000258,  19, 0.600000023841858) /* ArmorModVsElectric */
     , (2000258,  54,       3) /* UseRadius */
     , (2000258,  64,       1) /* ResistSlash */
     , (2000258,  65,       1) /* ResistPierce */
     , (2000258,  66,       1) /* ResistBludgeon */
     , (2000258,  67,       1) /* ResistFire */
     , (2000258,  68,       1) /* ResistCold */
     , (2000258,  69,       1) /* ResistAcid */
     , (2000258,  70,       1) /* ResistElectric */
     , (2000258,  71,       1) /* ResistHealthBoost */
     , (2000258,  72,       1) /* ResistStaminaDrain */
     , (2000258,  73,       1) /* ResistStaminaBoost */
     , (2000258,  74,       1) /* ResistManaDrain */
     , (2000258,  75,       1) /* ResistManaBoost */
     , (2000258, 104,      10) /* ObviousRadarRange */
     , (2000258, 125,       1) /* ResistHealthDrain */;

INSERT INTO `weenie_properties_string` (`object_Id`, `type`, `value`)
VALUES (2000258,   1, 'Townfolk') /* Name */
     , (2000258,   3, 'Male') /* Sex */
     , (2000258,   4, 'Aluvian') /* HeritageGroup */;

INSERT INTO `weenie_properties_d_i_d` (`object_Id`, `type`, `value`)
VALUES (2000258,   1,   33554433) /* Setup */
     , (2000258,   2,  150994945) /* MotionTable */
     , (2000258,   3,  536870913) /* SoundTable */
     , (2000258,   4,  805306368) /* CombatTable */
     , (2000258,   6,   67108990) /* PaletteBase */
     , (2000258,   8,  100667446) /* Icon */
     , (2000258,   9,   83890437) /* EyesTexture */
     , (2000258,  10,   83890521) /* NoseTexture */
     , (2000258,  11,   83890627) /* MouthTexture */
     , (2000258,  15,   67116978) /* HairPalette */
     , (2000258,  16,   67109564) /* EyesPalette */
     , (2000258,  17,   67109558) /* SkinPalette */;

INSERT INTO `weenie_properties_attribute` (`object_Id`, `type`, `init_Level`, `level_From_C_P`, `c_P_Spent`)
VALUES (2000258,   1, 110, 0, 0) /* Strength */
     , (2000258,   2, 120, 0, 0) /* Endurance */
     , (2000258,   3, 120, 0, 0) /* Quickness */
     , (2000258,   4, 120, 0, 0) /* Coordination */
     , (2000258,   5, 100, 0, 0) /* Focus */
     , (2000258,   6, 100, 0, 0) /* Self */;

INSERT INTO `weenie_properties_attribute_2nd` (`object_Id`, `type`, `init_Level`, `level_From_C_P`, `c_P_Spent`, `current_Level`)
VALUES (2000258,   1,     0, 0, 0, 60) /* MaxHealth */
     , (2000258,   3,     0, 0, 0, 120) /* MaxStamina */
     , (2000258,   5,     0, 0, 0, 100) /* MaxMana */;

INSERT INTO `weenie_properties_skill` (`object_Id`, `type`, `level_From_P_P`, `s_a_c`, `p_p`, `init_Level`, `resistance_At_Last_Check`, `last_Used_Time`)
VALUES (2000258,  6, 0, 2, 0,   1, 0, 0) /* MeleeDefense        Trained */
     , (2000258,  7, 0, 2, 0,   1, 0, 0) /* MissileDefense      Trained */
     , (2000258, 13, 0, 2, 0,   1, 0, 0) /* UnarmedCombat       Trained */;

INSERT INTO `weenie_properties_body_part` (`object_Id`, `key`, `d_Type`, `d_Val`, `d_Var`, `base_Armor`, `armor_Vs_Slash`, `armor_Vs_Pierce`, `armor_Vs_Bludgeon`, `armor_Vs_Cold`, `armor_Vs_Fire`, `armor_Vs_Acid`, `armor_Vs_Electric`, `armor_Vs_Nether`, `b_h`, `h_l_f`, `m_l_f`, `l_l_f`, `h_r_f`, `m_r_f`, `l_r_f`, `h_l_b`, `m_l_b`, `l_l_b`, `h_r_b`, `m_r_b`, `l_r_b`)
VALUES (2000258,  0,  4,  0,    0,    0,    0,    0,    0,    0,    0,    0,    0,    0, 1, 0.33,    0,    0, 0.33,    0,    0, 0.33,    0,    0, 0.33,    0,    0) /* Head */
     , (2000258,  1,  4,  0,    0,    0,    0,    0,    0,    0,    0,    0,    0,    0, 2, 0.44, 0.17,    0, 0.44, 0.17,    0, 0.44, 0.17,    0, 0.44, 0.17,    0) /* Chest */
     , (2000258,  2,  4,  0,    0,    0,    0,    0,    0,    0,    0,    0,    0,    0, 3,    0, 0.17,    0,    0, 0.17,    0,    0, 0.17,    0,    0, 0.17,    0) /* Abdomen */
     , (2000258,  3,  4,  0,    0,    0,    0,    0,    0,    0,    0,    0,    0,    0, 1, 0.23, 0.03,    0, 0.23, 0.03,    0, 0.23, 0.03,    0, 0.23, 0.03,    0) /* UpperArm */
     , (2000258,  4,  4,  0,    0,    0,    0,    0,    0,    0,    0,    0,    0,    0, 2,    0,  0.3,    0,    0,  0.3,    0,    0,  0.3,    0,    0,  0.3,    0) /* LowerArm */
     , (2000258,  5,  4,  2, 0.75,    0,    0,    0,    0,    0,    0,    0,    0,    0, 2,    0,  0.2,    0,    0,  0.2,    0,    0,  0.2,    0,    0,  0.2,    0) /* Hand */
     , (2000258,  6,  4,  0,    0,    0,    0,    0,    0,    0,    0,    0,    0,    0, 3,    0, 0.13, 0.18,    0, 0.13, 0.18,    0, 0.13, 0.18,    0, 0.13, 0.18) /* UpperLeg */
     , (2000258,  7,  4,  0,    0,    0,    0,    0,    0,    0,    0,    0,    0,    0, 3,    0,    0,  0.6,    0,    0,  0.6,    0,    0,  0.6,    0,    0,  0.6) /* LowerLeg */
     , (2000258,  8,  4,  2, 0.75,    0,    0,    0,    0,    0,    0,    0,    0,    0, 3,    0,    0, 0.22,    0,    0, 0.22,    0,    0, 0.22,    0,    0, 0.22) /* Foot */;

INSERT INTO `weenie_properties_emote` (`object_Id`, `category`, `probability`, `weenie_Class_Id`, `style`, `substyle`, `quest`, `vendor_Type`, `min_Health`, `max_Health`)
VALUES (2000258,  7 /* Use */,      1, NULL, NULL, NULL, NULL, NULL, NULL, NULL);

SET @parent_id = LAST_INSERT_ID();

INSERT INTO `weenie_properties_emote_action` (`emote_Id`, `order`, `type`, `delay`, `extent`, `motion`, `message`, `test_String`, `min`, `max`, `min_64`, `max_64`, `min_Dbl`, `max_Dbl`, `stat`, `display`, `amount`, `amount_64`, `hero_X_P_64`, `percent`, `spell_Id`, `wealth_Rating`, `treasure_Class`, `treasure_Type`, `p_Script`, `sound`, `destination_Type`, `weenie_Class_Id`, `stack_Size`, `palette`, `shade`, `try_To_Bond`, `obj_Cell_Id`, `origin_X`, `origin_Y`, `origin_Z`, `angles_W`, `angles_X`, `angles_Y`, `angles_Z`)
VALUES (@parent_id,  0,  10 /* Tell */, 1.5, 1, NULL, 'Nice to be able to use subway again, brings back memories.', NULL, NULL, NULL, NULL, NULL, NULL, NULL, NULL, NULL, NULL, NULL, NULL, NULL, NULL, NULL, NULL, NULL, NULL, NULL, NULL, NULL, NULL, NULL, NULL, NULL, NULL, NULL, NULL, NULL, NULL, NULL, NULL, NULL);

INSERT INTO `weenie_properties_create_list` (`object_Id`, `destination_Type`, `weenie_Class_Id`, `stack_Size`, `palette`, `shade`, `try_To_Bond`)
VALUES (2000258, 2,  2588,  0, 93, 1, False) /* Create Shirt (2588) for Wield */
     , (2000258, 2,  2597,  0, 86, 1, False) /* Create Pants (2597) for Wield */;

DELETE FROM `weenie` WHERE `class_Id` = 2000259;

INSERT INTO `weenie` (`class_Id`, `class_Name`, `type`, `last_Modified`)
VALUES (2000259, 'ace2000259-townfolk', 10, '2019-09-24 03:41:47') /* Creature */;

INSERT INTO `weenie_properties_int` (`object_Id`, `type`, `value`)
VALUES (2000259,   1,         16) /* ItemType - Creature */
     , (2000259,   2,         31) /* CreatureType - Human */
     , (2000259,   6,         -1) /* ItemsCapacity */
     , (2000259,   7,         -1) /* ContainersCapacity */
     , (2000259,   8,        120) /* Mass */
     , (2000259,  16,         32) /* ItemUseable - Remote */
     , (2000259,  25,         15) /* Level */
     , (2000259,  27,          0) /* ArmorType - None */
     , (2000259,  93,    6292504) /* PhysicsState - ReportCollisions, IgnoreCollisions, Gravity, ReportCollisionsAsEnvironment, EdgeSlide */
     , (2000259,  95,          8) /* RadarBlipColor - Yellow */
     , (2000259, 113,          1) /* Gender - Male */
     , (2000259, 133,          4) /* ShowableOnRadar - ShowAlways */
     , (2000259, 134,         16) /* PlayerKillerStatus - RubberGlue */
     , (2000259, 146,        293) /* XpOverride */
     , (2000259, 188,          1) /* HeritageGroup - Aluvian */;

INSERT INTO `weenie_properties_bool` (`object_Id`, `type`, `value`)
VALUES (2000259,   1, True ) /* Stuck */
     , (2000259,   8, True ) /* AllowGive */
     , (2000259,  11, True ) /* IgnoreCollisions */
     , (2000259,  12, True ) /* ReportCollisions */
     , (2000259,  13, False) /* Ethereal */
     , (2000259,  14, True ) /* GravityStatus */
     , (2000259,  19, False) /* Attackable */
     , (2000259,  29, True ) /* NoCorpse */
     , (2000259,  41, True ) /* ReportCollisionsAsEnvironment */
     , (2000259,  42, True ) /* AllowEdgeSlide */
     , (2000259,  52, True ) /* AiImmobile */
     , (2000259,  79, True ) /* AiAcceptEverything */;

INSERT INTO `weenie_properties_float` (`object_Id`, `type`, `value`)
VALUES (2000259,   1,       5) /* HeartbeatInterval */
     , (2000259,   2,       0) /* HeartbeatTimestamp */
     , (2000259,   3, 0.159999996423721) /* HealthRate */
     , (2000259,   4,       5) /* StaminaRate */
     , (2000259,   5,       1) /* ManaRate */
     , (2000259,  13, 0.899999976158142) /* ArmorModVsSlash */
     , (2000259,  14,       1) /* ArmorModVsPierce */
     , (2000259,  15, 1.10000002384186) /* ArmorModVsBludgeon */
     , (2000259,  16, 0.400000005960464) /* ArmorModVsCold */
     , (2000259,  17, 0.400000005960464) /* ArmorModVsFire */
     , (2000259,  18,       1) /* ArmorModVsAcid */
     , (2000259,  19, 0.600000023841858) /* ArmorModVsElectric */
     , (2000259,  54,       3) /* UseRadius */
     , (2000259,  64,       1) /* ResistSlash */
     , (2000259,  65,       1) /* ResistPierce */
     , (2000259,  66,       1) /* ResistBludgeon */
     , (2000259,  67,       1) /* ResistFire */
     , (2000259,  68,       1) /* ResistCold */
     , (2000259,  69,       1) /* ResistAcid */
     , (2000259,  70,       1) /* ResistElectric */
     , (2000259,  71,       1) /* ResistHealthBoost */
     , (2000259,  72,       1) /* ResistStaminaDrain */
     , (2000259,  73,       1) /* ResistStaminaBoost */
     , (2000259,  74,       1) /* ResistManaDrain */
     , (2000259,  75,       1) /* ResistManaBoost */
     , (2000259, 104,      10) /* ObviousRadarRange */
     , (2000259, 125,       1) /* ResistHealthDrain */;

INSERT INTO `weenie_properties_string` (`object_Id`, `type`, `value`)
VALUES (2000259,   1, 'Townfolk') /* Name */
     , (2000259,   3, 'Male') /* Sex */
     , (2000259,   4, 'Aluvian') /* HeritageGroup */;

INSERT INTO `weenie_properties_d_i_d` (`object_Id`, `type`, `value`)
VALUES (2000259,   1,   33554433) /* Setup */
     , (2000259,   2,  150994945) /* MotionTable */
     , (2000259,   3,  536870913) /* SoundTable */
     , (2000259,   4,  805306368) /* CombatTable */
     , (2000259,   6,   67108990) /* PaletteBase */
     , (2000259,   8,  100667446) /* Icon */
     , (2000259,   9,   83890437) /* EyesTexture */
     , (2000259,  10,   83890521) /* NoseTexture */
     , (2000259,  11,   83890627) /* MouthTexture */
     , (2000259,  15,   67116978) /* HairPalette */
     , (2000259,  16,   67109564) /* EyesPalette */
     , (2000259,  17,   67109558) /* SkinPalette */;

INSERT INTO `weenie_properties_attribute` (`object_Id`, `type`, `init_Level`, `level_From_C_P`, `c_P_Spent`)
VALUES (2000259,   1, 110, 0, 0) /* Strength */
     , (2000259,   2, 120, 0, 0) /* Endurance */
     , (2000259,   3, 120, 0, 0) /* Quickness */
     , (2000259,   4, 120, 0, 0) /* Coordination */
     , (2000259,   5, 100, 0, 0) /* Focus */
     , (2000259,   6, 100, 0, 0) /* Self */;

INSERT INTO `weenie_properties_attribute_2nd` (`object_Id`, `type`, `init_Level`, `level_From_C_P`, `c_P_Spent`, `current_Level`)
VALUES (2000259,   1,     0, 0, 0, 60) /* MaxHealth */
     , (2000259,   3,     0, 0, 0, 120) /* MaxStamina */
     , (2000259,   5,     0, 0, 0, 100) /* MaxMana */;

INSERT INTO `weenie_properties_skill` (`object_Id`, `type`, `level_From_P_P`, `s_a_c`, `p_p`, `init_Level`, `resistance_At_Last_Check`, `last_Used_Time`)
VALUES (2000259,  6, 0, 2, 0,   1, 0, 0) /* MeleeDefense        Trained */
     , (2000259,  7, 0, 2, 0,   1, 0, 0) /* MissileDefense      Trained */
     , (2000259, 13, 0, 2, 0,   1, 0, 0) /* UnarmedCombat       Trained */;

INSERT INTO `weenie_properties_body_part` (`object_Id`, `key`, `d_Type`, `d_Val`, `d_Var`, `base_Armor`, `armor_Vs_Slash`, `armor_Vs_Pierce`, `armor_Vs_Bludgeon`, `armor_Vs_Cold`, `armor_Vs_Fire`, `armor_Vs_Acid`, `armor_Vs_Electric`, `armor_Vs_Nether`, `b_h`, `h_l_f`, `m_l_f`, `l_l_f`, `h_r_f`, `m_r_f`, `l_r_f`, `h_l_b`, `m_l_b`, `l_l_b`, `h_r_b`, `m_r_b`, `l_r_b`)
VALUES (2000259,  0,  4,  0,    0,    0,    0,    0,    0,    0,    0,    0,    0,    0, 1, 0.33,    0,    0, 0.33,    0,    0, 0.33,    0,    0, 0.33,    0,    0) /* Head */
     , (2000259,  1,  4,  0,    0,    0,    0,    0,    0,    0,    0,    0,    0,    0, 2, 0.44, 0.17,    0, 0.44, 0.17,    0, 0.44, 0.17,    0, 0.44, 0.17,    0) /* Chest */
     , (2000259,  2,  4,  0,    0,    0,    0,    0,    0,    0,    0,    0,    0,    0, 3,    0, 0.17,    0,    0, 0.17,    0,    0, 0.17,    0,    0, 0.17,    0) /* Abdomen */
     , (2000259,  3,  4,  0,    0,    0,    0,    0,    0,    0,    0,    0,    0,    0, 1, 0.23, 0.03,    0, 0.23, 0.03,    0, 0.23, 0.03,    0, 0.23, 0.03,    0) /* UpperArm */
     , (2000259,  4,  4,  0,    0,    0,    0,    0,    0,    0,    0,    0,    0,    0, 2,    0,  0.3,    0,    0,  0.3,    0,    0,  0.3,    0,    0,  0.3,    0) /* LowerArm */
     , (2000259,  5,  4,  2, 0.75,    0,    0,    0,    0,    0,    0,    0,    0,    0, 2,    0,  0.2,    0,    0,  0.2,    0,    0,  0.2,    0,    0,  0.2,    0) /* Hand */
     , (2000259,  6,  4,  0,    0,    0,    0,    0,    0,    0,    0,    0,    0,    0, 3,    0, 0.13, 0.18,    0, 0.13, 0.18,    0, 0.13, 0.18,    0, 0.13, 0.18) /* UpperLeg */
     , (2000259,  7,  4,  0,    0,    0,    0,    0,    0,    0,    0,    0,    0,    0, 3,    0,    0,  0.6,    0,    0,  0.6,    0,    0,  0.6,    0,    0,  0.6) /* LowerLeg */
     , (2000259,  8,  4,  2, 0.75,    0,    0,    0,    0,    0,    0,    0,    0,    0, 3,    0,    0, 0.22,    0,    0, 0.22,    0,    0, 0.22,    0,    0, 0.22) /* Foot */;

INSERT INTO `weenie_properties_emote` (`object_Id`, `category`, `probability`, `weenie_Class_Id`, `style`, `substyle`, `quest`, `vendor_Type`, `min_Health`, `max_Health`)
VALUES (2000259,  7 /* Use */,      1, NULL, NULL, NULL, NULL, NULL, NULL, NULL);

SET @parent_id = LAST_INSERT_ID();

INSERT INTO `weenie_properties_emote_action` (`emote_Id`, `order`, `type`, `delay`, `extent`, `motion`, `message`, `test_String`, `min`, `max`, `min_64`, `max_64`, `min_Dbl`, `max_Dbl`, `stat`, `display`, `amount`, `amount_64`, `hero_X_P_64`, `percent`, `spell_Id`, `wealth_Rating`, `treasure_Class`, `treasure_Type`, `p_Script`, `sound`, `destination_Type`, `weenie_Class_Id`, `stack_Size`, `palette`, `shade`, `try_To_Bond`, `obj_Cell_Id`, `origin_X`, `origin_Y`, `origin_Z`, `angles_W`, `angles_X`, `angles_Y`, `angles_Z`)
VALUES (@parent_id,  0,  10 /* Tell */, 1.5, 1, NULL, 'Have you ever seen the splendors of the Obsidian bridge?', NULL, NULL, NULL, NULL, NULL, NULL, NULL, NULL, NULL, NULL, NULL, NULL, NULL, NULL, NULL, NULL, NULL, NULL, NULL, NULL, NULL, NULL, NULL, NULL, NULL, NULL, NULL, NULL, NULL, NULL, NULL, NULL, NULL);

INSERT INTO `weenie_properties_create_list` (`object_Id`, `destination_Type`, `weenie_Class_Id`, `stack_Size`, `palette`, `shade`, `try_To_Bond`)
VALUES (2000259, 2,  5852,  0, 86, 1, False) /* Create Dho Vest and Robe (5852) for Wield */
     , (2000259, 2,  2597,  0, 86, 1, False) /* Create Pants (2597) for Wield */;

DELETE FROM `weenie` WHERE `class_Id` = 2000260;

INSERT INTO `weenie` (`class_Id`, `class_Name`, `type`, `last_Modified`)
VALUES (2000260, 'ace2000260-townfolk', 10, '2019-09-24 03:41:48') /* Creature */;

INSERT INTO `weenie_properties_int` (`object_Id`, `type`, `value`)
VALUES (2000260,   1,         16) /* ItemType - Creature */
     , (2000260,   2,         31) /* CreatureType - Human */
     , (2000260,   6,         -1) /* ItemsCapacity */
     , (2000260,   7,         -1) /* ContainersCapacity */
     , (2000260,   8,        120) /* Mass */
     , (2000260,  16,         32) /* ItemUseable - Remote */
     , (2000260,  25,         15) /* Level */
     , (2000260,  27,          0) /* ArmorType - None */
     , (2000260,  93,    6292504) /* PhysicsState - ReportCollisions, IgnoreCollisions, Gravity, ReportCollisionsAsEnvironment, EdgeSlide */
     , (2000260,  95,          8) /* RadarBlipColor - Yellow */
     , (2000260, 113,          1) /* Gender - Male */
     , (2000260, 133,          4) /* ShowableOnRadar - ShowAlways */
     , (2000260, 134,         16) /* PlayerKillerStatus - RubberGlue */
     , (2000260, 146,        293) /* XpOverride */
     , (2000260, 188,          1) /* HeritageGroup - Aluvian */;

INSERT INTO `weenie_properties_bool` (`object_Id`, `type`, `value`)
VALUES (2000260,   1, True ) /* Stuck */
     , (2000260,   8, True ) /* AllowGive */
     , (2000260,  11, True ) /* IgnoreCollisions */
     , (2000260,  12, True ) /* ReportCollisions */
     , (2000260,  13, False) /* Ethereal */
     , (2000260,  14, True ) /* GravityStatus */
     , (2000260,  19, False) /* Attackable */
     , (2000260,  29, True ) /* NoCorpse */
     , (2000260,  41, True ) /* ReportCollisionsAsEnvironment */
     , (2000260,  42, True ) /* AllowEdgeSlide */
     , (2000260,  52, True ) /* AiImmobile */
     , (2000260,  79, True ) /* AiAcceptEverything */;

INSERT INTO `weenie_properties_float` (`object_Id`, `type`, `value`)
VALUES (2000260,   1,       5) /* HeartbeatInterval */
     , (2000260,   2,       0) /* HeartbeatTimestamp */
     , (2000260,   3, 0.159999996423721) /* HealthRate */
     , (2000260,   4,       5) /* StaminaRate */
     , (2000260,   5,       1) /* ManaRate */
     , (2000260,  13, 0.899999976158142) /* ArmorModVsSlash */
     , (2000260,  14,       1) /* ArmorModVsPierce */
     , (2000260,  15, 1.10000002384186) /* ArmorModVsBludgeon */
     , (2000260,  16, 0.400000005960464) /* ArmorModVsCold */
     , (2000260,  17, 0.400000005960464) /* ArmorModVsFire */
     , (2000260,  18,       1) /* ArmorModVsAcid */
     , (2000260,  19, 0.600000023841858) /* ArmorModVsElectric */
     , (2000260,  54,       3) /* UseRadius */
     , (2000260,  64,       1) /* ResistSlash */
     , (2000260,  65,       1) /* ResistPierce */
     , (2000260,  66,       1) /* ResistBludgeon */
     , (2000260,  67,       1) /* ResistFire */
     , (2000260,  68,       1) /* ResistCold */
     , (2000260,  69,       1) /* ResistAcid */
     , (2000260,  70,       1) /* ResistElectric */
     , (2000260,  71,       1) /* ResistHealthBoost */
     , (2000260,  72,       1) /* ResistStaminaDrain */
     , (2000260,  73,       1) /* ResistStaminaBoost */
     , (2000260,  74,       1) /* ResistManaDrain */
     , (2000260,  75,       1) /* ResistManaBoost */
     , (2000260, 104,      10) /* ObviousRadarRange */
     , (2000260, 125,       1) /* ResistHealthDrain */;

INSERT INTO `weenie_properties_string` (`object_Id`, `type`, `value`)
VALUES (2000260,   1, 'Townfolk') /* Name */
     , (2000260,   3, 'Male') /* Sex */
     , (2000260,   4, 'Aluvian') /* HeritageGroup */;

INSERT INTO `weenie_properties_d_i_d` (`object_Id`, `type`, `value`)
VALUES (2000260,   1,   33554433) /* Setup */
     , (2000260,   2,  150994945) /* MotionTable */
     , (2000260,   3,  536870913) /* SoundTable */
     , (2000260,   4,  805306368) /* CombatTable */
     , (2000260,   6,   67108990) /* PaletteBase */
     , (2000260,   8,  100667446) /* Icon */
     , (2000260,   9,   83890437) /* EyesTexture */
     , (2000260,  10,   83890521) /* NoseTexture */
     , (2000260,  11,   83890627) /* MouthTexture */
     , (2000260,  15,   67116978) /* HairPalette */
     , (2000260,  16,   67109564) /* EyesPalette */
     , (2000260,  17,   67109558) /* SkinPalette */;

INSERT INTO `weenie_properties_attribute` (`object_Id`, `type`, `init_Level`, `level_From_C_P`, `c_P_Spent`)
VALUES (2000260,   1, 110, 0, 0) /* Strength */
     , (2000260,   2, 120, 0, 0) /* Endurance */
     , (2000260,   3, 120, 0, 0) /* Quickness */
     , (2000260,   4, 120, 0, 0) /* Coordination */
     , (2000260,   5, 100, 0, 0) /* Focus */
     , (2000260,   6, 100, 0, 0) /* Self */;

INSERT INTO `weenie_properties_attribute_2nd` (`object_Id`, `type`, `init_Level`, `level_From_C_P`, `c_P_Spent`, `current_Level`)
VALUES (2000260,   1,     0, 0, 0, 60) /* MaxHealth */
     , (2000260,   3,     0, 0, 0, 120) /* MaxStamina */
     , (2000260,   5,     0, 0, 0, 100) /* MaxMana */;

INSERT INTO `weenie_properties_skill` (`object_Id`, `type`, `level_From_P_P`, `s_a_c`, `p_p`, `init_Level`, `resistance_At_Last_Check`, `last_Used_Time`)
VALUES (2000260,  6, 0, 2, 0,   1, 0, 0) /* MeleeDefense        Trained */
     , (2000260,  7, 0, 2, 0,   1, 0, 0) /* MissileDefense      Trained */
     , (2000260, 13, 0, 2, 0,   1, 0, 0) /* UnarmedCombat       Trained */;

INSERT INTO `weenie_properties_body_part` (`object_Id`, `key`, `d_Type`, `d_Val`, `d_Var`, `base_Armor`, `armor_Vs_Slash`, `armor_Vs_Pierce`, `armor_Vs_Bludgeon`, `armor_Vs_Cold`, `armor_Vs_Fire`, `armor_Vs_Acid`, `armor_Vs_Electric`, `armor_Vs_Nether`, `b_h`, `h_l_f`, `m_l_f`, `l_l_f`, `h_r_f`, `m_r_f`, `l_r_f`, `h_l_b`, `m_l_b`, `l_l_b`, `h_r_b`, `m_r_b`, `l_r_b`)
VALUES (2000260,  0,  4,  0,    0,    0,    0,    0,    0,    0,    0,    0,    0,    0, 1, 0.33,    0,    0, 0.33,    0,    0, 0.33,    0,    0, 0.33,    0,    0) /* Head */
     , (2000260,  1,  4,  0,    0,    0,    0,    0,    0,    0,    0,    0,    0,    0, 2, 0.44, 0.17,    0, 0.44, 0.17,    0, 0.44, 0.17,    0, 0.44, 0.17,    0) /* Chest */
     , (2000260,  2,  4,  0,    0,    0,    0,    0,    0,    0,    0,    0,    0,    0, 3,    0, 0.17,    0,    0, 0.17,    0,    0, 0.17,    0,    0, 0.17,    0) /* Abdomen */
     , (2000260,  3,  4,  0,    0,    0,    0,    0,    0,    0,    0,    0,    0,    0, 1, 0.23, 0.03,    0, 0.23, 0.03,    0, 0.23, 0.03,    0, 0.23, 0.03,    0) /* UpperArm */
     , (2000260,  4,  4,  0,    0,    0,    0,    0,    0,    0,    0,    0,    0,    0, 2,    0,  0.3,    0,    0,  0.3,    0,    0,  0.3,    0,    0,  0.3,    0) /* LowerArm */
     , (2000260,  5,  4,  2, 0.75,    0,    0,    0,    0,    0,    0,    0,    0,    0, 2,    0,  0.2,    0,    0,  0.2,    0,    0,  0.2,    0,    0,  0.2,    0) /* Hand */
     , (2000260,  6,  4,  0,    0,    0,    0,    0,    0,    0,    0,    0,    0,    0, 3,    0, 0.13, 0.18,    0, 0.13, 0.18,    0, 0.13, 0.18,    0, 0.13, 0.18) /* UpperLeg */
     , (2000260,  7,  4,  0,    0,    0,    0,    0,    0,    0,    0,    0,    0,    0, 3,    0,    0,  0.6,    0,    0,  0.6,    0,    0,  0.6,    0,    0,  0.6) /* LowerLeg */
     , (2000260,  8,  4,  2, 0.75,    0,    0,    0,    0,    0,    0,    0,    0,    0, 3,    0,    0, 0.22,    0,    0, 0.22,    0,    0, 0.22,    0,    0, 0.22) /* Foot */;

INSERT INTO `weenie_properties_emote` (`object_Id`, `category`, `probability`, `weenie_Class_Id`, `style`, `substyle`, `quest`, `vendor_Type`, `min_Health`, `max_Health`)
VALUES (2000260,  7 /* Use */,      1, NULL, NULL, NULL, NULL, NULL, NULL, NULL);

SET @parent_id = LAST_INSERT_ID();

INSERT INTO `weenie_properties_emote_action` (`emote_Id`, `order`, `type`, `delay`, `extent`, `motion`, `message`, `test_String`, `min`, `max`, `min_64`, `max_64`, `min_Dbl`, `max_Dbl`, `stat`, `display`, `amount`, `amount_64`, `hero_X_P_64`, `percent`, `spell_Id`, `wealth_Rating`, `treasure_Class`, `treasure_Type`, `p_Script`, `sound`, `destination_Type`, `weenie_Class_Id`, `stack_Size`, `palette`, `shade`, `try_To_Bond`, `obj_Cell_Id`, `origin_X`, `origin_Y`, `origin_Z`, `angles_W`, `angles_X`, `angles_Y`, `angles_Z`)
VALUES (@parent_id,  0,  10 /* Tell */, 1.5, 1, NULL, 'Traveling is my favorite part of this new land. ', NULL, NULL, NULL, NULL, NULL, NULL, NULL, NULL, NULL, NULL, NULL, NULL, NULL, NULL, NULL, NULL, NULL, NULL, NULL, NULL, NULL, NULL, NULL, NULL, NULL, NULL, NULL, NULL, NULL, NULL, NULL, NULL, NULL);

INSERT INTO `weenie_properties_create_list` (`object_Id`, `destination_Type`, `weenie_Class_Id`, `stack_Size`, `palette`, `shade`, `try_To_Bond`)
VALUES (2000260, 2,  2588,  0, 91, 1, False) /* Create Shirt (2588) for Wield */
     , (2000260, 2, 26452,  0, 89, 1, False) /* Create Bathrobe (26452) for Wield */;

DELETE FROM `weenie` WHERE `class_Id` = 2000261;

INSERT INTO `weenie` (`class_Id`, `class_Name`, `type`, `last_Modified`)
VALUES (2000261, 'ace2000261-townfolk', 10, '2019-09-24 03:41:49') /* Creature */;

INSERT INTO `weenie_properties_int` (`object_Id`, `type`, `value`)
VALUES (2000261,   1,         16) /* ItemType - Creature */
     , (2000261,   2,         31) /* CreatureType - Human */
     , (2000261,   6,         -1) /* ItemsCapacity */
     , (2000261,   7,         -1) /* ContainersCapacity */
     , (2000261,   8,        120) /* Mass */
     , (2000261,  16,         32) /* ItemUseable - Remote */
     , (2000261,  25,         15) /* Level */
     , (2000261,  27,          0) /* ArmorType - None */
     , (2000261,  93,    6292504) /* PhysicsState - ReportCollisions, IgnoreCollisions, Gravity, ReportCollisionsAsEnvironment, EdgeSlide */
     , (2000261,  95,          8) /* RadarBlipColor - Yellow */
     , (2000261, 113,          1) /* Gender - Male */
     , (2000261, 133,          4) /* ShowableOnRadar - ShowAlways */
     , (2000261, 134,         16) /* PlayerKillerStatus - RubberGlue */
     , (2000261, 146,        293) /* XpOverride */
     , (2000261, 188,          1) /* HeritageGroup - Aluvian */;

INSERT INTO `weenie_properties_bool` (`object_Id`, `type`, `value`)
VALUES (2000261,   1, True ) /* Stuck */
     , (2000261,   8, True ) /* AllowGive */
     , (2000261,  11, True ) /* IgnoreCollisions */
     , (2000261,  12, True ) /* ReportCollisions */
     , (2000261,  13, False) /* Ethereal */
     , (2000261,  14, True ) /* GravityStatus */
     , (2000261,  19, False) /* Attackable */
     , (2000261,  29, True ) /* NoCorpse */
     , (2000261,  41, True ) /* ReportCollisionsAsEnvironment */
     , (2000261,  42, True ) /* AllowEdgeSlide */
     , (2000261,  52, True ) /* AiImmobile */
     , (2000261,  79, True ) /* AiAcceptEverything */;

INSERT INTO `weenie_properties_float` (`object_Id`, `type`, `value`)
VALUES (2000261,   1,       5) /* HeartbeatInterval */
     , (2000261,   2,       0) /* HeartbeatTimestamp */
     , (2000261,   3, 0.159999996423721) /* HealthRate */
     , (2000261,   4,       5) /* StaminaRate */
     , (2000261,   5,       1) /* ManaRate */
     , (2000261,  13, 0.899999976158142) /* ArmorModVsSlash */
     , (2000261,  14,       1) /* ArmorModVsPierce */
     , (2000261,  15, 1.10000002384186) /* ArmorModVsBludgeon */
     , (2000261,  16, 0.400000005960464) /* ArmorModVsCold */
     , (2000261,  17, 0.400000005960464) /* ArmorModVsFire */
     , (2000261,  18,       1) /* ArmorModVsAcid */
     , (2000261,  19, 0.600000023841858) /* ArmorModVsElectric */
     , (2000261,  54,       3) /* UseRadius */
     , (2000261,  64,       1) /* ResistSlash */
     , (2000261,  65,       1) /* ResistPierce */
     , (2000261,  66,       1) /* ResistBludgeon */
     , (2000261,  67,       1) /* ResistFire */
     , (2000261,  68,       1) /* ResistCold */
     , (2000261,  69,       1) /* ResistAcid */
     , (2000261,  70,       1) /* ResistElectric */
     , (2000261,  71,       1) /* ResistHealthBoost */
     , (2000261,  72,       1) /* ResistStaminaDrain */
     , (2000261,  73,       1) /* ResistStaminaBoost */
     , (2000261,  74,       1) /* ResistManaDrain */
     , (2000261,  75,       1) /* ResistManaBoost */
     , (2000261, 104,      10) /* ObviousRadarRange */
     , (2000261, 125,       1) /* ResistHealthDrain */;

INSERT INTO `weenie_properties_string` (`object_Id`, `type`, `value`)
VALUES (2000261,   1, 'Townfolk') /* Name */
     , (2000261,   3, 'Male') /* Sex */
     , (2000261,   4, 'Aluvian') /* HeritageGroup */;

INSERT INTO `weenie_properties_d_i_d` (`object_Id`, `type`, `value`)
VALUES (2000261,   1,   33554433) /* Setup */
     , (2000261,   2,  150994945) /* MotionTable */
     , (2000261,   3,  536870913) /* SoundTable */
     , (2000261,   4,  805306368) /* CombatTable */
     , (2000261,   6,   67108990) /* PaletteBase */
     , (2000261,   8,  100667446) /* Icon */
     , (2000261,   9,   83890437) /* EyesTexture */
     , (2000261,  10,   83890521) /* NoseTexture */
     , (2000261,  11,   83890627) /* MouthTexture */
     , (2000261,  15,   67116978) /* HairPalette */
     , (2000261,  16,   67109564) /* EyesPalette */
     , (2000261,  17,   67109558) /* SkinPalette */;

INSERT INTO `weenie_properties_attribute` (`object_Id`, `type`, `init_Level`, `level_From_C_P`, `c_P_Spent`)
VALUES (2000261,   1, 110, 0, 0) /* Strength */
     , (2000261,   2, 120, 0, 0) /* Endurance */
     , (2000261,   3, 120, 0, 0) /* Quickness */
     , (2000261,   4, 120, 0, 0) /* Coordination */
     , (2000261,   5, 100, 0, 0) /* Focus */
     , (2000261,   6, 100, 0, 0) /* Self */;

INSERT INTO `weenie_properties_attribute_2nd` (`object_Id`, `type`, `init_Level`, `level_From_C_P`, `c_P_Spent`, `current_Level`)
VALUES (2000261,   1,     0, 0, 0, 60) /* MaxHealth */
     , (2000261,   3,     0, 0, 0, 120) /* MaxStamina */
     , (2000261,   5,     0, 0, 0, 100) /* MaxMana */;

INSERT INTO `weenie_properties_skill` (`object_Id`, `type`, `level_From_P_P`, `s_a_c`, `p_p`, `init_Level`, `resistance_At_Last_Check`, `last_Used_Time`)
VALUES (2000261,  6, 0, 2, 0,   1, 0, 0) /* MeleeDefense        Trained */
     , (2000261,  7, 0, 2, 0,   1, 0, 0) /* MissileDefense      Trained */
     , (2000261, 13, 0, 2, 0,   1, 0, 0) /* UnarmedCombat       Trained */;

INSERT INTO `weenie_properties_body_part` (`object_Id`, `key`, `d_Type`, `d_Val`, `d_Var`, `base_Armor`, `armor_Vs_Slash`, `armor_Vs_Pierce`, `armor_Vs_Bludgeon`, `armor_Vs_Cold`, `armor_Vs_Fire`, `armor_Vs_Acid`, `armor_Vs_Electric`, `armor_Vs_Nether`, `b_h`, `h_l_f`, `m_l_f`, `l_l_f`, `h_r_f`, `m_r_f`, `l_r_f`, `h_l_b`, `m_l_b`, `l_l_b`, `h_r_b`, `m_r_b`, `l_r_b`)
VALUES (2000261,  0,  4,  0,    0,    0,    0,    0,    0,    0,    0,    0,    0,    0, 1, 0.33,    0,    0, 0.33,    0,    0, 0.33,    0,    0, 0.33,    0,    0) /* Head */
     , (2000261,  1,  4,  0,    0,    0,    0,    0,    0,    0,    0,    0,    0,    0, 2, 0.44, 0.17,    0, 0.44, 0.17,    0, 0.44, 0.17,    0, 0.44, 0.17,    0) /* Chest */
     , (2000261,  2,  4,  0,    0,    0,    0,    0,    0,    0,    0,    0,    0,    0, 3,    0, 0.17,    0,    0, 0.17,    0,    0, 0.17,    0,    0, 0.17,    0) /* Abdomen */
     , (2000261,  3,  4,  0,    0,    0,    0,    0,    0,    0,    0,    0,    0,    0, 1, 0.23, 0.03,    0, 0.23, 0.03,    0, 0.23, 0.03,    0, 0.23, 0.03,    0) /* UpperArm */
     , (2000261,  4,  4,  0,    0,    0,    0,    0,    0,    0,    0,    0,    0,    0, 2,    0,  0.3,    0,    0,  0.3,    0,    0,  0.3,    0,    0,  0.3,    0) /* LowerArm */
     , (2000261,  5,  4,  2, 0.75,    0,    0,    0,    0,    0,    0,    0,    0,    0, 2,    0,  0.2,    0,    0,  0.2,    0,    0,  0.2,    0,    0,  0.2,    0) /* Hand */
     , (2000261,  6,  4,  0,    0,    0,    0,    0,    0,    0,    0,    0,    0,    0, 3,    0, 0.13, 0.18,    0, 0.13, 0.18,    0, 0.13, 0.18,    0, 0.13, 0.18) /* UpperLeg */
     , (2000261,  7,  4,  0,    0,    0,    0,    0,    0,    0,    0,    0,    0,    0, 3,    0,    0,  0.6,    0,    0,  0.6,    0,    0,  0.6,    0,    0,  0.6) /* LowerLeg */
     , (2000261,  8,  4,  2, 0.75,    0,    0,    0,    0,    0,    0,    0,    0,    0, 3,    0,    0, 0.22,    0,    0, 0.22,    0,    0, 0.22,    0,    0, 0.22) /* Foot */;

INSERT INTO `weenie_properties_emote` (`object_Id`, `category`, `probability`, `weenie_Class_Id`, `style`, `substyle`, `quest`, `vendor_Type`, `min_Health`, `max_Health`)
VALUES (2000261,  7 /* Use */,      1, NULL, NULL, NULL, NULL, NULL, NULL, NULL);

SET @parent_id = LAST_INSERT_ID();

INSERT INTO `weenie_properties_emote_action` (`emote_Id`, `order`, `type`, `delay`, `extent`, `motion`, `message`, `test_String`, `min`, `max`, `min_64`, `max_64`, `min_Dbl`, `max_Dbl`, `stat`, `display`, `amount`, `amount_64`, `hero_X_P_64`, `percent`, `spell_Id`, `wealth_Rating`, `treasure_Class`, `treasure_Type`, `p_Script`, `sound`, `destination_Type`, `weenie_Class_Id`, `stack_Size`, `palette`, `shade`, `try_To_Bond`, `obj_Cell_Id`, `origin_X`, `origin_Y`, `origin_Z`, `angles_W`, `angles_X`, `angles_Y`, `angles_Z`)
VALUES (@parent_id,  0,  10 /* Tell */, 1.5, 1, NULL, 'I can''t believe people still follow the hopeslayer.', NULL, NULL, NULL, NULL, NULL, NULL, NULL, NULL, NULL, NULL, NULL, NULL, NULL, NULL, NULL, NULL, NULL, NULL, NULL, NULL, NULL, NULL, NULL, NULL, NULL, NULL, NULL, NULL, NULL, NULL, NULL, NULL, NULL);

INSERT INTO `weenie_properties_create_list` (`object_Id`, `destination_Type`, `weenie_Class_Id`, `stack_Size`, `palette`, `shade`, `try_To_Bond`)
VALUES (2000261, 2,  2588,  0, 93, 1, False) /* Create Shirt (2588) for Wield */
     , (2000261, 2,  2597,  0, 86, 1, False) /* Create Pants (2597) for Wield */;

DELETE FROM `weenie` WHERE `class_Id` = 2000262;

INSERT INTO `weenie` (`class_Id`, `class_Name`, `type`, `last_Modified`)
VALUES (2000262, 'ace2000262-townfolk', 10, '2019-09-24 03:41:50') /* Creature */;

INSERT INTO `weenie_properties_int` (`object_Id`, `type`, `value`)
VALUES (2000262,   1,         16) /* ItemType - Creature */
     , (2000262,   2,         31) /* CreatureType - Human */
     , (2000262,   6,         -1) /* ItemsCapacity */
     , (2000262,   7,         -1) /* ContainersCapacity */
     , (2000262,   8,        120) /* Mass */
     , (2000262,  16,         32) /* ItemUseable - Remote */
     , (2000262,  25,         15) /* Level */
     , (2000262,  27,          0) /* ArmorType - None */
     , (2000262,  93,    6292504) /* PhysicsState - ReportCollisions, IgnoreCollisions, Gravity, ReportCollisionsAsEnvironment, EdgeSlide */
     , (2000262,  95,          8) /* RadarBlipColor - Yellow */
     , (2000262, 113,          1) /* Gender - Male */
     , (2000262, 133,          4) /* ShowableOnRadar - ShowAlways */
     , (2000262, 134,         16) /* PlayerKillerStatus - RubberGlue */
     , (2000262, 146,        293) /* XpOverride */
     , (2000262, 188,          1) /* HeritageGroup - Aluvian */;

INSERT INTO `weenie_properties_bool` (`object_Id`, `type`, `value`)
VALUES (2000262,   1, True ) /* Stuck */
     , (2000262,   8, True ) /* AllowGive */
     , (2000262,  11, True ) /* IgnoreCollisions */
     , (2000262,  12, True ) /* ReportCollisions */
     , (2000262,  13, False) /* Ethereal */
     , (2000262,  14, True ) /* GravityStatus */
     , (2000262,  19, False) /* Attackable */
     , (2000262,  29, True ) /* NoCorpse */
     , (2000262,  41, True ) /* ReportCollisionsAsEnvironment */
     , (2000262,  42, True ) /* AllowEdgeSlide */
     , (2000262,  52, True ) /* AiImmobile */
     , (2000262,  79, True ) /* AiAcceptEverything */;

INSERT INTO `weenie_properties_float` (`object_Id`, `type`, `value`)
VALUES (2000262,   1,       5) /* HeartbeatInterval */
     , (2000262,   2,       0) /* HeartbeatTimestamp */
     , (2000262,   3, 0.159999996423721) /* HealthRate */
     , (2000262,   4,       5) /* StaminaRate */
     , (2000262,   5,       1) /* ManaRate */
     , (2000262,  13, 0.899999976158142) /* ArmorModVsSlash */
     , (2000262,  14,       1) /* ArmorModVsPierce */
     , (2000262,  15, 1.10000002384186) /* ArmorModVsBludgeon */
     , (2000262,  16, 0.400000005960464) /* ArmorModVsCold */
     , (2000262,  17, 0.400000005960464) /* ArmorModVsFire */
     , (2000262,  18,       1) /* ArmorModVsAcid */
     , (2000262,  19, 0.600000023841858) /* ArmorModVsElectric */
     , (2000262,  54,       3) /* UseRadius */
     , (2000262,  64,       1) /* ResistSlash */
     , (2000262,  65,       1) /* ResistPierce */
     , (2000262,  66,       1) /* ResistBludgeon */
     , (2000262,  67,       1) /* ResistFire */
     , (2000262,  68,       1) /* ResistCold */
     , (2000262,  69,       1) /* ResistAcid */
     , (2000262,  70,       1) /* ResistElectric */
     , (2000262,  71,       1) /* ResistHealthBoost */
     , (2000262,  72,       1) /* ResistStaminaDrain */
     , (2000262,  73,       1) /* ResistStaminaBoost */
     , (2000262,  74,       1) /* ResistManaDrain */
     , (2000262,  75,       1) /* ResistManaBoost */
     , (2000262, 104,      10) /* ObviousRadarRange */
     , (2000262, 125,       1) /* ResistHealthDrain */;

INSERT INTO `weenie_properties_string` (`object_Id`, `type`, `value`)
VALUES (2000262,   1, 'Townfolk') /* Name */
     , (2000262,   3, 'Male') /* Sex */
     , (2000262,   4, 'Aluvian') /* HeritageGroup */;

INSERT INTO `weenie_properties_d_i_d` (`object_Id`, `type`, `value`)
VALUES (2000262,   1,   33554433) /* Setup */
     , (2000262,   2,  150994945) /* MotionTable */
     , (2000262,   3,  536870913) /* SoundTable */
     , (2000262,   4,  805306368) /* CombatTable */
     , (2000262,   6,   67108990) /* PaletteBase */
     , (2000262,   8,  100667446) /* Icon */
     , (2000262,   9,   83890437) /* EyesTexture */
     , (2000262,  10,   83890521) /* NoseTexture */
     , (2000262,  11,   83890627) /* MouthTexture */
     , (2000262,  15,   67116978) /* HairPalette */
     , (2000262,  16,   67109564) /* EyesPalette */
     , (2000262,  17,   67109558) /* SkinPalette */;

INSERT INTO `weenie_properties_attribute` (`object_Id`, `type`, `init_Level`, `level_From_C_P`, `c_P_Spent`)
VALUES (2000262,   1, 110, 0, 0) /* Strength */
     , (2000262,   2, 120, 0, 0) /* Endurance */
     , (2000262,   3, 120, 0, 0) /* Quickness */
     , (2000262,   4, 120, 0, 0) /* Coordination */
     , (2000262,   5, 100, 0, 0) /* Focus */
     , (2000262,   6, 100, 0, 0) /* Self */;

INSERT INTO `weenie_properties_attribute_2nd` (`object_Id`, `type`, `init_Level`, `level_From_C_P`, `c_P_Spent`, `current_Level`)
VALUES (2000262,   1,     0, 0, 0, 60) /* MaxHealth */
     , (2000262,   3,     0, 0, 0, 120) /* MaxStamina */
     , (2000262,   5,     0, 0, 0, 100) /* MaxMana */;

INSERT INTO `weenie_properties_skill` (`object_Id`, `type`, `level_From_P_P`, `s_a_c`, `p_p`, `init_Level`, `resistance_At_Last_Check`, `last_Used_Time`)
VALUES (2000262,  6, 0, 2, 0,   1, 0, 0) /* MeleeDefense        Trained */
     , (2000262,  7, 0, 2, 0,   1, 0, 0) /* MissileDefense      Trained */
     , (2000262, 13, 0, 2, 0,   1, 0, 0) /* UnarmedCombat       Trained */;

INSERT INTO `weenie_properties_body_part` (`object_Id`, `key`, `d_Type`, `d_Val`, `d_Var`, `base_Armor`, `armor_Vs_Slash`, `armor_Vs_Pierce`, `armor_Vs_Bludgeon`, `armor_Vs_Cold`, `armor_Vs_Fire`, `armor_Vs_Acid`, `armor_Vs_Electric`, `armor_Vs_Nether`, `b_h`, `h_l_f`, `m_l_f`, `l_l_f`, `h_r_f`, `m_r_f`, `l_r_f`, `h_l_b`, `m_l_b`, `l_l_b`, `h_r_b`, `m_r_b`, `l_r_b`)
VALUES (2000262,  0,  4,  0,    0,    0,    0,    0,    0,    0,    0,    0,    0,    0, 1, 0.33,    0,    0, 0.33,    0,    0, 0.33,    0,    0, 0.33,    0,    0) /* Head */
     , (2000262,  1,  4,  0,    0,    0,    0,    0,    0,    0,    0,    0,    0,    0, 2, 0.44, 0.17,    0, 0.44, 0.17,    0, 0.44, 0.17,    0, 0.44, 0.17,    0) /* Chest */
     , (2000262,  2,  4,  0,    0,    0,    0,    0,    0,    0,    0,    0,    0,    0, 3,    0, 0.17,    0,    0, 0.17,    0,    0, 0.17,    0,    0, 0.17,    0) /* Abdomen */
     , (2000262,  3,  4,  0,    0,    0,    0,    0,    0,    0,    0,    0,    0,    0, 1, 0.23, 0.03,    0, 0.23, 0.03,    0, 0.23, 0.03,    0, 0.23, 0.03,    0) /* UpperArm */
     , (2000262,  4,  4,  0,    0,    0,    0,    0,    0,    0,    0,    0,    0,    0, 2,    0,  0.3,    0,    0,  0.3,    0,    0,  0.3,    0,    0,  0.3,    0) /* LowerArm */
     , (2000262,  5,  4,  2, 0.75,    0,    0,    0,    0,    0,    0,    0,    0,    0, 2,    0,  0.2,    0,    0,  0.2,    0,    0,  0.2,    0,    0,  0.2,    0) /* Hand */
     , (2000262,  6,  4,  0,    0,    0,    0,    0,    0,    0,    0,    0,    0,    0, 3,    0, 0.13, 0.18,    0, 0.13, 0.18,    0, 0.13, 0.18,    0, 0.13, 0.18) /* UpperLeg */
     , (2000262,  7,  4,  0,    0,    0,    0,    0,    0,    0,    0,    0,    0,    0, 3,    0,    0,  0.6,    0,    0,  0.6,    0,    0,  0.6,    0,    0,  0.6) /* LowerLeg */
     , (2000262,  8,  4,  2, 0.75,    0,    0,    0,    0,    0,    0,    0,    0,    0, 3,    0,    0, 0.22,    0,    0, 0.22,    0,    0, 0.22,    0,    0, 0.22) /* Foot */;

INSERT INTO `weenie_properties_emote` (`object_Id`, `category`, `probability`, `weenie_Class_Id`, `style`, `substyle`, `quest`, `vendor_Type`, `min_Health`, `max_Health`)
VALUES (2000262,  7 /* Use */,      1, NULL, NULL, NULL, NULL, NULL, NULL, NULL);

SET @parent_id = LAST_INSERT_ID();

INSERT INTO `weenie_properties_emote_action` (`emote_Id`, `order`, `type`, `delay`, `extent`, `motion`, `message`, `test_String`, `min`, `max`, `min_64`, `max_64`, `min_Dbl`, `max_Dbl`, `stat`, `display`, `amount`, `amount_64`, `hero_X_P_64`, `percent`, `spell_Id`, `wealth_Rating`, `treasure_Class`, `treasure_Type`, `p_Script`, `sound`, `destination_Type`, `weenie_Class_Id`, `stack_Size`, `palette`, `shade`, `try_To_Bond`, `obj_Cell_Id`, `origin_X`, `origin_Y`, `origin_Z`, `angles_W`, `angles_X`, `angles_Y`, `angles_Z`)
VALUES (@parent_id,  0,  10 /* Tell */, 1.5, 1, NULL, 'I really want a Pet reedshark.', NULL, NULL, NULL, NULL, NULL, NULL, NULL, NULL, NULL, NULL, NULL, NULL, NULL, NULL, NULL, NULL, NULL, NULL, NULL, NULL, NULL, NULL, NULL, NULL, NULL, NULL, NULL, NULL, NULL, NULL, NULL, NULL, NULL);

INSERT INTO `weenie_properties_create_list` (`object_Id`, `destination_Type`, `weenie_Class_Id`, `stack_Size`, `palette`, `shade`, `try_To_Bond`)
VALUES (2000262, 2,  2588,  0, 90, 1, False) /* Create Shirt (2588) for Wield */
     , (2000262, 2,  2597,  0, 90, 1, False) /* Create Pants (2597) for Wield */;

DELETE FROM `weenie` WHERE `class_Id` = 2000263;

INSERT INTO `weenie` (`class_Id`, `class_Name`, `type`, `last_Modified`)
VALUES (2000263, 'ace2000263-townfolk', 10, '2019-09-24 03:41:52') /* Creature */;

INSERT INTO `weenie_properties_int` (`object_Id`, `type`, `value`)
VALUES (2000263,   1,         16) /* ItemType - Creature */
     , (2000263,   2,         31) /* CreatureType - Human */
     , (2000263,   6,         -1) /* ItemsCapacity */
     , (2000263,   7,         -1) /* ContainersCapacity */
     , (2000263,   8,        120) /* Mass */
     , (2000263,  16,         32) /* ItemUseable - Remote */
     , (2000263,  25,         15) /* Level */
     , (2000263,  27,          0) /* ArmorType - None */
     , (2000263,  93,    6292504) /* PhysicsState - ReportCollisions, IgnoreCollisions, Gravity, ReportCollisionsAsEnvironment, EdgeSlide */
     , (2000263,  95,          8) /* RadarBlipColor - Yellow */
     , (2000263, 113,          1) /* Gender - Male */
     , (2000263, 133,          4) /* ShowableOnRadar - ShowAlways */
     , (2000263, 134,         16) /* PlayerKillerStatus - RubberGlue */
     , (2000263, 146,        293) /* XpOverride */
     , (2000263, 188,          1) /* HeritageGroup - Aluvian */;

INSERT INTO `weenie_properties_bool` (`object_Id`, `type`, `value`)
VALUES (2000263,   1, True ) /* Stuck */
     , (2000263,   8, True ) /* AllowGive */
     , (2000263,  11, True ) /* IgnoreCollisions */
     , (2000263,  12, True ) /* ReportCollisions */
     , (2000263,  13, False) /* Ethereal */
     , (2000263,  14, True ) /* GravityStatus */
     , (2000263,  19, False) /* Attackable */
     , (2000263,  29, True ) /* NoCorpse */
     , (2000263,  41, True ) /* ReportCollisionsAsEnvironment */
     , (2000263,  42, True ) /* AllowEdgeSlide */
     , (2000263,  52, True ) /* AiImmobile */
     , (2000263,  79, True ) /* AiAcceptEverything */;

INSERT INTO `weenie_properties_float` (`object_Id`, `type`, `value`)
VALUES (2000263,   1,       5) /* HeartbeatInterval */
     , (2000263,   2,       0) /* HeartbeatTimestamp */
     , (2000263,   3, 0.159999996423721) /* HealthRate */
     , (2000263,   4,       5) /* StaminaRate */
     , (2000263,   5,       1) /* ManaRate */
     , (2000263,  13, 0.899999976158142) /* ArmorModVsSlash */
     , (2000263,  14,       1) /* ArmorModVsPierce */
     , (2000263,  15, 1.10000002384186) /* ArmorModVsBludgeon */
     , (2000263,  16, 0.400000005960464) /* ArmorModVsCold */
     , (2000263,  17, 0.400000005960464) /* ArmorModVsFire */
     , (2000263,  18,       1) /* ArmorModVsAcid */
     , (2000263,  19, 0.600000023841858) /* ArmorModVsElectric */
     , (2000263,  54,       3) /* UseRadius */
     , (2000263,  64,       1) /* ResistSlash */
     , (2000263,  65,       1) /* ResistPierce */
     , (2000263,  66,       1) /* ResistBludgeon */
     , (2000263,  67,       1) /* ResistFire */
     , (2000263,  68,       1) /* ResistCold */
     , (2000263,  69,       1) /* ResistAcid */
     , (2000263,  70,       1) /* ResistElectric */
     , (2000263,  71,       1) /* ResistHealthBoost */
     , (2000263,  72,       1) /* ResistStaminaDrain */
     , (2000263,  73,       1) /* ResistStaminaBoost */
     , (2000263,  74,       1) /* ResistManaDrain */
     , (2000263,  75,       1) /* ResistManaBoost */
     , (2000263, 104,      10) /* ObviousRadarRange */
     , (2000263, 125,       1) /* ResistHealthDrain */;

INSERT INTO `weenie_properties_string` (`object_Id`, `type`, `value`)
VALUES (2000263,   1, 'Townfolk') /* Name */
     , (2000263,   3, 'Male') /* Sex */
     , (2000263,   4, 'Aluvian') /* HeritageGroup */;

INSERT INTO `weenie_properties_d_i_d` (`object_Id`, `type`, `value`)
VALUES (2000263,   1,   33554433) /* Setup */
     , (2000263,   2,  150994945) /* MotionTable */
     , (2000263,   3,  536870913) /* SoundTable */
     , (2000263,   4,  805306368) /* CombatTable */
     , (2000263,   6,   67108990) /* PaletteBase */
     , (2000263,   8,  100667446) /* Icon */
     , (2000263,   9,   83890437) /* EyesTexture */
     , (2000263,  10,   83890521) /* NoseTexture */
     , (2000263,  11,   83890627) /* MouthTexture */
     , (2000263,  15,   67116978) /* HairPalette */
     , (2000263,  16,   67109564) /* EyesPalette */
     , (2000263,  17,   67109558) /* SkinPalette */;

INSERT INTO `weenie_properties_attribute` (`object_Id`, `type`, `init_Level`, `level_From_C_P`, `c_P_Spent`)
VALUES (2000263,   1, 110, 0, 0) /* Strength */
     , (2000263,   2, 120, 0, 0) /* Endurance */
     , (2000263,   3, 120, 0, 0) /* Quickness */
     , (2000263,   4, 120, 0, 0) /* Coordination */
     , (2000263,   5, 100, 0, 0) /* Focus */
     , (2000263,   6, 100, 0, 0) /* Self */;

INSERT INTO `weenie_properties_attribute_2nd` (`object_Id`, `type`, `init_Level`, `level_From_C_P`, `c_P_Spent`, `current_Level`)
VALUES (2000263,   1,     0, 0, 0, 60) /* MaxHealth */
     , (2000263,   3,     0, 0, 0, 120) /* MaxStamina */
     , (2000263,   5,     0, 0, 0, 100) /* MaxMana */;

INSERT INTO `weenie_properties_skill` (`object_Id`, `type`, `level_From_P_P`, `s_a_c`, `p_p`, `init_Level`, `resistance_At_Last_Check`, `last_Used_Time`)
VALUES (2000263,  6, 0, 2, 0,   1, 0, 0) /* MeleeDefense        Trained */
     , (2000263,  7, 0, 2, 0,   1, 0, 0) /* MissileDefense      Trained */
     , (2000263, 13, 0, 2, 0,   1, 0, 0) /* UnarmedCombat       Trained */;

INSERT INTO `weenie_properties_body_part` (`object_Id`, `key`, `d_Type`, `d_Val`, `d_Var`, `base_Armor`, `armor_Vs_Slash`, `armor_Vs_Pierce`, `armor_Vs_Bludgeon`, `armor_Vs_Cold`, `armor_Vs_Fire`, `armor_Vs_Acid`, `armor_Vs_Electric`, `armor_Vs_Nether`, `b_h`, `h_l_f`, `m_l_f`, `l_l_f`, `h_r_f`, `m_r_f`, `l_r_f`, `h_l_b`, `m_l_b`, `l_l_b`, `h_r_b`, `m_r_b`, `l_r_b`)
VALUES (2000263,  0,  4,  0,    0,    0,    0,    0,    0,    0,    0,    0,    0,    0, 1, 0.33,    0,    0, 0.33,    0,    0, 0.33,    0,    0, 0.33,    0,    0) /* Head */
     , (2000263,  1,  4,  0,    0,    0,    0,    0,    0,    0,    0,    0,    0,    0, 2, 0.44, 0.17,    0, 0.44, 0.17,    0, 0.44, 0.17,    0, 0.44, 0.17,    0) /* Chest */
     , (2000263,  2,  4,  0,    0,    0,    0,    0,    0,    0,    0,    0,    0,    0, 3,    0, 0.17,    0,    0, 0.17,    0,    0, 0.17,    0,    0, 0.17,    0) /* Abdomen */
     , (2000263,  3,  4,  0,    0,    0,    0,    0,    0,    0,    0,    0,    0,    0, 1, 0.23, 0.03,    0, 0.23, 0.03,    0, 0.23, 0.03,    0, 0.23, 0.03,    0) /* UpperArm */
     , (2000263,  4,  4,  0,    0,    0,    0,    0,    0,    0,    0,    0,    0,    0, 2,    0,  0.3,    0,    0,  0.3,    0,    0,  0.3,    0,    0,  0.3,    0) /* LowerArm */
     , (2000263,  5,  4,  2, 0.75,    0,    0,    0,    0,    0,    0,    0,    0,    0, 2,    0,  0.2,    0,    0,  0.2,    0,    0,  0.2,    0,    0,  0.2,    0) /* Hand */
     , (2000263,  6,  4,  0,    0,    0,    0,    0,    0,    0,    0,    0,    0,    0, 3,    0, 0.13, 0.18,    0, 0.13, 0.18,    0, 0.13, 0.18,    0, 0.13, 0.18) /* UpperLeg */
     , (2000263,  7,  4,  0,    0,    0,    0,    0,    0,    0,    0,    0,    0,    0, 3,    0,    0,  0.6,    0,    0,  0.6,    0,    0,  0.6,    0,    0,  0.6) /* LowerLeg */
     , (2000263,  8,  4,  2, 0.75,    0,    0,    0,    0,    0,    0,    0,    0,    0, 3,    0,    0, 0.22,    0,    0, 0.22,    0,    0, 0.22,    0,    0, 0.22) /* Foot */;

INSERT INTO `weenie_properties_emote` (`object_Id`, `category`, `probability`, `weenie_Class_Id`, `style`, `substyle`, `quest`, `vendor_Type`, `min_Health`, `max_Health`)
VALUES (2000263,  7 /* Use */,      1, NULL, NULL, NULL, NULL, NULL, NULL, NULL);

SET @parent_id = LAST_INSERT_ID();

INSERT INTO `weenie_properties_emote_action` (`emote_Id`, `order`, `type`, `delay`, `extent`, `motion`, `message`, `test_String`, `min`, `max`, `min_64`, `max_64`, `min_Dbl`, `max_Dbl`, `stat`, `display`, `amount`, `amount_64`, `hero_X_P_64`, `percent`, `spell_Id`, `wealth_Rating`, `treasure_Class`, `treasure_Type`, `p_Script`, `sound`, `destination_Type`, `weenie_Class_Id`, `stack_Size`, `palette`, `shade`, `try_To_Bond`, `obj_Cell_Id`, `origin_X`, `origin_Y`, `origin_Z`, `angles_W`, `angles_X`, `angles_Y`, `angles_Z`)
VALUES (@parent_id,  0,  10 /* Tell */, 1.5, 1, NULL, 'Zaikhal is prospering now, a good sight to see.', NULL, NULL, NULL, NULL, NULL, NULL, NULL, NULL, NULL, NULL, NULL, NULL, NULL, NULL, NULL, NULL, NULL, NULL, NULL, NULL, NULL, NULL, NULL, NULL, NULL, NULL, NULL, NULL, NULL, NULL, NULL, NULL, NULL);

INSERT INTO `weenie_properties_create_list` (`object_Id`, `destination_Type`, `weenie_Class_Id`, `stack_Size`, `palette`, `shade`, `try_To_Bond`)
VALUES (2000263, 2, 26452,  0, 86, 1, False) /* Create Bathrobe (26452) for Wield */
     , (2000263, 2,  2597,  0, 5, 1, False) /* Create Pants (2597) for Wield */;

DELETE FROM `weenie` WHERE `class_Id` = 2000264;

INSERT INTO `weenie` (`class_Id`, `class_Name`, `type`, `last_Modified`)
VALUES (2000264, 'ace2000264-townfolk', 10, '2019-09-24 03:41:53') /* Creature */;

INSERT INTO `weenie_properties_int` (`object_Id`, `type`, `value`)
VALUES (2000264,   1,         16) /* ItemType - Creature */
     , (2000264,   2,         31) /* CreatureType - Human */
     , (2000264,   6,         -1) /* ItemsCapacity */
     , (2000264,   7,         -1) /* ContainersCapacity */
     , (2000264,   8,        120) /* Mass */
     , (2000264,  16,         32) /* ItemUseable - Remote */
     , (2000264,  25,         15) /* Level */
     , (2000264,  27,          0) /* ArmorType - None */
     , (2000264,  93,    6292504) /* PhysicsState - ReportCollisions, IgnoreCollisions, Gravity, ReportCollisionsAsEnvironment, EdgeSlide */
     , (2000264,  95,          8) /* RadarBlipColor - Yellow */
     , (2000264, 113,          1) /* Gender - Male */
     , (2000264, 133,          4) /* ShowableOnRadar - ShowAlways */
     , (2000264, 134,         16) /* PlayerKillerStatus - RubberGlue */
     , (2000264, 146,        293) /* XpOverride */
     , (2000264, 188,          1) /* HeritageGroup - Aluvian */;

INSERT INTO `weenie_properties_bool` (`object_Id`, `type`, `value`)
VALUES (2000264,   1, True ) /* Stuck */
     , (2000264,   8, True ) /* AllowGive */
     , (2000264,  11, True ) /* IgnoreCollisions */
     , (2000264,  12, True ) /* ReportCollisions */
     , (2000264,  13, False) /* Ethereal */
     , (2000264,  14, True ) /* GravityStatus */
     , (2000264,  19, False) /* Attackable */
     , (2000264,  29, True ) /* NoCorpse */
     , (2000264,  41, True ) /* ReportCollisionsAsEnvironment */
     , (2000264,  42, True ) /* AllowEdgeSlide */
     , (2000264,  52, True ) /* AiImmobile */
     , (2000264,  79, True ) /* AiAcceptEverything */;

INSERT INTO `weenie_properties_float` (`object_Id`, `type`, `value`)
VALUES (2000264,   1,       5) /* HeartbeatInterval */
     , (2000264,   2,       0) /* HeartbeatTimestamp */
     , (2000264,   3, 0.159999996423721) /* HealthRate */
     , (2000264,   4,       5) /* StaminaRate */
     , (2000264,   5,       1) /* ManaRate */
     , (2000264,  13, 0.899999976158142) /* ArmorModVsSlash */
     , (2000264,  14,       1) /* ArmorModVsPierce */
     , (2000264,  15, 1.10000002384186) /* ArmorModVsBludgeon */
     , (2000264,  16, 0.400000005960464) /* ArmorModVsCold */
     , (2000264,  17, 0.400000005960464) /* ArmorModVsFire */
     , (2000264,  18,       1) /* ArmorModVsAcid */
     , (2000264,  19, 0.600000023841858) /* ArmorModVsElectric */
     , (2000264,  54,       3) /* UseRadius */
     , (2000264,  64,       1) /* ResistSlash */
     , (2000264,  65,       1) /* ResistPierce */
     , (2000264,  66,       1) /* ResistBludgeon */
     , (2000264,  67,       1) /* ResistFire */
     , (2000264,  68,       1) /* ResistCold */
     , (2000264,  69,       1) /* ResistAcid */
     , (2000264,  70,       1) /* ResistElectric */
     , (2000264,  71,       1) /* ResistHealthBoost */
     , (2000264,  72,       1) /* ResistStaminaDrain */
     , (2000264,  73,       1) /* ResistStaminaBoost */
     , (2000264,  74,       1) /* ResistManaDrain */
     , (2000264,  75,       1) /* ResistManaBoost */
     , (2000264, 104,      10) /* ObviousRadarRange */
     , (2000264, 125,       1) /* ResistHealthDrain */;

INSERT INTO `weenie_properties_string` (`object_Id`, `type`, `value`)
VALUES (2000264,   1, 'Townfolk') /* Name */
     , (2000264,   3, 'Male') /* Sex */
     , (2000264,   4, 'Aluvian') /* HeritageGroup */;

INSERT INTO `weenie_properties_d_i_d` (`object_Id`, `type`, `value`)
VALUES (2000264,   1,   33554433) /* Setup */
     , (2000264,   2,  150994945) /* MotionTable */
     , (2000264,   3,  536870913) /* SoundTable */
     , (2000264,   4,  805306368) /* CombatTable */
     , (2000264,   6,   67108990) /* PaletteBase */
     , (2000264,   8,  100667446) /* Icon */
     , (2000264,   9,   83890437) /* EyesTexture */
     , (2000264,  10,   83890521) /* NoseTexture */
     , (2000264,  11,   83890627) /* MouthTexture */
     , (2000264,  15,   67116978) /* HairPalette */
     , (2000264,  16,   67109564) /* EyesPalette */
     , (2000264,  17,   67109558) /* SkinPalette */;

INSERT INTO `weenie_properties_attribute` (`object_Id`, `type`, `init_Level`, `level_From_C_P`, `c_P_Spent`)
VALUES (2000264,   1, 110, 0, 0) /* Strength */
     , (2000264,   2, 120, 0, 0) /* Endurance */
     , (2000264,   3, 120, 0, 0) /* Quickness */
     , (2000264,   4, 120, 0, 0) /* Coordination */
     , (2000264,   5, 100, 0, 0) /* Focus */
     , (2000264,   6, 100, 0, 0) /* Self */;

INSERT INTO `weenie_properties_attribute_2nd` (`object_Id`, `type`, `init_Level`, `level_From_C_P`, `c_P_Spent`, `current_Level`)
VALUES (2000264,   1,     0, 0, 0, 60) /* MaxHealth */
     , (2000264,   3,     0, 0, 0, 120) /* MaxStamina */
     , (2000264,   5,     0, 0, 0, 100) /* MaxMana */;

INSERT INTO `weenie_properties_skill` (`object_Id`, `type`, `level_From_P_P`, `s_a_c`, `p_p`, `init_Level`, `resistance_At_Last_Check`, `last_Used_Time`)
VALUES (2000264,  6, 0, 2, 0,   1, 0, 0) /* MeleeDefense        Trained */
     , (2000264,  7, 0, 2, 0,   1, 0, 0) /* MissileDefense      Trained */
     , (2000264, 13, 0, 2, 0,   1, 0, 0) /* UnarmedCombat       Trained */;

INSERT INTO `weenie_properties_body_part` (`object_Id`, `key`, `d_Type`, `d_Val`, `d_Var`, `base_Armor`, `armor_Vs_Slash`, `armor_Vs_Pierce`, `armor_Vs_Bludgeon`, `armor_Vs_Cold`, `armor_Vs_Fire`, `armor_Vs_Acid`, `armor_Vs_Electric`, `armor_Vs_Nether`, `b_h`, `h_l_f`, `m_l_f`, `l_l_f`, `h_r_f`, `m_r_f`, `l_r_f`, `h_l_b`, `m_l_b`, `l_l_b`, `h_r_b`, `m_r_b`, `l_r_b`)
VALUES (2000264,  0,  4,  0,    0,    0,    0,    0,    0,    0,    0,    0,    0,    0, 1, 0.33,    0,    0, 0.33,    0,    0, 0.33,    0,    0, 0.33,    0,    0) /* Head */
     , (2000264,  1,  4,  0,    0,    0,    0,    0,    0,    0,    0,    0,    0,    0, 2, 0.44, 0.17,    0, 0.44, 0.17,    0, 0.44, 0.17,    0, 0.44, 0.17,    0) /* Chest */
     , (2000264,  2,  4,  0,    0,    0,    0,    0,    0,    0,    0,    0,    0,    0, 3,    0, 0.17,    0,    0, 0.17,    0,    0, 0.17,    0,    0, 0.17,    0) /* Abdomen */
     , (2000264,  3,  4,  0,    0,    0,    0,    0,    0,    0,    0,    0,    0,    0, 1, 0.23, 0.03,    0, 0.23, 0.03,    0, 0.23, 0.03,    0, 0.23, 0.03,    0) /* UpperArm */
     , (2000264,  4,  4,  0,    0,    0,    0,    0,    0,    0,    0,    0,    0,    0, 2,    0,  0.3,    0,    0,  0.3,    0,    0,  0.3,    0,    0,  0.3,    0) /* LowerArm */
     , (2000264,  5,  4,  2, 0.75,    0,    0,    0,    0,    0,    0,    0,    0,    0, 2,    0,  0.2,    0,    0,  0.2,    0,    0,  0.2,    0,    0,  0.2,    0) /* Hand */
     , (2000264,  6,  4,  0,    0,    0,    0,    0,    0,    0,    0,    0,    0,    0, 3,    0, 0.13, 0.18,    0, 0.13, 0.18,    0, 0.13, 0.18,    0, 0.13, 0.18) /* UpperLeg */
     , (2000264,  7,  4,  0,    0,    0,    0,    0,    0,    0,    0,    0,    0,    0, 3,    0,    0,  0.6,    0,    0,  0.6,    0,    0,  0.6,    0,    0,  0.6) /* LowerLeg */
     , (2000264,  8,  4,  2, 0.75,    0,    0,    0,    0,    0,    0,    0,    0,    0, 3,    0,    0, 0.22,    0,    0, 0.22,    0,    0, 0.22,    0,    0, 0.22) /* Foot */;

INSERT INTO `weenie_properties_emote` (`object_Id`, `category`, `probability`, `weenie_Class_Id`, `style`, `substyle`, `quest`, `vendor_Type`, `min_Health`, `max_Health`)
VALUES (2000264,  7 /* Use */,      1, NULL, NULL, NULL, NULL, NULL, NULL, NULL);

SET @parent_id = LAST_INSERT_ID();

INSERT INTO `weenie_properties_emote_action` (`emote_Id`, `order`, `type`, `delay`, `extent`, `motion`, `message`, `test_String`, `min`, `max`, `min_64`, `max_64`, `min_Dbl`, `max_Dbl`, `stat`, `display`, `amount`, `amount_64`, `hero_X_P_64`, `percent`, `spell_Id`, `wealth_Rating`, `treasure_Class`, `treasure_Type`, `p_Script`, `sound`, `destination_Type`, `weenie_Class_Id`, `stack_Size`, `palette`, `shade`, `try_To_Bond`, `obj_Cell_Id`, `origin_X`, `origin_Y`, `origin_Z`, `angles_W`, `angles_X`, `angles_Y`, `angles_Z`)
VALUES (@parent_id,  0,  10 /* Tell */, 1.5, 1, NULL, 'We live in an interesting world. a midget Lugian beats the best archer since the Queen herself.', NULL, NULL, NULL, NULL, NULL, NULL, NULL, NULL, NULL, NULL, NULL, NULL, NULL, NULL, NULL, NULL, NULL, NULL, NULL, NULL, NULL, NULL, NULL, NULL, NULL, NULL, NULL, NULL, NULL, NULL, NULL, NULL, NULL);

INSERT INTO `weenie_properties_create_list` (`object_Id`, `destination_Type`, `weenie_Class_Id`, `stack_Size`, `palette`, `shade`, `try_To_Bond`)
VALUES (2000264, 2,  2588,  0, 84, 1, False) /* Create Shirt (2588) for Wield */
     , (2000264, 2,  2597,  0, 5, 1, False) /* Create Pants (2597) for Wield */;

DELETE FROM `weenie` WHERE `class_Id` = 2000265;

INSERT INTO `weenie` (`class_Id`, `class_Name`, `type`, `last_Modified`)
VALUES (2000265, 'ace2000265-townfolk', 10, '2019-09-24 03:41:54') /* Creature */;

INSERT INTO `weenie_properties_int` (`object_Id`, `type`, `value`)
VALUES (2000265,   1,         16) /* ItemType - Creature */
     , (2000265,   2,         31) /* CreatureType - Human */
     , (2000265,   6,         -1) /* ItemsCapacity */
     , (2000265,   7,         -1) /* ContainersCapacity */
     , (2000265,   8,        120) /* Mass */
     , (2000265,  16,         32) /* ItemUseable - Remote */
     , (2000265,  25,         15) /* Level */
     , (2000265,  27,          0) /* ArmorType - None */
     , (2000265,  93,    6292504) /* PhysicsState - ReportCollisions, IgnoreCollisions, Gravity, ReportCollisionsAsEnvironment, EdgeSlide */
     , (2000265,  95,          8) /* RadarBlipColor - Yellow */
     , (2000265, 113,          1) /* Gender - Male */
     , (2000265, 133,          4) /* ShowableOnRadar - ShowAlways */
     , (2000265, 134,         16) /* PlayerKillerStatus - RubberGlue */
     , (2000265, 146,        293) /* XpOverride */
     , (2000265, 188,          1) /* HeritageGroup - Aluvian */;

INSERT INTO `weenie_properties_bool` (`object_Id`, `type`, `value`)
VALUES (2000265,   1, True ) /* Stuck */
     , (2000265,   8, True ) /* AllowGive */
     , (2000265,  11, True ) /* IgnoreCollisions */
     , (2000265,  12, True ) /* ReportCollisions */
     , (2000265,  13, False) /* Ethereal */
     , (2000265,  14, True ) /* GravityStatus */
     , (2000265,  19, False) /* Attackable */
     , (2000265,  29, True ) /* NoCorpse */
     , (2000265,  41, True ) /* ReportCollisionsAsEnvironment */
     , (2000265,  42, True ) /* AllowEdgeSlide */
     , (2000265,  52, True ) /* AiImmobile */
     , (2000265,  79, True ) /* AiAcceptEverything */;

INSERT INTO `weenie_properties_float` (`object_Id`, `type`, `value`)
VALUES (2000265,   1,       5) /* HeartbeatInterval */
     , (2000265,   2,       0) /* HeartbeatTimestamp */
     , (2000265,   3, 0.159999996423721) /* HealthRate */
     , (2000265,   4,       5) /* StaminaRate */
     , (2000265,   5,       1) /* ManaRate */
     , (2000265,  13, 0.899999976158142) /* ArmorModVsSlash */
     , (2000265,  14,       1) /* ArmorModVsPierce */
     , (2000265,  15, 1.10000002384186) /* ArmorModVsBludgeon */
     , (2000265,  16, 0.400000005960464) /* ArmorModVsCold */
     , (2000265,  17, 0.400000005960464) /* ArmorModVsFire */
     , (2000265,  18,       1) /* ArmorModVsAcid */
     , (2000265,  19, 0.600000023841858) /* ArmorModVsElectric */
     , (2000265,  54,       3) /* UseRadius */
     , (2000265,  64,       1) /* ResistSlash */
     , (2000265,  65,       1) /* ResistPierce */
     , (2000265,  66,       1) /* ResistBludgeon */
     , (2000265,  67,       1) /* ResistFire */
     , (2000265,  68,       1) /* ResistCold */
     , (2000265,  69,       1) /* ResistAcid */
     , (2000265,  70,       1) /* ResistElectric */
     , (2000265,  71,       1) /* ResistHealthBoost */
     , (2000265,  72,       1) /* ResistStaminaDrain */
     , (2000265,  73,       1) /* ResistStaminaBoost */
     , (2000265,  74,       1) /* ResistManaDrain */
     , (2000265,  75,       1) /* ResistManaBoost */
     , (2000265, 104,      10) /* ObviousRadarRange */
     , (2000265, 125,       1) /* ResistHealthDrain */;

INSERT INTO `weenie_properties_string` (`object_Id`, `type`, `value`)
VALUES (2000265,   1, 'Townfolk') /* Name */
     , (2000265,   3, 'Male') /* Sex */
     , (2000265,   4, 'Aluvian') /* HeritageGroup */;

INSERT INTO `weenie_properties_d_i_d` (`object_Id`, `type`, `value`)
VALUES (2000265,   1,   33554433) /* Setup */
     , (2000265,   2,  150994945) /* MotionTable */
     , (2000265,   3,  536870913) /* SoundTable */
     , (2000265,   4,  805306368) /* CombatTable */
     , (2000265,   6,   67108990) /* PaletteBase */
     , (2000265,   8,  100667446) /* Icon */
     , (2000265,   9,   83890437) /* EyesTexture */
     , (2000265,  10,   83890521) /* NoseTexture */
     , (2000265,  11,   83890627) /* MouthTexture */
     , (2000265,  15,   67116978) /* HairPalette */
     , (2000265,  16,   67109564) /* EyesPalette */
     , (2000265,  17,   67109558) /* SkinPalette */;

INSERT INTO `weenie_properties_attribute` (`object_Id`, `type`, `init_Level`, `level_From_C_P`, `c_P_Spent`)
VALUES (2000265,   1, 110, 0, 0) /* Strength */
     , (2000265,   2, 120, 0, 0) /* Endurance */
     , (2000265,   3, 120, 0, 0) /* Quickness */
     , (2000265,   4, 120, 0, 0) /* Coordination */
     , (2000265,   5, 100, 0, 0) /* Focus */
     , (2000265,   6, 100, 0, 0) /* Self */;

INSERT INTO `weenie_properties_attribute_2nd` (`object_Id`, `type`, `init_Level`, `level_From_C_P`, `c_P_Spent`, `current_Level`)
VALUES (2000265,   1,     0, 0, 0, 60) /* MaxHealth */
     , (2000265,   3,     0, 0, 0, 120) /* MaxStamina */
     , (2000265,   5,     0, 0, 0, 100) /* MaxMana */;

INSERT INTO `weenie_properties_skill` (`object_Id`, `type`, `level_From_P_P`, `s_a_c`, `p_p`, `init_Level`, `resistance_At_Last_Check`, `last_Used_Time`)
VALUES (2000265,  6, 0, 2, 0,   1, 0, 0) /* MeleeDefense        Trained */
     , (2000265,  7, 0, 2, 0,   1, 0, 0) /* MissileDefense      Trained */
     , (2000265, 13, 0, 2, 0,   1, 0, 0) /* UnarmedCombat       Trained */;

INSERT INTO `weenie_properties_body_part` (`object_Id`, `key`, `d_Type`, `d_Val`, `d_Var`, `base_Armor`, `armor_Vs_Slash`, `armor_Vs_Pierce`, `armor_Vs_Bludgeon`, `armor_Vs_Cold`, `armor_Vs_Fire`, `armor_Vs_Acid`, `armor_Vs_Electric`, `armor_Vs_Nether`, `b_h`, `h_l_f`, `m_l_f`, `l_l_f`, `h_r_f`, `m_r_f`, `l_r_f`, `h_l_b`, `m_l_b`, `l_l_b`, `h_r_b`, `m_r_b`, `l_r_b`)
VALUES (2000265,  0,  4,  0,    0,    0,    0,    0,    0,    0,    0,    0,    0,    0, 1, 0.33,    0,    0, 0.33,    0,    0, 0.33,    0,    0, 0.33,    0,    0) /* Head */
     , (2000265,  1,  4,  0,    0,    0,    0,    0,    0,    0,    0,    0,    0,    0, 2, 0.44, 0.17,    0, 0.44, 0.17,    0, 0.44, 0.17,    0, 0.44, 0.17,    0) /* Chest */
     , (2000265,  2,  4,  0,    0,    0,    0,    0,    0,    0,    0,    0,    0,    0, 3,    0, 0.17,    0,    0, 0.17,    0,    0, 0.17,    0,    0, 0.17,    0) /* Abdomen */
     , (2000265,  3,  4,  0,    0,    0,    0,    0,    0,    0,    0,    0,    0,    0, 1, 0.23, 0.03,    0, 0.23, 0.03,    0, 0.23, 0.03,    0, 0.23, 0.03,    0) /* UpperArm */
     , (2000265,  4,  4,  0,    0,    0,    0,    0,    0,    0,    0,    0,    0,    0, 2,    0,  0.3,    0,    0,  0.3,    0,    0,  0.3,    0,    0,  0.3,    0) /* LowerArm */
     , (2000265,  5,  4,  2, 0.75,    0,    0,    0,    0,    0,    0,    0,    0,    0, 2,    0,  0.2,    0,    0,  0.2,    0,    0,  0.2,    0,    0,  0.2,    0) /* Hand */
     , (2000265,  6,  4,  0,    0,    0,    0,    0,    0,    0,    0,    0,    0,    0, 3,    0, 0.13, 0.18,    0, 0.13, 0.18,    0, 0.13, 0.18,    0, 0.13, 0.18) /* UpperLeg */
     , (2000265,  7,  4,  0,    0,    0,    0,    0,    0,    0,    0,    0,    0,    0, 3,    0,    0,  0.6,    0,    0,  0.6,    0,    0,  0.6,    0,    0,  0.6) /* LowerLeg */
     , (2000265,  8,  4,  2, 0.75,    0,    0,    0,    0,    0,    0,    0,    0,    0, 3,    0,    0, 0.22,    0,    0, 0.22,    0,    0, 0.22,    0,    0, 0.22) /* Foot */;

INSERT INTO `weenie_properties_emote` (`object_Id`, `category`, `probability`, `weenie_Class_Id`, `style`, `substyle`, `quest`, `vendor_Type`, `min_Health`, `max_Health`)
VALUES (2000265,  7 /* Use */,      1, NULL, NULL, NULL, NULL, NULL, NULL, NULL);

SET @parent_id = LAST_INSERT_ID();

INSERT INTO `weenie_properties_emote_action` (`emote_Id`, `order`, `type`, `delay`, `extent`, `motion`, `message`, `test_String`, `min`, `max`, `min_64`, `max_64`, `min_Dbl`, `max_Dbl`, `stat`, `display`, `amount`, `amount_64`, `hero_X_P_64`, `percent`, `spell_Id`, `wealth_Rating`, `treasure_Class`, `treasure_Type`, `p_Script`, `sound`, `destination_Type`, `weenie_Class_Id`, `stack_Size`, `palette`, `shade`, `try_To_Bond`, `obj_Cell_Id`, `origin_X`, `origin_Y`, `origin_Z`, `angles_W`, `angles_X`, `angles_Y`, `angles_Z`)
VALUES (@parent_id,  0,  10 /* Tell */, 1.5, 1, NULL, 'Going to get a nice hollow sword just for my witch of a wife.', NULL, NULL, NULL, NULL, NULL, NULL, NULL, NULL, NULL, NULL, NULL, NULL, NULL, NULL, NULL, NULL, NULL, NULL, NULL, NULL, NULL, NULL, NULL, NULL, NULL, NULL, NULL, NULL, NULL, NULL, NULL, NULL, NULL);

INSERT INTO `weenie_properties_create_list` (`object_Id`, `destination_Type`, `weenie_Class_Id`, `stack_Size`, `palette`, `shade`, `try_To_Bond`)
VALUES (2000265, 2,  2588,  0, 91, 1, False) /* Create Shirt (2588) for Wield */
     , (2000265, 2,  2597,  0, 5, 1, False) /* Create Pants (2597) for Wield */;

DELETE FROM `weenie` WHERE `class_Id` = 2000266;

INSERT INTO `weenie` (`class_Id`, `class_Name`, `type`, `last_Modified`)
VALUES (2000266, 'ace2000266-townfolk', 10, '2019-09-24 03:41:55') /* Creature */;

INSERT INTO `weenie_properties_int` (`object_Id`, `type`, `value`)
VALUES (2000266,   1,         16) /* ItemType - Creature */
     , (2000266,   2,         31) /* CreatureType - Human */
     , (2000266,   6,         -1) /* ItemsCapacity */
     , (2000266,   7,         -1) /* ContainersCapacity */
     , (2000266,   8,        120) /* Mass */
     , (2000266,  16,         32) /* ItemUseable - Remote */
     , (2000266,  25,         15) /* Level */
     , (2000266,  27,          0) /* ArmorType - None */
     , (2000266,  93,    6292504) /* PhysicsState - ReportCollisions, IgnoreCollisions, Gravity, ReportCollisionsAsEnvironment, EdgeSlide */
     , (2000266,  95,          8) /* RadarBlipColor - Yellow */
     , (2000266, 113,          1) /* Gender - Male */
     , (2000266, 133,          4) /* ShowableOnRadar - ShowAlways */
     , (2000266, 134,         16) /* PlayerKillerStatus - RubberGlue */
     , (2000266, 146,        293) /* XpOverride */
     , (2000266, 188,          1) /* HeritageGroup - Aluvian */;

INSERT INTO `weenie_properties_bool` (`object_Id`, `type`, `value`)
VALUES (2000266,   1, True ) /* Stuck */
     , (2000266,   8, True ) /* AllowGive */
     , (2000266,  11, True ) /* IgnoreCollisions */
     , (2000266,  12, True ) /* ReportCollisions */
     , (2000266,  13, False) /* Ethereal */
     , (2000266,  14, True ) /* GravityStatus */
     , (2000266,  19, False) /* Attackable */
     , (2000266,  29, True ) /* NoCorpse */
     , (2000266,  41, True ) /* ReportCollisionsAsEnvironment */
     , (2000266,  42, True ) /* AllowEdgeSlide */
     , (2000266,  52, True ) /* AiImmobile */
     , (2000266,  79, True ) /* AiAcceptEverything */;

INSERT INTO `weenie_properties_float` (`object_Id`, `type`, `value`)
VALUES (2000266,   1,       5) /* HeartbeatInterval */
     , (2000266,   2,       0) /* HeartbeatTimestamp */
     , (2000266,   3, 0.159999996423721) /* HealthRate */
     , (2000266,   4,       5) /* StaminaRate */
     , (2000266,   5,       1) /* ManaRate */
     , (2000266,  13, 0.899999976158142) /* ArmorModVsSlash */
     , (2000266,  14,       1) /* ArmorModVsPierce */
     , (2000266,  15, 1.10000002384186) /* ArmorModVsBludgeon */
     , (2000266,  16, 0.400000005960464) /* ArmorModVsCold */
     , (2000266,  17, 0.400000005960464) /* ArmorModVsFire */
     , (2000266,  18,       1) /* ArmorModVsAcid */
     , (2000266,  19, 0.600000023841858) /* ArmorModVsElectric */
     , (2000266,  54,       3) /* UseRadius */
     , (2000266,  64,       1) /* ResistSlash */
     , (2000266,  65,       1) /* ResistPierce */
     , (2000266,  66,       1) /* ResistBludgeon */
     , (2000266,  67,       1) /* ResistFire */
     , (2000266,  68,       1) /* ResistCold */
     , (2000266,  69,       1) /* ResistAcid */
     , (2000266,  70,       1) /* ResistElectric */
     , (2000266,  71,       1) /* ResistHealthBoost */
     , (2000266,  72,       1) /* ResistStaminaDrain */
     , (2000266,  73,       1) /* ResistStaminaBoost */
     , (2000266,  74,       1) /* ResistManaDrain */
     , (2000266,  75,       1) /* ResistManaBoost */
     , (2000266, 104,      10) /* ObviousRadarRange */
     , (2000266, 125,       1) /* ResistHealthDrain */;

INSERT INTO `weenie_properties_string` (`object_Id`, `type`, `value`)
VALUES (2000266,   1, 'Townfolk') /* Name */
     , (2000266,   3, 'Male') /* Sex */
     , (2000266,   4, 'Aluvian') /* HeritageGroup */;

INSERT INTO `weenie_properties_d_i_d` (`object_Id`, `type`, `value`)
VALUES (2000266,   1,   33554433) /* Setup */
     , (2000266,   2,  150994945) /* MotionTable */
     , (2000266,   3,  536870913) /* SoundTable */
     , (2000266,   4,  805306368) /* CombatTable */
     , (2000266,   6,   67108990) /* PaletteBase */
     , (2000266,   8,  100667446) /* Icon */
     , (2000266,   9,   83890437) /* EyesTexture */
     , (2000266,  10,   83890521) /* NoseTexture */
     , (2000266,  11,   83890627) /* MouthTexture */
     , (2000266,  15,   67116978) /* HairPalette */
     , (2000266,  16,   67109564) /* EyesPalette */
     , (2000266,  17,   67109558) /* SkinPalette */;

INSERT INTO `weenie_properties_attribute` (`object_Id`, `type`, `init_Level`, `level_From_C_P`, `c_P_Spent`)
VALUES (2000266,   1, 110, 0, 0) /* Strength */
     , (2000266,   2, 120, 0, 0) /* Endurance */
     , (2000266,   3, 120, 0, 0) /* Quickness */
     , (2000266,   4, 120, 0, 0) /* Coordination */
     , (2000266,   5, 100, 0, 0) /* Focus */
     , (2000266,   6, 100, 0, 0) /* Self */;

INSERT INTO `weenie_properties_attribute_2nd` (`object_Id`, `type`, `init_Level`, `level_From_C_P`, `c_P_Spent`, `current_Level`)
VALUES (2000266,   1,     0, 0, 0, 60) /* MaxHealth */
     , (2000266,   3,     0, 0, 0, 120) /* MaxStamina */
     , (2000266,   5,     0, 0, 0, 100) /* MaxMana */;

INSERT INTO `weenie_properties_skill` (`object_Id`, `type`, `level_From_P_P`, `s_a_c`, `p_p`, `init_Level`, `resistance_At_Last_Check`, `last_Used_Time`)
VALUES (2000266,  6, 0, 2, 0,   1, 0, 0) /* MeleeDefense        Trained */
     , (2000266,  7, 0, 2, 0,   1, 0, 0) /* MissileDefense      Trained */
     , (2000266, 13, 0, 2, 0,   1, 0, 0) /* UnarmedCombat       Trained */;

INSERT INTO `weenie_properties_body_part` (`object_Id`, `key`, `d_Type`, `d_Val`, `d_Var`, `base_Armor`, `armor_Vs_Slash`, `armor_Vs_Pierce`, `armor_Vs_Bludgeon`, `armor_Vs_Cold`, `armor_Vs_Fire`, `armor_Vs_Acid`, `armor_Vs_Electric`, `armor_Vs_Nether`, `b_h`, `h_l_f`, `m_l_f`, `l_l_f`, `h_r_f`, `m_r_f`, `l_r_f`, `h_l_b`, `m_l_b`, `l_l_b`, `h_r_b`, `m_r_b`, `l_r_b`)
VALUES (2000266,  0,  4,  0,    0,    0,    0,    0,    0,    0,    0,    0,    0,    0, 1, 0.33,    0,    0, 0.33,    0,    0, 0.33,    0,    0, 0.33,    0,    0) /* Head */
     , (2000266,  1,  4,  0,    0,    0,    0,    0,    0,    0,    0,    0,    0,    0, 2, 0.44, 0.17,    0, 0.44, 0.17,    0, 0.44, 0.17,    0, 0.44, 0.17,    0) /* Chest */
     , (2000266,  2,  4,  0,    0,    0,    0,    0,    0,    0,    0,    0,    0,    0, 3,    0, 0.17,    0,    0, 0.17,    0,    0, 0.17,    0,    0, 0.17,    0) /* Abdomen */
     , (2000266,  3,  4,  0,    0,    0,    0,    0,    0,    0,    0,    0,    0,    0, 1, 0.23, 0.03,    0, 0.23, 0.03,    0, 0.23, 0.03,    0, 0.23, 0.03,    0) /* UpperArm */
     , (2000266,  4,  4,  0,    0,    0,    0,    0,    0,    0,    0,    0,    0,    0, 2,    0,  0.3,    0,    0,  0.3,    0,    0,  0.3,    0,    0,  0.3,    0) /* LowerArm */
     , (2000266,  5,  4,  2, 0.75,    0,    0,    0,    0,    0,    0,    0,    0,    0, 2,    0,  0.2,    0,    0,  0.2,    0,    0,  0.2,    0,    0,  0.2,    0) /* Hand */
     , (2000266,  6,  4,  0,    0,    0,    0,    0,    0,    0,    0,    0,    0,    0, 3,    0, 0.13, 0.18,    0, 0.13, 0.18,    0, 0.13, 0.18,    0, 0.13, 0.18) /* UpperLeg */
     , (2000266,  7,  4,  0,    0,    0,    0,    0,    0,    0,    0,    0,    0,    0, 3,    0,    0,  0.6,    0,    0,  0.6,    0,    0,  0.6,    0,    0,  0.6) /* LowerLeg */
     , (2000266,  8,  4,  2, 0.75,    0,    0,    0,    0,    0,    0,    0,    0,    0, 3,    0,    0, 0.22,    0,    0, 0.22,    0,    0, 0.22,    0,    0, 0.22) /* Foot */;

INSERT INTO `weenie_properties_emote` (`object_Id`, `category`, `probability`, `weenie_Class_Id`, `style`, `substyle`, `quest`, `vendor_Type`, `min_Health`, `max_Health`)
VALUES (2000266,  7 /* Use */,      1, NULL, NULL, NULL, NULL, NULL, NULL, NULL);

SET @parent_id = LAST_INSERT_ID();

INSERT INTO `weenie_properties_emote_action` (`emote_Id`, `order`, `type`, `delay`, `extent`, `motion`, `message`, `test_String`, `min`, `max`, `min_64`, `max_64`, `min_Dbl`, `max_Dbl`, `stat`, `display`, `amount`, `amount_64`, `hero_X_P_64`, `percent`, `spell_Id`, `wealth_Rating`, `treasure_Class`, `treasure_Type`, `p_Script`, `sound`, `destination_Type`, `weenie_Class_Id`, `stack_Size`, `palette`, `shade`, `try_To_Bond`, `obj_Cell_Id`, `origin_X`, `origin_Y`, `origin_Z`, `angles_W`, `angles_X`, `angles_Y`, `angles_Z`)
VALUES (@parent_id,  0,  10 /* Tell */, 1.5, 1, NULL, 'There is talk of a new league of Advocates to help new arrivals to Dereth. I am so excited.
', NULL, NULL, NULL, NULL, NULL, NULL, NULL, NULL, NULL, NULL, NULL, NULL, NULL, NULL, NULL, NULL, NULL, NULL, NULL, NULL, NULL, NULL, NULL, NULL, NULL, NULL, NULL, NULL, NULL, NULL, NULL, NULL, NULL);

INSERT INTO `weenie_properties_create_list` (`object_Id`, `destination_Type`, `weenie_Class_Id`, `stack_Size`, `palette`, `shade`, `try_To_Bond`)
VALUES (2000266, 2,  5852,  0, 85, 1, False) /* Create Dho Vest and Robe (5852) for Wield */
     , (2000266, 2,  2597,  0, 5, 1, False) /* Create Pants (2597) for Wield */;

DELETE FROM `weenie` WHERE `class_Id` = 2000267;

INSERT INTO `weenie` (`class_Id`, `class_Name`, `type`, `last_Modified`)
VALUES (2000267, 'ace2000267-townfolk', 10, '2019-09-24 03:41:57') /* Creature */;

INSERT INTO `weenie_properties_int` (`object_Id`, `type`, `value`)
VALUES (2000267,   1,         16) /* ItemType - Creature */
     , (2000267,   2,         31) /* CreatureType - Human */
     , (2000267,   6,         -1) /* ItemsCapacity */
     , (2000267,   7,         -1) /* ContainersCapacity */
     , (2000267,   8,        120) /* Mass */
     , (2000267,  16,         32) /* ItemUseable - Remote */
     , (2000267,  25,         15) /* Level */
     , (2000267,  27,          0) /* ArmorType - None */
     , (2000267,  93,    6292504) /* PhysicsState - ReportCollisions, IgnoreCollisions, Gravity, ReportCollisionsAsEnvironment, EdgeSlide */
     , (2000267,  95,          8) /* RadarBlipColor - Yellow */
     , (2000267, 113,          1) /* Gender - Male */
     , (2000267, 133,          4) /* ShowableOnRadar - ShowAlways */
     , (2000267, 134,         16) /* PlayerKillerStatus - RubberGlue */
     , (2000267, 146,        293) /* XpOverride */
     , (2000267, 188,          1) /* HeritageGroup - Aluvian */;

INSERT INTO `weenie_properties_bool` (`object_Id`, `type`, `value`)
VALUES (2000267,   1, True ) /* Stuck */
     , (2000267,   8, True ) /* AllowGive */
     , (2000267,  11, True ) /* IgnoreCollisions */
     , (2000267,  12, True ) /* ReportCollisions */
     , (2000267,  13, False) /* Ethereal */
     , (2000267,  14, True ) /* GravityStatus */
     , (2000267,  19, False) /* Attackable */
     , (2000267,  29, True ) /* NoCorpse */
     , (2000267,  41, True ) /* ReportCollisionsAsEnvironment */
     , (2000267,  42, True ) /* AllowEdgeSlide */
     , (2000267,  52, True ) /* AiImmobile */
     , (2000267,  79, True ) /* AiAcceptEverything */;

INSERT INTO `weenie_properties_float` (`object_Id`, `type`, `value`)
VALUES (2000267,   1,       5) /* HeartbeatInterval */
     , (2000267,   2,       0) /* HeartbeatTimestamp */
     , (2000267,   3, 0.159999996423721) /* HealthRate */
     , (2000267,   4,       5) /* StaminaRate */
     , (2000267,   5,       1) /* ManaRate */
     , (2000267,  13, 0.899999976158142) /* ArmorModVsSlash */
     , (2000267,  14,       1) /* ArmorModVsPierce */
     , (2000267,  15, 1.10000002384186) /* ArmorModVsBludgeon */
     , (2000267,  16, 0.400000005960464) /* ArmorModVsCold */
     , (2000267,  17, 0.400000005960464) /* ArmorModVsFire */
     , (2000267,  18,       1) /* ArmorModVsAcid */
     , (2000267,  19, 0.600000023841858) /* ArmorModVsElectric */
     , (2000267,  54,       3) /* UseRadius */
     , (2000267,  64,       1) /* ResistSlash */
     , (2000267,  65,       1) /* ResistPierce */
     , (2000267,  66,       1) /* ResistBludgeon */
     , (2000267,  67,       1) /* ResistFire */
     , (2000267,  68,       1) /* ResistCold */
     , (2000267,  69,       1) /* ResistAcid */
     , (2000267,  70,       1) /* ResistElectric */
     , (2000267,  71,       1) /* ResistHealthBoost */
     , (2000267,  72,       1) /* ResistStaminaDrain */
     , (2000267,  73,       1) /* ResistStaminaBoost */
     , (2000267,  74,       1) /* ResistManaDrain */
     , (2000267,  75,       1) /* ResistManaBoost */
     , (2000267, 104,      10) /* ObviousRadarRange */
     , (2000267, 125,       1) /* ResistHealthDrain */;

INSERT INTO `weenie_properties_string` (`object_Id`, `type`, `value`)
VALUES (2000267,   1, 'Townfolk') /* Name */
     , (2000267,   3, 'Male') /* Sex */
     , (2000267,   4, 'Aluvian') /* HeritageGroup */;

INSERT INTO `weenie_properties_d_i_d` (`object_Id`, `type`, `value`)
VALUES (2000267,   1,   33554433) /* Setup */
     , (2000267,   2,  150994945) /* MotionTable */
     , (2000267,   3,  536870913) /* SoundTable */
     , (2000267,   4,  805306368) /* CombatTable */
     , (2000267,   6,   67108990) /* PaletteBase */
     , (2000267,   8,  100667446) /* Icon */
     , (2000267,   9,   83890437) /* EyesTexture */
     , (2000267,  10,   83890521) /* NoseTexture */
     , (2000267,  11,   83890627) /* MouthTexture */
     , (2000267,  15,   67116978) /* HairPalette */
     , (2000267,  16,   67109564) /* EyesPalette */
     , (2000267,  17,   67109558) /* SkinPalette */;

INSERT INTO `weenie_properties_attribute` (`object_Id`, `type`, `init_Level`, `level_From_C_P`, `c_P_Spent`)
VALUES (2000267,   1, 110, 0, 0) /* Strength */
     , (2000267,   2, 120, 0, 0) /* Endurance */
     , (2000267,   3, 120, 0, 0) /* Quickness */
     , (2000267,   4, 120, 0, 0) /* Coordination */
     , (2000267,   5, 100, 0, 0) /* Focus */
     , (2000267,   6, 100, 0, 0) /* Self */;

INSERT INTO `weenie_properties_attribute_2nd` (`object_Id`, `type`, `init_Level`, `level_From_C_P`, `c_P_Spent`, `current_Level`)
VALUES (2000267,   1,     0, 0, 0, 60) /* MaxHealth */
     , (2000267,   3,     0, 0, 0, 120) /* MaxStamina */
     , (2000267,   5,     0, 0, 0, 100) /* MaxMana */;

INSERT INTO `weenie_properties_skill` (`object_Id`, `type`, `level_From_P_P`, `s_a_c`, `p_p`, `init_Level`, `resistance_At_Last_Check`, `last_Used_Time`)
VALUES (2000267,  6, 0, 2, 0,   1, 0, 0) /* MeleeDefense        Trained */
     , (2000267,  7, 0, 2, 0,   1, 0, 0) /* MissileDefense      Trained */
     , (2000267, 13, 0, 2, 0,   1, 0, 0) /* UnarmedCombat       Trained */;

INSERT INTO `weenie_properties_body_part` (`object_Id`, `key`, `d_Type`, `d_Val`, `d_Var`, `base_Armor`, `armor_Vs_Slash`, `armor_Vs_Pierce`, `armor_Vs_Bludgeon`, `armor_Vs_Cold`, `armor_Vs_Fire`, `armor_Vs_Acid`, `armor_Vs_Electric`, `armor_Vs_Nether`, `b_h`, `h_l_f`, `m_l_f`, `l_l_f`, `h_r_f`, `m_r_f`, `l_r_f`, `h_l_b`, `m_l_b`, `l_l_b`, `h_r_b`, `m_r_b`, `l_r_b`)
VALUES (2000267,  0,  4,  0,    0,    0,    0,    0,    0,    0,    0,    0,    0,    0, 1, 0.33,    0,    0, 0.33,    0,    0, 0.33,    0,    0, 0.33,    0,    0) /* Head */
     , (2000267,  1,  4,  0,    0,    0,    0,    0,    0,    0,    0,    0,    0,    0, 2, 0.44, 0.17,    0, 0.44, 0.17,    0, 0.44, 0.17,    0, 0.44, 0.17,    0) /* Chest */
     , (2000267,  2,  4,  0,    0,    0,    0,    0,    0,    0,    0,    0,    0,    0, 3,    0, 0.17,    0,    0, 0.17,    0,    0, 0.17,    0,    0, 0.17,    0) /* Abdomen */
     , (2000267,  3,  4,  0,    0,    0,    0,    0,    0,    0,    0,    0,    0,    0, 1, 0.23, 0.03,    0, 0.23, 0.03,    0, 0.23, 0.03,    0, 0.23, 0.03,    0) /* UpperArm */
     , (2000267,  4,  4,  0,    0,    0,    0,    0,    0,    0,    0,    0,    0,    0, 2,    0,  0.3,    0,    0,  0.3,    0,    0,  0.3,    0,    0,  0.3,    0) /* LowerArm */
     , (2000267,  5,  4,  2, 0.75,    0,    0,    0,    0,    0,    0,    0,    0,    0, 2,    0,  0.2,    0,    0,  0.2,    0,    0,  0.2,    0,    0,  0.2,    0) /* Hand */
     , (2000267,  6,  4,  0,    0,    0,    0,    0,    0,    0,    0,    0,    0,    0, 3,    0, 0.13, 0.18,    0, 0.13, 0.18,    0, 0.13, 0.18,    0, 0.13, 0.18) /* UpperLeg */
     , (2000267,  7,  4,  0,    0,    0,    0,    0,    0,    0,    0,    0,    0,    0, 3,    0,    0,  0.6,    0,    0,  0.6,    0,    0,  0.6,    0,    0,  0.6) /* LowerLeg */
     , (2000267,  8,  4,  2, 0.75,    0,    0,    0,    0,    0,    0,    0,    0,    0, 3,    0,    0, 0.22,    0,    0, 0.22,    0,    0, 0.22,    0,    0, 0.22) /* Foot */;

INSERT INTO `weenie_properties_emote` (`object_Id`, `category`, `probability`, `weenie_Class_Id`, `style`, `substyle`, `quest`, `vendor_Type`, `min_Health`, `max_Health`)
VALUES (2000267,  7 /* Use */,      1, NULL, NULL, NULL, NULL, NULL, NULL, NULL);

SET @parent_id = LAST_INSERT_ID();

INSERT INTO `weenie_properties_emote_action` (`emote_Id`, `order`, `type`, `delay`, `extent`, `motion`, `message`, `test_String`, `min`, `max`, `min_64`, `max_64`, `min_Dbl`, `max_Dbl`, `stat`, `display`, `amount`, `amount_64`, `hero_X_P_64`, `percent`, `spell_Id`, `wealth_Rating`, `treasure_Class`, `treasure_Type`, `p_Script`, `sound`, `destination_Type`, `weenie_Class_Id`, `stack_Size`, `palette`, `shade`, `try_To_Bond`, `obj_Cell_Id`, `origin_X`, `origin_Y`, `origin_Z`, `angles_W`, `angles_X`, `angles_Y`, `angles_Z`)
VALUES (@parent_id,  0,  10 /* Tell */, 1.5, 1, NULL, 'Dangerous on the Beach recently!', NULL, NULL, NULL, NULL, NULL, NULL, NULL, NULL, NULL, NULL, NULL, NULL, NULL, NULL, NULL, NULL, NULL, NULL, NULL, NULL, NULL, NULL, NULL, NULL, NULL, NULL, NULL, NULL, NULL, NULL, NULL, NULL, NULL);

INSERT INTO `weenie_properties_create_list` (`object_Id`, `destination_Type`, `weenie_Class_Id`, `stack_Size`, `palette`, `shade`, `try_To_Bond`)
VALUES (2000267, 2,  2588,  0, 86, 1, False) /* Create Shirt (2588) for Wield */
     , (2000267, 2,  2597,  0, 5, 1, False) /* Create Pants (2597) for Wield */;

DELETE FROM `weenie` WHERE `class_Id` = 2000268;

INSERT INTO `weenie` (`class_Id`, `class_Name`, `type`, `last_Modified`)
VALUES (2000268, 'ace2000268-townfolk', 10, '2019-09-24 03:41:58') /* Creature */;

INSERT INTO `weenie_properties_int` (`object_Id`, `type`, `value`)
VALUES (2000268,   1,         16) /* ItemType - Creature */
     , (2000268,   2,         31) /* CreatureType - Human */
     , (2000268,   6,         -1) /* ItemsCapacity */
     , (2000268,   7,         -1) /* ContainersCapacity */
     , (2000268,   8,        120) /* Mass */
     , (2000268,  16,         32) /* ItemUseable - Remote */
     , (2000268,  25,         15) /* Level */
     , (2000268,  27,          0) /* ArmorType - None */
     , (2000268,  93,    6292504) /* PhysicsState - ReportCollisions, IgnoreCollisions, Gravity, ReportCollisionsAsEnvironment, EdgeSlide */
     , (2000268,  95,          8) /* RadarBlipColor - Yellow */
     , (2000268, 113,          1) /* Gender - Male */
     , (2000268, 133,          4) /* ShowableOnRadar - ShowAlways */
     , (2000268, 134,         16) /* PlayerKillerStatus - RubberGlue */
     , (2000268, 146,        293) /* XpOverride */
     , (2000268, 188,          1) /* HeritageGroup - Aluvian */;

INSERT INTO `weenie_properties_bool` (`object_Id`, `type`, `value`)
VALUES (2000268,   1, True ) /* Stuck */
     , (2000268,   8, True ) /* AllowGive */
     , (2000268,  11, True ) /* IgnoreCollisions */
     , (2000268,  12, True ) /* ReportCollisions */
     , (2000268,  13, False) /* Ethereal */
     , (2000268,  14, True ) /* GravityStatus */
     , (2000268,  19, False) /* Attackable */
     , (2000268,  29, True ) /* NoCorpse */
     , (2000268,  41, True ) /* ReportCollisionsAsEnvironment */
     , (2000268,  42, True ) /* AllowEdgeSlide */
     , (2000268,  52, True ) /* AiImmobile */
     , (2000268,  79, True ) /* AiAcceptEverything */;

INSERT INTO `weenie_properties_float` (`object_Id`, `type`, `value`)
VALUES (2000268,   1,       5) /* HeartbeatInterval */
     , (2000268,   2,       0) /* HeartbeatTimestamp */
     , (2000268,   3, 0.159999996423721) /* HealthRate */
     , (2000268,   4,       5) /* StaminaRate */
     , (2000268,   5,       1) /* ManaRate */
     , (2000268,  13, 0.899999976158142) /* ArmorModVsSlash */
     , (2000268,  14,       1) /* ArmorModVsPierce */
     , (2000268,  15, 1.10000002384186) /* ArmorModVsBludgeon */
     , (2000268,  16, 0.400000005960464) /* ArmorModVsCold */
     , (2000268,  17, 0.400000005960464) /* ArmorModVsFire */
     , (2000268,  18,       1) /* ArmorModVsAcid */
     , (2000268,  19, 0.600000023841858) /* ArmorModVsElectric */
     , (2000268,  54,       3) /* UseRadius */
     , (2000268,  64,       1) /* ResistSlash */
     , (2000268,  65,       1) /* ResistPierce */
     , (2000268,  66,       1) /* ResistBludgeon */
     , (2000268,  67,       1) /* ResistFire */
     , (2000268,  68,       1) /* ResistCold */
     , (2000268,  69,       1) /* ResistAcid */
     , (2000268,  70,       1) /* ResistElectric */
     , (2000268,  71,       1) /* ResistHealthBoost */
     , (2000268,  72,       1) /* ResistStaminaDrain */
     , (2000268,  73,       1) /* ResistStaminaBoost */
     , (2000268,  74,       1) /* ResistManaDrain */
     , (2000268,  75,       1) /* ResistManaBoost */
     , (2000268, 104,      10) /* ObviousRadarRange */
     , (2000268, 125,       1) /* ResistHealthDrain */;

INSERT INTO `weenie_properties_string` (`object_Id`, `type`, `value`)
VALUES (2000268,   1, 'Townfolk') /* Name */
     , (2000268,   3, 'Male') /* Sex */
     , (2000268,   4, 'Aluvian') /* HeritageGroup */;

INSERT INTO `weenie_properties_d_i_d` (`object_Id`, `type`, `value`)
VALUES (2000268,   1,   33554433) /* Setup */
     , (2000268,   2,  150994945) /* MotionTable */
     , (2000268,   3,  536870913) /* SoundTable */
     , (2000268,   4,  805306368) /* CombatTable */
     , (2000268,   6,   67108990) /* PaletteBase */
     , (2000268,   8,  100667446) /* Icon */
     , (2000268,   9,   83890437) /* EyesTexture */
     , (2000268,  10,   83890521) /* NoseTexture */
     , (2000268,  11,   83890627) /* MouthTexture */
     , (2000268,  15,   67116978) /* HairPalette */
     , (2000268,  16,   67109564) /* EyesPalette */
     , (2000268,  17,   67109558) /* SkinPalette */;

INSERT INTO `weenie_properties_attribute` (`object_Id`, `type`, `init_Level`, `level_From_C_P`, `c_P_Spent`)
VALUES (2000268,   1, 110, 0, 0) /* Strength */
     , (2000268,   2, 120, 0, 0) /* Endurance */
     , (2000268,   3, 120, 0, 0) /* Quickness */
     , (2000268,   4, 120, 0, 0) /* Coordination */
     , (2000268,   5, 100, 0, 0) /* Focus */
     , (2000268,   6, 100, 0, 0) /* Self */;

INSERT INTO `weenie_properties_attribute_2nd` (`object_Id`, `type`, `init_Level`, `level_From_C_P`, `c_P_Spent`, `current_Level`)
VALUES (2000268,   1,     0, 0, 0, 60) /* MaxHealth */
     , (2000268,   3,     0, 0, 0, 120) /* MaxStamina */
     , (2000268,   5,     0, 0, 0, 100) /* MaxMana */;

INSERT INTO `weenie_properties_skill` (`object_Id`, `type`, `level_From_P_P`, `s_a_c`, `p_p`, `init_Level`, `resistance_At_Last_Check`, `last_Used_Time`)
VALUES (2000268,  6, 0, 2, 0,   1, 0, 0) /* MeleeDefense        Trained */
     , (2000268,  7, 0, 2, 0,   1, 0, 0) /* MissileDefense      Trained */
     , (2000268, 13, 0, 2, 0,   1, 0, 0) /* UnarmedCombat       Trained */;

INSERT INTO `weenie_properties_body_part` (`object_Id`, `key`, `d_Type`, `d_Val`, `d_Var`, `base_Armor`, `armor_Vs_Slash`, `armor_Vs_Pierce`, `armor_Vs_Bludgeon`, `armor_Vs_Cold`, `armor_Vs_Fire`, `armor_Vs_Acid`, `armor_Vs_Electric`, `armor_Vs_Nether`, `b_h`, `h_l_f`, `m_l_f`, `l_l_f`, `h_r_f`, `m_r_f`, `l_r_f`, `h_l_b`, `m_l_b`, `l_l_b`, `h_r_b`, `m_r_b`, `l_r_b`)
VALUES (2000268,  0,  4,  0,    0,    0,    0,    0,    0,    0,    0,    0,    0,    0, 1, 0.33,    0,    0, 0.33,    0,    0, 0.33,    0,    0, 0.33,    0,    0) /* Head */
     , (2000268,  1,  4,  0,    0,    0,    0,    0,    0,    0,    0,    0,    0,    0, 2, 0.44, 0.17,    0, 0.44, 0.17,    0, 0.44, 0.17,    0, 0.44, 0.17,    0) /* Chest */
     , (2000268,  2,  4,  0,    0,    0,    0,    0,    0,    0,    0,    0,    0,    0, 3,    0, 0.17,    0,    0, 0.17,    0,    0, 0.17,    0,    0, 0.17,    0) /* Abdomen */
     , (2000268,  3,  4,  0,    0,    0,    0,    0,    0,    0,    0,    0,    0,    0, 1, 0.23, 0.03,    0, 0.23, 0.03,    0, 0.23, 0.03,    0, 0.23, 0.03,    0) /* UpperArm */
     , (2000268,  4,  4,  0,    0,    0,    0,    0,    0,    0,    0,    0,    0,    0, 2,    0,  0.3,    0,    0,  0.3,    0,    0,  0.3,    0,    0,  0.3,    0) /* LowerArm */
     , (2000268,  5,  4,  2, 0.75,    0,    0,    0,    0,    0,    0,    0,    0,    0, 2,    0,  0.2,    0,    0,  0.2,    0,    0,  0.2,    0,    0,  0.2,    0) /* Hand */
     , (2000268,  6,  4,  0,    0,    0,    0,    0,    0,    0,    0,    0,    0,    0, 3,    0, 0.13, 0.18,    0, 0.13, 0.18,    0, 0.13, 0.18,    0, 0.13, 0.18) /* UpperLeg */
     , (2000268,  7,  4,  0,    0,    0,    0,    0,    0,    0,    0,    0,    0,    0, 3,    0,    0,  0.6,    0,    0,  0.6,    0,    0,  0.6,    0,    0,  0.6) /* LowerLeg */
     , (2000268,  8,  4,  2, 0.75,    0,    0,    0,    0,    0,    0,    0,    0,    0, 3,    0,    0, 0.22,    0,    0, 0.22,    0,    0, 0.22,    0,    0, 0.22) /* Foot */;

INSERT INTO `weenie_properties_emote` (`object_Id`, `category`, `probability`, `weenie_Class_Id`, `style`, `substyle`, `quest`, `vendor_Type`, `min_Health`, `max_Health`)
VALUES (2000268,  7 /* Use */,      1, NULL, NULL, NULL, NULL, NULL, NULL, NULL);

SET @parent_id = LAST_INSERT_ID();

INSERT INTO `weenie_properties_emote_action` (`emote_Id`, `order`, `type`, `delay`, `extent`, `motion`, `message`, `test_String`, `min`, `max`, `min_64`, `max_64`, `min_Dbl`, `max_Dbl`, `stat`, `display`, `amount`, `amount_64`, `hero_X_P_64`, `percent`, `spell_Id`, `wealth_Rating`, `treasure_Class`, `treasure_Type`, `p_Script`, `sound`, `destination_Type`, `weenie_Class_Id`, `stack_Size`, `palette`, `shade`, `try_To_Bond`, `obj_Cell_Id`, `origin_X`, `origin_Y`, `origin_Z`, `angles_W`, `angles_X`, `angles_Y`, `angles_Z`)
VALUES (@parent_id,  0,  10 /* Tell */, 1.5, 1, NULL, 'Beautiful day out here today isn''t it?', NULL, NULL, NULL, NULL, NULL, NULL, NULL, NULL, NULL, NULL, NULL, NULL, NULL, NULL, NULL, NULL, NULL, NULL, NULL, NULL, NULL, NULL, NULL, NULL, NULL, NULL, NULL, NULL, NULL, NULL, NULL, NULL, NULL);

INSERT INTO `weenie_properties_create_list` (`object_Id`, `destination_Type`, `weenie_Class_Id`, `stack_Size`, `palette`, `shade`, `try_To_Bond`)
VALUES (2000268, 2,  5893,  0, 92, 1, False) /* Create Hoary Mattekar Robe (5893) for Wield */
     , (2000268, 2,  2597,  0, 5, 1, False) /* Create Pants (2597) for Wield */;

DELETE FROM `weenie` WHERE `class_Id` = 2000269;

INSERT INTO `weenie` (`class_Id`, `class_Name`, `type`, `last_Modified`)
VALUES (2000269, 'ace2000269-townfolk', 10, '2019-09-24 03:41:59') /* Creature */;

INSERT INTO `weenie_properties_int` (`object_Id`, `type`, `value`)
VALUES (2000269,   1,         16) /* ItemType - Creature */
     , (2000269,   2,         31) /* CreatureType - Human */
     , (2000269,   6,         -1) /* ItemsCapacity */
     , (2000269,   7,         -1) /* ContainersCapacity */
     , (2000269,   8,        120) /* Mass */
     , (2000269,  16,         32) /* ItemUseable - Remote */
     , (2000269,  25,         15) /* Level */
     , (2000269,  27,          0) /* ArmorType - None */
     , (2000269,  93,    6292504) /* PhysicsState - ReportCollisions, IgnoreCollisions, Gravity, ReportCollisionsAsEnvironment, EdgeSlide */
     , (2000269,  95,          8) /* RadarBlipColor - Yellow */
     , (2000269, 113,          1) /* Gender - Male */
     , (2000269, 133,          4) /* ShowableOnRadar - ShowAlways */
     , (2000269, 134,         16) /* PlayerKillerStatus - RubberGlue */
     , (2000269, 146,        293) /* XpOverride */
     , (2000269, 188,          1) /* HeritageGroup - Aluvian */;

INSERT INTO `weenie_properties_bool` (`object_Id`, `type`, `value`)
VALUES (2000269,   1, True ) /* Stuck */
     , (2000269,   8, True ) /* AllowGive */
     , (2000269,  11, True ) /* IgnoreCollisions */
     , (2000269,  12, True ) /* ReportCollisions */
     , (2000269,  13, False) /* Ethereal */
     , (2000269,  14, True ) /* GravityStatus */
     , (2000269,  19, False) /* Attackable */
     , (2000269,  29, True ) /* NoCorpse */
     , (2000269,  41, True ) /* ReportCollisionsAsEnvironment */
     , (2000269,  42, True ) /* AllowEdgeSlide */
     , (2000269,  52, True ) /* AiImmobile */
     , (2000269,  79, True ) /* AiAcceptEverything */;

INSERT INTO `weenie_properties_float` (`object_Id`, `type`, `value`)
VALUES (2000269,   1,       5) /* HeartbeatInterval */
     , (2000269,   2,       0) /* HeartbeatTimestamp */
     , (2000269,   3, 0.159999996423721) /* HealthRate */
     , (2000269,   4,       5) /* StaminaRate */
     , (2000269,   5,       1) /* ManaRate */
     , (2000269,  13, 0.899999976158142) /* ArmorModVsSlash */
     , (2000269,  14,       1) /* ArmorModVsPierce */
     , (2000269,  15, 1.10000002384186) /* ArmorModVsBludgeon */
     , (2000269,  16, 0.400000005960464) /* ArmorModVsCold */
     , (2000269,  17, 0.400000005960464) /* ArmorModVsFire */
     , (2000269,  18,       1) /* ArmorModVsAcid */
     , (2000269,  19, 0.600000023841858) /* ArmorModVsElectric */
     , (2000269,  54,       3) /* UseRadius */
     , (2000269,  64,       1) /* ResistSlash */
     , (2000269,  65,       1) /* ResistPierce */
     , (2000269,  66,       1) /* ResistBludgeon */
     , (2000269,  67,       1) /* ResistFire */
     , (2000269,  68,       1) /* ResistCold */
     , (2000269,  69,       1) /* ResistAcid */
     , (2000269,  70,       1) /* ResistElectric */
     , (2000269,  71,       1) /* ResistHealthBoost */
     , (2000269,  72,       1) /* ResistStaminaDrain */
     , (2000269,  73,       1) /* ResistStaminaBoost */
     , (2000269,  74,       1) /* ResistManaDrain */
     , (2000269,  75,       1) /* ResistManaBoost */
     , (2000269, 104,      10) /* ObviousRadarRange */
     , (2000269, 125,       1) /* ResistHealthDrain */;

INSERT INTO `weenie_properties_string` (`object_Id`, `type`, `value`)
VALUES (2000269,   1, 'Townfolk') /* Name */
     , (2000269,   3, 'Male') /* Sex */
     , (2000269,   4, 'Aluvian') /* HeritageGroup */;

INSERT INTO `weenie_properties_d_i_d` (`object_Id`, `type`, `value`)
VALUES (2000269,   1,   33554433) /* Setup */
     , (2000269,   2,  150994945) /* MotionTable */
     , (2000269,   3,  536870913) /* SoundTable */
     , (2000269,   4,  805306368) /* CombatTable */
     , (2000269,   6,   67108990) /* PaletteBase */
     , (2000269,   8,  100667446) /* Icon */
     , (2000269,   9,   83890437) /* EyesTexture */
     , (2000269,  10,   83890521) /* NoseTexture */
     , (2000269,  11,   83890627) /* MouthTexture */
     , (2000269,  15,   67116978) /* HairPalette */
     , (2000269,  16,   67109564) /* EyesPalette */
     , (2000269,  17,   67109558) /* SkinPalette */;

INSERT INTO `weenie_properties_attribute` (`object_Id`, `type`, `init_Level`, `level_From_C_P`, `c_P_Spent`)
VALUES (2000269,   1, 110, 0, 0) /* Strength */
     , (2000269,   2, 120, 0, 0) /* Endurance */
     , (2000269,   3, 120, 0, 0) /* Quickness */
     , (2000269,   4, 120, 0, 0) /* Coordination */
     , (2000269,   5, 100, 0, 0) /* Focus */
     , (2000269,   6, 100, 0, 0) /* Self */;

INSERT INTO `weenie_properties_attribute_2nd` (`object_Id`, `type`, `init_Level`, `level_From_C_P`, `c_P_Spent`, `current_Level`)
VALUES (2000269,   1,     0, 0, 0, 60) /* MaxHealth */
     , (2000269,   3,     0, 0, 0, 120) /* MaxStamina */
     , (2000269,   5,     0, 0, 0, 100) /* MaxMana */;

INSERT INTO `weenie_properties_skill` (`object_Id`, `type`, `level_From_P_P`, `s_a_c`, `p_p`, `init_Level`, `resistance_At_Last_Check`, `last_Used_Time`)
VALUES (2000269,  6, 0, 2, 0,   1, 0, 0) /* MeleeDefense        Trained */
     , (2000269,  7, 0, 2, 0,   1, 0, 0) /* MissileDefense      Trained */
     , (2000269, 13, 0, 2, 0,   1, 0, 0) /* UnarmedCombat       Trained */;

INSERT INTO `weenie_properties_body_part` (`object_Id`, `key`, `d_Type`, `d_Val`, `d_Var`, `base_Armor`, `armor_Vs_Slash`, `armor_Vs_Pierce`, `armor_Vs_Bludgeon`, `armor_Vs_Cold`, `armor_Vs_Fire`, `armor_Vs_Acid`, `armor_Vs_Electric`, `armor_Vs_Nether`, `b_h`, `h_l_f`, `m_l_f`, `l_l_f`, `h_r_f`, `m_r_f`, `l_r_f`, `h_l_b`, `m_l_b`, `l_l_b`, `h_r_b`, `m_r_b`, `l_r_b`)
VALUES (2000269,  0,  4,  0,    0,    0,    0,    0,    0,    0,    0,    0,    0,    0, 1, 0.33,    0,    0, 0.33,    0,    0, 0.33,    0,    0, 0.33,    0,    0) /* Head */
     , (2000269,  1,  4,  0,    0,    0,    0,    0,    0,    0,    0,    0,    0,    0, 2, 0.44, 0.17,    0, 0.44, 0.17,    0, 0.44, 0.17,    0, 0.44, 0.17,    0) /* Chest */
     , (2000269,  2,  4,  0,    0,    0,    0,    0,    0,    0,    0,    0,    0,    0, 3,    0, 0.17,    0,    0, 0.17,    0,    0, 0.17,    0,    0, 0.17,    0) /* Abdomen */
     , (2000269,  3,  4,  0,    0,    0,    0,    0,    0,    0,    0,    0,    0,    0, 1, 0.23, 0.03,    0, 0.23, 0.03,    0, 0.23, 0.03,    0, 0.23, 0.03,    0) /* UpperArm */
     , (2000269,  4,  4,  0,    0,    0,    0,    0,    0,    0,    0,    0,    0,    0, 2,    0,  0.3,    0,    0,  0.3,    0,    0,  0.3,    0,    0,  0.3,    0) /* LowerArm */
     , (2000269,  5,  4,  2, 0.75,    0,    0,    0,    0,    0,    0,    0,    0,    0, 2,    0,  0.2,    0,    0,  0.2,    0,    0,  0.2,    0,    0,  0.2,    0) /* Hand */
     , (2000269,  6,  4,  0,    0,    0,    0,    0,    0,    0,    0,    0,    0,    0, 3,    0, 0.13, 0.18,    0, 0.13, 0.18,    0, 0.13, 0.18,    0, 0.13, 0.18) /* UpperLeg */
     , (2000269,  7,  4,  0,    0,    0,    0,    0,    0,    0,    0,    0,    0,    0, 3,    0,    0,  0.6,    0,    0,  0.6,    0,    0,  0.6,    0,    0,  0.6) /* LowerLeg */
     , (2000269,  8,  4,  2, 0.75,    0,    0,    0,    0,    0,    0,    0,    0,    0, 3,    0,    0, 0.22,    0,    0, 0.22,    0,    0, 0.22,    0,    0, 0.22) /* Foot */;

INSERT INTO `weenie_properties_emote` (`object_Id`, `category`, `probability`, `weenie_Class_Id`, `style`, `substyle`, `quest`, `vendor_Type`, `min_Health`, `max_Health`)
VALUES (2000269,  7 /* Use */,      1, NULL, NULL, NULL, NULL, NULL, NULL, NULL);

SET @parent_id = LAST_INSERT_ID();

INSERT INTO `weenie_properties_emote_action` (`emote_Id`, `order`, `type`, `delay`, `extent`, `motion`, `message`, `test_String`, `min`, `max`, `min_64`, `max_64`, `min_Dbl`, `max_Dbl`, `stat`, `display`, `amount`, `amount_64`, `hero_X_P_64`, `percent`, `spell_Id`, `wealth_Rating`, `treasure_Class`, `treasure_Type`, `p_Script`, `sound`, `destination_Type`, `weenie_Class_Id`, `stack_Size`, `palette`, `shade`, `try_To_Bond`, `obj_Cell_Id`, `origin_X`, `origin_Y`, `origin_Z`, `angles_W`, `angles_X`, `angles_Y`, `angles_Z`)
VALUES (@parent_id,  0,  10 /* Tell */, 1.5, 1, NULL, 'I think the Arcanum has gone above and beyond with the addition of Ayan and Wei Jhou to the Town Network.', NULL, NULL, NULL, NULL, NULL, NULL, NULL, NULL, NULL, NULL, NULL, NULL, NULL, NULL, NULL, NULL, NULL, NULL, NULL, NULL, NULL, NULL, NULL, NULL, NULL, NULL, NULL, NULL, NULL, NULL, NULL, NULL, NULL);

INSERT INTO `weenie_properties_create_list` (`object_Id`, `destination_Type`, `weenie_Class_Id`, `stack_Size`, `palette`, `shade`, `try_To_Bond`)
VALUES (2000269, 2,  2588,  0, 85, 1, False) /* Create Shirt (2588) for Wield */
     , (2000269, 2,  2597,  0, 90, 1, False) /* Create Pants (2597) for Wield */;

DELETE FROM `weenie` WHERE `class_Id` = 2000270;

INSERT INTO `weenie` (`class_Id`, `class_Name`, `type`, `last_Modified`)
VALUES (2000270, 'ace2000270-townfolk', 10, '2019-09-24 03:42:01') /* Creature */;

INSERT INTO `weenie_properties_int` (`object_Id`, `type`, `value`)
VALUES (2000270,   1,         16) /* ItemType - Creature */
     , (2000270,   2,         31) /* CreatureType - Human */
     , (2000270,   6,         -1) /* ItemsCapacity */
     , (2000270,   7,         -1) /* ContainersCapacity */
     , (2000270,   8,        120) /* Mass */
     , (2000270,  16,         32) /* ItemUseable - Remote */
     , (2000270,  25,         15) /* Level */
     , (2000270,  27,          0) /* ArmorType - None */
     , (2000270,  93,    6292504) /* PhysicsState - ReportCollisions, IgnoreCollisions, Gravity, ReportCollisionsAsEnvironment, EdgeSlide */
     , (2000270,  95,          8) /* RadarBlipColor - Yellow */
     , (2000270, 113,          1) /* Gender - Male */
     , (2000270, 133,          4) /* ShowableOnRadar - ShowAlways */
     , (2000270, 134,         16) /* PlayerKillerStatus - RubberGlue */
     , (2000270, 146,        293) /* XpOverride */
     , (2000270, 188,          1) /* HeritageGroup - Aluvian */;

INSERT INTO `weenie_properties_bool` (`object_Id`, `type`, `value`)
VALUES (2000270,   1, True ) /* Stuck */
     , (2000270,   8, True ) /* AllowGive */
     , (2000270,  11, True ) /* IgnoreCollisions */
     , (2000270,  12, True ) /* ReportCollisions */
     , (2000270,  13, False) /* Ethereal */
     , (2000270,  14, True ) /* GravityStatus */
     , (2000270,  19, False) /* Attackable */
     , (2000270,  29, True ) /* NoCorpse */
     , (2000270,  41, True ) /* ReportCollisionsAsEnvironment */
     , (2000270,  42, True ) /* AllowEdgeSlide */
     , (2000270,  52, True ) /* AiImmobile */
     , (2000270,  79, True ) /* AiAcceptEverything */;

INSERT INTO `weenie_properties_float` (`object_Id`, `type`, `value`)
VALUES (2000270,   1,       5) /* HeartbeatInterval */
     , (2000270,   2,       0) /* HeartbeatTimestamp */
     , (2000270,   3, 0.159999996423721) /* HealthRate */
     , (2000270,   4,       5) /* StaminaRate */
     , (2000270,   5,       1) /* ManaRate */
     , (2000270,  13, 0.899999976158142) /* ArmorModVsSlash */
     , (2000270,  14,       1) /* ArmorModVsPierce */
     , (2000270,  15, 1.10000002384186) /* ArmorModVsBludgeon */
     , (2000270,  16, 0.400000005960464) /* ArmorModVsCold */
     , (2000270,  17, 0.400000005960464) /* ArmorModVsFire */
     , (2000270,  18,       1) /* ArmorModVsAcid */
     , (2000270,  19, 0.600000023841858) /* ArmorModVsElectric */
     , (2000270,  54,       3) /* UseRadius */
     , (2000270,  64,       1) /* ResistSlash */
     , (2000270,  65,       1) /* ResistPierce */
     , (2000270,  66,       1) /* ResistBludgeon */
     , (2000270,  67,       1) /* ResistFire */
     , (2000270,  68,       1) /* ResistCold */
     , (2000270,  69,       1) /* ResistAcid */
     , (2000270,  70,       1) /* ResistElectric */
     , (2000270,  71,       1) /* ResistHealthBoost */
     , (2000270,  72,       1) /* ResistStaminaDrain */
     , (2000270,  73,       1) /* ResistStaminaBoost */
     , (2000270,  74,       1) /* ResistManaDrain */
     , (2000270,  75,       1) /* ResistManaBoost */
     , (2000270, 104,      10) /* ObviousRadarRange */
     , (2000270, 125,       1) /* ResistHealthDrain */;

INSERT INTO `weenie_properties_string` (`object_Id`, `type`, `value`)
VALUES (2000270,   1, 'Townfolk') /* Name */
     , (2000270,   3, 'Male') /* Sex */
     , (2000270,   4, 'Aluvian') /* HeritageGroup */;

INSERT INTO `weenie_properties_d_i_d` (`object_Id`, `type`, `value`)
VALUES (2000270,   1,   33554433) /* Setup */
     , (2000270,   2,  150994945) /* MotionTable */
     , (2000270,   3,  536870913) /* SoundTable */
     , (2000270,   4,  805306368) /* CombatTable */
     , (2000270,   6,   67108990) /* PaletteBase */
     , (2000270,   8,  100667446) /* Icon */
     , (2000270,   9,   83890437) /* EyesTexture */
     , (2000270,  10,   83890521) /* NoseTexture */
     , (2000270,  11,   83890627) /* MouthTexture */
     , (2000270,  15,   67116978) /* HairPalette */
     , (2000270,  16,   67109564) /* EyesPalette */
     , (2000270,  17,   67109558) /* SkinPalette */;

INSERT INTO `weenie_properties_attribute` (`object_Id`, `type`, `init_Level`, `level_From_C_P`, `c_P_Spent`)
VALUES (2000270,   1, 110, 0, 0) /* Strength */
     , (2000270,   2, 120, 0, 0) /* Endurance */
     , (2000270,   3, 120, 0, 0) /* Quickness */
     , (2000270,   4, 120, 0, 0) /* Coordination */
     , (2000270,   5, 100, 0, 0) /* Focus */
     , (2000270,   6, 100, 0, 0) /* Self */;

INSERT INTO `weenie_properties_attribute_2nd` (`object_Id`, `type`, `init_Level`, `level_From_C_P`, `c_P_Spent`, `current_Level`)
VALUES (2000270,   1,     0, 0, 0, 60) /* MaxHealth */
     , (2000270,   3,     0, 0, 0, 120) /* MaxStamina */
     , (2000270,   5,     0, 0, 0, 100) /* MaxMana */;

INSERT INTO `weenie_properties_skill` (`object_Id`, `type`, `level_From_P_P`, `s_a_c`, `p_p`, `init_Level`, `resistance_At_Last_Check`, `last_Used_Time`)
VALUES (2000270,  6, 0, 2, 0,   1, 0, 0) /* MeleeDefense        Trained */
     , (2000270,  7, 0, 2, 0,   1, 0, 0) /* MissileDefense      Trained */
     , (2000270, 13, 0, 2, 0,   1, 0, 0) /* UnarmedCombat       Trained */;

INSERT INTO `weenie_properties_body_part` (`object_Id`, `key`, `d_Type`, `d_Val`, `d_Var`, `base_Armor`, `armor_Vs_Slash`, `armor_Vs_Pierce`, `armor_Vs_Bludgeon`, `armor_Vs_Cold`, `armor_Vs_Fire`, `armor_Vs_Acid`, `armor_Vs_Electric`, `armor_Vs_Nether`, `b_h`, `h_l_f`, `m_l_f`, `l_l_f`, `h_r_f`, `m_r_f`, `l_r_f`, `h_l_b`, `m_l_b`, `l_l_b`, `h_r_b`, `m_r_b`, `l_r_b`)
VALUES (2000270,  0,  4,  0,    0,    0,    0,    0,    0,    0,    0,    0,    0,    0, 1, 0.33,    0,    0, 0.33,    0,    0, 0.33,    0,    0, 0.33,    0,    0) /* Head */
     , (2000270,  1,  4,  0,    0,    0,    0,    0,    0,    0,    0,    0,    0,    0, 2, 0.44, 0.17,    0, 0.44, 0.17,    0, 0.44, 0.17,    0, 0.44, 0.17,    0) /* Chest */
     , (2000270,  2,  4,  0,    0,    0,    0,    0,    0,    0,    0,    0,    0,    0, 3,    0, 0.17,    0,    0, 0.17,    0,    0, 0.17,    0,    0, 0.17,    0) /* Abdomen */
     , (2000270,  3,  4,  0,    0,    0,    0,    0,    0,    0,    0,    0,    0,    0, 1, 0.23, 0.03,    0, 0.23, 0.03,    0, 0.23, 0.03,    0, 0.23, 0.03,    0) /* UpperArm */
     , (2000270,  4,  4,  0,    0,    0,    0,    0,    0,    0,    0,    0,    0,    0, 2,    0,  0.3,    0,    0,  0.3,    0,    0,  0.3,    0,    0,  0.3,    0) /* LowerArm */
     , (2000270,  5,  4,  2, 0.75,    0,    0,    0,    0,    0,    0,    0,    0,    0, 2,    0,  0.2,    0,    0,  0.2,    0,    0,  0.2,    0,    0,  0.2,    0) /* Hand */
     , (2000270,  6,  4,  0,    0,    0,    0,    0,    0,    0,    0,    0,    0,    0, 3,    0, 0.13, 0.18,    0, 0.13, 0.18,    0, 0.13, 0.18,    0, 0.13, 0.18) /* UpperLeg */
     , (2000270,  7,  4,  0,    0,    0,    0,    0,    0,    0,    0,    0,    0,    0, 3,    0,    0,  0.6,    0,    0,  0.6,    0,    0,  0.6,    0,    0,  0.6) /* LowerLeg */
     , (2000270,  8,  4,  2, 0.75,    0,    0,    0,    0,    0,    0,    0,    0,    0, 3,    0,    0, 0.22,    0,    0, 0.22,    0,    0, 0.22,    0,    0, 0.22) /* Foot */;

INSERT INTO `weenie_properties_emote` (`object_Id`, `category`, `probability`, `weenie_Class_Id`, `style`, `substyle`, `quest`, `vendor_Type`, `min_Health`, `max_Health`)
VALUES (2000270,  7 /* Use */,      1, NULL, NULL, NULL, NULL, NULL, NULL, NULL);

SET @parent_id = LAST_INSERT_ID();

INSERT INTO `weenie_properties_emote_action` (`emote_Id`, `order`, `type`, `delay`, `extent`, `motion`, `message`, `test_String`, `min`, `max`, `min_64`, `max_64`, `min_Dbl`, `max_Dbl`, `stat`, `display`, `amount`, `amount_64`, `hero_X_P_64`, `percent`, `spell_Id`, `wealth_Rating`, `treasure_Class`, `treasure_Type`, `p_Script`, `sound`, `destination_Type`, `weenie_Class_Id`, `stack_Size`, `palette`, `shade`, `try_To_Bond`, `obj_Cell_Id`, `origin_X`, `origin_Y`, `origin_Z`, `angles_W`, `angles_X`, `angles_Y`, `angles_Z`)
VALUES (@parent_id,  0,  10 /* Tell */, 1.5, 1, NULL, 'It''s nice to see you adventurer''s visiting our towns again. I thought you had abandoned us for your fancy "homes" secluded away alone.', NULL, NULL, NULL, NULL, NULL, NULL, NULL, NULL, NULL, NULL, NULL, NULL, NULL, NULL, NULL, NULL, NULL, NULL, NULL, NULL, NULL, NULL, NULL, NULL, NULL, NULL, NULL, NULL, NULL, NULL, NULL, NULL, NULL);

INSERT INTO `weenie_properties_create_list` (`object_Id`, `destination_Type`, `weenie_Class_Id`, `stack_Size`, `palette`, `shade`, `try_To_Bond`)
VALUES (2000270, 2,  2588,  0, 93, 1, False) /* Create Shirt (2588) for Wield */
     , (2000270, 2,  2597,  0, 88, 1, False) /* Create Pants (2597) for Wield */;

DELETE FROM `weenie` WHERE `class_Id` = 2000271;

INSERT INTO `weenie` (`class_Id`, `class_Name`, `type`, `last_Modified`)
VALUES (2000271, 'ace2000271-townfolk', 10, '2019-09-24 03:42:02') /* Creature */;

INSERT INTO `weenie_properties_int` (`object_Id`, `type`, `value`)
VALUES (2000271,   1,         16) /* ItemType - Creature */
     , (2000271,   2,         31) /* CreatureType - Human */
     , (2000271,   6,         -1) /* ItemsCapacity */
     , (2000271,   7,         -1) /* ContainersCapacity */
     , (2000271,   8,        120) /* Mass */
     , (2000271,  16,         32) /* ItemUseable - Remote */
     , (2000271,  25,         15) /* Level */
     , (2000271,  27,          0) /* ArmorType - None */
     , (2000271,  93,    6292504) /* PhysicsState - ReportCollisions, IgnoreCollisions, Gravity, ReportCollisionsAsEnvironment, EdgeSlide */
     , (2000271,  95,          8) /* RadarBlipColor - Yellow */
     , (2000271, 113,          1) /* Gender - Male */
     , (2000271, 133,          4) /* ShowableOnRadar - ShowAlways */
     , (2000271, 134,         16) /* PlayerKillerStatus - RubberGlue */
     , (2000271, 146,        293) /* XpOverride */
     , (2000271, 188,          1) /* HeritageGroup - Aluvian */;

INSERT INTO `weenie_properties_bool` (`object_Id`, `type`, `value`)
VALUES (2000271,   1, True ) /* Stuck */
     , (2000271,   8, True ) /* AllowGive */
     , (2000271,  11, True ) /* IgnoreCollisions */
     , (2000271,  12, True ) /* ReportCollisions */
     , (2000271,  13, False) /* Ethereal */
     , (2000271,  14, True ) /* GravityStatus */
     , (2000271,  19, False) /* Attackable */
     , (2000271,  29, True ) /* NoCorpse */
     , (2000271,  41, True ) /* ReportCollisionsAsEnvironment */
     , (2000271,  42, True ) /* AllowEdgeSlide */
     , (2000271,  52, True ) /* AiImmobile */
     , (2000271,  79, True ) /* AiAcceptEverything */;

INSERT INTO `weenie_properties_float` (`object_Id`, `type`, `value`)
VALUES (2000271,   1,       5) /* HeartbeatInterval */
     , (2000271,   2,       0) /* HeartbeatTimestamp */
     , (2000271,   3, 0.159999996423721) /* HealthRate */
     , (2000271,   4,       5) /* StaminaRate */
     , (2000271,   5,       1) /* ManaRate */
     , (2000271,  13, 0.899999976158142) /* ArmorModVsSlash */
     , (2000271,  14,       1) /* ArmorModVsPierce */
     , (2000271,  15, 1.10000002384186) /* ArmorModVsBludgeon */
     , (2000271,  16, 0.400000005960464) /* ArmorModVsCold */
     , (2000271,  17, 0.400000005960464) /* ArmorModVsFire */
     , (2000271,  18,       1) /* ArmorModVsAcid */
     , (2000271,  19, 0.600000023841858) /* ArmorModVsElectric */
     , (2000271,  54,       3) /* UseRadius */
     , (2000271,  64,       1) /* ResistSlash */
     , (2000271,  65,       1) /* ResistPierce */
     , (2000271,  66,       1) /* ResistBludgeon */
     , (2000271,  67,       1) /* ResistFire */
     , (2000271,  68,       1) /* ResistCold */
     , (2000271,  69,       1) /* ResistAcid */
     , (2000271,  70,       1) /* ResistElectric */
     , (2000271,  71,       1) /* ResistHealthBoost */
     , (2000271,  72,       1) /* ResistStaminaDrain */
     , (2000271,  73,       1) /* ResistStaminaBoost */
     , (2000271,  74,       1) /* ResistManaDrain */
     , (2000271,  75,       1) /* ResistManaBoost */
     , (2000271, 104,      10) /* ObviousRadarRange */
     , (2000271, 125,       1) /* ResistHealthDrain */;

INSERT INTO `weenie_properties_string` (`object_Id`, `type`, `value`)
VALUES (2000271,   1, 'Townfolk') /* Name */
     , (2000271,   3, 'Male') /* Sex */
     , (2000271,   4, 'Aluvian') /* HeritageGroup */;

INSERT INTO `weenie_properties_d_i_d` (`object_Id`, `type`, `value`)
VALUES (2000271,   1,   33554433) /* Setup */
     , (2000271,   2,  150994945) /* MotionTable */
     , (2000271,   3,  536870913) /* SoundTable */
     , (2000271,   4,  805306368) /* CombatTable */
     , (2000271,   6,   67108990) /* PaletteBase */
     , (2000271,   8,  100667446) /* Icon */
     , (2000271,   9,   83890437) /* EyesTexture */
     , (2000271,  10,   83890521) /* NoseTexture */
     , (2000271,  11,   83890627) /* MouthTexture */
     , (2000271,  15,   67116978) /* HairPalette */
     , (2000271,  16,   67109564) /* EyesPalette */
     , (2000271,  17,   67109558) /* SkinPalette */;

INSERT INTO `weenie_properties_attribute` (`object_Id`, `type`, `init_Level`, `level_From_C_P`, `c_P_Spent`)
VALUES (2000271,   1, 110, 0, 0) /* Strength */
     , (2000271,   2, 120, 0, 0) /* Endurance */
     , (2000271,   3, 120, 0, 0) /* Quickness */
     , (2000271,   4, 120, 0, 0) /* Coordination */
     , (2000271,   5, 100, 0, 0) /* Focus */
     , (2000271,   6, 100, 0, 0) /* Self */;

INSERT INTO `weenie_properties_attribute_2nd` (`object_Id`, `type`, `init_Level`, `level_From_C_P`, `c_P_Spent`, `current_Level`)
VALUES (2000271,   1,     0, 0, 0, 60) /* MaxHealth */
     , (2000271,   3,     0, 0, 0, 120) /* MaxStamina */
     , (2000271,   5,     0, 0, 0, 100) /* MaxMana */;

INSERT INTO `weenie_properties_skill` (`object_Id`, `type`, `level_From_P_P`, `s_a_c`, `p_p`, `init_Level`, `resistance_At_Last_Check`, `last_Used_Time`)
VALUES (2000271,  6, 0, 2, 0,   1, 0, 0) /* MeleeDefense        Trained */
     , (2000271,  7, 0, 2, 0,   1, 0, 0) /* MissileDefense      Trained */
     , (2000271, 13, 0, 2, 0,   1, 0, 0) /* UnarmedCombat       Trained */;

INSERT INTO `weenie_properties_body_part` (`object_Id`, `key`, `d_Type`, `d_Val`, `d_Var`, `base_Armor`, `armor_Vs_Slash`, `armor_Vs_Pierce`, `armor_Vs_Bludgeon`, `armor_Vs_Cold`, `armor_Vs_Fire`, `armor_Vs_Acid`, `armor_Vs_Electric`, `armor_Vs_Nether`, `b_h`, `h_l_f`, `m_l_f`, `l_l_f`, `h_r_f`, `m_r_f`, `l_r_f`, `h_l_b`, `m_l_b`, `l_l_b`, `h_r_b`, `m_r_b`, `l_r_b`)
VALUES (2000271,  0,  4,  0,    0,    0,    0,    0,    0,    0,    0,    0,    0,    0, 1, 0.33,    0,    0, 0.33,    0,    0, 0.33,    0,    0, 0.33,    0,    0) /* Head */
     , (2000271,  1,  4,  0,    0,    0,    0,    0,    0,    0,    0,    0,    0,    0, 2, 0.44, 0.17,    0, 0.44, 0.17,    0, 0.44, 0.17,    0, 0.44, 0.17,    0) /* Chest */
     , (2000271,  2,  4,  0,    0,    0,    0,    0,    0,    0,    0,    0,    0,    0, 3,    0, 0.17,    0,    0, 0.17,    0,    0, 0.17,    0,    0, 0.17,    0) /* Abdomen */
     , (2000271,  3,  4,  0,    0,    0,    0,    0,    0,    0,    0,    0,    0,    0, 1, 0.23, 0.03,    0, 0.23, 0.03,    0, 0.23, 0.03,    0, 0.23, 0.03,    0) /* UpperArm */
     , (2000271,  4,  4,  0,    0,    0,    0,    0,    0,    0,    0,    0,    0,    0, 2,    0,  0.3,    0,    0,  0.3,    0,    0,  0.3,    0,    0,  0.3,    0) /* LowerArm */
     , (2000271,  5,  4,  2, 0.75,    0,    0,    0,    0,    0,    0,    0,    0,    0, 2,    0,  0.2,    0,    0,  0.2,    0,    0,  0.2,    0,    0,  0.2,    0) /* Hand */
     , (2000271,  6,  4,  0,    0,    0,    0,    0,    0,    0,    0,    0,    0,    0, 3,    0, 0.13, 0.18,    0, 0.13, 0.18,    0, 0.13, 0.18,    0, 0.13, 0.18) /* UpperLeg */
     , (2000271,  7,  4,  0,    0,    0,    0,    0,    0,    0,    0,    0,    0,    0, 3,    0,    0,  0.6,    0,    0,  0.6,    0,    0,  0.6,    0,    0,  0.6) /* LowerLeg */
     , (2000271,  8,  4,  2, 0.75,    0,    0,    0,    0,    0,    0,    0,    0,    0, 3,    0,    0, 0.22,    0,    0, 0.22,    0,    0, 0.22,    0,    0, 0.22) /* Foot */;

INSERT INTO `weenie_properties_emote` (`object_Id`, `category`, `probability`, `weenie_Class_Id`, `style`, `substyle`, `quest`, `vendor_Type`, `min_Health`, `max_Health`)
VALUES (2000271,  7 /* Use */,      1, NULL, NULL, NULL, NULL, NULL, NULL, NULL);

SET @parent_id = LAST_INSERT_ID();

INSERT INTO `weenie_properties_emote_action` (`emote_Id`, `order`, `type`, `delay`, `extent`, `motion`, `message`, `test_String`, `min`, `max`, `min_64`, `max_64`, `min_Dbl`, `max_Dbl`, `stat`, `display`, `amount`, `amount_64`, `hero_X_P_64`, `percent`, `spell_Id`, `wealth_Rating`, `treasure_Class`, `treasure_Type`, `p_Script`, `sound`, `destination_Type`, `weenie_Class_Id`, `stack_Size`, `palette`, `shade`, `try_To_Bond`, `obj_Cell_Id`, `origin_X`, `origin_Y`, `origin_Z`, `angles_W`, `angles_X`, `angles_Y`, `angles_Z`)
VALUES (@parent_id,  0,  10 /* Tell */, 1.5, 1, NULL, 'Been quiet here for some time, almost relaxing,', NULL, NULL, NULL, NULL, NULL, NULL, NULL, NULL, NULL, NULL, NULL, NULL, NULL, NULL, NULL, NULL, NULL, NULL, NULL, NULL, NULL, NULL, NULL, NULL, NULL, NULL, NULL, NULL, NULL, NULL, NULL, NULL, NULL);

INSERT INTO `weenie_properties_create_list` (`object_Id`, `destination_Type`, `weenie_Class_Id`, `stack_Size`, `palette`, `shade`, `try_To_Bond`)
VALUES (2000271, 2,  5853,  0, 91, 1, False) /* Create Dho Vest and Robe (5853) for Wield */
     , (2000271, 2,  2597,  0, 86, 1, False) /* Create Pants (2597) for Wield */;

DELETE FROM `weenie` WHERE `class_Id` = 2000272;

INSERT INTO `weenie` (`class_Id`, `class_Name`, `type`, `last_Modified`)
VALUES (2000272, 'ace2000272-townfolk', 10, '2019-09-24 03:42:03') /* Creature */;

INSERT INTO `weenie_properties_int` (`object_Id`, `type`, `value`)
VALUES (2000272,   1,         16) /* ItemType - Creature */
     , (2000272,   2,         31) /* CreatureType - Human */
     , (2000272,   6,         -1) /* ItemsCapacity */
     , (2000272,   7,         -1) /* ContainersCapacity */
     , (2000272,   8,        120) /* Mass */
     , (2000272,  16,         32) /* ItemUseable - Remote */
     , (2000272,  25,         15) /* Level */
     , (2000272,  27,          0) /* ArmorType - None */
     , (2000272,  93,    6292504) /* PhysicsState - ReportCollisions, IgnoreCollisions, Gravity, ReportCollisionsAsEnvironment, EdgeSlide */
     , (2000272,  95,          8) /* RadarBlipColor - Yellow */
     , (2000272, 113,          1) /* Gender - Male */
     , (2000272, 133,          4) /* ShowableOnRadar - ShowAlways */
     , (2000272, 134,         16) /* PlayerKillerStatus - RubberGlue */
     , (2000272, 146,        293) /* XpOverride */
     , (2000272, 188,          1) /* HeritageGroup - Aluvian */;

INSERT INTO `weenie_properties_bool` (`object_Id`, `type`, `value`)
VALUES (2000272,   1, True ) /* Stuck */
     , (2000272,   8, True ) /* AllowGive */
     , (2000272,  11, True ) /* IgnoreCollisions */
     , (2000272,  12, True ) /* ReportCollisions */
     , (2000272,  13, False) /* Ethereal */
     , (2000272,  14, True ) /* GravityStatus */
     , (2000272,  19, False) /* Attackable */
     , (2000272,  29, True ) /* NoCorpse */
     , (2000272,  41, True ) /* ReportCollisionsAsEnvironment */
     , (2000272,  42, True ) /* AllowEdgeSlide */
     , (2000272,  52, True ) /* AiImmobile */
     , (2000272,  79, True ) /* AiAcceptEverything */;

INSERT INTO `weenie_properties_float` (`object_Id`, `type`, `value`)
VALUES (2000272,   1,       5) /* HeartbeatInterval */
     , (2000272,   2,       0) /* HeartbeatTimestamp */
     , (2000272,   3, 0.159999996423721) /* HealthRate */
     , (2000272,   4,       5) /* StaminaRate */
     , (2000272,   5,       1) /* ManaRate */
     , (2000272,  13, 0.899999976158142) /* ArmorModVsSlash */
     , (2000272,  14,       1) /* ArmorModVsPierce */
     , (2000272,  15, 1.10000002384186) /* ArmorModVsBludgeon */
     , (2000272,  16, 0.400000005960464) /* ArmorModVsCold */
     , (2000272,  17, 0.400000005960464) /* ArmorModVsFire */
     , (2000272,  18,       1) /* ArmorModVsAcid */
     , (2000272,  19, 0.600000023841858) /* ArmorModVsElectric */
     , (2000272,  54,       3) /* UseRadius */
     , (2000272,  64,       1) /* ResistSlash */
     , (2000272,  65,       1) /* ResistPierce */
     , (2000272,  66,       1) /* ResistBludgeon */
     , (2000272,  67,       1) /* ResistFire */
     , (2000272,  68,       1) /* ResistCold */
     , (2000272,  69,       1) /* ResistAcid */
     , (2000272,  70,       1) /* ResistElectric */
     , (2000272,  71,       1) /* ResistHealthBoost */
     , (2000272,  72,       1) /* ResistStaminaDrain */
     , (2000272,  73,       1) /* ResistStaminaBoost */
     , (2000272,  74,       1) /* ResistManaDrain */
     , (2000272,  75,       1) /* ResistManaBoost */
     , (2000272, 104,      10) /* ObviousRadarRange */
     , (2000272, 125,       1) /* ResistHealthDrain */;

INSERT INTO `weenie_properties_string` (`object_Id`, `type`, `value`)
VALUES (2000272,   1, 'Townfolk') /* Name */
     , (2000272,   3, 'Male') /* Sex */
     , (2000272,   4, 'Aluvian') /* HeritageGroup */;

INSERT INTO `weenie_properties_d_i_d` (`object_Id`, `type`, `value`)
VALUES (2000272,   1,   33554433) /* Setup */
     , (2000272,   2,  150994945) /* MotionTable */
     , (2000272,   3,  536870913) /* SoundTable */
     , (2000272,   4,  805306368) /* CombatTable */
     , (2000272,   6,   67108990) /* PaletteBase */
     , (2000272,   8,  100667446) /* Icon */
     , (2000272,   9,   83890437) /* EyesTexture */
     , (2000272,  10,   83890521) /* NoseTexture */
     , (2000272,  11,   83890627) /* MouthTexture */
     , (2000272,  15,   67116978) /* HairPalette */
     , (2000272,  16,   67109564) /* EyesPalette */
     , (2000272,  17,   67109558) /* SkinPalette */;

INSERT INTO `weenie_properties_attribute` (`object_Id`, `type`, `init_Level`, `level_From_C_P`, `c_P_Spent`)
VALUES (2000272,   1, 110, 0, 0) /* Strength */
     , (2000272,   2, 120, 0, 0) /* Endurance */
     , (2000272,   3, 120, 0, 0) /* Quickness */
     , (2000272,   4, 120, 0, 0) /* Coordination */
     , (2000272,   5, 100, 0, 0) /* Focus */
     , (2000272,   6, 100, 0, 0) /* Self */;

INSERT INTO `weenie_properties_attribute_2nd` (`object_Id`, `type`, `init_Level`, `level_From_C_P`, `c_P_Spent`, `current_Level`)
VALUES (2000272,   1,     0, 0, 0, 60) /* MaxHealth */
     , (2000272,   3,     0, 0, 0, 120) /* MaxStamina */
     , (2000272,   5,     0, 0, 0, 100) /* MaxMana */;

INSERT INTO `weenie_properties_skill` (`object_Id`, `type`, `level_From_P_P`, `s_a_c`, `p_p`, `init_Level`, `resistance_At_Last_Check`, `last_Used_Time`)
VALUES (2000272,  6, 0, 2, 0,   1, 0, 0) /* MeleeDefense        Trained */
     , (2000272,  7, 0, 2, 0,   1, 0, 0) /* MissileDefense      Trained */
     , (2000272, 13, 0, 2, 0,   1, 0, 0) /* UnarmedCombat       Trained */;

INSERT INTO `weenie_properties_body_part` (`object_Id`, `key`, `d_Type`, `d_Val`, `d_Var`, `base_Armor`, `armor_Vs_Slash`, `armor_Vs_Pierce`, `armor_Vs_Bludgeon`, `armor_Vs_Cold`, `armor_Vs_Fire`, `armor_Vs_Acid`, `armor_Vs_Electric`, `armor_Vs_Nether`, `b_h`, `h_l_f`, `m_l_f`, `l_l_f`, `h_r_f`, `m_r_f`, `l_r_f`, `h_l_b`, `m_l_b`, `l_l_b`, `h_r_b`, `m_r_b`, `l_r_b`)
VALUES (2000272,  0,  4,  0,    0,    0,    0,    0,    0,    0,    0,    0,    0,    0, 1, 0.33,    0,    0, 0.33,    0,    0, 0.33,    0,    0, 0.33,    0,    0) /* Head */
     , (2000272,  1,  4,  0,    0,    0,    0,    0,    0,    0,    0,    0,    0,    0, 2, 0.44, 0.17,    0, 0.44, 0.17,    0, 0.44, 0.17,    0, 0.44, 0.17,    0) /* Chest */
     , (2000272,  2,  4,  0,    0,    0,    0,    0,    0,    0,    0,    0,    0,    0, 3,    0, 0.17,    0,    0, 0.17,    0,    0, 0.17,    0,    0, 0.17,    0) /* Abdomen */
     , (2000272,  3,  4,  0,    0,    0,    0,    0,    0,    0,    0,    0,    0,    0, 1, 0.23, 0.03,    0, 0.23, 0.03,    0, 0.23, 0.03,    0, 0.23, 0.03,    0) /* UpperArm */
     , (2000272,  4,  4,  0,    0,    0,    0,    0,    0,    0,    0,    0,    0,    0, 2,    0,  0.3,    0,    0,  0.3,    0,    0,  0.3,    0,    0,  0.3,    0) /* LowerArm */
     , (2000272,  5,  4,  2, 0.75,    0,    0,    0,    0,    0,    0,    0,    0,    0, 2,    0,  0.2,    0,    0,  0.2,    0,    0,  0.2,    0,    0,  0.2,    0) /* Hand */
     , (2000272,  6,  4,  0,    0,    0,    0,    0,    0,    0,    0,    0,    0,    0, 3,    0, 0.13, 0.18,    0, 0.13, 0.18,    0, 0.13, 0.18,    0, 0.13, 0.18) /* UpperLeg */
     , (2000272,  7,  4,  0,    0,    0,    0,    0,    0,    0,    0,    0,    0,    0, 3,    0,    0,  0.6,    0,    0,  0.6,    0,    0,  0.6,    0,    0,  0.6) /* LowerLeg */
     , (2000272,  8,  4,  2, 0.75,    0,    0,    0,    0,    0,    0,    0,    0,    0, 3,    0,    0, 0.22,    0,    0, 0.22,    0,    0, 0.22,    0,    0, 0.22) /* Foot */;

INSERT INTO `weenie_properties_emote` (`object_Id`, `category`, `probability`, `weenie_Class_Id`, `style`, `substyle`, `quest`, `vendor_Type`, `min_Health`, `max_Health`)
VALUES (2000272,  7 /* Use */,      1, NULL, NULL, NULL, NULL, NULL, NULL, NULL);

SET @parent_id = LAST_INSERT_ID();

INSERT INTO `weenie_properties_emote_action` (`emote_Id`, `order`, `type`, `delay`, `extent`, `motion`, `message`, `test_String`, `min`, `max`, `min_64`, `max_64`, `min_Dbl`, `max_Dbl`, `stat`, `display`, `amount`, `amount_64`, `hero_X_P_64`, `percent`, `spell_Id`, `wealth_Rating`, `treasure_Class`, `treasure_Type`, `p_Script`, `sound`, `destination_Type`, `weenie_Class_Id`, `stack_Size`, `palette`, `shade`, `try_To_Bond`, `obj_Cell_Id`, `origin_X`, `origin_Y`, `origin_Z`, `angles_W`, `angles_X`, `angles_Y`, `angles_Z`)
VALUES (@parent_id,  0,  10 /* Tell */, 1.5, 1, NULL, 'those Mosswarts are around much more lately, I can hear thier chanting even at night.', NULL, NULL, NULL, NULL, NULL, NULL, NULL, NULL, NULL, NULL, NULL, NULL, NULL, NULL, NULL, NULL, NULL, NULL, NULL, NULL, NULL, NULL, NULL, NULL, NULL, NULL, NULL, NULL, NULL, NULL, NULL, NULL, NULL);

INSERT INTO `weenie_properties_create_list` (`object_Id`, `destination_Type`, `weenie_Class_Id`, `stack_Size`, `palette`, `shade`, `try_To_Bond`)
VALUES (2000272, 2,  2588,  0, 90, 1, False) /* Create Shirt (2588) for Wield */
     , (2000272, 2,  2597,  0, 84, 1, False) /* Create Pants (2597) for Wield */;

DELETE FROM `weenie` WHERE `class_Id` = 2000273;

INSERT INTO `weenie` (`class_Id`, `class_Name`, `type`, `last_Modified`)
VALUES (2000273, 'ace2000273-townfolk', 10, '2019-09-24 03:42:04') /* Creature */;

INSERT INTO `weenie_properties_int` (`object_Id`, `type`, `value`)
VALUES (2000273,   1,         16) /* ItemType - Creature */
     , (2000273,   2,         31) /* CreatureType - Human */
     , (2000273,   6,         -1) /* ItemsCapacity */
     , (2000273,   7,         -1) /* ContainersCapacity */
     , (2000273,   8,        120) /* Mass */
     , (2000273,  16,         32) /* ItemUseable - Remote */
     , (2000273,  25,         15) /* Level */
     , (2000273,  27,          0) /* ArmorType - None */
     , (2000273,  93,    6292504) /* PhysicsState - ReportCollisions, IgnoreCollisions, Gravity, ReportCollisionsAsEnvironment, EdgeSlide */
     , (2000273,  95,          8) /* RadarBlipColor - Yellow */
     , (2000273, 113,          1) /* Gender - Male */
     , (2000273, 133,          4) /* ShowableOnRadar - ShowAlways */
     , (2000273, 134,         16) /* PlayerKillerStatus - RubberGlue */
     , (2000273, 146,        293) /* XpOverride */
     , (2000273, 188,          1) /* HeritageGroup - Aluvian */;

INSERT INTO `weenie_properties_bool` (`object_Id`, `type`, `value`)
VALUES (2000273,   1, True ) /* Stuck */
     , (2000273,   8, True ) /* AllowGive */
     , (2000273,  11, True ) /* IgnoreCollisions */
     , (2000273,  12, True ) /* ReportCollisions */
     , (2000273,  13, False) /* Ethereal */
     , (2000273,  14, True ) /* GravityStatus */
     , (2000273,  19, False) /* Attackable */
     , (2000273,  29, True ) /* NoCorpse */
     , (2000273,  41, True ) /* ReportCollisionsAsEnvironment */
     , (2000273,  42, True ) /* AllowEdgeSlide */
     , (2000273,  52, True ) /* AiImmobile */
     , (2000273,  79, True ) /* AiAcceptEverything */;

INSERT INTO `weenie_properties_float` (`object_Id`, `type`, `value`)
VALUES (2000273,   1,       5) /* HeartbeatInterval */
     , (2000273,   2,       0) /* HeartbeatTimestamp */
     , (2000273,   3, 0.159999996423721) /* HealthRate */
     , (2000273,   4,       5) /* StaminaRate */
     , (2000273,   5,       1) /* ManaRate */
     , (2000273,  13, 0.899999976158142) /* ArmorModVsSlash */
     , (2000273,  14,       1) /* ArmorModVsPierce */
     , (2000273,  15, 1.10000002384186) /* ArmorModVsBludgeon */
     , (2000273,  16, 0.400000005960464) /* ArmorModVsCold */
     , (2000273,  17, 0.400000005960464) /* ArmorModVsFire */
     , (2000273,  18,       1) /* ArmorModVsAcid */
     , (2000273,  19, 0.600000023841858) /* ArmorModVsElectric */
     , (2000273,  54,       3) /* UseRadius */
     , (2000273,  64,       1) /* ResistSlash */
     , (2000273,  65,       1) /* ResistPierce */
     , (2000273,  66,       1) /* ResistBludgeon */
     , (2000273,  67,       1) /* ResistFire */
     , (2000273,  68,       1) /* ResistCold */
     , (2000273,  69,       1) /* ResistAcid */
     , (2000273,  70,       1) /* ResistElectric */
     , (2000273,  71,       1) /* ResistHealthBoost */
     , (2000273,  72,       1) /* ResistStaminaDrain */
     , (2000273,  73,       1) /* ResistStaminaBoost */
     , (2000273,  74,       1) /* ResistManaDrain */
     , (2000273,  75,       1) /* ResistManaBoost */
     , (2000273, 104,      10) /* ObviousRadarRange */
     , (2000273, 125,       1) /* ResistHealthDrain */;

INSERT INTO `weenie_properties_string` (`object_Id`, `type`, `value`)
VALUES (2000273,   1, 'Townfolk') /* Name */
     , (2000273,   3, 'Male') /* Sex */
     , (2000273,   4, 'Aluvian') /* HeritageGroup */;

INSERT INTO `weenie_properties_d_i_d` (`object_Id`, `type`, `value`)
VALUES (2000273,   1,   33554433) /* Setup */
     , (2000273,   2,  150994945) /* MotionTable */
     , (2000273,   3,  536870913) /* SoundTable */
     , (2000273,   4,  805306368) /* CombatTable */
     , (2000273,   6,   67108990) /* PaletteBase */
     , (2000273,   8,  100667446) /* Icon */
     , (2000273,   9,   83890437) /* EyesTexture */
     , (2000273,  10,   83890521) /* NoseTexture */
     , (2000273,  11,   83890627) /* MouthTexture */
     , (2000273,  15,   67116978) /* HairPalette */
     , (2000273,  16,   67109564) /* EyesPalette */
     , (2000273,  17,   67109558) /* SkinPalette */;

INSERT INTO `weenie_properties_attribute` (`object_Id`, `type`, `init_Level`, `level_From_C_P`, `c_P_Spent`)
VALUES (2000273,   1, 110, 0, 0) /* Strength */
     , (2000273,   2, 120, 0, 0) /* Endurance */
     , (2000273,   3, 120, 0, 0) /* Quickness */
     , (2000273,   4, 120, 0, 0) /* Coordination */
     , (2000273,   5, 100, 0, 0) /* Focus */
     , (2000273,   6, 100, 0, 0) /* Self */;

INSERT INTO `weenie_properties_attribute_2nd` (`object_Id`, `type`, `init_Level`, `level_From_C_P`, `c_P_Spent`, `current_Level`)
VALUES (2000273,   1,     0, 0, 0, 60) /* MaxHealth */
     , (2000273,   3,     0, 0, 0, 120) /* MaxStamina */
     , (2000273,   5,     0, 0, 0, 100) /* MaxMana */;

INSERT INTO `weenie_properties_skill` (`object_Id`, `type`, `level_From_P_P`, `s_a_c`, `p_p`, `init_Level`, `resistance_At_Last_Check`, `last_Used_Time`)
VALUES (2000273,  6, 0, 2, 0,   1, 0, 0) /* MeleeDefense        Trained */
     , (2000273,  7, 0, 2, 0,   1, 0, 0) /* MissileDefense      Trained */
     , (2000273, 13, 0, 2, 0,   1, 0, 0) /* UnarmedCombat       Trained */;

INSERT INTO `weenie_properties_body_part` (`object_Id`, `key`, `d_Type`, `d_Val`, `d_Var`, `base_Armor`, `armor_Vs_Slash`, `armor_Vs_Pierce`, `armor_Vs_Bludgeon`, `armor_Vs_Cold`, `armor_Vs_Fire`, `armor_Vs_Acid`, `armor_Vs_Electric`, `armor_Vs_Nether`, `b_h`, `h_l_f`, `m_l_f`, `l_l_f`, `h_r_f`, `m_r_f`, `l_r_f`, `h_l_b`, `m_l_b`, `l_l_b`, `h_r_b`, `m_r_b`, `l_r_b`)
VALUES (2000273,  0,  4,  0,    0,    0,    0,    0,    0,    0,    0,    0,    0,    0, 1, 0.33,    0,    0, 0.33,    0,    0, 0.33,    0,    0, 0.33,    0,    0) /* Head */
     , (2000273,  1,  4,  0,    0,    0,    0,    0,    0,    0,    0,    0,    0,    0, 2, 0.44, 0.17,    0, 0.44, 0.17,    0, 0.44, 0.17,    0, 0.44, 0.17,    0) /* Chest */
     , (2000273,  2,  4,  0,    0,    0,    0,    0,    0,    0,    0,    0,    0,    0, 3,    0, 0.17,    0,    0, 0.17,    0,    0, 0.17,    0,    0, 0.17,    0) /* Abdomen */
     , (2000273,  3,  4,  0,    0,    0,    0,    0,    0,    0,    0,    0,    0,    0, 1, 0.23, 0.03,    0, 0.23, 0.03,    0, 0.23, 0.03,    0, 0.23, 0.03,    0) /* UpperArm */
     , (2000273,  4,  4,  0,    0,    0,    0,    0,    0,    0,    0,    0,    0,    0, 2,    0,  0.3,    0,    0,  0.3,    0,    0,  0.3,    0,    0,  0.3,    0) /* LowerArm */
     , (2000273,  5,  4,  2, 0.75,    0,    0,    0,    0,    0,    0,    0,    0,    0, 2,    0,  0.2,    0,    0,  0.2,    0,    0,  0.2,    0,    0,  0.2,    0) /* Hand */
     , (2000273,  6,  4,  0,    0,    0,    0,    0,    0,    0,    0,    0,    0,    0, 3,    0, 0.13, 0.18,    0, 0.13, 0.18,    0, 0.13, 0.18,    0, 0.13, 0.18) /* UpperLeg */
     , (2000273,  7,  4,  0,    0,    0,    0,    0,    0,    0,    0,    0,    0,    0, 3,    0,    0,  0.6,    0,    0,  0.6,    0,    0,  0.6,    0,    0,  0.6) /* LowerLeg */
     , (2000273,  8,  4,  2, 0.75,    0,    0,    0,    0,    0,    0,    0,    0,    0, 3,    0,    0, 0.22,    0,    0, 0.22,    0,    0, 0.22,    0,    0, 0.22) /* Foot */;

INSERT INTO `weenie_properties_emote` (`object_Id`, `category`, `probability`, `weenie_Class_Id`, `style`, `substyle`, `quest`, `vendor_Type`, `min_Health`, `max_Health`)
VALUES (2000273,  7 /* Use */,      1, NULL, NULL, NULL, NULL, NULL, NULL, NULL);

SET @parent_id = LAST_INSERT_ID();

INSERT INTO `weenie_properties_emote_action` (`emote_Id`, `order`, `type`, `delay`, `extent`, `motion`, `message`, `test_String`, `min`, `max`, `min_64`, `max_64`, `min_Dbl`, `max_Dbl`, `stat`, `display`, `amount`, `amount_64`, `hero_X_P_64`, `percent`, `spell_Id`, `wealth_Rating`, `treasure_Class`, `treasure_Type`, `p_Script`, `sound`, `destination_Type`, `weenie_Class_Id`, `stack_Size`, `palette`, `shade`, `try_To_Bond`, `obj_Cell_Id`, `origin_X`, `origin_Y`, `origin_Z`, `angles_W`, `angles_X`, `angles_Y`, `angles_Z`)
VALUES (@parent_id,  0,  10 /* Tell */, 1.5, 1, NULL, 'I love our hidden Gem of a villiage, don''t you?', NULL, NULL, NULL, NULL, NULL, NULL, NULL, NULL, NULL, NULL, NULL, NULL, NULL, NULL, NULL, NULL, NULL, NULL, NULL, NULL, NULL, NULL, NULL, NULL, NULL, NULL, NULL, NULL, NULL, NULL, NULL, NULL, NULL);

INSERT INTO `weenie_properties_create_list` (`object_Id`, `destination_Type`, `weenie_Class_Id`, `stack_Size`, `palette`, `shade`, `try_To_Bond`)
VALUES (2000273, 2,  2588,  0, 88, 1, False) /* Create Shirt (2588) for Wield */
     , (2000273, 2,  2597,  0, 87, 1, False) /* Create Pants (2597) for Wield */;

DELETE FROM `weenie` WHERE `class_Id` = 2000274;

INSERT INTO `weenie` (`class_Id`, `class_Name`, `type`, `last_Modified`)
VALUES (2000274, 'ace2000274-townfolk', 10, '2019-09-24 03:42:06') /* Creature */;

INSERT INTO `weenie_properties_int` (`object_Id`, `type`, `value`)
VALUES (2000274,   1,         16) /* ItemType - Creature */
     , (2000274,   2,         31) /* CreatureType - Human */
     , (2000274,   6,         -1) /* ItemsCapacity */
     , (2000274,   7,         -1) /* ContainersCapacity */
     , (2000274,   8,        120) /* Mass */
     , (2000274,  16,         32) /* ItemUseable - Remote */
     , (2000274,  25,         15) /* Level */
     , (2000274,  27,          0) /* ArmorType - None */
     , (2000274,  93,    6292504) /* PhysicsState - ReportCollisions, IgnoreCollisions, Gravity, ReportCollisionsAsEnvironment, EdgeSlide */
     , (2000274,  95,          8) /* RadarBlipColor - Yellow */
     , (2000274, 113,          1) /* Gender - Male */
     , (2000274, 133,          4) /* ShowableOnRadar - ShowAlways */
     , (2000274, 134,         16) /* PlayerKillerStatus - RubberGlue */
     , (2000274, 146,        293) /* XpOverride */
     , (2000274, 188,          1) /* HeritageGroup - Aluvian */;

INSERT INTO `weenie_properties_bool` (`object_Id`, `type`, `value`)
VALUES (2000274,   1, True ) /* Stuck */
     , (2000274,   8, True ) /* AllowGive */
     , (2000274,  11, True ) /* IgnoreCollisions */
     , (2000274,  12, True ) /* ReportCollisions */
     , (2000274,  13, False) /* Ethereal */
     , (2000274,  14, True ) /* GravityStatus */
     , (2000274,  19, False) /* Attackable */
     , (2000274,  29, True ) /* NoCorpse */
     , (2000274,  41, True ) /* ReportCollisionsAsEnvironment */
     , (2000274,  42, True ) /* AllowEdgeSlide */
     , (2000274,  52, True ) /* AiImmobile */
     , (2000274,  79, True ) /* AiAcceptEverything */;

INSERT INTO `weenie_properties_float` (`object_Id`, `type`, `value`)
VALUES (2000274,   1,       5) /* HeartbeatInterval */
     , (2000274,   2,       0) /* HeartbeatTimestamp */
     , (2000274,   3, 0.159999996423721) /* HealthRate */
     , (2000274,   4,       5) /* StaminaRate */
     , (2000274,   5,       1) /* ManaRate */
     , (2000274,  13, 0.899999976158142) /* ArmorModVsSlash */
     , (2000274,  14,       1) /* ArmorModVsPierce */
     , (2000274,  15, 1.10000002384186) /* ArmorModVsBludgeon */
     , (2000274,  16, 0.400000005960464) /* ArmorModVsCold */
     , (2000274,  17, 0.400000005960464) /* ArmorModVsFire */
     , (2000274,  18,       1) /* ArmorModVsAcid */
     , (2000274,  19, 0.600000023841858) /* ArmorModVsElectric */
     , (2000274,  54,       3) /* UseRadius */
     , (2000274,  64,       1) /* ResistSlash */
     , (2000274,  65,       1) /* ResistPierce */
     , (2000274,  66,       1) /* ResistBludgeon */
     , (2000274,  67,       1) /* ResistFire */
     , (2000274,  68,       1) /* ResistCold */
     , (2000274,  69,       1) /* ResistAcid */
     , (2000274,  70,       1) /* ResistElectric */
     , (2000274,  71,       1) /* ResistHealthBoost */
     , (2000274,  72,       1) /* ResistStaminaDrain */
     , (2000274,  73,       1) /* ResistStaminaBoost */
     , (2000274,  74,       1) /* ResistManaDrain */
     , (2000274,  75,       1) /* ResistManaBoost */
     , (2000274, 104,      10) /* ObviousRadarRange */
     , (2000274, 125,       1) /* ResistHealthDrain */;

INSERT INTO `weenie_properties_string` (`object_Id`, `type`, `value`)
VALUES (2000274,   1, 'Townfolk') /* Name */
     , (2000274,   3, 'Male') /* Sex */
     , (2000274,   4, 'Aluvian') /* HeritageGroup */;

INSERT INTO `weenie_properties_d_i_d` (`object_Id`, `type`, `value`)
VALUES (2000274,   1,   33554433) /* Setup */
     , (2000274,   2,  150994945) /* MotionTable */
     , (2000274,   3,  536870913) /* SoundTable */
     , (2000274,   4,  805306368) /* CombatTable */
     , (2000274,   6,   67108990) /* PaletteBase */
     , (2000274,   8,  100667446) /* Icon */
     , (2000274,   9,   83890437) /* EyesTexture */
     , (2000274,  10,   83890521) /* NoseTexture */
     , (2000274,  11,   83890627) /* MouthTexture */
     , (2000274,  15,   67116978) /* HairPalette */
     , (2000274,  16,   67109564) /* EyesPalette */
     , (2000274,  17,   67109558) /* SkinPalette */;

INSERT INTO `weenie_properties_attribute` (`object_Id`, `type`, `init_Level`, `level_From_C_P`, `c_P_Spent`)
VALUES (2000274,   1, 110, 0, 0) /* Strength */
     , (2000274,   2, 120, 0, 0) /* Endurance */
     , (2000274,   3, 120, 0, 0) /* Quickness */
     , (2000274,   4, 120, 0, 0) /* Coordination */
     , (2000274,   5, 100, 0, 0) /* Focus */
     , (2000274,   6, 100, 0, 0) /* Self */;

INSERT INTO `weenie_properties_attribute_2nd` (`object_Id`, `type`, `init_Level`, `level_From_C_P`, `c_P_Spent`, `current_Level`)
VALUES (2000274,   1,     0, 0, 0, 60) /* MaxHealth */
     , (2000274,   3,     0, 0, 0, 120) /* MaxStamina */
     , (2000274,   5,     0, 0, 0, 100) /* MaxMana */;

INSERT INTO `weenie_properties_skill` (`object_Id`, `type`, `level_From_P_P`, `s_a_c`, `p_p`, `init_Level`, `resistance_At_Last_Check`, `last_Used_Time`)
VALUES (2000274,  6, 0, 2, 0,   1, 0, 0) /* MeleeDefense        Trained */
     , (2000274,  7, 0, 2, 0,   1, 0, 0) /* MissileDefense      Trained */
     , (2000274, 13, 0, 2, 0,   1, 0, 0) /* UnarmedCombat       Trained */;

INSERT INTO `weenie_properties_body_part` (`object_Id`, `key`, `d_Type`, `d_Val`, `d_Var`, `base_Armor`, `armor_Vs_Slash`, `armor_Vs_Pierce`, `armor_Vs_Bludgeon`, `armor_Vs_Cold`, `armor_Vs_Fire`, `armor_Vs_Acid`, `armor_Vs_Electric`, `armor_Vs_Nether`, `b_h`, `h_l_f`, `m_l_f`, `l_l_f`, `h_r_f`, `m_r_f`, `l_r_f`, `h_l_b`, `m_l_b`, `l_l_b`, `h_r_b`, `m_r_b`, `l_r_b`)
VALUES (2000274,  0,  4,  0,    0,    0,    0,    0,    0,    0,    0,    0,    0,    0, 1, 0.33,    0,    0, 0.33,    0,    0, 0.33,    0,    0, 0.33,    0,    0) /* Head */
     , (2000274,  1,  4,  0,    0,    0,    0,    0,    0,    0,    0,    0,    0,    0, 2, 0.44, 0.17,    0, 0.44, 0.17,    0, 0.44, 0.17,    0, 0.44, 0.17,    0) /* Chest */
     , (2000274,  2,  4,  0,    0,    0,    0,    0,    0,    0,    0,    0,    0,    0, 3,    0, 0.17,    0,    0, 0.17,    0,    0, 0.17,    0,    0, 0.17,    0) /* Abdomen */
     , (2000274,  3,  4,  0,    0,    0,    0,    0,    0,    0,    0,    0,    0,    0, 1, 0.23, 0.03,    0, 0.23, 0.03,    0, 0.23, 0.03,    0, 0.23, 0.03,    0) /* UpperArm */
     , (2000274,  4,  4,  0,    0,    0,    0,    0,    0,    0,    0,    0,    0,    0, 2,    0,  0.3,    0,    0,  0.3,    0,    0,  0.3,    0,    0,  0.3,    0) /* LowerArm */
     , (2000274,  5,  4,  2, 0.75,    0,    0,    0,    0,    0,    0,    0,    0,    0, 2,    0,  0.2,    0,    0,  0.2,    0,    0,  0.2,    0,    0,  0.2,    0) /* Hand */
     , (2000274,  6,  4,  0,    0,    0,    0,    0,    0,    0,    0,    0,    0,    0, 3,    0, 0.13, 0.18,    0, 0.13, 0.18,    0, 0.13, 0.18,    0, 0.13, 0.18) /* UpperLeg */
     , (2000274,  7,  4,  0,    0,    0,    0,    0,    0,    0,    0,    0,    0,    0, 3,    0,    0,  0.6,    0,    0,  0.6,    0,    0,  0.6,    0,    0,  0.6) /* LowerLeg */
     , (2000274,  8,  4,  2, 0.75,    0,    0,    0,    0,    0,    0,    0,    0,    0, 3,    0,    0, 0.22,    0,    0, 0.22,    0,    0, 0.22,    0,    0, 0.22) /* Foot */;

INSERT INTO `weenie_properties_emote` (`object_Id`, `category`, `probability`, `weenie_Class_Id`, `style`, `substyle`, `quest`, `vendor_Type`, `min_Health`, `max_Health`)
VALUES (2000274,  7 /* Use */,      1, NULL, NULL, NULL, NULL, NULL, NULL, NULL);

SET @parent_id = LAST_INSERT_ID();

INSERT INTO `weenie_properties_emote_action` (`emote_Id`, `order`, `type`, `delay`, `extent`, `motion`, `message`, `test_String`, `min`, `max`, `min_64`, `max_64`, `min_Dbl`, `max_Dbl`, `stat`, `display`, `amount`, `amount_64`, `hero_X_P_64`, `percent`, `spell_Id`, `wealth_Rating`, `treasure_Class`, `treasure_Type`, `p_Script`, `sound`, `destination_Type`, `weenie_Class_Id`, `stack_Size`, `palette`, `shade`, `try_To_Bond`, `obj_Cell_Id`, `origin_X`, `origin_Y`, `origin_Z`, `angles_W`, `angles_X`, `angles_Y`, `angles_Z`)
VALUES (@parent_id,  0,  10 /* Tell */, 1.5, 1, NULL, 'Have you heard about the group trying ot Rebuild Tufa? About time.', NULL, NULL, NULL, NULL, NULL, NULL, NULL, NULL, NULL, NULL, NULL, NULL, NULL, NULL, NULL, NULL, NULL, NULL, NULL, NULL, NULL, NULL, NULL, NULL, NULL, NULL, NULL, NULL, NULL, NULL, NULL, NULL, NULL);

INSERT INTO `weenie_properties_create_list` (`object_Id`, `destination_Type`, `weenie_Class_Id`, `stack_Size`, `palette`, `shade`, `try_To_Bond`)
VALUES (2000274, 2,  2588,  0, 93, 1, False) /* Create Shirt (2588) for Wield */
     , (2000274, 2,  2597,  0, 86, 1, False) /* Create Pants (2597) for Wield */;

DELETE FROM `weenie` WHERE `class_Id` = 2000275;

INSERT INTO `weenie` (`class_Id`, `class_Name`, `type`, `last_Modified`)
VALUES (2000275, 'ace2000275-townfolk', 10, '2019-09-24 03:42:07') /* Creature */;

INSERT INTO `weenie_properties_int` (`object_Id`, `type`, `value`)
VALUES (2000275,   1,         16) /* ItemType - Creature */
     , (2000275,   2,         31) /* CreatureType - Human */
     , (2000275,   6,         -1) /* ItemsCapacity */
     , (2000275,   7,         -1) /* ContainersCapacity */
     , (2000275,   8,        120) /* Mass */
     , (2000275,  16,         32) /* ItemUseable - Remote */
     , (2000275,  25,         15) /* Level */
     , (2000275,  27,          0) /* ArmorType - None */
     , (2000275,  93,    6292504) /* PhysicsState - ReportCollisions, IgnoreCollisions, Gravity, ReportCollisionsAsEnvironment, EdgeSlide */
     , (2000275,  95,          8) /* RadarBlipColor - Yellow */
     , (2000275, 113,          1) /* Gender - Male */
     , (2000275, 133,          4) /* ShowableOnRadar - ShowAlways */
     , (2000275, 134,         16) /* PlayerKillerStatus - RubberGlue */
     , (2000275, 146,        293) /* XpOverride */
     , (2000275, 188,          1) /* HeritageGroup - Aluvian */;

INSERT INTO `weenie_properties_bool` (`object_Id`, `type`, `value`)
VALUES (2000275,   1, True ) /* Stuck */
     , (2000275,   8, True ) /* AllowGive */
     , (2000275,  11, True ) /* IgnoreCollisions */
     , (2000275,  12, True ) /* ReportCollisions */
     , (2000275,  13, False) /* Ethereal */
     , (2000275,  14, True ) /* GravityStatus */
     , (2000275,  19, False) /* Attackable */
     , (2000275,  29, True ) /* NoCorpse */
     , (2000275,  41, True ) /* ReportCollisionsAsEnvironment */
     , (2000275,  42, True ) /* AllowEdgeSlide */
     , (2000275,  52, True ) /* AiImmobile */
     , (2000275,  79, True ) /* AiAcceptEverything */;

INSERT INTO `weenie_properties_float` (`object_Id`, `type`, `value`)
VALUES (2000275,   1,       5) /* HeartbeatInterval */
     , (2000275,   2,       0) /* HeartbeatTimestamp */
     , (2000275,   3, 0.159999996423721) /* HealthRate */
     , (2000275,   4,       5) /* StaminaRate */
     , (2000275,   5,       1) /* ManaRate */
     , (2000275,  13, 0.899999976158142) /* ArmorModVsSlash */
     , (2000275,  14,       1) /* ArmorModVsPierce */
     , (2000275,  15, 1.10000002384186) /* ArmorModVsBludgeon */
     , (2000275,  16, 0.400000005960464) /* ArmorModVsCold */
     , (2000275,  17, 0.400000005960464) /* ArmorModVsFire */
     , (2000275,  18,       1) /* ArmorModVsAcid */
     , (2000275,  19, 0.600000023841858) /* ArmorModVsElectric */
     , (2000275,  54,       3) /* UseRadius */
     , (2000275,  64,       1) /* ResistSlash */
     , (2000275,  65,       1) /* ResistPierce */
     , (2000275,  66,       1) /* ResistBludgeon */
     , (2000275,  67,       1) /* ResistFire */
     , (2000275,  68,       1) /* ResistCold */
     , (2000275,  69,       1) /* ResistAcid */
     , (2000275,  70,       1) /* ResistElectric */
     , (2000275,  71,       1) /* ResistHealthBoost */
     , (2000275,  72,       1) /* ResistStaminaDrain */
     , (2000275,  73,       1) /* ResistStaminaBoost */
     , (2000275,  74,       1) /* ResistManaDrain */
     , (2000275,  75,       1) /* ResistManaBoost */
     , (2000275, 104,      10) /* ObviousRadarRange */
     , (2000275, 125,       1) /* ResistHealthDrain */;

INSERT INTO `weenie_properties_string` (`object_Id`, `type`, `value`)
VALUES (2000275,   1, 'Townfolk') /* Name */
     , (2000275,   3, 'Male') /* Sex */
     , (2000275,   4, 'Aluvian') /* HeritageGroup */;

INSERT INTO `weenie_properties_d_i_d` (`object_Id`, `type`, `value`)
VALUES (2000275,   1,   33554433) /* Setup */
     , (2000275,   2,  150994945) /* MotionTable */
     , (2000275,   3,  536870913) /* SoundTable */
     , (2000275,   4,  805306368) /* CombatTable */
     , (2000275,   6,   67108990) /* PaletteBase */
     , (2000275,   8,  100667446) /* Icon */
     , (2000275,   9,   83890437) /* EyesTexture */
     , (2000275,  10,   83890521) /* NoseTexture */
     , (2000275,  11,   83890627) /* MouthTexture */
     , (2000275,  15,   67116978) /* HairPalette */
     , (2000275,  16,   67109564) /* EyesPalette */
     , (2000275,  17,   67109558) /* SkinPalette */;

INSERT INTO `weenie_properties_attribute` (`object_Id`, `type`, `init_Level`, `level_From_C_P`, `c_P_Spent`)
VALUES (2000275,   1, 110, 0, 0) /* Strength */
     , (2000275,   2, 120, 0, 0) /* Endurance */
     , (2000275,   3, 120, 0, 0) /* Quickness */
     , (2000275,   4, 120, 0, 0) /* Coordination */
     , (2000275,   5, 100, 0, 0) /* Focus */
     , (2000275,   6, 100, 0, 0) /* Self */;

INSERT INTO `weenie_properties_attribute_2nd` (`object_Id`, `type`, `init_Level`, `level_From_C_P`, `c_P_Spent`, `current_Level`)
VALUES (2000275,   1,     0, 0, 0, 60) /* MaxHealth */
     , (2000275,   3,     0, 0, 0, 120) /* MaxStamina */
     , (2000275,   5,     0, 0, 0, 100) /* MaxMana */;

INSERT INTO `weenie_properties_skill` (`object_Id`, `type`, `level_From_P_P`, `s_a_c`, `p_p`, `init_Level`, `resistance_At_Last_Check`, `last_Used_Time`)
VALUES (2000275,  6, 0, 2, 0,   1, 0, 0) /* MeleeDefense        Trained */
     , (2000275,  7, 0, 2, 0,   1, 0, 0) /* MissileDefense      Trained */
     , (2000275, 13, 0, 2, 0,   1, 0, 0) /* UnarmedCombat       Trained */;

INSERT INTO `weenie_properties_body_part` (`object_Id`, `key`, `d_Type`, `d_Val`, `d_Var`, `base_Armor`, `armor_Vs_Slash`, `armor_Vs_Pierce`, `armor_Vs_Bludgeon`, `armor_Vs_Cold`, `armor_Vs_Fire`, `armor_Vs_Acid`, `armor_Vs_Electric`, `armor_Vs_Nether`, `b_h`, `h_l_f`, `m_l_f`, `l_l_f`, `h_r_f`, `m_r_f`, `l_r_f`, `h_l_b`, `m_l_b`, `l_l_b`, `h_r_b`, `m_r_b`, `l_r_b`)
VALUES (2000275,  0,  4,  0,    0,    0,    0,    0,    0,    0,    0,    0,    0,    0, 1, 0.33,    0,    0, 0.33,    0,    0, 0.33,    0,    0, 0.33,    0,    0) /* Head */
     , (2000275,  1,  4,  0,    0,    0,    0,    0,    0,    0,    0,    0,    0,    0, 2, 0.44, 0.17,    0, 0.44, 0.17,    0, 0.44, 0.17,    0, 0.44, 0.17,    0) /* Chest */
     , (2000275,  2,  4,  0,    0,    0,    0,    0,    0,    0,    0,    0,    0,    0, 3,    0, 0.17,    0,    0, 0.17,    0,    0, 0.17,    0,    0, 0.17,    0) /* Abdomen */
     , (2000275,  3,  4,  0,    0,    0,    0,    0,    0,    0,    0,    0,    0,    0, 1, 0.23, 0.03,    0, 0.23, 0.03,    0, 0.23, 0.03,    0, 0.23, 0.03,    0) /* UpperArm */
     , (2000275,  4,  4,  0,    0,    0,    0,    0,    0,    0,    0,    0,    0,    0, 2,    0,  0.3,    0,    0,  0.3,    0,    0,  0.3,    0,    0,  0.3,    0) /* LowerArm */
     , (2000275,  5,  4,  2, 0.75,    0,    0,    0,    0,    0,    0,    0,    0,    0, 2,    0,  0.2,    0,    0,  0.2,    0,    0,  0.2,    0,    0,  0.2,    0) /* Hand */
     , (2000275,  6,  4,  0,    0,    0,    0,    0,    0,    0,    0,    0,    0,    0, 3,    0, 0.13, 0.18,    0, 0.13, 0.18,    0, 0.13, 0.18,    0, 0.13, 0.18) /* UpperLeg */
     , (2000275,  7,  4,  0,    0,    0,    0,    0,    0,    0,    0,    0,    0,    0, 3,    0,    0,  0.6,    0,    0,  0.6,    0,    0,  0.6,    0,    0,  0.6) /* LowerLeg */
     , (2000275,  8,  4,  2, 0.75,    0,    0,    0,    0,    0,    0,    0,    0,    0, 3,    0,    0, 0.22,    0,    0, 0.22,    0,    0, 0.22,    0,    0, 0.22) /* Foot */;

INSERT INTO `weenie_properties_emote` (`object_Id`, `category`, `probability`, `weenie_Class_Id`, `style`, `substyle`, `quest`, `vendor_Type`, `min_Health`, `max_Health`)
VALUES (2000275,  7 /* Use */,      1, NULL, NULL, NULL, NULL, NULL, NULL, NULL);

SET @parent_id = LAST_INSERT_ID();

INSERT INTO `weenie_properties_emote_action` (`emote_Id`, `order`, `type`, `delay`, `extent`, `motion`, `message`, `test_String`, `min`, `max`, `min_64`, `max_64`, `min_Dbl`, `max_Dbl`, `stat`, `display`, `amount`, `amount_64`, `hero_X_P_64`, `percent`, `spell_Id`, `wealth_Rating`, `treasure_Class`, `treasure_Type`, `p_Script`, `sound`, `destination_Type`, `weenie_Class_Id`, `stack_Size`, `palette`, `shade`, `try_To_Bond`, `obj_Cell_Id`, `origin_X`, `origin_Y`, `origin_Z`, `angles_W`, `angles_X`, `angles_Y`, `angles_Z`)
VALUES (@parent_id,  0,  10 /* Tell */, 1.5, 1, NULL, 'I did not think this town was as dangerous as the stories.', NULL, NULL, NULL, NULL, NULL, NULL, NULL, NULL, NULL, NULL, NULL, NULL, NULL, NULL, NULL, NULL, NULL, NULL, NULL, NULL, NULL, NULL, NULL, NULL, NULL, NULL, NULL, NULL, NULL, NULL, NULL, NULL, NULL);

INSERT INTO `weenie_properties_create_list` (`object_Id`, `destination_Type`, `weenie_Class_Id`, `stack_Size`, `palette`, `shade`, `try_To_Bond`)
VALUES (2000275, 2,  5853,  0, 91, 1, False) /* Create Dho Vest and Robe (5853) for Wield */
     , (2000275, 2,  2597,  0, 5, 1, False) /* Create Pants (2597) for Wield */;

DELETE FROM `weenie` WHERE `class_Id` = 2000276;

INSERT INTO `weenie` (`class_Id`, `class_Name`, `type`, `last_Modified`)
VALUES (2000276, 'ace2000276-townfolk', 10, '2019-09-24 03:42:08') /* Creature */;

INSERT INTO `weenie_properties_int` (`object_Id`, `type`, `value`)
VALUES (2000276,   1,         16) /* ItemType - Creature */
     , (2000276,   2,         31) /* CreatureType - Human */
     , (2000276,   6,         -1) /* ItemsCapacity */
     , (2000276,   7,         -1) /* ContainersCapacity */
     , (2000276,   8,        120) /* Mass */
     , (2000276,  16,         32) /* ItemUseable - Remote */
     , (2000276,  25,         15) /* Level */
     , (2000276,  27,          0) /* ArmorType - None */
     , (2000276,  93,    6292504) /* PhysicsState - ReportCollisions, IgnoreCollisions, Gravity, ReportCollisionsAsEnvironment, EdgeSlide */
     , (2000276,  95,          8) /* RadarBlipColor - Yellow */
     , (2000276, 113,          1) /* Gender - Male */
     , (2000276, 133,          4) /* ShowableOnRadar - ShowAlways */
     , (2000276, 134,         16) /* PlayerKillerStatus - RubberGlue */
     , (2000276, 146,        293) /* XpOverride */
     , (2000276, 188,          1) /* HeritageGroup - Aluvian */;

INSERT INTO `weenie_properties_bool` (`object_Id`, `type`, `value`)
VALUES (2000276,   1, True ) /* Stuck */
     , (2000276,   8, True ) /* AllowGive */
     , (2000276,  11, True ) /* IgnoreCollisions */
     , (2000276,  12, True ) /* ReportCollisions */
     , (2000276,  13, False) /* Ethereal */
     , (2000276,  14, True ) /* GravityStatus */
     , (2000276,  19, False) /* Attackable */
     , (2000276,  29, True ) /* NoCorpse */
     , (2000276,  41, True ) /* ReportCollisionsAsEnvironment */
     , (2000276,  42, True ) /* AllowEdgeSlide */
     , (2000276,  52, True ) /* AiImmobile */
     , (2000276,  79, True ) /* AiAcceptEverything */;

INSERT INTO `weenie_properties_float` (`object_Id`, `type`, `value`)
VALUES (2000276,   1,       5) /* HeartbeatInterval */
     , (2000276,   2,       0) /* HeartbeatTimestamp */
     , (2000276,   3, 0.159999996423721) /* HealthRate */
     , (2000276,   4,       5) /* StaminaRate */
     , (2000276,   5,       1) /* ManaRate */
     , (2000276,  13, 0.899999976158142) /* ArmorModVsSlash */
     , (2000276,  14,       1) /* ArmorModVsPierce */
     , (2000276,  15, 1.10000002384186) /* ArmorModVsBludgeon */
     , (2000276,  16, 0.400000005960464) /* ArmorModVsCold */
     , (2000276,  17, 0.400000005960464) /* ArmorModVsFire */
     , (2000276,  18,       1) /* ArmorModVsAcid */
     , (2000276,  19, 0.600000023841858) /* ArmorModVsElectric */
     , (2000276,  54,       3) /* UseRadius */
     , (2000276,  64,       1) /* ResistSlash */
     , (2000276,  65,       1) /* ResistPierce */
     , (2000276,  66,       1) /* ResistBludgeon */
     , (2000276,  67,       1) /* ResistFire */
     , (2000276,  68,       1) /* ResistCold */
     , (2000276,  69,       1) /* ResistAcid */
     , (2000276,  70,       1) /* ResistElectric */
     , (2000276,  71,       1) /* ResistHealthBoost */
     , (2000276,  72,       1) /* ResistStaminaDrain */
     , (2000276,  73,       1) /* ResistStaminaBoost */
     , (2000276,  74,       1) /* ResistManaDrain */
     , (2000276,  75,       1) /* ResistManaBoost */
     , (2000276, 104,      10) /* ObviousRadarRange */
     , (2000276, 125,       1) /* ResistHealthDrain */;

INSERT INTO `weenie_properties_string` (`object_Id`, `type`, `value`)
VALUES (2000276,   1, 'Townfolk') /* Name */
     , (2000276,   3, 'Male') /* Sex */
     , (2000276,   4, 'Aluvian') /* HeritageGroup */;

INSERT INTO `weenie_properties_d_i_d` (`object_Id`, `type`, `value`)
VALUES (2000276,   1,   33554433) /* Setup */
     , (2000276,   2,  150994945) /* MotionTable */
     , (2000276,   3,  536870913) /* SoundTable */
     , (2000276,   4,  805306368) /* CombatTable */
     , (2000276,   6,   67108990) /* PaletteBase */
     , (2000276,   8,  100667446) /* Icon */
     , (2000276,   9,   83890437) /* EyesTexture */
     , (2000276,  10,   83890521) /* NoseTexture */
     , (2000276,  11,   83890627) /* MouthTexture */
     , (2000276,  15,   67116978) /* HairPalette */
     , (2000276,  16,   67109564) /* EyesPalette */
     , (2000276,  17,   67109558) /* SkinPalette */;

INSERT INTO `weenie_properties_attribute` (`object_Id`, `type`, `init_Level`, `level_From_C_P`, `c_P_Spent`)
VALUES (2000276,   1, 110, 0, 0) /* Strength */
     , (2000276,   2, 120, 0, 0) /* Endurance */
     , (2000276,   3, 120, 0, 0) /* Quickness */
     , (2000276,   4, 120, 0, 0) /* Coordination */
     , (2000276,   5, 100, 0, 0) /* Focus */
     , (2000276,   6, 100, 0, 0) /* Self */;

INSERT INTO `weenie_properties_attribute_2nd` (`object_Id`, `type`, `init_Level`, `level_From_C_P`, `c_P_Spent`, `current_Level`)
VALUES (2000276,   1,     0, 0, 0, 60) /* MaxHealth */
     , (2000276,   3,     0, 0, 0, 120) /* MaxStamina */
     , (2000276,   5,     0, 0, 0, 100) /* MaxMana */;

INSERT INTO `weenie_properties_skill` (`object_Id`, `type`, `level_From_P_P`, `s_a_c`, `p_p`, `init_Level`, `resistance_At_Last_Check`, `last_Used_Time`)
VALUES (2000276,  6, 0, 2, 0,   1, 0, 0) /* MeleeDefense        Trained */
     , (2000276,  7, 0, 2, 0,   1, 0, 0) /* MissileDefense      Trained */
     , (2000276, 13, 0, 2, 0,   1, 0, 0) /* UnarmedCombat       Trained */;

INSERT INTO `weenie_properties_body_part` (`object_Id`, `key`, `d_Type`, `d_Val`, `d_Var`, `base_Armor`, `armor_Vs_Slash`, `armor_Vs_Pierce`, `armor_Vs_Bludgeon`, `armor_Vs_Cold`, `armor_Vs_Fire`, `armor_Vs_Acid`, `armor_Vs_Electric`, `armor_Vs_Nether`, `b_h`, `h_l_f`, `m_l_f`, `l_l_f`, `h_r_f`, `m_r_f`, `l_r_f`, `h_l_b`, `m_l_b`, `l_l_b`, `h_r_b`, `m_r_b`, `l_r_b`)
VALUES (2000276,  0,  4,  0,    0,    0,    0,    0,    0,    0,    0,    0,    0,    0, 1, 0.33,    0,    0, 0.33,    0,    0, 0.33,    0,    0, 0.33,    0,    0) /* Head */
     , (2000276,  1,  4,  0,    0,    0,    0,    0,    0,    0,    0,    0,    0,    0, 2, 0.44, 0.17,    0, 0.44, 0.17,    0, 0.44, 0.17,    0, 0.44, 0.17,    0) /* Chest */
     , (2000276,  2,  4,  0,    0,    0,    0,    0,    0,    0,    0,    0,    0,    0, 3,    0, 0.17,    0,    0, 0.17,    0,    0, 0.17,    0,    0, 0.17,    0) /* Abdomen */
     , (2000276,  3,  4,  0,    0,    0,    0,    0,    0,    0,    0,    0,    0,    0, 1, 0.23, 0.03,    0, 0.23, 0.03,    0, 0.23, 0.03,    0, 0.23, 0.03,    0) /* UpperArm */
     , (2000276,  4,  4,  0,    0,    0,    0,    0,    0,    0,    0,    0,    0,    0, 2,    0,  0.3,    0,    0,  0.3,    0,    0,  0.3,    0,    0,  0.3,    0) /* LowerArm */
     , (2000276,  5,  4,  2, 0.75,    0,    0,    0,    0,    0,    0,    0,    0,    0, 2,    0,  0.2,    0,    0,  0.2,    0,    0,  0.2,    0,    0,  0.2,    0) /* Hand */
     , (2000276,  6,  4,  0,    0,    0,    0,    0,    0,    0,    0,    0,    0,    0, 3,    0, 0.13, 0.18,    0, 0.13, 0.18,    0, 0.13, 0.18,    0, 0.13, 0.18) /* UpperLeg */
     , (2000276,  7,  4,  0,    0,    0,    0,    0,    0,    0,    0,    0,    0,    0, 3,    0,    0,  0.6,    0,    0,  0.6,    0,    0,  0.6,    0,    0,  0.6) /* LowerLeg */
     , (2000276,  8,  4,  2, 0.75,    0,    0,    0,    0,    0,    0,    0,    0,    0, 3,    0,    0, 0.22,    0,    0, 0.22,    0,    0, 0.22,    0,    0, 0.22) /* Foot */;

INSERT INTO `weenie_properties_emote` (`object_Id`, `category`, `probability`, `weenie_Class_Id`, `style`, `substyle`, `quest`, `vendor_Type`, `min_Health`, `max_Health`)
VALUES (2000276,  7 /* Use */,      1, NULL, NULL, NULL, NULL, NULL, NULL, NULL);

SET @parent_id = LAST_INSERT_ID();

INSERT INTO `weenie_properties_emote_action` (`emote_Id`, `order`, `type`, `delay`, `extent`, `motion`, `message`, `test_String`, `min`, `max`, `min_64`, `max_64`, `min_Dbl`, `max_Dbl`, `stat`, `display`, `amount`, `amount_64`, `hero_X_P_64`, `percent`, `spell_Id`, `wealth_Rating`, `treasure_Class`, `treasure_Type`, `p_Script`, `sound`, `destination_Type`, `weenie_Class_Id`, `stack_Size`, `palette`, `shade`, `try_To_Bond`, `obj_Cell_Id`, `origin_X`, `origin_Y`, `origin_Z`, `angles_W`, `angles_X`, `angles_Y`, `angles_Z`)
VALUES (@parent_id,  0,  10 /* Tell */, 1.5, 1, NULL, 'My stupid friend always gets me into so much trouble.', NULL, NULL, NULL, NULL, NULL, NULL, NULL, NULL, NULL, NULL, NULL, NULL, NULL, NULL, NULL, NULL, NULL, NULL, NULL, NULL, NULL, NULL, NULL, NULL, NULL, NULL, NULL, NULL, NULL, NULL, NULL, NULL, NULL);

INSERT INTO `weenie_properties_create_list` (`object_Id`, `destination_Type`, `weenie_Class_Id`, `stack_Size`, `palette`, `shade`, `try_To_Bond`)
VALUES (2000276, 2,  2588,  0, 5, 1, False) /* Create Shirt (2588) for Wield */
     , (2000276, 2,  2597,  0, 5, 1, False) /* Create Pants (2597) for Wield */;

DELETE FROM `weenie` WHERE `class_Id` = 2000277;

INSERT INTO `weenie` (`class_Id`, `class_Name`, `type`, `last_Modified`)
VALUES (2000277, 'ace2000277-townfolk', 10, '2019-09-24 03:42:09') /* Creature */;

INSERT INTO `weenie_properties_int` (`object_Id`, `type`, `value`)
VALUES (2000277,   1,         16) /* ItemType - Creature */
     , (2000277,   2,         31) /* CreatureType - Human */
     , (2000277,   6,         -1) /* ItemsCapacity */
     , (2000277,   7,         -1) /* ContainersCapacity */
     , (2000277,   8,        120) /* Mass */
     , (2000277,  16,         32) /* ItemUseable - Remote */
     , (2000277,  25,         15) /* Level */
     , (2000277,  27,          0) /* ArmorType - None */
     , (2000277,  93,    6292504) /* PhysicsState - ReportCollisions, IgnoreCollisions, Gravity, ReportCollisionsAsEnvironment, EdgeSlide */
     , (2000277,  95,          8) /* RadarBlipColor - Yellow */
     , (2000277, 113,          1) /* Gender - Male */
     , (2000277, 133,          4) /* ShowableOnRadar - ShowAlways */
     , (2000277, 134,         16) /* PlayerKillerStatus - RubberGlue */
     , (2000277, 146,        293) /* XpOverride */
     , (2000277, 188,          1) /* HeritageGroup - Aluvian */;

INSERT INTO `weenie_properties_bool` (`object_Id`, `type`, `value`)
VALUES (2000277,   1, True ) /* Stuck */
     , (2000277,   8, True ) /* AllowGive */
     , (2000277,  11, True ) /* IgnoreCollisions */
     , (2000277,  12, True ) /* ReportCollisions */
     , (2000277,  13, False) /* Ethereal */
     , (2000277,  14, True ) /* GravityStatus */
     , (2000277,  19, False) /* Attackable */
     , (2000277,  29, True ) /* NoCorpse */
     , (2000277,  41, True ) /* ReportCollisionsAsEnvironment */
     , (2000277,  42, True ) /* AllowEdgeSlide */
     , (2000277,  52, True ) /* AiImmobile */
     , (2000277,  79, True ) /* AiAcceptEverything */;

INSERT INTO `weenie_properties_float` (`object_Id`, `type`, `value`)
VALUES (2000277,   1,       5) /* HeartbeatInterval */
     , (2000277,   2,       0) /* HeartbeatTimestamp */
     , (2000277,   3, 0.159999996423721) /* HealthRate */
     , (2000277,   4,       5) /* StaminaRate */
     , (2000277,   5,       1) /* ManaRate */
     , (2000277,  13, 0.899999976158142) /* ArmorModVsSlash */
     , (2000277,  14,       1) /* ArmorModVsPierce */
     , (2000277,  15, 1.10000002384186) /* ArmorModVsBludgeon */
     , (2000277,  16, 0.400000005960464) /* ArmorModVsCold */
     , (2000277,  17, 0.400000005960464) /* ArmorModVsFire */
     , (2000277,  18,       1) /* ArmorModVsAcid */
     , (2000277,  19, 0.600000023841858) /* ArmorModVsElectric */
     , (2000277,  54,       3) /* UseRadius */
     , (2000277,  64,       1) /* ResistSlash */
     , (2000277,  65,       1) /* ResistPierce */
     , (2000277,  66,       1) /* ResistBludgeon */
     , (2000277,  67,       1) /* ResistFire */
     , (2000277,  68,       1) /* ResistCold */
     , (2000277,  69,       1) /* ResistAcid */
     , (2000277,  70,       1) /* ResistElectric */
     , (2000277,  71,       1) /* ResistHealthBoost */
     , (2000277,  72,       1) /* ResistStaminaDrain */
     , (2000277,  73,       1) /* ResistStaminaBoost */
     , (2000277,  74,       1) /* ResistManaDrain */
     , (2000277,  75,       1) /* ResistManaBoost */
     , (2000277, 104,      10) /* ObviousRadarRange */
     , (2000277, 125,       1) /* ResistHealthDrain */;

INSERT INTO `weenie_properties_string` (`object_Id`, `type`, `value`)
VALUES (2000277,   1, 'Townfolk') /* Name */
     , (2000277,   3, 'Male') /* Sex */
     , (2000277,   4, 'Aluvian') /* HeritageGroup */;

INSERT INTO `weenie_properties_d_i_d` (`object_Id`, `type`, `value`)
VALUES (2000277,   1,   33554433) /* Setup */
     , (2000277,   2,  150994945) /* MotionTable */
     , (2000277,   3,  536870913) /* SoundTable */
     , (2000277,   4,  805306368) /* CombatTable */
     , (2000277,   6,   67108990) /* PaletteBase */
     , (2000277,   8,  100667446) /* Icon */
     , (2000277,   9,   83890437) /* EyesTexture */
     , (2000277,  10,   83890521) /* NoseTexture */
     , (2000277,  11,   83890627) /* MouthTexture */
     , (2000277,  15,   67116978) /* HairPalette */
     , (2000277,  16,   67109564) /* EyesPalette */
     , (2000277,  17,   67109558) /* SkinPalette */;

INSERT INTO `weenie_properties_attribute` (`object_Id`, `type`, `init_Level`, `level_From_C_P`, `c_P_Spent`)
VALUES (2000277,   1, 110, 0, 0) /* Strength */
     , (2000277,   2, 120, 0, 0) /* Endurance */
     , (2000277,   3, 120, 0, 0) /* Quickness */
     , (2000277,   4, 120, 0, 0) /* Coordination */
     , (2000277,   5, 100, 0, 0) /* Focus */
     , (2000277,   6, 100, 0, 0) /* Self */;

INSERT INTO `weenie_properties_attribute_2nd` (`object_Id`, `type`, `init_Level`, `level_From_C_P`, `c_P_Spent`, `current_Level`)
VALUES (2000277,   1,     0, 0, 0, 60) /* MaxHealth */
     , (2000277,   3,     0, 0, 0, 120) /* MaxStamina */
     , (2000277,   5,     0, 0, 0, 100) /* MaxMana */;

INSERT INTO `weenie_properties_skill` (`object_Id`, `type`, `level_From_P_P`, `s_a_c`, `p_p`, `init_Level`, `resistance_At_Last_Check`, `last_Used_Time`)
VALUES (2000277,  6, 0, 2, 0,   1, 0, 0) /* MeleeDefense        Trained */
     , (2000277,  7, 0, 2, 0,   1, 0, 0) /* MissileDefense      Trained */
     , (2000277, 13, 0, 2, 0,   1, 0, 0) /* UnarmedCombat       Trained */;

INSERT INTO `weenie_properties_body_part` (`object_Id`, `key`, `d_Type`, `d_Val`, `d_Var`, `base_Armor`, `armor_Vs_Slash`, `armor_Vs_Pierce`, `armor_Vs_Bludgeon`, `armor_Vs_Cold`, `armor_Vs_Fire`, `armor_Vs_Acid`, `armor_Vs_Electric`, `armor_Vs_Nether`, `b_h`, `h_l_f`, `m_l_f`, `l_l_f`, `h_r_f`, `m_r_f`, `l_r_f`, `h_l_b`, `m_l_b`, `l_l_b`, `h_r_b`, `m_r_b`, `l_r_b`)
VALUES (2000277,  0,  4,  0,    0,    0,    0,    0,    0,    0,    0,    0,    0,    0, 1, 0.33,    0,    0, 0.33,    0,    0, 0.33,    0,    0, 0.33,    0,    0) /* Head */
     , (2000277,  1,  4,  0,    0,    0,    0,    0,    0,    0,    0,    0,    0,    0, 2, 0.44, 0.17,    0, 0.44, 0.17,    0, 0.44, 0.17,    0, 0.44, 0.17,    0) /* Chest */
     , (2000277,  2,  4,  0,    0,    0,    0,    0,    0,    0,    0,    0,    0,    0, 3,    0, 0.17,    0,    0, 0.17,    0,    0, 0.17,    0,    0, 0.17,    0) /* Abdomen */
     , (2000277,  3,  4,  0,    0,    0,    0,    0,    0,    0,    0,    0,    0,    0, 1, 0.23, 0.03,    0, 0.23, 0.03,    0, 0.23, 0.03,    0, 0.23, 0.03,    0) /* UpperArm */
     , (2000277,  4,  4,  0,    0,    0,    0,    0,    0,    0,    0,    0,    0,    0, 2,    0,  0.3,    0,    0,  0.3,    0,    0,  0.3,    0,    0,  0.3,    0) /* LowerArm */
     , (2000277,  5,  4,  2, 0.75,    0,    0,    0,    0,    0,    0,    0,    0,    0, 2,    0,  0.2,    0,    0,  0.2,    0,    0,  0.2,    0,    0,  0.2,    0) /* Hand */
     , (2000277,  6,  4,  0,    0,    0,    0,    0,    0,    0,    0,    0,    0,    0, 3,    0, 0.13, 0.18,    0, 0.13, 0.18,    0, 0.13, 0.18,    0, 0.13, 0.18) /* UpperLeg */
     , (2000277,  7,  4,  0,    0,    0,    0,    0,    0,    0,    0,    0,    0,    0, 3,    0,    0,  0.6,    0,    0,  0.6,    0,    0,  0.6,    0,    0,  0.6) /* LowerLeg */
     , (2000277,  8,  4,  2, 0.75,    0,    0,    0,    0,    0,    0,    0,    0,    0, 3,    0,    0, 0.22,    0,    0, 0.22,    0,    0, 0.22,    0,    0, 0.22) /* Foot */;

INSERT INTO `weenie_properties_emote` (`object_Id`, `category`, `probability`, `weenie_Class_Id`, `style`, `substyle`, `quest`, `vendor_Type`, `min_Health`, `max_Health`)
VALUES (2000277,  7 /* Use */,      1, NULL, NULL, NULL, NULL, NULL, NULL, NULL);

SET @parent_id = LAST_INSERT_ID();

INSERT INTO `weenie_properties_emote_action` (`emote_Id`, `order`, `type`, `delay`, `extent`, `motion`, `message`, `test_String`, `min`, `max`, `min_64`, `max_64`, `min_Dbl`, `max_Dbl`, `stat`, `display`, `amount`, `amount_64`, `hero_X_P_64`, `percent`, `spell_Id`, `wealth_Rating`, `treasure_Class`, `treasure_Type`, `p_Script`, `sound`, `destination_Type`, `weenie_Class_Id`, `stack_Size`, `palette`, `shade`, `try_To_Bond`, `obj_Cell_Id`, `origin_X`, `origin_Y`, `origin_Z`, `angles_W`, `angles_X`, `angles_Y`, `angles_Z`)
VALUES (@parent_id,  0,  10 /* Tell */, 1.5, 1, NULL, 'I yearn for the day Yanshi becomes a major Hub again.', NULL, NULL, NULL, NULL, NULL, NULL, NULL, NULL, NULL, NULL, NULL, NULL, NULL, NULL, NULL, NULL, NULL, NULL, NULL, NULL, NULL, NULL, NULL, NULL, NULL, NULL, NULL, NULL, NULL, NULL, NULL, NULL, NULL);

INSERT INTO `weenie_properties_create_list` (`object_Id`, `destination_Type`, `weenie_Class_Id`, `stack_Size`, `palette`, `shade`, `try_To_Bond`)
VALUES (2000277, 2,  2588,  0, 90, 1, False) /* Create Shirt (2588) for Wield */
     , (2000277, 2,  2597,  0, 87, 1, False) /* Create Pants (2597) for Wield */;

DELETE FROM `weenie` WHERE `class_Id` = 2000278;

INSERT INTO `weenie` (`class_Id`, `class_Name`, `type`, `last_Modified`)
VALUES (2000278, 'ace2000278-townfolk', 10, '2019-09-24 03:42:11') /* Creature */;

INSERT INTO `weenie_properties_int` (`object_Id`, `type`, `value`)
VALUES (2000278,   1,         16) /* ItemType - Creature */
     , (2000278,   2,         31) /* CreatureType - Human */
     , (2000278,   6,         -1) /* ItemsCapacity */
     , (2000278,   7,         -1) /* ContainersCapacity */
     , (2000278,   8,        120) /* Mass */
     , (2000278,  16,         32) /* ItemUseable - Remote */
     , (2000278,  25,         15) /* Level */
     , (2000278,  27,          0) /* ArmorType - None */
     , (2000278,  93,    6292504) /* PhysicsState - ReportCollisions, IgnoreCollisions, Gravity, ReportCollisionsAsEnvironment, EdgeSlide */
     , (2000278,  95,          8) /* RadarBlipColor - Yellow */
     , (2000278, 113,          1) /* Gender - Male */
     , (2000278, 133,          4) /* ShowableOnRadar - ShowAlways */
     , (2000278, 134,         16) /* PlayerKillerStatus - RubberGlue */
     , (2000278, 146,        293) /* XpOverride */
     , (2000278, 188,          1) /* HeritageGroup - Aluvian */;

INSERT INTO `weenie_properties_bool` (`object_Id`, `type`, `value`)
VALUES (2000278,   1, True ) /* Stuck */
     , (2000278,   8, True ) /* AllowGive */
     , (2000278,  11, True ) /* IgnoreCollisions */
     , (2000278,  12, True ) /* ReportCollisions */
     , (2000278,  13, False) /* Ethereal */
     , (2000278,  14, True ) /* GravityStatus */
     , (2000278,  19, False) /* Attackable */
     , (2000278,  29, True ) /* NoCorpse */
     , (2000278,  41, True ) /* ReportCollisionsAsEnvironment */
     , (2000278,  42, True ) /* AllowEdgeSlide */
     , (2000278,  52, True ) /* AiImmobile */
     , (2000278,  79, True ) /* AiAcceptEverything */;

INSERT INTO `weenie_properties_float` (`object_Id`, `type`, `value`)
VALUES (2000278,   1,       5) /* HeartbeatInterval */
     , (2000278,   2,       0) /* HeartbeatTimestamp */
     , (2000278,   3, 0.159999996423721) /* HealthRate */
     , (2000278,   4,       5) /* StaminaRate */
     , (2000278,   5,       1) /* ManaRate */
     , (2000278,  13, 0.899999976158142) /* ArmorModVsSlash */
     , (2000278,  14,       1) /* ArmorModVsPierce */
     , (2000278,  15, 1.10000002384186) /* ArmorModVsBludgeon */
     , (2000278,  16, 0.400000005960464) /* ArmorModVsCold */
     , (2000278,  17, 0.400000005960464) /* ArmorModVsFire */
     , (2000278,  18,       1) /* ArmorModVsAcid */
     , (2000278,  19, 0.600000023841858) /* ArmorModVsElectric */
     , (2000278,  54,       3) /* UseRadius */
     , (2000278,  64,       1) /* ResistSlash */
     , (2000278,  65,       1) /* ResistPierce */
     , (2000278,  66,       1) /* ResistBludgeon */
     , (2000278,  67,       1) /* ResistFire */
     , (2000278,  68,       1) /* ResistCold */
     , (2000278,  69,       1) /* ResistAcid */
     , (2000278,  70,       1) /* ResistElectric */
     , (2000278,  71,       1) /* ResistHealthBoost */
     , (2000278,  72,       1) /* ResistStaminaDrain */
     , (2000278,  73,       1) /* ResistStaminaBoost */
     , (2000278,  74,       1) /* ResistManaDrain */
     , (2000278,  75,       1) /* ResistManaBoost */
     , (2000278, 104,      10) /* ObviousRadarRange */
     , (2000278, 125,       1) /* ResistHealthDrain */;

INSERT INTO `weenie_properties_string` (`object_Id`, `type`, `value`)
VALUES (2000278,   1, 'Townfolk') /* Name */
     , (2000278,   3, 'Male') /* Sex */
     , (2000278,   4, 'Aluvian') /* HeritageGroup */;

INSERT INTO `weenie_properties_d_i_d` (`object_Id`, `type`, `value`)
VALUES (2000278,   1,   33554433) /* Setup */
     , (2000278,   2,  150994945) /* MotionTable */
     , (2000278,   3,  536870913) /* SoundTable */
     , (2000278,   4,  805306368) /* CombatTable */
     , (2000278,   6,   67108990) /* PaletteBase */
     , (2000278,   8,  100667446) /* Icon */
     , (2000278,   9,   83890437) /* EyesTexture */
     , (2000278,  10,   83890521) /* NoseTexture */
     , (2000278,  11,   83890627) /* MouthTexture */
     , (2000278,  15,   67116978) /* HairPalette */
     , (2000278,  16,   67109564) /* EyesPalette */
     , (2000278,  17,   67109558) /* SkinPalette */;

INSERT INTO `weenie_properties_attribute` (`object_Id`, `type`, `init_Level`, `level_From_C_P`, `c_P_Spent`)
VALUES (2000278,   1, 110, 0, 0) /* Strength */
     , (2000278,   2, 120, 0, 0) /* Endurance */
     , (2000278,   3, 120, 0, 0) /* Quickness */
     , (2000278,   4, 120, 0, 0) /* Coordination */
     , (2000278,   5, 100, 0, 0) /* Focus */
     , (2000278,   6, 100, 0, 0) /* Self */;

INSERT INTO `weenie_properties_attribute_2nd` (`object_Id`, `type`, `init_Level`, `level_From_C_P`, `c_P_Spent`, `current_Level`)
VALUES (2000278,   1,     0, 0, 0, 60) /* MaxHealth */
     , (2000278,   3,     0, 0, 0, 120) /* MaxStamina */
     , (2000278,   5,     0, 0, 0, 100) /* MaxMana */;

INSERT INTO `weenie_properties_skill` (`object_Id`, `type`, `level_From_P_P`, `s_a_c`, `p_p`, `init_Level`, `resistance_At_Last_Check`, `last_Used_Time`)
VALUES (2000278,  6, 0, 2, 0,   1, 0, 0) /* MeleeDefense        Trained */
     , (2000278,  7, 0, 2, 0,   1, 0, 0) /* MissileDefense      Trained */
     , (2000278, 13, 0, 2, 0,   1, 0, 0) /* UnarmedCombat       Trained */;

INSERT INTO `weenie_properties_body_part` (`object_Id`, `key`, `d_Type`, `d_Val`, `d_Var`, `base_Armor`, `armor_Vs_Slash`, `armor_Vs_Pierce`, `armor_Vs_Bludgeon`, `armor_Vs_Cold`, `armor_Vs_Fire`, `armor_Vs_Acid`, `armor_Vs_Electric`, `armor_Vs_Nether`, `b_h`, `h_l_f`, `m_l_f`, `l_l_f`, `h_r_f`, `m_r_f`, `l_r_f`, `h_l_b`, `m_l_b`, `l_l_b`, `h_r_b`, `m_r_b`, `l_r_b`)
VALUES (2000278,  0,  4,  0,    0,    0,    0,    0,    0,    0,    0,    0,    0,    0, 1, 0.33,    0,    0, 0.33,    0,    0, 0.33,    0,    0, 0.33,    0,    0) /* Head */
     , (2000278,  1,  4,  0,    0,    0,    0,    0,    0,    0,    0,    0,    0,    0, 2, 0.44, 0.17,    0, 0.44, 0.17,    0, 0.44, 0.17,    0, 0.44, 0.17,    0) /* Chest */
     , (2000278,  2,  4,  0,    0,    0,    0,    0,    0,    0,    0,    0,    0,    0, 3,    0, 0.17,    0,    0, 0.17,    0,    0, 0.17,    0,    0, 0.17,    0) /* Abdomen */
     , (2000278,  3,  4,  0,    0,    0,    0,    0,    0,    0,    0,    0,    0,    0, 1, 0.23, 0.03,    0, 0.23, 0.03,    0, 0.23, 0.03,    0, 0.23, 0.03,    0) /* UpperArm */
     , (2000278,  4,  4,  0,    0,    0,    0,    0,    0,    0,    0,    0,    0,    0, 2,    0,  0.3,    0,    0,  0.3,    0,    0,  0.3,    0,    0,  0.3,    0) /* LowerArm */
     , (2000278,  5,  4,  2, 0.75,    0,    0,    0,    0,    0,    0,    0,    0,    0, 2,    0,  0.2,    0,    0,  0.2,    0,    0,  0.2,    0,    0,  0.2,    0) /* Hand */
     , (2000278,  6,  4,  0,    0,    0,    0,    0,    0,    0,    0,    0,    0,    0, 3,    0, 0.13, 0.18,    0, 0.13, 0.18,    0, 0.13, 0.18,    0, 0.13, 0.18) /* UpperLeg */
     , (2000278,  7,  4,  0,    0,    0,    0,    0,    0,    0,    0,    0,    0,    0, 3,    0,    0,  0.6,    0,    0,  0.6,    0,    0,  0.6,    0,    0,  0.6) /* LowerLeg */
     , (2000278,  8,  4,  2, 0.75,    0,    0,    0,    0,    0,    0,    0,    0,    0, 3,    0,    0, 0.22,    0,    0, 0.22,    0,    0, 0.22,    0,    0, 0.22) /* Foot */;

INSERT INTO `weenie_properties_emote` (`object_Id`, `category`, `probability`, `weenie_Class_Id`, `style`, `substyle`, `quest`, `vendor_Type`, `min_Health`, `max_Health`)
VALUES (2000278,  7 /* Use */,      1, NULL, NULL, NULL, NULL, NULL, NULL, NULL);

SET @parent_id = LAST_INSERT_ID();

INSERT INTO `weenie_properties_emote_action` (`emote_Id`, `order`, `type`, `delay`, `extent`, `motion`, `message`, `test_String`, `min`, `max`, `min_64`, `max_64`, `min_Dbl`, `max_Dbl`, `stat`, `display`, `amount`, `amount_64`, `hero_X_P_64`, `percent`, `spell_Id`, `wealth_Rating`, `treasure_Class`, `treasure_Type`, `p_Script`, `sound`, `destination_Type`, `weenie_Class_Id`, `stack_Size`, `palette`, `shade`, `try_To_Bond`, `obj_Cell_Id`, `origin_X`, `origin_Y`, `origin_Z`, `angles_W`, `angles_X`, `angles_Y`, `angles_Z`)
VALUES (@parent_id,  0,  10 /* Tell */, 1.5, 1, NULL, 'You hear about the Olthoi attacking Lytelthorpe?', NULL, NULL, NULL, NULL, NULL, NULL, NULL, NULL, NULL, NULL, NULL, NULL, NULL, NULL, NULL, NULL, NULL, NULL, NULL, NULL, NULL, NULL, NULL, NULL, NULL, NULL, NULL, NULL, NULL, NULL, NULL, NULL, NULL);

INSERT INTO `weenie_properties_create_list` (`object_Id`, `destination_Type`, `weenie_Class_Id`, `stack_Size`, `palette`, `shade`, `try_To_Bond`)
VALUES (2000278, 2,  2588,  0, 5, 1, False) /* Create Shirt (2588) for Wield */
     , (2000278, 2,  2597,  0, 89, 1, False) /* Create Pants (2597) for Wield */;

DELETE FROM `weenie` WHERE `class_Id` = 2000279;

INSERT INTO `weenie` (`class_Id`, `class_Name`, `type`, `last_Modified`)
VALUES (2000279, 'ace2000279-townfolk', 10, '2019-09-24 03:42:12') /* Creature */;

INSERT INTO `weenie_properties_int` (`object_Id`, `type`, `value`)
VALUES (2000279,   1,         16) /* ItemType - Creature */
     , (2000279,   2,         31) /* CreatureType - Human */
     , (2000279,   6,         -1) /* ItemsCapacity */
     , (2000279,   7,         -1) /* ContainersCapacity */
     , (2000279,   8,        120) /* Mass */
     , (2000279,  16,         32) /* ItemUseable - Remote */
     , (2000279,  25,         15) /* Level */
     , (2000279,  27,          0) /* ArmorType - None */
     , (2000279,  93,    6292504) /* PhysicsState - ReportCollisions, IgnoreCollisions, Gravity, ReportCollisionsAsEnvironment, EdgeSlide */
     , (2000279,  95,          8) /* RadarBlipColor - Yellow */
     , (2000279, 113,          1) /* Gender - Male */
     , (2000279, 133,          4) /* ShowableOnRadar - ShowAlways */
     , (2000279, 134,         16) /* PlayerKillerStatus - RubberGlue */
     , (2000279, 146,        293) /* XpOverride */
     , (2000279, 188,          1) /* HeritageGroup - Aluvian */;

INSERT INTO `weenie_properties_bool` (`object_Id`, `type`, `value`)
VALUES (2000279,   1, True ) /* Stuck */
     , (2000279,   8, True ) /* AllowGive */
     , (2000279,  11, True ) /* IgnoreCollisions */
     , (2000279,  12, True ) /* ReportCollisions */
     , (2000279,  13, False) /* Ethereal */
     , (2000279,  14, True ) /* GravityStatus */
     , (2000279,  19, False) /* Attackable */
     , (2000279,  29, True ) /* NoCorpse */
     , (2000279,  41, True ) /* ReportCollisionsAsEnvironment */
     , (2000279,  42, True ) /* AllowEdgeSlide */
     , (2000279,  52, True ) /* AiImmobile */
     , (2000279,  79, True ) /* AiAcceptEverything */;

INSERT INTO `weenie_properties_float` (`object_Id`, `type`, `value`)
VALUES (2000279,   1,       5) /* HeartbeatInterval */
     , (2000279,   2,       0) /* HeartbeatTimestamp */
     , (2000279,   3, 0.159999996423721) /* HealthRate */
     , (2000279,   4,       5) /* StaminaRate */
     , (2000279,   5,       1) /* ManaRate */
     , (2000279,  13, 0.899999976158142) /* ArmorModVsSlash */
     , (2000279,  14,       1) /* ArmorModVsPierce */
     , (2000279,  15, 1.10000002384186) /* ArmorModVsBludgeon */
     , (2000279,  16, 0.400000005960464) /* ArmorModVsCold */
     , (2000279,  17, 0.400000005960464) /* ArmorModVsFire */
     , (2000279,  18,       1) /* ArmorModVsAcid */
     , (2000279,  19, 0.600000023841858) /* ArmorModVsElectric */
     , (2000279,  54,       3) /* UseRadius */
     , (2000279,  64,       1) /* ResistSlash */
     , (2000279,  65,       1) /* ResistPierce */
     , (2000279,  66,       1) /* ResistBludgeon */
     , (2000279,  67,       1) /* ResistFire */
     , (2000279,  68,       1) /* ResistCold */
     , (2000279,  69,       1) /* ResistAcid */
     , (2000279,  70,       1) /* ResistElectric */
     , (2000279,  71,       1) /* ResistHealthBoost */
     , (2000279,  72,       1) /* ResistStaminaDrain */
     , (2000279,  73,       1) /* ResistStaminaBoost */
     , (2000279,  74,       1) /* ResistManaDrain */
     , (2000279,  75,       1) /* ResistManaBoost */
     , (2000279, 104,      10) /* ObviousRadarRange */
     , (2000279, 125,       1) /* ResistHealthDrain */;

INSERT INTO `weenie_properties_string` (`object_Id`, `type`, `value`)
VALUES (2000279,   1, 'Townfolk') /* Name */
     , (2000279,   3, 'Male') /* Sex */
     , (2000279,   4, 'Aluvian') /* HeritageGroup */;

INSERT INTO `weenie_properties_d_i_d` (`object_Id`, `type`, `value`)
VALUES (2000279,   1,   33554433) /* Setup */
     , (2000279,   2,  150994945) /* MotionTable */
     , (2000279,   3,  536870913) /* SoundTable */
     , (2000279,   4,  805306368) /* CombatTable */
     , (2000279,   6,   67108990) /* PaletteBase */
     , (2000279,   8,  100667446) /* Icon */
     , (2000279,   9,   83890437) /* EyesTexture */
     , (2000279,  10,   83890521) /* NoseTexture */
     , (2000279,  11,   83890627) /* MouthTexture */
     , (2000279,  15,   67116978) /* HairPalette */
     , (2000279,  16,   67109564) /* EyesPalette */
     , (2000279,  17,   67109558) /* SkinPalette */;

INSERT INTO `weenie_properties_attribute` (`object_Id`, `type`, `init_Level`, `level_From_C_P`, `c_P_Spent`)
VALUES (2000279,   1, 110, 0, 0) /* Strength */
     , (2000279,   2, 120, 0, 0) /* Endurance */
     , (2000279,   3, 120, 0, 0) /* Quickness */
     , (2000279,   4, 120, 0, 0) /* Coordination */
     , (2000279,   5, 100, 0, 0) /* Focus */
     , (2000279,   6, 100, 0, 0) /* Self */;

INSERT INTO `weenie_properties_attribute_2nd` (`object_Id`, `type`, `init_Level`, `level_From_C_P`, `c_P_Spent`, `current_Level`)
VALUES (2000279,   1,     0, 0, 0, 60) /* MaxHealth */
     , (2000279,   3,     0, 0, 0, 120) /* MaxStamina */
     , (2000279,   5,     0, 0, 0, 100) /* MaxMana */;

INSERT INTO `weenie_properties_skill` (`object_Id`, `type`, `level_From_P_P`, `s_a_c`, `p_p`, `init_Level`, `resistance_At_Last_Check`, `last_Used_Time`)
VALUES (2000279,  6, 0, 2, 0,   1, 0, 0) /* MeleeDefense        Trained */
     , (2000279,  7, 0, 2, 0,   1, 0, 0) /* MissileDefense      Trained */
     , (2000279, 13, 0, 2, 0,   1, 0, 0) /* UnarmedCombat       Trained */;

INSERT INTO `weenie_properties_body_part` (`object_Id`, `key`, `d_Type`, `d_Val`, `d_Var`, `base_Armor`, `armor_Vs_Slash`, `armor_Vs_Pierce`, `armor_Vs_Bludgeon`, `armor_Vs_Cold`, `armor_Vs_Fire`, `armor_Vs_Acid`, `armor_Vs_Electric`, `armor_Vs_Nether`, `b_h`, `h_l_f`, `m_l_f`, `l_l_f`, `h_r_f`, `m_r_f`, `l_r_f`, `h_l_b`, `m_l_b`, `l_l_b`, `h_r_b`, `m_r_b`, `l_r_b`)
VALUES (2000279,  0,  4,  0,    0,    0,    0,    0,    0,    0,    0,    0,    0,    0, 1, 0.33,    0,    0, 0.33,    0,    0, 0.33,    0,    0, 0.33,    0,    0) /* Head */
     , (2000279,  1,  4,  0,    0,    0,    0,    0,    0,    0,    0,    0,    0,    0, 2, 0.44, 0.17,    0, 0.44, 0.17,    0, 0.44, 0.17,    0, 0.44, 0.17,    0) /* Chest */
     , (2000279,  2,  4,  0,    0,    0,    0,    0,    0,    0,    0,    0,    0,    0, 3,    0, 0.17,    0,    0, 0.17,    0,    0, 0.17,    0,    0, 0.17,    0) /* Abdomen */
     , (2000279,  3,  4,  0,    0,    0,    0,    0,    0,    0,    0,    0,    0,    0, 1, 0.23, 0.03,    0, 0.23, 0.03,    0, 0.23, 0.03,    0, 0.23, 0.03,    0) /* UpperArm */
     , (2000279,  4,  4,  0,    0,    0,    0,    0,    0,    0,    0,    0,    0,    0, 2,    0,  0.3,    0,    0,  0.3,    0,    0,  0.3,    0,    0,  0.3,    0) /* LowerArm */
     , (2000279,  5,  4,  2, 0.75,    0,    0,    0,    0,    0,    0,    0,    0,    0, 2,    0,  0.2,    0,    0,  0.2,    0,    0,  0.2,    0,    0,  0.2,    0) /* Hand */
     , (2000279,  6,  4,  0,    0,    0,    0,    0,    0,    0,    0,    0,    0,    0, 3,    0, 0.13, 0.18,    0, 0.13, 0.18,    0, 0.13, 0.18,    0, 0.13, 0.18) /* UpperLeg */
     , (2000279,  7,  4,  0,    0,    0,    0,    0,    0,    0,    0,    0,    0,    0, 3,    0,    0,  0.6,    0,    0,  0.6,    0,    0,  0.6,    0,    0,  0.6) /* LowerLeg */
     , (2000279,  8,  4,  2, 0.75,    0,    0,    0,    0,    0,    0,    0,    0,    0, 3,    0,    0, 0.22,    0,    0, 0.22,    0,    0, 0.22,    0,    0, 0.22) /* Foot */;

INSERT INTO `weenie_properties_emote` (`object_Id`, `category`, `probability`, `weenie_Class_Id`, `style`, `substyle`, `quest`, `vendor_Type`, `min_Health`, `max_Health`)
VALUES (2000279,  7 /* Use */,      1, NULL, NULL, NULL, NULL, NULL, NULL, NULL);

SET @parent_id = LAST_INSERT_ID();

INSERT INTO `weenie_properties_emote_action` (`emote_Id`, `order`, `type`, `delay`, `extent`, `motion`, `message`, `test_String`, `min`, `max`, `min_64`, `max_64`, `min_Dbl`, `max_Dbl`, `stat`, `display`, `amount`, `amount_64`, `hero_X_P_64`, `percent`, `spell_Id`, `wealth_Rating`, `treasure_Class`, `treasure_Type`, `p_Script`, `sound`, `destination_Type`, `weenie_Class_Id`, `stack_Size`, `palette`, `shade`, `try_To_Bond`, `obj_Cell_Id`, `origin_X`, `origin_Y`, `origin_Z`, `angles_W`, `angles_X`, `angles_Y`, `angles_Z`)
VALUES (@parent_id,  0,  10 /* Tell */, 1.5, 1, NULL, 'There are some shadows in the ruins that need killin'' if your so enclined stranger.', NULL, NULL, NULL, NULL, NULL, NULL, NULL, NULL, NULL, NULL, NULL, NULL, NULL, NULL, NULL, NULL, NULL, NULL, NULL, NULL, NULL, NULL, NULL, NULL, NULL, NULL, NULL, NULL, NULL, NULL, NULL, NULL, NULL);

INSERT INTO `weenie_properties_create_list` (`object_Id`, `destination_Type`, `weenie_Class_Id`, `stack_Size`, `palette`, `shade`, `try_To_Bond`)
VALUES (2000279, 2,  2588,  0, 90, 1, False) /* Create Shirt (2588) for Wield */
     , (2000279, 2,  2597,  0, 5, 1, False) /* Create Pants (2597) for Wield */;

DELETE FROM `weenie` WHERE `class_Id` = 2000280;

INSERT INTO `weenie` (`class_Id`, `class_Name`, `type`, `last_Modified`)
VALUES (2000280, 'ace2000280-townfolk', 10, '2019-09-24 03:42:13') /* Creature */;

INSERT INTO `weenie_properties_int` (`object_Id`, `type`, `value`)
VALUES (2000280,   1,         16) /* ItemType - Creature */
     , (2000280,   2,         31) /* CreatureType - Human */
     , (2000280,   6,         -1) /* ItemsCapacity */
     , (2000280,   7,         -1) /* ContainersCapacity */
     , (2000280,   8,        120) /* Mass */
     , (2000280,  16,         32) /* ItemUseable - Remote */
     , (2000280,  25,         15) /* Level */
     , (2000280,  27,          0) /* ArmorType - None */
     , (2000280,  93,    6292504) /* PhysicsState - ReportCollisions, IgnoreCollisions, Gravity, ReportCollisionsAsEnvironment, EdgeSlide */
     , (2000280,  95,          8) /* RadarBlipColor - Yellow */
     , (2000280, 113,          1) /* Gender - Male */
     , (2000280, 133,          4) /* ShowableOnRadar - ShowAlways */
     , (2000280, 134,         16) /* PlayerKillerStatus - RubberGlue */
     , (2000280, 146,        293) /* XpOverride */
     , (2000280, 188,          1) /* HeritageGroup - Aluvian */;

INSERT INTO `weenie_properties_bool` (`object_Id`, `type`, `value`)
VALUES (2000280,   1, True ) /* Stuck */
     , (2000280,   8, True ) /* AllowGive */
     , (2000280,  11, True ) /* IgnoreCollisions */
     , (2000280,  12, True ) /* ReportCollisions */
     , (2000280,  13, False) /* Ethereal */
     , (2000280,  14, True ) /* GravityStatus */
     , (2000280,  19, False) /* Attackable */
     , (2000280,  29, True ) /* NoCorpse */
     , (2000280,  41, True ) /* ReportCollisionsAsEnvironment */
     , (2000280,  42, True ) /* AllowEdgeSlide */
     , (2000280,  52, True ) /* AiImmobile */
     , (2000280,  79, True ) /* AiAcceptEverything */;

INSERT INTO `weenie_properties_float` (`object_Id`, `type`, `value`)
VALUES (2000280,   1,       5) /* HeartbeatInterval */
     , (2000280,   2,       0) /* HeartbeatTimestamp */
     , (2000280,   3, 0.159999996423721) /* HealthRate */
     , (2000280,   4,       5) /* StaminaRate */
     , (2000280,   5,       1) /* ManaRate */
     , (2000280,  13, 0.899999976158142) /* ArmorModVsSlash */
     , (2000280,  14,       1) /* ArmorModVsPierce */
     , (2000280,  15, 1.10000002384186) /* ArmorModVsBludgeon */
     , (2000280,  16, 0.400000005960464) /* ArmorModVsCold */
     , (2000280,  17, 0.400000005960464) /* ArmorModVsFire */
     , (2000280,  18,       1) /* ArmorModVsAcid */
     , (2000280,  19, 0.600000023841858) /* ArmorModVsElectric */
     , (2000280,  54,       3) /* UseRadius */
     , (2000280,  64,       1) /* ResistSlash */
     , (2000280,  65,       1) /* ResistPierce */
     , (2000280,  66,       1) /* ResistBludgeon */
     , (2000280,  67,       1) /* ResistFire */
     , (2000280,  68,       1) /* ResistCold */
     , (2000280,  69,       1) /* ResistAcid */
     , (2000280,  70,       1) /* ResistElectric */
     , (2000280,  71,       1) /* ResistHealthBoost */
     , (2000280,  72,       1) /* ResistStaminaDrain */
     , (2000280,  73,       1) /* ResistStaminaBoost */
     , (2000280,  74,       1) /* ResistManaDrain */
     , (2000280,  75,       1) /* ResistManaBoost */
     , (2000280, 104,      10) /* ObviousRadarRange */
     , (2000280, 125,       1) /* ResistHealthDrain */;

INSERT INTO `weenie_properties_string` (`object_Id`, `type`, `value`)
VALUES (2000280,   1, 'Townfolk') /* Name */
     , (2000280,   3, 'Male') /* Sex */
     , (2000280,   4, 'Aluvian') /* HeritageGroup */;

INSERT INTO `weenie_properties_d_i_d` (`object_Id`, `type`, `value`)
VALUES (2000280,   1,   33554433) /* Setup */
     , (2000280,   2,  150994945) /* MotionTable */
     , (2000280,   3,  536870913) /* SoundTable */
     , (2000280,   4,  805306368) /* CombatTable */
     , (2000280,   6,   67108990) /* PaletteBase */
     , (2000280,   8,  100667446) /* Icon */
     , (2000280,   9,   83890437) /* EyesTexture */
     , (2000280,  10,   83890521) /* NoseTexture */
     , (2000280,  11,   83890627) /* MouthTexture */
     , (2000280,  15,   67116978) /* HairPalette */
     , (2000280,  16,   67109564) /* EyesPalette */
     , (2000280,  17,   67109558) /* SkinPalette */;

INSERT INTO `weenie_properties_attribute` (`object_Id`, `type`, `init_Level`, `level_From_C_P`, `c_P_Spent`)
VALUES (2000280,   1, 110, 0, 0) /* Strength */
     , (2000280,   2, 120, 0, 0) /* Endurance */
     , (2000280,   3, 120, 0, 0) /* Quickness */
     , (2000280,   4, 120, 0, 0) /* Coordination */
     , (2000280,   5, 100, 0, 0) /* Focus */
     , (2000280,   6, 100, 0, 0) /* Self */;

INSERT INTO `weenie_properties_attribute_2nd` (`object_Id`, `type`, `init_Level`, `level_From_C_P`, `c_P_Spent`, `current_Level`)
VALUES (2000280,   1,     0, 0, 0, 60) /* MaxHealth */
     , (2000280,   3,     0, 0, 0, 120) /* MaxStamina */
     , (2000280,   5,     0, 0, 0, 100) /* MaxMana */;

INSERT INTO `weenie_properties_skill` (`object_Id`, `type`, `level_From_P_P`, `s_a_c`, `p_p`, `init_Level`, `resistance_At_Last_Check`, `last_Used_Time`)
VALUES (2000280,  6, 0, 2, 0,   1, 0, 0) /* MeleeDefense        Trained */
     , (2000280,  7, 0, 2, 0,   1, 0, 0) /* MissileDefense      Trained */
     , (2000280, 13, 0, 2, 0,   1, 0, 0) /* UnarmedCombat       Trained */;

INSERT INTO `weenie_properties_body_part` (`object_Id`, `key`, `d_Type`, `d_Val`, `d_Var`, `base_Armor`, `armor_Vs_Slash`, `armor_Vs_Pierce`, `armor_Vs_Bludgeon`, `armor_Vs_Cold`, `armor_Vs_Fire`, `armor_Vs_Acid`, `armor_Vs_Electric`, `armor_Vs_Nether`, `b_h`, `h_l_f`, `m_l_f`, `l_l_f`, `h_r_f`, `m_r_f`, `l_r_f`, `h_l_b`, `m_l_b`, `l_l_b`, `h_r_b`, `m_r_b`, `l_r_b`)
VALUES (2000280,  0,  4,  0,    0,    0,    0,    0,    0,    0,    0,    0,    0,    0, 1, 0.33,    0,    0, 0.33,    0,    0, 0.33,    0,    0, 0.33,    0,    0) /* Head */
     , (2000280,  1,  4,  0,    0,    0,    0,    0,    0,    0,    0,    0,    0,    0, 2, 0.44, 0.17,    0, 0.44, 0.17,    0, 0.44, 0.17,    0, 0.44, 0.17,    0) /* Chest */
     , (2000280,  2,  4,  0,    0,    0,    0,    0,    0,    0,    0,    0,    0,    0, 3,    0, 0.17,    0,    0, 0.17,    0,    0, 0.17,    0,    0, 0.17,    0) /* Abdomen */
     , (2000280,  3,  4,  0,    0,    0,    0,    0,    0,    0,    0,    0,    0,    0, 1, 0.23, 0.03,    0, 0.23, 0.03,    0, 0.23, 0.03,    0, 0.23, 0.03,    0) /* UpperArm */
     , (2000280,  4,  4,  0,    0,    0,    0,    0,    0,    0,    0,    0,    0,    0, 2,    0,  0.3,    0,    0,  0.3,    0,    0,  0.3,    0,    0,  0.3,    0) /* LowerArm */
     , (2000280,  5,  4,  2, 0.75,    0,    0,    0,    0,    0,    0,    0,    0,    0, 2,    0,  0.2,    0,    0,  0.2,    0,    0,  0.2,    0,    0,  0.2,    0) /* Hand */
     , (2000280,  6,  4,  0,    0,    0,    0,    0,    0,    0,    0,    0,    0,    0, 3,    0, 0.13, 0.18,    0, 0.13, 0.18,    0, 0.13, 0.18,    0, 0.13, 0.18) /* UpperLeg */
     , (2000280,  7,  4,  0,    0,    0,    0,    0,    0,    0,    0,    0,    0,    0, 3,    0,    0,  0.6,    0,    0,  0.6,    0,    0,  0.6,    0,    0,  0.6) /* LowerLeg */
     , (2000280,  8,  4,  2, 0.75,    0,    0,    0,    0,    0,    0,    0,    0,    0, 3,    0,    0, 0.22,    0,    0, 0.22,    0,    0, 0.22,    0,    0, 0.22) /* Foot */;

INSERT INTO `weenie_properties_emote` (`object_Id`, `category`, `probability`, `weenie_Class_Id`, `style`, `substyle`, `quest`, `vendor_Type`, `min_Health`, `max_Health`)
VALUES (2000280,  7 /* Use */,      1, NULL, NULL, NULL, NULL, NULL, NULL, NULL);

SET @parent_id = LAST_INSERT_ID();

INSERT INTO `weenie_properties_emote_action` (`emote_Id`, `order`, `type`, `delay`, `extent`, `motion`, `message`, `test_String`, `min`, `max`, `min_64`, `max_64`, `min_Dbl`, `max_Dbl`, `stat`, `display`, `amount`, `amount_64`, `hero_X_P_64`, `percent`, `spell_Id`, `wealth_Rating`, `treasure_Class`, `treasure_Type`, `p_Script`, `sound`, `destination_Type`, `weenie_Class_Id`, `stack_Size`, `palette`, `shade`, `try_To_Bond`, `obj_Cell_Id`, `origin_X`, `origin_Y`, `origin_Z`, `angles_W`, `angles_X`, `angles_Y`, `angles_Z`)
VALUES (@parent_id,  0,  10 /* Tell */, 1.5, 1, NULL, 'What is the world coming to when girls are being kidnapped in the night. sure they were creepy but no one deserves that.
', NULL, NULL, NULL, NULL, NULL, NULL, NULL, NULL, NULL, NULL, NULL, NULL, NULL, NULL, NULL, NULL, NULL, NULL, NULL, NULL, NULL, NULL, NULL, NULL, NULL, NULL, NULL, NULL, NULL, NULL, NULL, NULL, NULL);

INSERT INTO `weenie_properties_create_list` (`object_Id`, `destination_Type`, `weenie_Class_Id`, `stack_Size`, `palette`, `shade`, `try_To_Bond`)
VALUES (2000280, 2,  2588,  0, 93, 1, False) /* Create Shirt (2588) for Wield */
     , (2000280, 2, 26452,  0, 87, 0.8, False) /* Create Bathrobe (26452) for Wield */
     , (2000280, 2,  2597,  0, 91, 1, False) /* Create Pants (2597) for Wield */;

DELETE FROM `weenie` WHERE `class_Id` = 2000281;

INSERT INTO `weenie` (`class_Id`, `class_Name`, `type`, `last_Modified`)
VALUES (2000281, 'ace2000281-townfolk', 10, '2019-09-24 03:42:14') /* Creature */;

INSERT INTO `weenie_properties_int` (`object_Id`, `type`, `value`)
VALUES (2000281,   1,         16) /* ItemType - Creature */
     , (2000281,   2,         31) /* CreatureType - Human */
     , (2000281,   6,         -1) /* ItemsCapacity */
     , (2000281,   7,         -1) /* ContainersCapacity */
     , (2000281,   8,        120) /* Mass */
     , (2000281,  16,         32) /* ItemUseable - Remote */
     , (2000281,  25,         15) /* Level */
     , (2000281,  27,          0) /* ArmorType - None */
     , (2000281,  93,    6292504) /* PhysicsState - ReportCollisions, IgnoreCollisions, Gravity, ReportCollisionsAsEnvironment, EdgeSlide */
     , (2000281,  95,          8) /* RadarBlipColor - Yellow */
     , (2000281, 113,          1) /* Gender - Male */
     , (2000281, 133,          4) /* ShowableOnRadar - ShowAlways */
     , (2000281, 134,         16) /* PlayerKillerStatus - RubberGlue */
     , (2000281, 146,        293) /* XpOverride */
     , (2000281, 188,          1) /* HeritageGroup - Aluvian */;

INSERT INTO `weenie_properties_bool` (`object_Id`, `type`, `value`)
VALUES (2000281,   1, True ) /* Stuck */
     , (2000281,   8, True ) /* AllowGive */
     , (2000281,  11, True ) /* IgnoreCollisions */
     , (2000281,  12, True ) /* ReportCollisions */
     , (2000281,  13, False) /* Ethereal */
     , (2000281,  14, True ) /* GravityStatus */
     , (2000281,  19, False) /* Attackable */
     , (2000281,  29, True ) /* NoCorpse */
     , (2000281,  41, True ) /* ReportCollisionsAsEnvironment */
     , (2000281,  42, True ) /* AllowEdgeSlide */
     , (2000281,  52, True ) /* AiImmobile */
     , (2000281,  79, True ) /* AiAcceptEverything */;

INSERT INTO `weenie_properties_float` (`object_Id`, `type`, `value`)
VALUES (2000281,   1,       5) /* HeartbeatInterval */
     , (2000281,   2,       0) /* HeartbeatTimestamp */
     , (2000281,   3, 0.159999996423721) /* HealthRate */
     , (2000281,   4,       5) /* StaminaRate */
     , (2000281,   5,       1) /* ManaRate */
     , (2000281,  13, 0.899999976158142) /* ArmorModVsSlash */
     , (2000281,  14,       1) /* ArmorModVsPierce */
     , (2000281,  15, 1.10000002384186) /* ArmorModVsBludgeon */
     , (2000281,  16, 0.400000005960464) /* ArmorModVsCold */
     , (2000281,  17, 0.400000005960464) /* ArmorModVsFire */
     , (2000281,  18,       1) /* ArmorModVsAcid */
     , (2000281,  19, 0.600000023841858) /* ArmorModVsElectric */
     , (2000281,  54,       3) /* UseRadius */
     , (2000281,  64,       1) /* ResistSlash */
     , (2000281,  65,       1) /* ResistPierce */
     , (2000281,  66,       1) /* ResistBludgeon */
     , (2000281,  67,       1) /* ResistFire */
     , (2000281,  68,       1) /* ResistCold */
     , (2000281,  69,       1) /* ResistAcid */
     , (2000281,  70,       1) /* ResistElectric */
     , (2000281,  71,       1) /* ResistHealthBoost */
     , (2000281,  72,       1) /* ResistStaminaDrain */
     , (2000281,  73,       1) /* ResistStaminaBoost */
     , (2000281,  74,       1) /* ResistManaDrain */
     , (2000281,  75,       1) /* ResistManaBoost */
     , (2000281, 104,      10) /* ObviousRadarRange */
     , (2000281, 125,       1) /* ResistHealthDrain */;

INSERT INTO `weenie_properties_string` (`object_Id`, `type`, `value`)
VALUES (2000281,   1, 'Townfolk') /* Name */
     , (2000281,   3, 'Male') /* Sex */
     , (2000281,   4, 'Aluvian') /* HeritageGroup */;

INSERT INTO `weenie_properties_d_i_d` (`object_Id`, `type`, `value`)
VALUES (2000281,   1,   33554433) /* Setup */
     , (2000281,   2,  150994945) /* MotionTable */
     , (2000281,   3,  536870913) /* SoundTable */
     , (2000281,   4,  805306368) /* CombatTable */
     , (2000281,   6,   67108990) /* PaletteBase */
     , (2000281,   8,  100667446) /* Icon */
     , (2000281,   9,   83890437) /* EyesTexture */
     , (2000281,  10,   83890521) /* NoseTexture */
     , (2000281,  11,   83890627) /* MouthTexture */
     , (2000281,  15,   67116978) /* HairPalette */
     , (2000281,  16,   67109564) /* EyesPalette */
     , (2000281,  17,   67109558) /* SkinPalette */;

INSERT INTO `weenie_properties_attribute` (`object_Id`, `type`, `init_Level`, `level_From_C_P`, `c_P_Spent`)
VALUES (2000281,   1, 110, 0, 0) /* Strength */
     , (2000281,   2, 120, 0, 0) /* Endurance */
     , (2000281,   3, 120, 0, 0) /* Quickness */
     , (2000281,   4, 120, 0, 0) /* Coordination */
     , (2000281,   5, 100, 0, 0) /* Focus */
     , (2000281,   6, 100, 0, 0) /* Self */;

INSERT INTO `weenie_properties_attribute_2nd` (`object_Id`, `type`, `init_Level`, `level_From_C_P`, `c_P_Spent`, `current_Level`)
VALUES (2000281,   1,     0, 0, 0, 60) /* MaxHealth */
     , (2000281,   3,     0, 0, 0, 120) /* MaxStamina */
     , (2000281,   5,     0, 0, 0, 100) /* MaxMana */;

INSERT INTO `weenie_properties_skill` (`object_Id`, `type`, `level_From_P_P`, `s_a_c`, `p_p`, `init_Level`, `resistance_At_Last_Check`, `last_Used_Time`)
VALUES (2000281,  6, 0, 2, 0,   1, 0, 0) /* MeleeDefense        Trained */
     , (2000281,  7, 0, 2, 0,   1, 0, 0) /* MissileDefense      Trained */
     , (2000281, 13, 0, 2, 0,   1, 0, 0) /* UnarmedCombat       Trained */;

INSERT INTO `weenie_properties_body_part` (`object_Id`, `key`, `d_Type`, `d_Val`, `d_Var`, `base_Armor`, `armor_Vs_Slash`, `armor_Vs_Pierce`, `armor_Vs_Bludgeon`, `armor_Vs_Cold`, `armor_Vs_Fire`, `armor_Vs_Acid`, `armor_Vs_Electric`, `armor_Vs_Nether`, `b_h`, `h_l_f`, `m_l_f`, `l_l_f`, `h_r_f`, `m_r_f`, `l_r_f`, `h_l_b`, `m_l_b`, `l_l_b`, `h_r_b`, `m_r_b`, `l_r_b`)
VALUES (2000281,  0,  4,  0,    0,    0,    0,    0,    0,    0,    0,    0,    0,    0, 1, 0.33,    0,    0, 0.33,    0,    0, 0.33,    0,    0, 0.33,    0,    0) /* Head */
     , (2000281,  1,  4,  0,    0,    0,    0,    0,    0,    0,    0,    0,    0,    0, 2, 0.44, 0.17,    0, 0.44, 0.17,    0, 0.44, 0.17,    0, 0.44, 0.17,    0) /* Chest */
     , (2000281,  2,  4,  0,    0,    0,    0,    0,    0,    0,    0,    0,    0,    0, 3,    0, 0.17,    0,    0, 0.17,    0,    0, 0.17,    0,    0, 0.17,    0) /* Abdomen */
     , (2000281,  3,  4,  0,    0,    0,    0,    0,    0,    0,    0,    0,    0,    0, 1, 0.23, 0.03,    0, 0.23, 0.03,    0, 0.23, 0.03,    0, 0.23, 0.03,    0) /* UpperArm */
     , (2000281,  4,  4,  0,    0,    0,    0,    0,    0,    0,    0,    0,    0,    0, 2,    0,  0.3,    0,    0,  0.3,    0,    0,  0.3,    0,    0,  0.3,    0) /* LowerArm */
     , (2000281,  5,  4,  2, 0.75,    0,    0,    0,    0,    0,    0,    0,    0,    0, 2,    0,  0.2,    0,    0,  0.2,    0,    0,  0.2,    0,    0,  0.2,    0) /* Hand */
     , (2000281,  6,  4,  0,    0,    0,    0,    0,    0,    0,    0,    0,    0,    0, 3,    0, 0.13, 0.18,    0, 0.13, 0.18,    0, 0.13, 0.18,    0, 0.13, 0.18) /* UpperLeg */
     , (2000281,  7,  4,  0,    0,    0,    0,    0,    0,    0,    0,    0,    0,    0, 3,    0,    0,  0.6,    0,    0,  0.6,    0,    0,  0.6,    0,    0,  0.6) /* LowerLeg */
     , (2000281,  8,  4,  2, 0.75,    0,    0,    0,    0,    0,    0,    0,    0,    0, 3,    0,    0, 0.22,    0,    0, 0.22,    0,    0, 0.22,    0,    0, 0.22) /* Foot */;

INSERT INTO `weenie_properties_emote` (`object_Id`, `category`, `probability`, `weenie_Class_Id`, `style`, `substyle`, `quest`, `vendor_Type`, `min_Health`, `max_Health`)
VALUES (2000281,  7 /* Use */,      1, NULL, NULL, NULL, NULL, NULL, NULL, NULL);

SET @parent_id = LAST_INSERT_ID();

INSERT INTO `weenie_properties_emote_action` (`emote_Id`, `order`, `type`, `delay`, `extent`, `motion`, `message`, `test_String`, `min`, `max`, `min_64`, `max_64`, `min_Dbl`, `max_Dbl`, `stat`, `display`, `amount`, `amount_64`, `hero_X_P_64`, `percent`, `spell_Id`, `wealth_Rating`, `treasure_Class`, `treasure_Type`, `p_Script`, `sound`, `destination_Type`, `weenie_Class_Id`, `stack_Size`, `palette`, `shade`, `try_To_Bond`, `obj_Cell_Id`, `origin_X`, `origin_Y`, `origin_Z`, `angles_W`, `angles_X`, `angles_Y`, `angles_Z`)
VALUES (@parent_id,  0,  10 /* Tell */, 1.5, 1, NULL, 'I''m happy to see those sisters gone. I know it''s ill form but their activities were... well different.
', NULL, NULL, NULL, NULL, NULL, NULL, NULL, NULL, NULL, NULL, NULL, NULL, NULL, NULL, NULL, NULL, NULL, NULL, NULL, NULL, NULL, NULL, NULL, NULL, NULL, NULL, NULL, NULL, NULL, NULL, NULL, NULL, NULL);

INSERT INTO `weenie_properties_create_list` (`object_Id`, `destination_Type`, `weenie_Class_Id`, `stack_Size`, `palette`, `shade`, `try_To_Bond`)
VALUES (2000281, 2,  2588,  0, 93, 1, False) /* Create Shirt (2588) for Wield */
     , (2000281, 2, 26452,  0, 87, 0.8, False) /* Create Bathrobe (26452) for Wield */
     , (2000281, 2,  2597,  0, 91, 1, False) /* Create Pants (2597) for Wield */;

DELETE FROM `weenie` WHERE `class_Id` = 2000282;

INSERT INTO `weenie` (`class_Id`, `class_Name`, `type`, `last_Modified`)
VALUES (2000282, 'ace2000282-townfolk', 10, '2019-09-24 03:42:16') /* Creature */;

INSERT INTO `weenie_properties_int` (`object_Id`, `type`, `value`)
VALUES (2000282,   1,         16) /* ItemType - Creature */
     , (2000282,   2,         31) /* CreatureType - Human */
     , (2000282,   6,         -1) /* ItemsCapacity */
     , (2000282,   7,         -1) /* ContainersCapacity */
     , (2000282,   8,        120) /* Mass */
     , (2000282,  16,         32) /* ItemUseable - Remote */
     , (2000282,  25,         15) /* Level */
     , (2000282,  27,          0) /* ArmorType - None */
     , (2000282,  93,    6292504) /* PhysicsState - ReportCollisions, IgnoreCollisions, Gravity, ReportCollisionsAsEnvironment, EdgeSlide */
     , (2000282,  95,          8) /* RadarBlipColor - Yellow */
     , (2000282, 113,          1) /* Gender - Male */
     , (2000282, 133,          4) /* ShowableOnRadar - ShowAlways */
     , (2000282, 134,         16) /* PlayerKillerStatus - RubberGlue */
     , (2000282, 146,        293) /* XpOverride */
     , (2000282, 188,          1) /* HeritageGroup - Aluvian */;

INSERT INTO `weenie_properties_bool` (`object_Id`, `type`, `value`)
VALUES (2000282,   1, True ) /* Stuck */
     , (2000282,   8, True ) /* AllowGive */
     , (2000282,  11, True ) /* IgnoreCollisions */
     , (2000282,  12, True ) /* ReportCollisions */
     , (2000282,  13, False) /* Ethereal */
     , (2000282,  14, True ) /* GravityStatus */
     , (2000282,  19, False) /* Attackable */
     , (2000282,  29, True ) /* NoCorpse */
     , (2000282,  41, True ) /* ReportCollisionsAsEnvironment */
     , (2000282,  42, True ) /* AllowEdgeSlide */
     , (2000282,  52, True ) /* AiImmobile */
     , (2000282,  79, True ) /* AiAcceptEverything */;

INSERT INTO `weenie_properties_float` (`object_Id`, `type`, `value`)
VALUES (2000282,   1,       5) /* HeartbeatInterval */
     , (2000282,   2,       0) /* HeartbeatTimestamp */
     , (2000282,   3, 0.159999996423721) /* HealthRate */
     , (2000282,   4,       5) /* StaminaRate */
     , (2000282,   5,       1) /* ManaRate */
     , (2000282,  13, 0.899999976158142) /* ArmorModVsSlash */
     , (2000282,  14,       1) /* ArmorModVsPierce */
     , (2000282,  15, 1.10000002384186) /* ArmorModVsBludgeon */
     , (2000282,  16, 0.400000005960464) /* ArmorModVsCold */
     , (2000282,  17, 0.400000005960464) /* ArmorModVsFire */
     , (2000282,  18,       1) /* ArmorModVsAcid */
     , (2000282,  19, 0.600000023841858) /* ArmorModVsElectric */
     , (2000282,  54,       3) /* UseRadius */
     , (2000282,  64,       1) /* ResistSlash */
     , (2000282,  65,       1) /* ResistPierce */
     , (2000282,  66,       1) /* ResistBludgeon */
     , (2000282,  67,       1) /* ResistFire */
     , (2000282,  68,       1) /* ResistCold */
     , (2000282,  69,       1) /* ResistAcid */
     , (2000282,  70,       1) /* ResistElectric */
     , (2000282,  71,       1) /* ResistHealthBoost */
     , (2000282,  72,       1) /* ResistStaminaDrain */
     , (2000282,  73,       1) /* ResistStaminaBoost */
     , (2000282,  74,       1) /* ResistManaDrain */
     , (2000282,  75,       1) /* ResistManaBoost */
     , (2000282, 104,      10) /* ObviousRadarRange */
     , (2000282, 125,       1) /* ResistHealthDrain */;

INSERT INTO `weenie_properties_string` (`object_Id`, `type`, `value`)
VALUES (2000282,   1, 'Townfolk') /* Name */
     , (2000282,   3, 'Male') /* Sex */
     , (2000282,   4, 'Aluvian') /* HeritageGroup */;

INSERT INTO `weenie_properties_d_i_d` (`object_Id`, `type`, `value`)
VALUES (2000282,   1,   33554433) /* Setup */
     , (2000282,   2,  150994945) /* MotionTable */
     , (2000282,   3,  536870913) /* SoundTable */
     , (2000282,   4,  805306368) /* CombatTable */
     , (2000282,   6,   67108990) /* PaletteBase */
     , (2000282,   8,  100667446) /* Icon */
     , (2000282,   9,   83890437) /* EyesTexture */
     , (2000282,  10,   83890521) /* NoseTexture */
     , (2000282,  11,   83890627) /* MouthTexture */
     , (2000282,  15,   67116978) /* HairPalette */
     , (2000282,  16,   67109564) /* EyesPalette */
     , (2000282,  17,   67109558) /* SkinPalette */;

INSERT INTO `weenie_properties_attribute` (`object_Id`, `type`, `init_Level`, `level_From_C_P`, `c_P_Spent`)
VALUES (2000282,   1, 110, 0, 0) /* Strength */
     , (2000282,   2, 120, 0, 0) /* Endurance */
     , (2000282,   3, 120, 0, 0) /* Quickness */
     , (2000282,   4, 120, 0, 0) /* Coordination */
     , (2000282,   5, 100, 0, 0) /* Focus */
     , (2000282,   6, 100, 0, 0) /* Self */;

INSERT INTO `weenie_properties_attribute_2nd` (`object_Id`, `type`, `init_Level`, `level_From_C_P`, `c_P_Spent`, `current_Level`)
VALUES (2000282,   1,     0, 0, 0, 60) /* MaxHealth */
     , (2000282,   3,     0, 0, 0, 120) /* MaxStamina */
     , (2000282,   5,     0, 0, 0, 100) /* MaxMana */;

INSERT INTO `weenie_properties_skill` (`object_Id`, `type`, `level_From_P_P`, `s_a_c`, `p_p`, `init_Level`, `resistance_At_Last_Check`, `last_Used_Time`)
VALUES (2000282,  6, 0, 2, 0,   1, 0, 0) /* MeleeDefense        Trained */
     , (2000282,  7, 0, 2, 0,   1, 0, 0) /* MissileDefense      Trained */
     , (2000282, 13, 0, 2, 0,   1, 0, 0) /* UnarmedCombat       Trained */;

INSERT INTO `weenie_properties_body_part` (`object_Id`, `key`, `d_Type`, `d_Val`, `d_Var`, `base_Armor`, `armor_Vs_Slash`, `armor_Vs_Pierce`, `armor_Vs_Bludgeon`, `armor_Vs_Cold`, `armor_Vs_Fire`, `armor_Vs_Acid`, `armor_Vs_Electric`, `armor_Vs_Nether`, `b_h`, `h_l_f`, `m_l_f`, `l_l_f`, `h_r_f`, `m_r_f`, `l_r_f`, `h_l_b`, `m_l_b`, `l_l_b`, `h_r_b`, `m_r_b`, `l_r_b`)
VALUES (2000282,  0,  4,  0,    0,    0,    0,    0,    0,    0,    0,    0,    0,    0, 1, 0.33,    0,    0, 0.33,    0,    0, 0.33,    0,    0, 0.33,    0,    0) /* Head */
     , (2000282,  1,  4,  0,    0,    0,    0,    0,    0,    0,    0,    0,    0,    0, 2, 0.44, 0.17,    0, 0.44, 0.17,    0, 0.44, 0.17,    0, 0.44, 0.17,    0) /* Chest */
     , (2000282,  2,  4,  0,    0,    0,    0,    0,    0,    0,    0,    0,    0,    0, 3,    0, 0.17,    0,    0, 0.17,    0,    0, 0.17,    0,    0, 0.17,    0) /* Abdomen */
     , (2000282,  3,  4,  0,    0,    0,    0,    0,    0,    0,    0,    0,    0,    0, 1, 0.23, 0.03,    0, 0.23, 0.03,    0, 0.23, 0.03,    0, 0.23, 0.03,    0) /* UpperArm */
     , (2000282,  4,  4,  0,    0,    0,    0,    0,    0,    0,    0,    0,    0,    0, 2,    0,  0.3,    0,    0,  0.3,    0,    0,  0.3,    0,    0,  0.3,    0) /* LowerArm */
     , (2000282,  5,  4,  2, 0.75,    0,    0,    0,    0,    0,    0,    0,    0,    0, 2,    0,  0.2,    0,    0,  0.2,    0,    0,  0.2,    0,    0,  0.2,    0) /* Hand */
     , (2000282,  6,  4,  0,    0,    0,    0,    0,    0,    0,    0,    0,    0,    0, 3,    0, 0.13, 0.18,    0, 0.13, 0.18,    0, 0.13, 0.18,    0, 0.13, 0.18) /* UpperLeg */
     , (2000282,  7,  4,  0,    0,    0,    0,    0,    0,    0,    0,    0,    0,    0, 3,    0,    0,  0.6,    0,    0,  0.6,    0,    0,  0.6,    0,    0,  0.6) /* LowerLeg */
     , (2000282,  8,  4,  2, 0.75,    0,    0,    0,    0,    0,    0,    0,    0,    0, 3,    0,    0, 0.22,    0,    0, 0.22,    0,    0, 0.22,    0,    0, 0.22) /* Foot */;

INSERT INTO `weenie_properties_emote` (`object_Id`, `category`, `probability`, `weenie_Class_Id`, `style`, `substyle`, `quest`, `vendor_Type`, `min_Health`, `max_Health`)
VALUES (2000282,  7 /* Use */,      1, NULL, NULL, NULL, NULL, NULL, NULL, NULL);

SET @parent_id = LAST_INSERT_ID();

INSERT INTO `weenie_properties_emote_action` (`emote_Id`, `order`, `type`, `delay`, `extent`, `motion`, `message`, `test_String`, `min`, `max`, `min_64`, `max_64`, `min_Dbl`, `max_Dbl`, `stat`, `display`, `amount`, `amount_64`, `hero_X_P_64`, `percent`, `spell_Id`, `wealth_Rating`, `treasure_Class`, `treasure_Type`, `p_Script`, `sound`, `destination_Type`, `weenie_Class_Id`, `stack_Size`, `palette`, `shade`, `try_To_Bond`, `obj_Cell_Id`, `origin_X`, `origin_Y`, `origin_Z`, `angles_W`, `angles_X`, `angles_Y`, `angles_Z`)
VALUES (@parent_id,  0,  10 /* Tell */, 1.5, 1, NULL, 'Remember violence begets violence.', NULL, NULL, NULL, NULL, NULL, NULL, NULL, NULL, NULL, NULL, NULL, NULL, NULL, NULL, NULL, NULL, NULL, NULL, NULL, NULL, NULL, NULL, NULL, NULL, NULL, NULL, NULL, NULL, NULL, NULL, NULL, NULL, NULL);

INSERT INTO `weenie_properties_create_list` (`object_Id`, `destination_Type`, `weenie_Class_Id`, `stack_Size`, `palette`, `shade`, `try_To_Bond`)
VALUES (2000282, 2,  2588,  0, 90, 1, False) /* Create Shirt (2588) for Wield */
     , (2000282, 2,  2597,  0, 5, 1, False) /* Create Pants (2597) for Wield */;

DELETE FROM `weenie` WHERE `class_Id` = 2000283;

INSERT INTO `weenie` (`class_Id`, `class_Name`, `type`, `last_Modified`)
VALUES (2000283, 'ace2000283-townfolk', 10, '2019-09-24 03:42:17') /* Creature */;

INSERT INTO `weenie_properties_int` (`object_Id`, `type`, `value`)
VALUES (2000283,   1,         16) /* ItemType - Creature */
     , (2000283,   2,         31) /* CreatureType - Human */
     , (2000283,   6,         -1) /* ItemsCapacity */
     , (2000283,   7,         -1) /* ContainersCapacity */
     , (2000283,   8,        120) /* Mass */
     , (2000283,  16,         32) /* ItemUseable - Remote */
     , (2000283,  25,         15) /* Level */
     , (2000283,  27,          0) /* ArmorType - None */
     , (2000283,  93,    6292504) /* PhysicsState - ReportCollisions, IgnoreCollisions, Gravity, ReportCollisionsAsEnvironment, EdgeSlide */
     , (2000283,  95,          8) /* RadarBlipColor - Yellow */
     , (2000283, 113,          1) /* Gender - Male */
     , (2000283, 133,          4) /* ShowableOnRadar - ShowAlways */
     , (2000283, 134,         16) /* PlayerKillerStatus - RubberGlue */
     , (2000283, 146,        293) /* XpOverride */
     , (2000283, 188,          1) /* HeritageGroup - Aluvian */;

INSERT INTO `weenie_properties_bool` (`object_Id`, `type`, `value`)
VALUES (2000283,   1, True ) /* Stuck */
     , (2000283,   8, True ) /* AllowGive */
     , (2000283,  11, True ) /* IgnoreCollisions */
     , (2000283,  12, True ) /* ReportCollisions */
     , (2000283,  13, False) /* Ethereal */
     , (2000283,  14, True ) /* GravityStatus */
     , (2000283,  19, False) /* Attackable */
     , (2000283,  29, True ) /* NoCorpse */
     , (2000283,  41, True ) /* ReportCollisionsAsEnvironment */
     , (2000283,  42, True ) /* AllowEdgeSlide */
     , (2000283,  52, True ) /* AiImmobile */
     , (2000283,  79, True ) /* AiAcceptEverything */;

INSERT INTO `weenie_properties_float` (`object_Id`, `type`, `value`)
VALUES (2000283,   1,       5) /* HeartbeatInterval */
     , (2000283,   2,       0) /* HeartbeatTimestamp */
     , (2000283,   3, 0.159999996423721) /* HealthRate */
     , (2000283,   4,       5) /* StaminaRate */
     , (2000283,   5,       1) /* ManaRate */
     , (2000283,  13, 0.899999976158142) /* ArmorModVsSlash */
     , (2000283,  14,       1) /* ArmorModVsPierce */
     , (2000283,  15, 1.10000002384186) /* ArmorModVsBludgeon */
     , (2000283,  16, 0.400000005960464) /* ArmorModVsCold */
     , (2000283,  17, 0.400000005960464) /* ArmorModVsFire */
     , (2000283,  18,       1) /* ArmorModVsAcid */
     , (2000283,  19, 0.600000023841858) /* ArmorModVsElectric */
     , (2000283,  54,       3) /* UseRadius */
     , (2000283,  64,       1) /* ResistSlash */
     , (2000283,  65,       1) /* ResistPierce */
     , (2000283,  66,       1) /* ResistBludgeon */
     , (2000283,  67,       1) /* ResistFire */
     , (2000283,  68,       1) /* ResistCold */
     , (2000283,  69,       1) /* ResistAcid */
     , (2000283,  70,       1) /* ResistElectric */
     , (2000283,  71,       1) /* ResistHealthBoost */
     , (2000283,  72,       1) /* ResistStaminaDrain */
     , (2000283,  73,       1) /* ResistStaminaBoost */
     , (2000283,  74,       1) /* ResistManaDrain */
     , (2000283,  75,       1) /* ResistManaBoost */
     , (2000283, 104,      10) /* ObviousRadarRange */
     , (2000283, 125,       1) /* ResistHealthDrain */;

INSERT INTO `weenie_properties_string` (`object_Id`, `type`, `value`)
VALUES (2000283,   1, 'Townfolk') /* Name */
     , (2000283,   3, 'Male') /* Sex */
     , (2000283,   4, 'Aluvian') /* HeritageGroup */;

INSERT INTO `weenie_properties_d_i_d` (`object_Id`, `type`, `value`)
VALUES (2000283,   1,   33554433) /* Setup */
     , (2000283,   2,  150994945) /* MotionTable */
     , (2000283,   3,  536870913) /* SoundTable */
     , (2000283,   4,  805306368) /* CombatTable */
     , (2000283,   6,   67108990) /* PaletteBase */
     , (2000283,   8,  100667446) /* Icon */
     , (2000283,   9,   83890437) /* EyesTexture */
     , (2000283,  10,   83890521) /* NoseTexture */
     , (2000283,  11,   83890627) /* MouthTexture */
     , (2000283,  15,   67116978) /* HairPalette */
     , (2000283,  16,   67109564) /* EyesPalette */
     , (2000283,  17,   67109558) /* SkinPalette */;

INSERT INTO `weenie_properties_attribute` (`object_Id`, `type`, `init_Level`, `level_From_C_P`, `c_P_Spent`)
VALUES (2000283,   1, 110, 0, 0) /* Strength */
     , (2000283,   2, 120, 0, 0) /* Endurance */
     , (2000283,   3, 120, 0, 0) /* Quickness */
     , (2000283,   4, 120, 0, 0) /* Coordination */
     , (2000283,   5, 100, 0, 0) /* Focus */
     , (2000283,   6, 100, 0, 0) /* Self */;

INSERT INTO `weenie_properties_attribute_2nd` (`object_Id`, `type`, `init_Level`, `level_From_C_P`, `c_P_Spent`, `current_Level`)
VALUES (2000283,   1,     0, 0, 0, 60) /* MaxHealth */
     , (2000283,   3,     0, 0, 0, 120) /* MaxStamina */
     , (2000283,   5,     0, 0, 0, 100) /* MaxMana */;

INSERT INTO `weenie_properties_skill` (`object_Id`, `type`, `level_From_P_P`, `s_a_c`, `p_p`, `init_Level`, `resistance_At_Last_Check`, `last_Used_Time`)
VALUES (2000283,  6, 0, 2, 0,   1, 0, 0) /* MeleeDefense        Trained */
     , (2000283,  7, 0, 2, 0,   1, 0, 0) /* MissileDefense      Trained */
     , (2000283, 13, 0, 2, 0,   1, 0, 0) /* UnarmedCombat       Trained */;

INSERT INTO `weenie_properties_body_part` (`object_Id`, `key`, `d_Type`, `d_Val`, `d_Var`, `base_Armor`, `armor_Vs_Slash`, `armor_Vs_Pierce`, `armor_Vs_Bludgeon`, `armor_Vs_Cold`, `armor_Vs_Fire`, `armor_Vs_Acid`, `armor_Vs_Electric`, `armor_Vs_Nether`, `b_h`, `h_l_f`, `m_l_f`, `l_l_f`, `h_r_f`, `m_r_f`, `l_r_f`, `h_l_b`, `m_l_b`, `l_l_b`, `h_r_b`, `m_r_b`, `l_r_b`)
VALUES (2000283,  0,  4,  0,    0,    0,    0,    0,    0,    0,    0,    0,    0,    0, 1, 0.33,    0,    0, 0.33,    0,    0, 0.33,    0,    0, 0.33,    0,    0) /* Head */
     , (2000283,  1,  4,  0,    0,    0,    0,    0,    0,    0,    0,    0,    0,    0, 2, 0.44, 0.17,    0, 0.44, 0.17,    0, 0.44, 0.17,    0, 0.44, 0.17,    0) /* Chest */
     , (2000283,  2,  4,  0,    0,    0,    0,    0,    0,    0,    0,    0,    0,    0, 3,    0, 0.17,    0,    0, 0.17,    0,    0, 0.17,    0,    0, 0.17,    0) /* Abdomen */
     , (2000283,  3,  4,  0,    0,    0,    0,    0,    0,    0,    0,    0,    0,    0, 1, 0.23, 0.03,    0, 0.23, 0.03,    0, 0.23, 0.03,    0, 0.23, 0.03,    0) /* UpperArm */
     , (2000283,  4,  4,  0,    0,    0,    0,    0,    0,    0,    0,    0,    0,    0, 2,    0,  0.3,    0,    0,  0.3,    0,    0,  0.3,    0,    0,  0.3,    0) /* LowerArm */
     , (2000283,  5,  4,  2, 0.75,    0,    0,    0,    0,    0,    0,    0,    0,    0, 2,    0,  0.2,    0,    0,  0.2,    0,    0,  0.2,    0,    0,  0.2,    0) /* Hand */
     , (2000283,  6,  4,  0,    0,    0,    0,    0,    0,    0,    0,    0,    0,    0, 3,    0, 0.13, 0.18,    0, 0.13, 0.18,    0, 0.13, 0.18,    0, 0.13, 0.18) /* UpperLeg */
     , (2000283,  7,  4,  0,    0,    0,    0,    0,    0,    0,    0,    0,    0,    0, 3,    0,    0,  0.6,    0,    0,  0.6,    0,    0,  0.6,    0,    0,  0.6) /* LowerLeg */
     , (2000283,  8,  4,  2, 0.75,    0,    0,    0,    0,    0,    0,    0,    0,    0, 3,    0,    0, 0.22,    0,    0, 0.22,    0,    0, 0.22,    0,    0, 0.22) /* Foot */;

INSERT INTO `weenie_properties_emote` (`object_Id`, `category`, `probability`, `weenie_Class_Id`, `style`, `substyle`, `quest`, `vendor_Type`, `min_Health`, `max_Health`)
VALUES (2000283,  7 /* Use */,      1, NULL, NULL, NULL, NULL, NULL, NULL, NULL);

SET @parent_id = LAST_INSERT_ID();

INSERT INTO `weenie_properties_emote_action` (`emote_Id`, `order`, `type`, `delay`, `extent`, `motion`, `message`, `test_String`, `min`, `max`, `min_64`, `max_64`, `min_Dbl`, `max_Dbl`, `stat`, `display`, `amount`, `amount_64`, `hero_X_P_64`, `percent`, `spell_Id`, `wealth_Rating`, `treasure_Class`, `treasure_Type`, `p_Script`, `sound`, `destination_Type`, `weenie_Class_Id`, `stack_Size`, `palette`, `shade`, `try_To_Bond`, `obj_Cell_Id`, `origin_X`, `origin_Y`, `origin_Z`, `angles_W`, `angles_X`, `angles_Y`, `angles_Z`)
VALUES (@parent_id,  0,  10 /* Tell */, 1.5, 1, NULL, 'I could not be prouder of what we built together in Candeth Keep.', NULL, NULL, NULL, NULL, NULL, NULL, NULL, NULL, NULL, NULL, NULL, NULL, NULL, NULL, NULL, NULL, NULL, NULL, NULL, NULL, NULL, NULL, NULL, NULL, NULL, NULL, NULL, NULL, NULL, NULL, NULL, NULL, NULL);

INSERT INTO `weenie_properties_create_list` (`object_Id`, `destination_Type`, `weenie_Class_Id`, `stack_Size`, `palette`, `shade`, `try_To_Bond`)
VALUES (2000283, 2,  2588,  0, 5, 1, False) /* Create Shirt (2588) for Wield */
     , (2000283, 2,  2597,  0, 89, 1, False) /* Create Pants (2597) for Wield */;

DELETE FROM `weenie` WHERE `class_Id` = 2000284;

INSERT INTO `weenie` (`class_Id`, `class_Name`, `type`, `last_Modified`)
VALUES (2000284, 'ace2000284-townfolk', 10, '2019-09-24 03:42:18') /* Creature */;

INSERT INTO `weenie_properties_int` (`object_Id`, `type`, `value`)
VALUES (2000284,   1,         16) /* ItemType - Creature */
     , (2000284,   2,         31) /* CreatureType - Human */
     , (2000284,   6,         -1) /* ItemsCapacity */
     , (2000284,   7,         -1) /* ContainersCapacity */
     , (2000284,   8,        120) /* Mass */
     , (2000284,  16,         32) /* ItemUseable - Remote */
     , (2000284,  25,         15) /* Level */
     , (2000284,  27,          0) /* ArmorType - None */
     , (2000284,  93,    6292504) /* PhysicsState - ReportCollisions, IgnoreCollisions, Gravity, ReportCollisionsAsEnvironment, EdgeSlide */
     , (2000284,  95,          8) /* RadarBlipColor - Yellow */
     , (2000284, 113,          1) /* Gender - Male */
     , (2000284, 133,          4) /* ShowableOnRadar - ShowAlways */
     , (2000284, 134,         16) /* PlayerKillerStatus - RubberGlue */
     , (2000284, 146,        293) /* XpOverride */
     , (2000284, 188,          1) /* HeritageGroup - Aluvian */;

INSERT INTO `weenie_properties_bool` (`object_Id`, `type`, `value`)
VALUES (2000284,   1, True ) /* Stuck */
     , (2000284,   8, True ) /* AllowGive */
     , (2000284,  11, True ) /* IgnoreCollisions */
     , (2000284,  12, True ) /* ReportCollisions */
     , (2000284,  13, False) /* Ethereal */
     , (2000284,  14, True ) /* GravityStatus */
     , (2000284,  19, False) /* Attackable */
     , (2000284,  29, True ) /* NoCorpse */
     , (2000284,  41, True ) /* ReportCollisionsAsEnvironment */
     , (2000284,  42, True ) /* AllowEdgeSlide */
     , (2000284,  52, True ) /* AiImmobile */
     , (2000284,  79, True ) /* AiAcceptEverything */;

INSERT INTO `weenie_properties_float` (`object_Id`, `type`, `value`)
VALUES (2000284,   1,       5) /* HeartbeatInterval */
     , (2000284,   2,       0) /* HeartbeatTimestamp */
     , (2000284,   3, 0.159999996423721) /* HealthRate */
     , (2000284,   4,       5) /* StaminaRate */
     , (2000284,   5,       1) /* ManaRate */
     , (2000284,  13, 0.899999976158142) /* ArmorModVsSlash */
     , (2000284,  14,       1) /* ArmorModVsPierce */
     , (2000284,  15, 1.10000002384186) /* ArmorModVsBludgeon */
     , (2000284,  16, 0.400000005960464) /* ArmorModVsCold */
     , (2000284,  17, 0.400000005960464) /* ArmorModVsFire */
     , (2000284,  18,       1) /* ArmorModVsAcid */
     , (2000284,  19, 0.600000023841858) /* ArmorModVsElectric */
     , (2000284,  54,       3) /* UseRadius */
     , (2000284,  64,       1) /* ResistSlash */
     , (2000284,  65,       1) /* ResistPierce */
     , (2000284,  66,       1) /* ResistBludgeon */
     , (2000284,  67,       1) /* ResistFire */
     , (2000284,  68,       1) /* ResistCold */
     , (2000284,  69,       1) /* ResistAcid */
     , (2000284,  70,       1) /* ResistElectric */
     , (2000284,  71,       1) /* ResistHealthBoost */
     , (2000284,  72,       1) /* ResistStaminaDrain */
     , (2000284,  73,       1) /* ResistStaminaBoost */
     , (2000284,  74,       1) /* ResistManaDrain */
     , (2000284,  75,       1) /* ResistManaBoost */
     , (2000284, 104,      10) /* ObviousRadarRange */
     , (2000284, 125,       1) /* ResistHealthDrain */;

INSERT INTO `weenie_properties_string` (`object_Id`, `type`, `value`)
VALUES (2000284,   1, 'Townfolk') /* Name */
     , (2000284,   3, 'Male') /* Sex */
     , (2000284,   4, 'Aluvian') /* HeritageGroup */;

INSERT INTO `weenie_properties_d_i_d` (`object_Id`, `type`, `value`)
VALUES (2000284,   1,   33554433) /* Setup */
     , (2000284,   2,  150994945) /* MotionTable */
     , (2000284,   3,  536870913) /* SoundTable */
     , (2000284,   4,  805306368) /* CombatTable */
     , (2000284,   6,   67108990) /* PaletteBase */
     , (2000284,   8,  100667446) /* Icon */
     , (2000284,   9,   83890437) /* EyesTexture */
     , (2000284,  10,   83890521) /* NoseTexture */
     , (2000284,  11,   83890627) /* MouthTexture */
     , (2000284,  15,   67116978) /* HairPalette */
     , (2000284,  16,   67109564) /* EyesPalette */
     , (2000284,  17,   67109558) /* SkinPalette */;

INSERT INTO `weenie_properties_attribute` (`object_Id`, `type`, `init_Level`, `level_From_C_P`, `c_P_Spent`)
VALUES (2000284,   1, 110, 0, 0) /* Strength */
     , (2000284,   2, 120, 0, 0) /* Endurance */
     , (2000284,   3, 120, 0, 0) /* Quickness */
     , (2000284,   4, 120, 0, 0) /* Coordination */
     , (2000284,   5, 100, 0, 0) /* Focus */
     , (2000284,   6, 100, 0, 0) /* Self */;

INSERT INTO `weenie_properties_attribute_2nd` (`object_Id`, `type`, `init_Level`, `level_From_C_P`, `c_P_Spent`, `current_Level`)
VALUES (2000284,   1,     0, 0, 0, 60) /* MaxHealth */
     , (2000284,   3,     0, 0, 0, 120) /* MaxStamina */
     , (2000284,   5,     0, 0, 0, 100) /* MaxMana */;

INSERT INTO `weenie_properties_skill` (`object_Id`, `type`, `level_From_P_P`, `s_a_c`, `p_p`, `init_Level`, `resistance_At_Last_Check`, `last_Used_Time`)
VALUES (2000284,  6, 0, 2, 0,   1, 0, 0) /* MeleeDefense        Trained */
     , (2000284,  7, 0, 2, 0,   1, 0, 0) /* MissileDefense      Trained */
     , (2000284, 13, 0, 2, 0,   1, 0, 0) /* UnarmedCombat       Trained */;

INSERT INTO `weenie_properties_body_part` (`object_Id`, `key`, `d_Type`, `d_Val`, `d_Var`, `base_Armor`, `armor_Vs_Slash`, `armor_Vs_Pierce`, `armor_Vs_Bludgeon`, `armor_Vs_Cold`, `armor_Vs_Fire`, `armor_Vs_Acid`, `armor_Vs_Electric`, `armor_Vs_Nether`, `b_h`, `h_l_f`, `m_l_f`, `l_l_f`, `h_r_f`, `m_r_f`, `l_r_f`, `h_l_b`, `m_l_b`, `l_l_b`, `h_r_b`, `m_r_b`, `l_r_b`)
VALUES (2000284,  0,  4,  0,    0,    0,    0,    0,    0,    0,    0,    0,    0,    0, 1, 0.33,    0,    0, 0.33,    0,    0, 0.33,    0,    0, 0.33,    0,    0) /* Head */
     , (2000284,  1,  4,  0,    0,    0,    0,    0,    0,    0,    0,    0,    0,    0, 2, 0.44, 0.17,    0, 0.44, 0.17,    0, 0.44, 0.17,    0, 0.44, 0.17,    0) /* Chest */
     , (2000284,  2,  4,  0,    0,    0,    0,    0,    0,    0,    0,    0,    0,    0, 3,    0, 0.17,    0,    0, 0.17,    0,    0, 0.17,    0,    0, 0.17,    0) /* Abdomen */
     , (2000284,  3,  4,  0,    0,    0,    0,    0,    0,    0,    0,    0,    0,    0, 1, 0.23, 0.03,    0, 0.23, 0.03,    0, 0.23, 0.03,    0, 0.23, 0.03,    0) /* UpperArm */
     , (2000284,  4,  4,  0,    0,    0,    0,    0,    0,    0,    0,    0,    0,    0, 2,    0,  0.3,    0,    0,  0.3,    0,    0,  0.3,    0,    0,  0.3,    0) /* LowerArm */
     , (2000284,  5,  4,  2, 0.75,    0,    0,    0,    0,    0,    0,    0,    0,    0, 2,    0,  0.2,    0,    0,  0.2,    0,    0,  0.2,    0,    0,  0.2,    0) /* Hand */
     , (2000284,  6,  4,  0,    0,    0,    0,    0,    0,    0,    0,    0,    0,    0, 3,    0, 0.13, 0.18,    0, 0.13, 0.18,    0, 0.13, 0.18,    0, 0.13, 0.18) /* UpperLeg */
     , (2000284,  7,  4,  0,    0,    0,    0,    0,    0,    0,    0,    0,    0,    0, 3,    0,    0,  0.6,    0,    0,  0.6,    0,    0,  0.6,    0,    0,  0.6) /* LowerLeg */
     , (2000284,  8,  4,  2, 0.75,    0,    0,    0,    0,    0,    0,    0,    0,    0, 3,    0,    0, 0.22,    0,    0, 0.22,    0,    0, 0.22,    0,    0, 0.22) /* Foot */;

INSERT INTO `weenie_properties_emote` (`object_Id`, `category`, `probability`, `weenie_Class_Id`, `style`, `substyle`, `quest`, `vendor_Type`, `min_Health`, `max_Health`)
VALUES (2000284,  7 /* Use */,      1, NULL, NULL, NULL, NULL, NULL, NULL, NULL);

SET @parent_id = LAST_INSERT_ID();

INSERT INTO `weenie_properties_emote_action` (`emote_Id`, `order`, `type`, `delay`, `extent`, `motion`, `message`, `test_String`, `min`, `max`, `min_64`, `max_64`, `min_Dbl`, `max_Dbl`, `stat`, `display`, `amount`, `amount_64`, `hero_X_P_64`, `percent`, `spell_Id`, `wealth_Rating`, `treasure_Class`, `treasure_Type`, `p_Script`, `sound`, `destination_Type`, `weenie_Class_Id`, `stack_Size`, `palette`, `shade`, `try_To_Bond`, `obj_Cell_Id`, `origin_X`, `origin_Y`, `origin_Z`, `angles_W`, `angles_X`, `angles_Y`, `angles_Z`)
VALUES (@parent_id,  0,  10 /* Tell */, 1.5, 1, NULL, 'Amazing things happening in Dereth Lately have you seen Subway recently?', NULL, NULL, NULL, NULL, NULL, NULL, NULL, NULL, NULL, NULL, NULL, NULL, NULL, NULL, NULL, NULL, NULL, NULL, NULL, NULL, NULL, NULL, NULL, NULL, NULL, NULL, NULL, NULL, NULL, NULL, NULL, NULL, NULL);

INSERT INTO `weenie_properties_create_list` (`object_Id`, `destination_Type`, `weenie_Class_Id`, `stack_Size`, `palette`, `shade`, `try_To_Bond`)
VALUES (2000284, 2,  2588,  0, 90, 1, False) /* Create Shirt (2588) for Wield */
     , (2000284, 2,  2597,  0, 87, 1, False) /* Create Pants (2597) for Wield */;

DELETE FROM `weenie` WHERE `class_Id` = 2000286;

INSERT INTO `weenie` (`class_Id`, `class_Name`, `type`, `last_Modified`)
VALUES (2000286, 'ace2000286-townfolk', 10, '2019-09-24 03:42:20') /* Creature */;

INSERT INTO `weenie_properties_int` (`object_Id`, `type`, `value`)
VALUES (2000286,   1,         16) /* ItemType - Creature */
     , (2000286,   2,         31) /* CreatureType - Human */
     , (2000286,   6,         -1) /* ItemsCapacity */
     , (2000286,   7,         -1) /* ContainersCapacity */
     , (2000286,   8,        120) /* Mass */
     , (2000286,  16,         32) /* ItemUseable - Remote */
     , (2000286,  25,         15) /* Level */
     , (2000286,  27,          0) /* ArmorType - None */
     , (2000286,  93,    6292504) /* PhysicsState - ReportCollisions, IgnoreCollisions, Gravity, ReportCollisionsAsEnvironment, EdgeSlide */
     , (2000286,  95,          8) /* RadarBlipColor - Yellow */
     , (2000286, 113,          1) /* Gender - Male */
     , (2000286, 133,          4) /* ShowableOnRadar - ShowAlways */
     , (2000286, 134,         16) /* PlayerKillerStatus - RubberGlue */
     , (2000286, 146,        293) /* XpOverride */
     , (2000286, 188,          1) /* HeritageGroup - Aluvian */;

INSERT INTO `weenie_properties_bool` (`object_Id`, `type`, `value`)
VALUES (2000286,   1, True ) /* Stuck */
     , (2000286,   8, True ) /* AllowGive */
     , (2000286,  11, True ) /* IgnoreCollisions */
     , (2000286,  12, True ) /* ReportCollisions */
     , (2000286,  13, False) /* Ethereal */
     , (2000286,  14, True ) /* GravityStatus */
     , (2000286,  19, False) /* Attackable */
     , (2000286,  29, True ) /* NoCorpse */
     , (2000286,  41, True ) /* ReportCollisionsAsEnvironment */
     , (2000286,  42, True ) /* AllowEdgeSlide */
     , (2000286,  52, True ) /* AiImmobile */
     , (2000286,  79, True ) /* AiAcceptEverything */;

INSERT INTO `weenie_properties_float` (`object_Id`, `type`, `value`)
VALUES (2000286,   1,       5) /* HeartbeatInterval */
     , (2000286,   2,       0) /* HeartbeatTimestamp */
     , (2000286,   3, 0.159999996423721) /* HealthRate */
     , (2000286,   4,       5) /* StaminaRate */
     , (2000286,   5,       1) /* ManaRate */
     , (2000286,  13, 0.899999976158142) /* ArmorModVsSlash */
     , (2000286,  14,       1) /* ArmorModVsPierce */
     , (2000286,  15, 1.10000002384186) /* ArmorModVsBludgeon */
     , (2000286,  16, 0.400000005960464) /* ArmorModVsCold */
     , (2000286,  17, 0.400000005960464) /* ArmorModVsFire */
     , (2000286,  18,       1) /* ArmorModVsAcid */
     , (2000286,  19, 0.600000023841858) /* ArmorModVsElectric */
     , (2000286,  54,       3) /* UseRadius */
     , (2000286,  64,       1) /* ResistSlash */
     , (2000286,  65,       1) /* ResistPierce */
     , (2000286,  66,       1) /* ResistBludgeon */
     , (2000286,  67,       1) /* ResistFire */
     , (2000286,  68,       1) /* ResistCold */
     , (2000286,  69,       1) /* ResistAcid */
     , (2000286,  70,       1) /* ResistElectric */
     , (2000286,  71,       1) /* ResistHealthBoost */
     , (2000286,  72,       1) /* ResistStaminaDrain */
     , (2000286,  73,       1) /* ResistStaminaBoost */
     , (2000286,  74,       1) /* ResistManaDrain */
     , (2000286,  75,       1) /* ResistManaBoost */
     , (2000286, 104,      10) /* ObviousRadarRange */
     , (2000286, 125,       1) /* ResistHealthDrain */;

INSERT INTO `weenie_properties_string` (`object_Id`, `type`, `value`)
VALUES (2000286,   1, 'Townfolk') /* Name */
     , (2000286,   3, 'Male') /* Sex */
     , (2000286,   4, 'Aluvian') /* HeritageGroup */;

INSERT INTO `weenie_properties_d_i_d` (`object_Id`, `type`, `value`)
VALUES (2000286,   1,   33554433) /* Setup */
     , (2000286,   2,  150994945) /* MotionTable */
     , (2000286,   3,  536870913) /* SoundTable */
     , (2000286,   4,  805306368) /* CombatTable */
     , (2000286,   6,   67108990) /* PaletteBase */
     , (2000286,   8,  100667446) /* Icon */
     , (2000286,   9,   83890437) /* EyesTexture */
     , (2000286,  10,   83890521) /* NoseTexture */
     , (2000286,  11,   83890627) /* MouthTexture */
     , (2000286,  15,   67116978) /* HairPalette */
     , (2000286,  16,   67109564) /* EyesPalette */
     , (2000286,  17,   67109558) /* SkinPalette */;

INSERT INTO `weenie_properties_attribute` (`object_Id`, `type`, `init_Level`, `level_From_C_P`, `c_P_Spent`)
VALUES (2000286,   1, 110, 0, 0) /* Strength */
     , (2000286,   2, 120, 0, 0) /* Endurance */
     , (2000286,   3, 120, 0, 0) /* Quickness */
     , (2000286,   4, 120, 0, 0) /* Coordination */
     , (2000286,   5, 100, 0, 0) /* Focus */
     , (2000286,   6, 100, 0, 0) /* Self */;

INSERT INTO `weenie_properties_attribute_2nd` (`object_Id`, `type`, `init_Level`, `level_From_C_P`, `c_P_Spent`, `current_Level`)
VALUES (2000286,   1,     0, 0, 0, 60) /* MaxHealth */
     , (2000286,   3,     0, 0, 0, 120) /* MaxStamina */
     , (2000286,   5,     0, 0, 0, 100) /* MaxMana */;

INSERT INTO `weenie_properties_skill` (`object_Id`, `type`, `level_From_P_P`, `s_a_c`, `p_p`, `init_Level`, `resistance_At_Last_Check`, `last_Used_Time`)
VALUES (2000286,  6, 0, 2, 0,   1, 0, 0) /* MeleeDefense        Trained */
     , (2000286,  7, 0, 2, 0,   1, 0, 0) /* MissileDefense      Trained */
     , (2000286, 13, 0, 2, 0,   1, 0, 0) /* UnarmedCombat       Trained */;

INSERT INTO `weenie_properties_body_part` (`object_Id`, `key`, `d_Type`, `d_Val`, `d_Var`, `base_Armor`, `armor_Vs_Slash`, `armor_Vs_Pierce`, `armor_Vs_Bludgeon`, `armor_Vs_Cold`, `armor_Vs_Fire`, `armor_Vs_Acid`, `armor_Vs_Electric`, `armor_Vs_Nether`, `b_h`, `h_l_f`, `m_l_f`, `l_l_f`, `h_r_f`, `m_r_f`, `l_r_f`, `h_l_b`, `m_l_b`, `l_l_b`, `h_r_b`, `m_r_b`, `l_r_b`)
VALUES (2000286,  0,  4,  0,    0,    0,    0,    0,    0,    0,    0,    0,    0,    0, 1, 0.33,    0,    0, 0.33,    0,    0, 0.33,    0,    0, 0.33,    0,    0) /* Head */
     , (2000286,  1,  4,  0,    0,    0,    0,    0,    0,    0,    0,    0,    0,    0, 2, 0.44, 0.17,    0, 0.44, 0.17,    0, 0.44, 0.17,    0, 0.44, 0.17,    0) /* Chest */
     , (2000286,  2,  4,  0,    0,    0,    0,    0,    0,    0,    0,    0,    0,    0, 3,    0, 0.17,    0,    0, 0.17,    0,    0, 0.17,    0,    0, 0.17,    0) /* Abdomen */
     , (2000286,  3,  4,  0,    0,    0,    0,    0,    0,    0,    0,    0,    0,    0, 1, 0.23, 0.03,    0, 0.23, 0.03,    0, 0.23, 0.03,    0, 0.23, 0.03,    0) /* UpperArm */
     , (2000286,  4,  4,  0,    0,    0,    0,    0,    0,    0,    0,    0,    0,    0, 2,    0,  0.3,    0,    0,  0.3,    0,    0,  0.3,    0,    0,  0.3,    0) /* LowerArm */
     , (2000286,  5,  4,  2, 0.75,    0,    0,    0,    0,    0,    0,    0,    0,    0, 2,    0,  0.2,    0,    0,  0.2,    0,    0,  0.2,    0,    0,  0.2,    0) /* Hand */
     , (2000286,  6,  4,  0,    0,    0,    0,    0,    0,    0,    0,    0,    0,    0, 3,    0, 0.13, 0.18,    0, 0.13, 0.18,    0, 0.13, 0.18,    0, 0.13, 0.18) /* UpperLeg */
     , (2000286,  7,  4,  0,    0,    0,    0,    0,    0,    0,    0,    0,    0,    0, 3,    0,    0,  0.6,    0,    0,  0.6,    0,    0,  0.6,    0,    0,  0.6) /* LowerLeg */
     , (2000286,  8,  4,  2, 0.75,    0,    0,    0,    0,    0,    0,    0,    0,    0, 3,    0,    0, 0.22,    0,    0, 0.22,    0,    0, 0.22,    0,    0, 0.22) /* Foot */;

INSERT INTO `weenie_properties_emote` (`object_Id`, `category`, `probability`, `weenie_Class_Id`, `style`, `substyle`, `quest`, `vendor_Type`, `min_Health`, `max_Health`)
VALUES (2000286,  7 /* Use */,      1, NULL, NULL, NULL, NULL, NULL, NULL, NULL);

SET @parent_id = LAST_INSERT_ID();

INSERT INTO `weenie_properties_emote_action` (`emote_Id`, `order`, `type`, `delay`, `extent`, `motion`, `message`, `test_String`, `min`, `max`, `min_64`, `max_64`, `min_Dbl`, `max_Dbl`, `stat`, `display`, `amount`, `amount_64`, `hero_X_P_64`, `percent`, `spell_Id`, `wealth_Rating`, `treasure_Class`, `treasure_Type`, `p_Script`, `sound`, `destination_Type`, `weenie_Class_Id`, `stack_Size`, `palette`, `shade`, `try_To_Bond`, `obj_Cell_Id`, `origin_X`, `origin_Y`, `origin_Z`, `angles_W`, `angles_X`, `angles_Y`, `angles_Z`)
VALUES (@parent_id,  0,  10 /* Tell */, 1.5, 1, NULL, 'Yes I see them, But what can we do they will kill us all', NULL, NULL, NULL, NULL, NULL, NULL, NULL, NULL, NULL, NULL, NULL, NULL, NULL, NULL, NULL, NULL, NULL, NULL, NULL, NULL, NULL, NULL, NULL, NULL, NULL, NULL, NULL, NULL, NULL, NULL, NULL, NULL, NULL);

INSERT INTO `weenie_properties_create_list` (`object_Id`, `destination_Type`, `weenie_Class_Id`, `stack_Size`, `palette`, `shade`, `try_To_Bond`)
VALUES (2000286, 2,  5853,  0, 91, 1, False) /* Create Dho Vest and Robe (5853) for Wield */
     , (2000286, 2,  2597,  0, 5, 1, False) /* Create Pants (2597) for Wield */;

DELETE FROM `weenie` WHERE `class_Id` = 2000285;

INSERT INTO `weenie` (`class_Id`, `class_Name`, `type`, `last_Modified`)
VALUES (2000285, 'ace2000285-townfolk', 10, '2019-09-24 03:42:19') /* Creature */;

INSERT INTO `weenie_properties_int` (`object_Id`, `type`, `value`)
VALUES (2000285,   1,         16) /* ItemType - Creature */
     , (2000285,   2,         31) /* CreatureType - Human */
     , (2000285,   6,         -1) /* ItemsCapacity */
     , (2000285,   7,         -1) /* ContainersCapacity */
     , (2000285,   8,        120) /* Mass */
     , (2000285,  16,         32) /* ItemUseable - Remote */
     , (2000285,  25,         15) /* Level */
     , (2000285,  27,          0) /* ArmorType - None */
     , (2000285,  93,    6292504) /* PhysicsState - ReportCollisions, IgnoreCollisions, Gravity, ReportCollisionsAsEnvironment, EdgeSlide */
     , (2000285,  95,          8) /* RadarBlipColor - Yellow */
     , (2000285, 113,          1) /* Gender - Male */
     , (2000285, 133,          4) /* ShowableOnRadar - ShowAlways */
     , (2000285, 134,         16) /* PlayerKillerStatus - RubberGlue */
     , (2000285, 146,        293) /* XpOverride */
     , (2000285, 188,          1) /* HeritageGroup - Aluvian */;

INSERT INTO `weenie_properties_bool` (`object_Id`, `type`, `value`)
VALUES (2000285,   1, True ) /* Stuck */
     , (2000285,   8, True ) /* AllowGive */
     , (2000285,  11, True ) /* IgnoreCollisions */
     , (2000285,  12, True ) /* ReportCollisions */
     , (2000285,  13, False) /* Ethereal */
     , (2000285,  14, True ) /* GravityStatus */
     , (2000285,  19, False) /* Attackable */
     , (2000285,  29, True ) /* NoCorpse */
     , (2000285,  41, True ) /* ReportCollisionsAsEnvironment */
     , (2000285,  42, True ) /* AllowEdgeSlide */
     , (2000285,  52, True ) /* AiImmobile */
     , (2000285,  79, True ) /* AiAcceptEverything */;

INSERT INTO `weenie_properties_float` (`object_Id`, `type`, `value`)
VALUES (2000285,   1,       5) /* HeartbeatInterval */
     , (2000285,   2,       0) /* HeartbeatTimestamp */
     , (2000285,   3, 0.159999996423721) /* HealthRate */
     , (2000285,   4,       5) /* StaminaRate */
     , (2000285,   5,       1) /* ManaRate */
     , (2000285,  13, 0.899999976158142) /* ArmorModVsSlash */
     , (2000285,  14,       1) /* ArmorModVsPierce */
     , (2000285,  15, 1.10000002384186) /* ArmorModVsBludgeon */
     , (2000285,  16, 0.400000005960464) /* ArmorModVsCold */
     , (2000285,  17, 0.400000005960464) /* ArmorModVsFire */
     , (2000285,  18,       1) /* ArmorModVsAcid */
     , (2000285,  19, 0.600000023841858) /* ArmorModVsElectric */
     , (2000285,  54,       3) /* UseRadius */
     , (2000285,  64,       1) /* ResistSlash */
     , (2000285,  65,       1) /* ResistPierce */
     , (2000285,  66,       1) /* ResistBludgeon */
     , (2000285,  67,       1) /* ResistFire */
     , (2000285,  68,       1) /* ResistCold */
     , (2000285,  69,       1) /* ResistAcid */
     , (2000285,  70,       1) /* ResistElectric */
     , (2000285,  71,       1) /* ResistHealthBoost */
     , (2000285,  72,       1) /* ResistStaminaDrain */
     , (2000285,  73,       1) /* ResistStaminaBoost */
     , (2000285,  74,       1) /* ResistManaDrain */
     , (2000285,  75,       1) /* ResistManaBoost */
     , (2000285, 104,      10) /* ObviousRadarRange */
     , (2000285, 125,       1) /* ResistHealthDrain */;

INSERT INTO `weenie_properties_string` (`object_Id`, `type`, `value`)
VALUES (2000285,   1, 'Townfolk') /* Name */
     , (2000285,   3, 'Male') /* Sex */
     , (2000285,   4, 'Aluvian') /* HeritageGroup */;

INSERT INTO `weenie_properties_d_i_d` (`object_Id`, `type`, `value`)
VALUES (2000285,   1,   33554433) /* Setup */
     , (2000285,   2,  150994945) /* MotionTable */
     , (2000285,   3,  536870913) /* SoundTable */
     , (2000285,   4,  805306368) /* CombatTable */
     , (2000285,   6,   67108990) /* PaletteBase */
     , (2000285,   8,  100667446) /* Icon */
     , (2000285,   9,   83890437) /* EyesTexture */
     , (2000285,  10,   83890521) /* NoseTexture */
     , (2000285,  11,   83890627) /* MouthTexture */
     , (2000285,  15,   67116978) /* HairPalette */
     , (2000285,  16,   67109564) /* EyesPalette */
     , (2000285,  17,   67109558) /* SkinPalette */;

INSERT INTO `weenie_properties_attribute` (`object_Id`, `type`, `init_Level`, `level_From_C_P`, `c_P_Spent`)
VALUES (2000285,   1, 110, 0, 0) /* Strength */
     , (2000285,   2, 120, 0, 0) /* Endurance */
     , (2000285,   3, 120, 0, 0) /* Quickness */
     , (2000285,   4, 120, 0, 0) /* Coordination */
     , (2000285,   5, 100, 0, 0) /* Focus */
     , (2000285,   6, 100, 0, 0) /* Self */;

INSERT INTO `weenie_properties_attribute_2nd` (`object_Id`, `type`, `init_Level`, `level_From_C_P`, `c_P_Spent`, `current_Level`)
VALUES (2000285,   1,     0, 0, 0, 60) /* MaxHealth */
     , (2000285,   3,     0, 0, 0, 120) /* MaxStamina */
     , (2000285,   5,     0, 0, 0, 100) /* MaxMana */;

INSERT INTO `weenie_properties_skill` (`object_Id`, `type`, `level_From_P_P`, `s_a_c`, `p_p`, `init_Level`, `resistance_At_Last_Check`, `last_Used_Time`)
VALUES (2000285,  6, 0, 2, 0,   1, 0, 0) /* MeleeDefense        Trained */
     , (2000285,  7, 0, 2, 0,   1, 0, 0) /* MissileDefense      Trained */
     , (2000285, 13, 0, 2, 0,   1, 0, 0) /* UnarmedCombat       Trained */;

INSERT INTO `weenie_properties_body_part` (`object_Id`, `key`, `d_Type`, `d_Val`, `d_Var`, `base_Armor`, `armor_Vs_Slash`, `armor_Vs_Pierce`, `armor_Vs_Bludgeon`, `armor_Vs_Cold`, `armor_Vs_Fire`, `armor_Vs_Acid`, `armor_Vs_Electric`, `armor_Vs_Nether`, `b_h`, `h_l_f`, `m_l_f`, `l_l_f`, `h_r_f`, `m_r_f`, `l_r_f`, `h_l_b`, `m_l_b`, `l_l_b`, `h_r_b`, `m_r_b`, `l_r_b`)
VALUES (2000285,  0,  4,  0,    0,    0,    0,    0,    0,    0,    0,    0,    0,    0, 1, 0.33,    0,    0, 0.33,    0,    0, 0.33,    0,    0, 0.33,    0,    0) /* Head */
     , (2000285,  1,  4,  0,    0,    0,    0,    0,    0,    0,    0,    0,    0,    0, 2, 0.44, 0.17,    0, 0.44, 0.17,    0, 0.44, 0.17,    0, 0.44, 0.17,    0) /* Chest */
     , (2000285,  2,  4,  0,    0,    0,    0,    0,    0,    0,    0,    0,    0,    0, 3,    0, 0.17,    0,    0, 0.17,    0,    0, 0.17,    0,    0, 0.17,    0) /* Abdomen */
     , (2000285,  3,  4,  0,    0,    0,    0,    0,    0,    0,    0,    0,    0,    0, 1, 0.23, 0.03,    0, 0.23, 0.03,    0, 0.23, 0.03,    0, 0.23, 0.03,    0) /* UpperArm */
     , (2000285,  4,  4,  0,    0,    0,    0,    0,    0,    0,    0,    0,    0,    0, 2,    0,  0.3,    0,    0,  0.3,    0,    0,  0.3,    0,    0,  0.3,    0) /* LowerArm */
     , (2000285,  5,  4,  2, 0.75,    0,    0,    0,    0,    0,    0,    0,    0,    0, 2,    0,  0.2,    0,    0,  0.2,    0,    0,  0.2,    0,    0,  0.2,    0) /* Hand */
     , (2000285,  6,  4,  0,    0,    0,    0,    0,    0,    0,    0,    0,    0,    0, 3,    0, 0.13, 0.18,    0, 0.13, 0.18,    0, 0.13, 0.18,    0, 0.13, 0.18) /* UpperLeg */
     , (2000285,  7,  4,  0,    0,    0,    0,    0,    0,    0,    0,    0,    0,    0, 3,    0,    0,  0.6,    0,    0,  0.6,    0,    0,  0.6,    0,    0,  0.6) /* LowerLeg */
     , (2000285,  8,  4,  2, 0.75,    0,    0,    0,    0,    0,    0,    0,    0,    0, 3,    0,    0, 0.22,    0,    0, 0.22,    0,    0, 0.22,    0,    0, 0.22) /* Foot */;

INSERT INTO `weenie_properties_emote` (`object_Id`, `category`, `probability`, `weenie_Class_Id`, `style`, `substyle`, `quest`, `vendor_Type`, `min_Health`, `max_Health`)
VALUES (2000285,  7 /* Use */,      1, NULL, NULL, NULL, NULL, NULL, NULL, NULL);

SET @parent_id = LAST_INSERT_ID();

INSERT INTO `weenie_properties_emote_action` (`emote_Id`, `order`, `type`, `delay`, `extent`, `motion`, `message`, `test_String`, `min`, `max`, `min_64`, `max_64`, `min_Dbl`, `max_Dbl`, `stat`, `display`, `amount`, `amount_64`, `hero_X_P_64`, `percent`, `spell_Id`, `wealth_Rating`, `treasure_Class`, `treasure_Type`, `p_Script`, `sound`, `destination_Type`, `weenie_Class_Id`, `stack_Size`, `palette`, `shade`, `try_To_Bond`, `obj_Cell_Id`, `origin_X`, `origin_Y`, `origin_Z`, `angles_W`, `angles_X`, `angles_Y`, `angles_Z`)
VALUES (@parent_id,  0,  10 /* Tell */, 1.5, 1, NULL, 'Hey Stranger how does your day fare?', NULL, NULL, NULL, NULL, NULL, NULL, NULL, NULL, NULL, NULL, NULL, NULL, NULL, NULL, NULL, NULL, NULL, NULL, NULL, NULL, NULL, NULL, NULL, NULL, NULL, NULL, NULL, NULL, NULL, NULL, NULL, NULL, NULL);

INSERT INTO `weenie_properties_create_list` (`object_Id`, `destination_Type`, `weenie_Class_Id`, `stack_Size`, `palette`, `shade`, `try_To_Bond`)
VALUES (2000285, 2,  2588,  0, 5, 1, False) /* Create Shirt (2588) for Wield */
     , (2000285, 2,  2597,  0, 5, 1, False) /* Create Pants (2597) for Wield */;

DELETE FROM `weenie` WHERE `class_Id` = 2000287;

INSERT INTO `weenie` (`class_Id`, `class_Name`, `type`, `last_Modified`)
VALUES (2000287, 'ace2000287-townfolk', 10, '2019-09-24 03:42:22') /* Creature */;

INSERT INTO `weenie_properties_int` (`object_Id`, `type`, `value`)
VALUES (2000287,   1,         16) /* ItemType - Creature */
     , (2000287,   2,         31) /* CreatureType - Human */
     , (2000287,   6,         -1) /* ItemsCapacity */
     , (2000287,   7,         -1) /* ContainersCapacity */
     , (2000287,   8,        120) /* Mass */
     , (2000287,  16,         32) /* ItemUseable - Remote */
     , (2000287,  25,         15) /* Level */
     , (2000287,  27,          0) /* ArmorType - None */
     , (2000287,  93,    6292504) /* PhysicsState - ReportCollisions, IgnoreCollisions, Gravity, ReportCollisionsAsEnvironment, EdgeSlide */
     , (2000287,  95,          8) /* RadarBlipColor - Yellow */
     , (2000287, 113,          1) /* Gender - Male */
     , (2000287, 133,          4) /* ShowableOnRadar - ShowAlways */
     , (2000287, 134,         16) /* PlayerKillerStatus - RubberGlue */
     , (2000287, 146,        293) /* XpOverride */
     , (2000287, 188,          1) /* HeritageGroup - Aluvian */;

INSERT INTO `weenie_properties_bool` (`object_Id`, `type`, `value`)
VALUES (2000287,   1, True ) /* Stuck */
     , (2000287,   8, True ) /* AllowGive */
     , (2000287,  11, True ) /* IgnoreCollisions */
     , (2000287,  12, True ) /* ReportCollisions */
     , (2000287,  13, False) /* Ethereal */
     , (2000287,  14, True ) /* GravityStatus */
     , (2000287,  19, False) /* Attackable */
     , (2000287,  29, True ) /* NoCorpse */
     , (2000287,  41, True ) /* ReportCollisionsAsEnvironment */
     , (2000287,  42, True ) /* AllowEdgeSlide */
     , (2000287,  52, True ) /* AiImmobile */
     , (2000287,  79, True ) /* AiAcceptEverything */;

INSERT INTO `weenie_properties_float` (`object_Id`, `type`, `value`)
VALUES (2000287,   1,       5) /* HeartbeatInterval */
     , (2000287,   2,       0) /* HeartbeatTimestamp */
     , (2000287,   3, 0.159999996423721) /* HealthRate */
     , (2000287,   4,       5) /* StaminaRate */
     , (2000287,   5,       1) /* ManaRate */
     , (2000287,  13, 0.899999976158142) /* ArmorModVsSlash */
     , (2000287,  14,       1) /* ArmorModVsPierce */
     , (2000287,  15, 1.10000002384186) /* ArmorModVsBludgeon */
     , (2000287,  16, 0.400000005960464) /* ArmorModVsCold */
     , (2000287,  17, 0.400000005960464) /* ArmorModVsFire */
     , (2000287,  18,       1) /* ArmorModVsAcid */
     , (2000287,  19, 0.600000023841858) /* ArmorModVsElectric */
     , (2000287,  54,       3) /* UseRadius */
     , (2000287,  64,       1) /* ResistSlash */
     , (2000287,  65,       1) /* ResistPierce */
     , (2000287,  66,       1) /* ResistBludgeon */
     , (2000287,  67,       1) /* ResistFire */
     , (2000287,  68,       1) /* ResistCold */
     , (2000287,  69,       1) /* ResistAcid */
     , (2000287,  70,       1) /* ResistElectric */
     , (2000287,  71,       1) /* ResistHealthBoost */
     , (2000287,  72,       1) /* ResistStaminaDrain */
     , (2000287,  73,       1) /* ResistStaminaBoost */
     , (2000287,  74,       1) /* ResistManaDrain */
     , (2000287,  75,       1) /* ResistManaBoost */
     , (2000287, 104,      10) /* ObviousRadarRange */
     , (2000287, 125,       1) /* ResistHealthDrain */;

INSERT INTO `weenie_properties_string` (`object_Id`, `type`, `value`)
VALUES (2000287,   1, 'Townfolk') /* Name */
     , (2000287,   3, 'Male') /* Sex */
     , (2000287,   4, 'Aluvian') /* HeritageGroup */;

INSERT INTO `weenie_properties_d_i_d` (`object_Id`, `type`, `value`)
VALUES (2000287,   1,   33554433) /* Setup */
     , (2000287,   2,  150994945) /* MotionTable */
     , (2000287,   3,  536870913) /* SoundTable */
     , (2000287,   4,  805306368) /* CombatTable */
     , (2000287,   6,   67108990) /* PaletteBase */
     , (2000287,   8,  100667446) /* Icon */
     , (2000287,   9,   83890437) /* EyesTexture */
     , (2000287,  10,   83890521) /* NoseTexture */
     , (2000287,  11,   83890627) /* MouthTexture */
     , (2000287,  15,   67116978) /* HairPalette */
     , (2000287,  16,   67109564) /* EyesPalette */
     , (2000287,  17,   67109558) /* SkinPalette */;

INSERT INTO `weenie_properties_attribute` (`object_Id`, `type`, `init_Level`, `level_From_C_P`, `c_P_Spent`)
VALUES (2000287,   1, 110, 0, 0) /* Strength */
     , (2000287,   2, 120, 0, 0) /* Endurance */
     , (2000287,   3, 120, 0, 0) /* Quickness */
     , (2000287,   4, 120, 0, 0) /* Coordination */
     , (2000287,   5, 100, 0, 0) /* Focus */
     , (2000287,   6, 100, 0, 0) /* Self */;

INSERT INTO `weenie_properties_attribute_2nd` (`object_Id`, `type`, `init_Level`, `level_From_C_P`, `c_P_Spent`, `current_Level`)
VALUES (2000287,   1,     0, 0, 0, 60) /* MaxHealth */
     , (2000287,   3,     0, 0, 0, 120) /* MaxStamina */
     , (2000287,   5,     0, 0, 0, 100) /* MaxMana */;

INSERT INTO `weenie_properties_skill` (`object_Id`, `type`, `level_From_P_P`, `s_a_c`, `p_p`, `init_Level`, `resistance_At_Last_Check`, `last_Used_Time`)
VALUES (2000287,  6, 0, 2, 0,   1, 0, 0) /* MeleeDefense        Trained */
     , (2000287,  7, 0, 2, 0,   1, 0, 0) /* MissileDefense      Trained */
     , (2000287, 13, 0, 2, 0,   1, 0, 0) /* UnarmedCombat       Trained */;

INSERT INTO `weenie_properties_body_part` (`object_Id`, `key`, `d_Type`, `d_Val`, `d_Var`, `base_Armor`, `armor_Vs_Slash`, `armor_Vs_Pierce`, `armor_Vs_Bludgeon`, `armor_Vs_Cold`, `armor_Vs_Fire`, `armor_Vs_Acid`, `armor_Vs_Electric`, `armor_Vs_Nether`, `b_h`, `h_l_f`, `m_l_f`, `l_l_f`, `h_r_f`, `m_r_f`, `l_r_f`, `h_l_b`, `m_l_b`, `l_l_b`, `h_r_b`, `m_r_b`, `l_r_b`)
VALUES (2000287,  0,  4,  0,    0,    0,    0,    0,    0,    0,    0,    0,    0,    0, 1, 0.33,    0,    0, 0.33,    0,    0, 0.33,    0,    0, 0.33,    0,    0) /* Head */
     , (2000287,  1,  4,  0,    0,    0,    0,    0,    0,    0,    0,    0,    0,    0, 2, 0.44, 0.17,    0, 0.44, 0.17,    0, 0.44, 0.17,    0, 0.44, 0.17,    0) /* Chest */
     , (2000287,  2,  4,  0,    0,    0,    0,    0,    0,    0,    0,    0,    0,    0, 3,    0, 0.17,    0,    0, 0.17,    0,    0, 0.17,    0,    0, 0.17,    0) /* Abdomen */
     , (2000287,  3,  4,  0,    0,    0,    0,    0,    0,    0,    0,    0,    0,    0, 1, 0.23, 0.03,    0, 0.23, 0.03,    0, 0.23, 0.03,    0, 0.23, 0.03,    0) /* UpperArm */
     , (2000287,  4,  4,  0,    0,    0,    0,    0,    0,    0,    0,    0,    0,    0, 2,    0,  0.3,    0,    0,  0.3,    0,    0,  0.3,    0,    0,  0.3,    0) /* LowerArm */
     , (2000287,  5,  4,  2, 0.75,    0,    0,    0,    0,    0,    0,    0,    0,    0, 2,    0,  0.2,    0,    0,  0.2,    0,    0,  0.2,    0,    0,  0.2,    0) /* Hand */
     , (2000287,  6,  4,  0,    0,    0,    0,    0,    0,    0,    0,    0,    0,    0, 3,    0, 0.13, 0.18,    0, 0.13, 0.18,    0, 0.13, 0.18,    0, 0.13, 0.18) /* UpperLeg */
     , (2000287,  7,  4,  0,    0,    0,    0,    0,    0,    0,    0,    0,    0,    0, 3,    0,    0,  0.6,    0,    0,  0.6,    0,    0,  0.6,    0,    0,  0.6) /* LowerLeg */
     , (2000287,  8,  4,  2, 0.75,    0,    0,    0,    0,    0,    0,    0,    0,    0, 3,    0,    0, 0.22,    0,    0, 0.22,    0,    0, 0.22,    0,    0, 0.22) /* Foot */;

INSERT INTO `weenie_properties_emote` (`object_Id`, `category`, `probability`, `weenie_Class_Id`, `style`, `substyle`, `quest`, `vendor_Type`, `min_Health`, `max_Health`)
VALUES (2000287,  7 /* Use */,      1, NULL, NULL, NULL, NULL, NULL, NULL, NULL);

SET @parent_id = LAST_INSERT_ID();

INSERT INTO `weenie_properties_emote_action` (`emote_Id`, `order`, `type`, `delay`, `extent`, `motion`, `message`, `test_String`, `min`, `max`, `min_64`, `max_64`, `min_Dbl`, `max_Dbl`, `stat`, `display`, `amount`, `amount_64`, `hero_X_P_64`, `percent`, `spell_Id`, `wealth_Rating`, `treasure_Class`, `treasure_Type`, `p_Script`, `sound`, `destination_Type`, `weenie_Class_Id`, `stack_Size`, `palette`, `shade`, `try_To_Bond`, `obj_Cell_Id`, `origin_X`, `origin_Y`, `origin_Z`, `angles_W`, `angles_X`, `angles_Y`, `angles_Z`)
VALUES (@parent_id,  0,  10 /* Tell */, 1.5, 1, NULL, 'There they are just watching staring all day it''s enough to drive you insane.', NULL, NULL, NULL, NULL, NULL, NULL, NULL, NULL, NULL, NULL, NULL, NULL, NULL, NULL, NULL, NULL, NULL, NULL, NULL, NULL, NULL, NULL, NULL, NULL, NULL, NULL, NULL, NULL, NULL, NULL, NULL, NULL, NULL);

INSERT INTO `weenie_properties_create_list` (`object_Id`, `destination_Type`, `weenie_Class_Id`, `stack_Size`, `palette`, `shade`, `try_To_Bond`)
VALUES (2000287, 2,  2588,  0, 93, 1, False) /* Create Shirt (2588) for Wield */
     , (2000287, 2,  2597,  0, 88, 1, False) /* Create Pants (2597) for Wield */;

DELETE FROM `weenie` WHERE `class_Id` = 2000288;

INSERT INTO `weenie` (`class_Id`, `class_Name`, `type`, `last_Modified`)
VALUES (2000288, 'ace2000288-townfolk', 10, '2019-09-24 03:42:23') /* Creature */;

INSERT INTO `weenie_properties_int` (`object_Id`, `type`, `value`)
VALUES (2000288,   1,         16) /* ItemType - Creature */
     , (2000288,   2,         31) /* CreatureType - Human */
     , (2000288,   6,         -1) /* ItemsCapacity */
     , (2000288,   7,         -1) /* ContainersCapacity */
     , (2000288,   8,        120) /* Mass */
     , (2000288,  16,         32) /* ItemUseable - Remote */
     , (2000288,  25,         15) /* Level */
     , (2000288,  27,          0) /* ArmorType - None */
     , (2000288,  93,    6292504) /* PhysicsState - ReportCollisions, IgnoreCollisions, Gravity, ReportCollisionsAsEnvironment, EdgeSlide */
     , (2000288,  95,          8) /* RadarBlipColor - Yellow */
     , (2000288, 113,          1) /* Gender - Male */
     , (2000288, 133,          4) /* ShowableOnRadar - ShowAlways */
     , (2000288, 134,         16) /* PlayerKillerStatus - RubberGlue */
     , (2000288, 146,        293) /* XpOverride */
     , (2000288, 188,          1) /* HeritageGroup - Aluvian */;

INSERT INTO `weenie_properties_bool` (`object_Id`, `type`, `value`)
VALUES (2000288,   1, True ) /* Stuck */
     , (2000288,   8, True ) /* AllowGive */
     , (2000288,  11, True ) /* IgnoreCollisions */
     , (2000288,  12, True ) /* ReportCollisions */
     , (2000288,  13, False) /* Ethereal */
     , (2000288,  14, True ) /* GravityStatus */
     , (2000288,  19, False) /* Attackable */
     , (2000288,  29, True ) /* NoCorpse */
     , (2000288,  41, True ) /* ReportCollisionsAsEnvironment */
     , (2000288,  42, True ) /* AllowEdgeSlide */
     , (2000288,  52, True ) /* AiImmobile */
     , (2000288,  79, True ) /* AiAcceptEverything */;

INSERT INTO `weenie_properties_float` (`object_Id`, `type`, `value`)
VALUES (2000288,   1,       5) /* HeartbeatInterval */
     , (2000288,   2,       0) /* HeartbeatTimestamp */
     , (2000288,   3, 0.159999996423721) /* HealthRate */
     , (2000288,   4,       5) /* StaminaRate */
     , (2000288,   5,       1) /* ManaRate */
     , (2000288,  13, 0.899999976158142) /* ArmorModVsSlash */
     , (2000288,  14,       1) /* ArmorModVsPierce */
     , (2000288,  15, 1.10000002384186) /* ArmorModVsBludgeon */
     , (2000288,  16, 0.400000005960464) /* ArmorModVsCold */
     , (2000288,  17, 0.400000005960464) /* ArmorModVsFire */
     , (2000288,  18,       1) /* ArmorModVsAcid */
     , (2000288,  19, 0.600000023841858) /* ArmorModVsElectric */
     , (2000288,  54,       3) /* UseRadius */
     , (2000288,  64,       1) /* ResistSlash */
     , (2000288,  65,       1) /* ResistPierce */
     , (2000288,  66,       1) /* ResistBludgeon */
     , (2000288,  67,       1) /* ResistFire */
     , (2000288,  68,       1) /* ResistCold */
     , (2000288,  69,       1) /* ResistAcid */
     , (2000288,  70,       1) /* ResistElectric */
     , (2000288,  71,       1) /* ResistHealthBoost */
     , (2000288,  72,       1) /* ResistStaminaDrain */
     , (2000288,  73,       1) /* ResistStaminaBoost */
     , (2000288,  74,       1) /* ResistManaDrain */
     , (2000288,  75,       1) /* ResistManaBoost */
     , (2000288, 104,      10) /* ObviousRadarRange */
     , (2000288, 125,       1) /* ResistHealthDrain */;

INSERT INTO `weenie_properties_string` (`object_Id`, `type`, `value`)
VALUES (2000288,   1, 'Townfolk') /* Name */
     , (2000288,   3, 'Male') /* Sex */
     , (2000288,   4, 'Aluvian') /* HeritageGroup */;

INSERT INTO `weenie_properties_d_i_d` (`object_Id`, `type`, `value`)
VALUES (2000288,   1,   33554433) /* Setup */
     , (2000288,   2,  150994945) /* MotionTable */
     , (2000288,   3,  536870913) /* SoundTable */
     , (2000288,   4,  805306368) /* CombatTable */
     , (2000288,   6,   67108990) /* PaletteBase */
     , (2000288,   8,  100667446) /* Icon */
     , (2000288,   9,   83890437) /* EyesTexture */
     , (2000288,  10,   83890521) /* NoseTexture */
     , (2000288,  11,   83890627) /* MouthTexture */
     , (2000288,  15,   67116978) /* HairPalette */
     , (2000288,  16,   67109564) /* EyesPalette */
     , (2000288,  17,   67109558) /* SkinPalette */;

INSERT INTO `weenie_properties_attribute` (`object_Id`, `type`, `init_Level`, `level_From_C_P`, `c_P_Spent`)
VALUES (2000288,   1, 110, 0, 0) /* Strength */
     , (2000288,   2, 120, 0, 0) /* Endurance */
     , (2000288,   3, 120, 0, 0) /* Quickness */
     , (2000288,   4, 120, 0, 0) /* Coordination */
     , (2000288,   5, 100, 0, 0) /* Focus */
     , (2000288,   6, 100, 0, 0) /* Self */;

INSERT INTO `weenie_properties_attribute_2nd` (`object_Id`, `type`, `init_Level`, `level_From_C_P`, `c_P_Spent`, `current_Level`)
VALUES (2000288,   1,     0, 0, 0, 60) /* MaxHealth */
     , (2000288,   3,     0, 0, 0, 120) /* MaxStamina */
     , (2000288,   5,     0, 0, 0, 100) /* MaxMana */;

INSERT INTO `weenie_properties_skill` (`object_Id`, `type`, `level_From_P_P`, `s_a_c`, `p_p`, `init_Level`, `resistance_At_Last_Check`, `last_Used_Time`)
VALUES (2000288,  6, 0, 2, 0,   1, 0, 0) /* MeleeDefense        Trained */
     , (2000288,  7, 0, 2, 0,   1, 0, 0) /* MissileDefense      Trained */
     , (2000288, 13, 0, 2, 0,   1, 0, 0) /* UnarmedCombat       Trained */;

INSERT INTO `weenie_properties_body_part` (`object_Id`, `key`, `d_Type`, `d_Val`, `d_Var`, `base_Armor`, `armor_Vs_Slash`, `armor_Vs_Pierce`, `armor_Vs_Bludgeon`, `armor_Vs_Cold`, `armor_Vs_Fire`, `armor_Vs_Acid`, `armor_Vs_Electric`, `armor_Vs_Nether`, `b_h`, `h_l_f`, `m_l_f`, `l_l_f`, `h_r_f`, `m_r_f`, `l_r_f`, `h_l_b`, `m_l_b`, `l_l_b`, `h_r_b`, `m_r_b`, `l_r_b`)
VALUES (2000288,  0,  4,  0,    0,    0,    0,    0,    0,    0,    0,    0,    0,    0, 1, 0.33,    0,    0, 0.33,    0,    0, 0.33,    0,    0, 0.33,    0,    0) /* Head */
     , (2000288,  1,  4,  0,    0,    0,    0,    0,    0,    0,    0,    0,    0,    0, 2, 0.44, 0.17,    0, 0.44, 0.17,    0, 0.44, 0.17,    0, 0.44, 0.17,    0) /* Chest */
     , (2000288,  2,  4,  0,    0,    0,    0,    0,    0,    0,    0,    0,    0,    0, 3,    0, 0.17,    0,    0, 0.17,    0,    0, 0.17,    0,    0, 0.17,    0) /* Abdomen */
     , (2000288,  3,  4,  0,    0,    0,    0,    0,    0,    0,    0,    0,    0,    0, 1, 0.23, 0.03,    0, 0.23, 0.03,    0, 0.23, 0.03,    0, 0.23, 0.03,    0) /* UpperArm */
     , (2000288,  4,  4,  0,    0,    0,    0,    0,    0,    0,    0,    0,    0,    0, 2,    0,  0.3,    0,    0,  0.3,    0,    0,  0.3,    0,    0,  0.3,    0) /* LowerArm */
     , (2000288,  5,  4,  2, 0.75,    0,    0,    0,    0,    0,    0,    0,    0,    0, 2,    0,  0.2,    0,    0,  0.2,    0,    0,  0.2,    0,    0,  0.2,    0) /* Hand */
     , (2000288,  6,  4,  0,    0,    0,    0,    0,    0,    0,    0,    0,    0,    0, 3,    0, 0.13, 0.18,    0, 0.13, 0.18,    0, 0.13, 0.18,    0, 0.13, 0.18) /* UpperLeg */
     , (2000288,  7,  4,  0,    0,    0,    0,    0,    0,    0,    0,    0,    0,    0, 3,    0,    0,  0.6,    0,    0,  0.6,    0,    0,  0.6,    0,    0,  0.6) /* LowerLeg */
     , (2000288,  8,  4,  2, 0.75,    0,    0,    0,    0,    0,    0,    0,    0,    0, 3,    0,    0, 0.22,    0,    0, 0.22,    0,    0, 0.22,    0,    0, 0.22) /* Foot */;

INSERT INTO `weenie_properties_emote` (`object_Id`, `category`, `probability`, `weenie_Class_Id`, `style`, `substyle`, `quest`, `vendor_Type`, `min_Health`, `max_Health`)
VALUES (2000288,  7 /* Use */,      1, NULL, NULL, NULL, NULL, NULL, NULL, NULL);

SET @parent_id = LAST_INSERT_ID();

INSERT INTO `weenie_properties_emote_action` (`emote_Id`, `order`, `type`, `delay`, `extent`, `motion`, `message`, `test_String`, `min`, `max`, `min_64`, `max_64`, `min_Dbl`, `max_Dbl`, `stat`, `display`, `amount`, `amount_64`, `hero_X_P_64`, `percent`, `spell_Id`, `wealth_Rating`, `treasure_Class`, `treasure_Type`, `p_Script`, `sound`, `destination_Type`, `weenie_Class_Id`, `stack_Size`, `palette`, `shade`, `try_To_Bond`, `obj_Cell_Id`, `origin_X`, `origin_Y`, `origin_Z`, `angles_W`, `angles_X`, `angles_Y`, `angles_Z`)
VALUES (@parent_id,  0,  10 /* Tell */, 1.5, 1, NULL, 'Stupid summoner playing in things he diesn''t understand, now we got dragons hanging around outside of a town with kids.', NULL, NULL, NULL, NULL, NULL, NULL, NULL, NULL, NULL, NULL, NULL, NULL, NULL, NULL, NULL, NULL, NULL, NULL, NULL, NULL, NULL, NULL, NULL, NULL, NULL, NULL, NULL, NULL, NULL, NULL, NULL, NULL, NULL);

INSERT INTO `weenie_properties_create_list` (`object_Id`, `destination_Type`, `weenie_Class_Id`, `stack_Size`, `palette`, `shade`, `try_To_Bond`)
VALUES (2000288, 2,  2588,  0, 85, 1, False) /* Create Shirt (2588) for Wield */
     , (2000288, 2,  2597,  0, 90, 1, False) /* Create Pants (2597) for Wield */;

DELETE FROM `weenie` WHERE `class_Id` = 2000289;

INSERT INTO `weenie` (`class_Id`, `class_Name`, `type`, `last_Modified`)
VALUES (2000289, 'ace2000289-townfolk', 10, '2019-09-24 03:42:24') /* Creature */;

INSERT INTO `weenie_properties_int` (`object_Id`, `type`, `value`)
VALUES (2000289,   1,         16) /* ItemType - Creature */
     , (2000289,   2,         31) /* CreatureType - Human */
     , (2000289,   6,         -1) /* ItemsCapacity */
     , (2000289,   7,         -1) /* ContainersCapacity */
     , (2000289,   8,        120) /* Mass */
     , (2000289,  16,         32) /* ItemUseable - Remote */
     , (2000289,  25,         15) /* Level */
     , (2000289,  27,          0) /* ArmorType - None */
     , (2000289,  93,    6292504) /* PhysicsState - ReportCollisions, IgnoreCollisions, Gravity, ReportCollisionsAsEnvironment, EdgeSlide */
     , (2000289,  95,          8) /* RadarBlipColor - Yellow */
     , (2000289, 113,          1) /* Gender - Male */
     , (2000289, 133,          4) /* ShowableOnRadar - ShowAlways */
     , (2000289, 134,         16) /* PlayerKillerStatus - RubberGlue */
     , (2000289, 146,        293) /* XpOverride */
     , (2000289, 188,          1) /* HeritageGroup - Aluvian */;

INSERT INTO `weenie_properties_bool` (`object_Id`, `type`, `value`)
VALUES (2000289,   1, True ) /* Stuck */
     , (2000289,   8, True ) /* AllowGive */
     , (2000289,  11, True ) /* IgnoreCollisions */
     , (2000289,  12, True ) /* ReportCollisions */
     , (2000289,  13, False) /* Ethereal */
     , (2000289,  14, True ) /* GravityStatus */
     , (2000289,  19, False) /* Attackable */
     , (2000289,  29, True ) /* NoCorpse */
     , (2000289,  41, True ) /* ReportCollisionsAsEnvironment */
     , (2000289,  42, True ) /* AllowEdgeSlide */
     , (2000289,  52, True ) /* AiImmobile */
     , (2000289,  79, True ) /* AiAcceptEverything */;

INSERT INTO `weenie_properties_float` (`object_Id`, `type`, `value`)
VALUES (2000289,   1,       5) /* HeartbeatInterval */
     , (2000289,   2,       0) /* HeartbeatTimestamp */
     , (2000289,   3, 0.159999996423721) /* HealthRate */
     , (2000289,   4,       5) /* StaminaRate */
     , (2000289,   5,       1) /* ManaRate */
     , (2000289,  13, 0.899999976158142) /* ArmorModVsSlash */
     , (2000289,  14,       1) /* ArmorModVsPierce */
     , (2000289,  15, 1.10000002384186) /* ArmorModVsBludgeon */
     , (2000289,  16, 0.400000005960464) /* ArmorModVsCold */
     , (2000289,  17, 0.400000005960464) /* ArmorModVsFire */
     , (2000289,  18,       1) /* ArmorModVsAcid */
     , (2000289,  19, 0.600000023841858) /* ArmorModVsElectric */
     , (2000289,  54,       3) /* UseRadius */
     , (2000289,  64,       1) /* ResistSlash */
     , (2000289,  65,       1) /* ResistPierce */
     , (2000289,  66,       1) /* ResistBludgeon */
     , (2000289,  67,       1) /* ResistFire */
     , (2000289,  68,       1) /* ResistCold */
     , (2000289,  69,       1) /* ResistAcid */
     , (2000289,  70,       1) /* ResistElectric */
     , (2000289,  71,       1) /* ResistHealthBoost */
     , (2000289,  72,       1) /* ResistStaminaDrain */
     , (2000289,  73,       1) /* ResistStaminaBoost */
     , (2000289,  74,       1) /* ResistManaDrain */
     , (2000289,  75,       1) /* ResistManaBoost */
     , (2000289, 104,      10) /* ObviousRadarRange */
     , (2000289, 125,       1) /* ResistHealthDrain */;

INSERT INTO `weenie_properties_string` (`object_Id`, `type`, `value`)
VALUES (2000289,   1, 'Townfolk') /* Name */
     , (2000289,   3, 'Male') /* Sex */
     , (2000289,   4, 'Aluvian') /* HeritageGroup */;

INSERT INTO `weenie_properties_d_i_d` (`object_Id`, `type`, `value`)
VALUES (2000289,   1,   33554433) /* Setup */
     , (2000289,   2,  150994945) /* MotionTable */
     , (2000289,   3,  536870913) /* SoundTable */
     , (2000289,   4,  805306368) /* CombatTable */
     , (2000289,   6,   67108990) /* PaletteBase */
     , (2000289,   8,  100667446) /* Icon */
     , (2000289,   9,   83890437) /* EyesTexture */
     , (2000289,  10,   83890521) /* NoseTexture */
     , (2000289,  11,   83890627) /* MouthTexture */
     , (2000289,  15,   67116978) /* HairPalette */
     , (2000289,  16,   67109564) /* EyesPalette */
     , (2000289,  17,   67109558) /* SkinPalette */;

INSERT INTO `weenie_properties_attribute` (`object_Id`, `type`, `init_Level`, `level_From_C_P`, `c_P_Spent`)
VALUES (2000289,   1, 110, 0, 0) /* Strength */
     , (2000289,   2, 120, 0, 0) /* Endurance */
     , (2000289,   3, 120, 0, 0) /* Quickness */
     , (2000289,   4, 120, 0, 0) /* Coordination */
     , (2000289,   5, 100, 0, 0) /* Focus */
     , (2000289,   6, 100, 0, 0) /* Self */;

INSERT INTO `weenie_properties_attribute_2nd` (`object_Id`, `type`, `init_Level`, `level_From_C_P`, `c_P_Spent`, `current_Level`)
VALUES (2000289,   1,     0, 0, 0, 60) /* MaxHealth */
     , (2000289,   3,     0, 0, 0, 120) /* MaxStamina */
     , (2000289,   5,     0, 0, 0, 100) /* MaxMana */;

INSERT INTO `weenie_properties_skill` (`object_Id`, `type`, `level_From_P_P`, `s_a_c`, `p_p`, `init_Level`, `resistance_At_Last_Check`, `last_Used_Time`)
VALUES (2000289,  6, 0, 2, 0,   1, 0, 0) /* MeleeDefense        Trained */
     , (2000289,  7, 0, 2, 0,   1, 0, 0) /* MissileDefense      Trained */
     , (2000289, 13, 0, 2, 0,   1, 0, 0) /* UnarmedCombat       Trained */;

INSERT INTO `weenie_properties_body_part` (`object_Id`, `key`, `d_Type`, `d_Val`, `d_Var`, `base_Armor`, `armor_Vs_Slash`, `armor_Vs_Pierce`, `armor_Vs_Bludgeon`, `armor_Vs_Cold`, `armor_Vs_Fire`, `armor_Vs_Acid`, `armor_Vs_Electric`, `armor_Vs_Nether`, `b_h`, `h_l_f`, `m_l_f`, `l_l_f`, `h_r_f`, `m_r_f`, `l_r_f`, `h_l_b`, `m_l_b`, `l_l_b`, `h_r_b`, `m_r_b`, `l_r_b`)
VALUES (2000289,  0,  4,  0,    0,    0,    0,    0,    0,    0,    0,    0,    0,    0, 1, 0.33,    0,    0, 0.33,    0,    0, 0.33,    0,    0, 0.33,    0,    0) /* Head */
     , (2000289,  1,  4,  0,    0,    0,    0,    0,    0,    0,    0,    0,    0,    0, 2, 0.44, 0.17,    0, 0.44, 0.17,    0, 0.44, 0.17,    0, 0.44, 0.17,    0) /* Chest */
     , (2000289,  2,  4,  0,    0,    0,    0,    0,    0,    0,    0,    0,    0,    0, 3,    0, 0.17,    0,    0, 0.17,    0,    0, 0.17,    0,    0, 0.17,    0) /* Abdomen */
     , (2000289,  3,  4,  0,    0,    0,    0,    0,    0,    0,    0,    0,    0,    0, 1, 0.23, 0.03,    0, 0.23, 0.03,    0, 0.23, 0.03,    0, 0.23, 0.03,    0) /* UpperArm */
     , (2000289,  4,  4,  0,    0,    0,    0,    0,    0,    0,    0,    0,    0,    0, 2,    0,  0.3,    0,    0,  0.3,    0,    0,  0.3,    0,    0,  0.3,    0) /* LowerArm */
     , (2000289,  5,  4,  2, 0.75,    0,    0,    0,    0,    0,    0,    0,    0,    0, 2,    0,  0.2,    0,    0,  0.2,    0,    0,  0.2,    0,    0,  0.2,    0) /* Hand */
     , (2000289,  6,  4,  0,    0,    0,    0,    0,    0,    0,    0,    0,    0,    0, 3,    0, 0.13, 0.18,    0, 0.13, 0.18,    0, 0.13, 0.18,    0, 0.13, 0.18) /* UpperLeg */
     , (2000289,  7,  4,  0,    0,    0,    0,    0,    0,    0,    0,    0,    0,    0, 3,    0,    0,  0.6,    0,    0,  0.6,    0,    0,  0.6,    0,    0,  0.6) /* LowerLeg */
     , (2000289,  8,  4,  2, 0.75,    0,    0,    0,    0,    0,    0,    0,    0,    0, 3,    0,    0, 0.22,    0,    0, 0.22,    0,    0, 0.22,    0,    0, 0.22) /* Foot */;

INSERT INTO `weenie_properties_emote` (`object_Id`, `category`, `probability`, `weenie_Class_Id`, `style`, `substyle`, `quest`, `vendor_Type`, `min_Health`, `max_Health`)
VALUES (2000289,  7 /* Use */,      1, NULL, NULL, NULL, NULL, NULL, NULL, NULL);

SET @parent_id = LAST_INSERT_ID();

INSERT INTO `weenie_properties_emote_action` (`emote_Id`, `order`, `type`, `delay`, `extent`, `motion`, `message`, `test_String`, `min`, `max`, `min_64`, `max_64`, `min_Dbl`, `max_Dbl`, `stat`, `display`, `amount`, `amount_64`, `hero_X_P_64`, `percent`, `spell_Id`, `wealth_Rating`, `treasure_Class`, `treasure_Type`, `p_Script`, `sound`, `destination_Type`, `weenie_Class_Id`, `stack_Size`, `palette`, `shade`, `try_To_Bond`, `obj_Cell_Id`, `origin_X`, `origin_Y`, `origin_Z`, `angles_W`, `angles_X`, `angles_Y`, `angles_Z`)
VALUES (@parent_id,  0,  10 /* Tell */, 1.5, 1, NULL, 'If I find that Tumerock running around naked in front of my kids He will rue the day!!', NULL, NULL, NULL, NULL, NULL, NULL, NULL, NULL, NULL, NULL, NULL, NULL, NULL, NULL, NULL, NULL, NULL, NULL, NULL, NULL, NULL, NULL, NULL, NULL, NULL, NULL, NULL, NULL, NULL, NULL, NULL, NULL, NULL);

INSERT INTO `weenie_properties_create_list` (`object_Id`, `destination_Type`, `weenie_Class_Id`, `stack_Size`, `palette`, `shade`, `try_To_Bond`)
VALUES (2000289, 2,  5893,  0, 92, 1, False) /* Create Hoary Mattekar Robe (5893) for Wield */
     , (2000289, 2,  2597,  0, 5, 1, False) /* Create Pants (2597) for Wield */;

DELETE FROM `weenie` WHERE `class_Id` = 2000290;

INSERT INTO `weenie` (`class_Id`, `class_Name`, `type`, `last_Modified`)
VALUES (2000290, 'ace2000290-townfolk', 10, '2019-09-24 03:42:25') /* Creature */;

INSERT INTO `weenie_properties_int` (`object_Id`, `type`, `value`)
VALUES (2000290,   1,         16) /* ItemType - Creature */
     , (2000290,   2,         31) /* CreatureType - Human */
     , (2000290,   6,         -1) /* ItemsCapacity */
     , (2000290,   7,         -1) /* ContainersCapacity */
     , (2000290,   8,        120) /* Mass */
     , (2000290,  16,         32) /* ItemUseable - Remote */
     , (2000290,  25,         15) /* Level */
     , (2000290,  27,          0) /* ArmorType - None */
     , (2000290,  93,    6292504) /* PhysicsState - ReportCollisions, IgnoreCollisions, Gravity, ReportCollisionsAsEnvironment, EdgeSlide */
     , (2000290,  95,          8) /* RadarBlipColor - Yellow */
     , (2000290, 113,          1) /* Gender - Male */
     , (2000290, 133,          4) /* ShowableOnRadar - ShowAlways */
     , (2000290, 134,         16) /* PlayerKillerStatus - RubberGlue */
     , (2000290, 146,        293) /* XpOverride */
     , (2000290, 188,          1) /* HeritageGroup - Aluvian */;

INSERT INTO `weenie_properties_bool` (`object_Id`, `type`, `value`)
VALUES (2000290,   1, True ) /* Stuck */
     , (2000290,   8, True ) /* AllowGive */
     , (2000290,  11, True ) /* IgnoreCollisions */
     , (2000290,  12, True ) /* ReportCollisions */
     , (2000290,  13, False) /* Ethereal */
     , (2000290,  14, True ) /* GravityStatus */
     , (2000290,  19, False) /* Attackable */
     , (2000290,  29, True ) /* NoCorpse */
     , (2000290,  41, True ) /* ReportCollisionsAsEnvironment */
     , (2000290,  42, True ) /* AllowEdgeSlide */
     , (2000290,  52, True ) /* AiImmobile */
     , (2000290,  79, True ) /* AiAcceptEverything */;

INSERT INTO `weenie_properties_float` (`object_Id`, `type`, `value`)
VALUES (2000290,   1,       5) /* HeartbeatInterval */
     , (2000290,   2,       0) /* HeartbeatTimestamp */
     , (2000290,   3, 0.159999996423721) /* HealthRate */
     , (2000290,   4,       5) /* StaminaRate */
     , (2000290,   5,       1) /* ManaRate */
     , (2000290,  13, 0.899999976158142) /* ArmorModVsSlash */
     , (2000290,  14,       1) /* ArmorModVsPierce */
     , (2000290,  15, 1.10000002384186) /* ArmorModVsBludgeon */
     , (2000290,  16, 0.400000005960464) /* ArmorModVsCold */
     , (2000290,  17, 0.400000005960464) /* ArmorModVsFire */
     , (2000290,  18,       1) /* ArmorModVsAcid */
     , (2000290,  19, 0.600000023841858) /* ArmorModVsElectric */
     , (2000290,  54,       3) /* UseRadius */
     , (2000290,  64,       1) /* ResistSlash */
     , (2000290,  65,       1) /* ResistPierce */
     , (2000290,  66,       1) /* ResistBludgeon */
     , (2000290,  67,       1) /* ResistFire */
     , (2000290,  68,       1) /* ResistCold */
     , (2000290,  69,       1) /* ResistAcid */
     , (2000290,  70,       1) /* ResistElectric */
     , (2000290,  71,       1) /* ResistHealthBoost */
     , (2000290,  72,       1) /* ResistStaminaDrain */
     , (2000290,  73,       1) /* ResistStaminaBoost */
     , (2000290,  74,       1) /* ResistManaDrain */
     , (2000290,  75,       1) /* ResistManaBoost */
     , (2000290, 104,      10) /* ObviousRadarRange */
     , (2000290, 125,       1) /* ResistHealthDrain */;

INSERT INTO `weenie_properties_string` (`object_Id`, `type`, `value`)
VALUES (2000290,   1, 'Townfolk') /* Name */
     , (2000290,   3, 'Male') /* Sex */
     , (2000290,   4, 'Aluvian') /* HeritageGroup */;

INSERT INTO `weenie_properties_d_i_d` (`object_Id`, `type`, `value`)
VALUES (2000290,   1,   33554433) /* Setup */
     , (2000290,   2,  150994945) /* MotionTable */
     , (2000290,   3,  536870913) /* SoundTable */
     , (2000290,   4,  805306368) /* CombatTable */
     , (2000290,   6,   67108990) /* PaletteBase */
     , (2000290,   8,  100667446) /* Icon */
     , (2000290,   9,   83890437) /* EyesTexture */
     , (2000290,  10,   83890521) /* NoseTexture */
     , (2000290,  11,   83890627) /* MouthTexture */
     , (2000290,  15,   67116978) /* HairPalette */
     , (2000290,  16,   67109564) /* EyesPalette */
     , (2000290,  17,   67109558) /* SkinPalette */;

INSERT INTO `weenie_properties_attribute` (`object_Id`, `type`, `init_Level`, `level_From_C_P`, `c_P_Spent`)
VALUES (2000290,   1, 110, 0, 0) /* Strength */
     , (2000290,   2, 120, 0, 0) /* Endurance */
     , (2000290,   3, 120, 0, 0) /* Quickness */
     , (2000290,   4, 120, 0, 0) /* Coordination */
     , (2000290,   5, 100, 0, 0) /* Focus */
     , (2000290,   6, 100, 0, 0) /* Self */;

INSERT INTO `weenie_properties_attribute_2nd` (`object_Id`, `type`, `init_Level`, `level_From_C_P`, `c_P_Spent`, `current_Level`)
VALUES (2000290,   1,     0, 0, 0, 60) /* MaxHealth */
     , (2000290,   3,     0, 0, 0, 120) /* MaxStamina */
     , (2000290,   5,     0, 0, 0, 100) /* MaxMana */;

INSERT INTO `weenie_properties_skill` (`object_Id`, `type`, `level_From_P_P`, `s_a_c`, `p_p`, `init_Level`, `resistance_At_Last_Check`, `last_Used_Time`)
VALUES (2000290,  6, 0, 2, 0,   1, 0, 0) /* MeleeDefense        Trained */
     , (2000290,  7, 0, 2, 0,   1, 0, 0) /* MissileDefense      Trained */
     , (2000290, 13, 0, 2, 0,   1, 0, 0) /* UnarmedCombat       Trained */;

INSERT INTO `weenie_properties_body_part` (`object_Id`, `key`, `d_Type`, `d_Val`, `d_Var`, `base_Armor`, `armor_Vs_Slash`, `armor_Vs_Pierce`, `armor_Vs_Bludgeon`, `armor_Vs_Cold`, `armor_Vs_Fire`, `armor_Vs_Acid`, `armor_Vs_Electric`, `armor_Vs_Nether`, `b_h`, `h_l_f`, `m_l_f`, `l_l_f`, `h_r_f`, `m_r_f`, `l_r_f`, `h_l_b`, `m_l_b`, `l_l_b`, `h_r_b`, `m_r_b`, `l_r_b`)
VALUES (2000290,  0,  4,  0,    0,    0,    0,    0,    0,    0,    0,    0,    0,    0, 1, 0.33,    0,    0, 0.33,    0,    0, 0.33,    0,    0, 0.33,    0,    0) /* Head */
     , (2000290,  1,  4,  0,    0,    0,    0,    0,    0,    0,    0,    0,    0,    0, 2, 0.44, 0.17,    0, 0.44, 0.17,    0, 0.44, 0.17,    0, 0.44, 0.17,    0) /* Chest */
     , (2000290,  2,  4,  0,    0,    0,    0,    0,    0,    0,    0,    0,    0,    0, 3,    0, 0.17,    0,    0, 0.17,    0,    0, 0.17,    0,    0, 0.17,    0) /* Abdomen */
     , (2000290,  3,  4,  0,    0,    0,    0,    0,    0,    0,    0,    0,    0,    0, 1, 0.23, 0.03,    0, 0.23, 0.03,    0, 0.23, 0.03,    0, 0.23, 0.03,    0) /* UpperArm */
     , (2000290,  4,  4,  0,    0,    0,    0,    0,    0,    0,    0,    0,    0,    0, 2,    0,  0.3,    0,    0,  0.3,    0,    0,  0.3,    0,    0,  0.3,    0) /* LowerArm */
     , (2000290,  5,  4,  2, 0.75,    0,    0,    0,    0,    0,    0,    0,    0,    0, 2,    0,  0.2,    0,    0,  0.2,    0,    0,  0.2,    0,    0,  0.2,    0) /* Hand */
     , (2000290,  6,  4,  0,    0,    0,    0,    0,    0,    0,    0,    0,    0,    0, 3,    0, 0.13, 0.18,    0, 0.13, 0.18,    0, 0.13, 0.18,    0, 0.13, 0.18) /* UpperLeg */
     , (2000290,  7,  4,  0,    0,    0,    0,    0,    0,    0,    0,    0,    0,    0, 3,    0,    0,  0.6,    0,    0,  0.6,    0,    0,  0.6,    0,    0,  0.6) /* LowerLeg */
     , (2000290,  8,  4,  2, 0.75,    0,    0,    0,    0,    0,    0,    0,    0,    0, 3,    0,    0, 0.22,    0,    0, 0.22,    0,    0, 0.22,    0,    0, 0.22) /* Foot */;

INSERT INTO `weenie_properties_emote` (`object_Id`, `category`, `probability`, `weenie_Class_Id`, `style`, `substyle`, `quest`, `vendor_Type`, `min_Health`, `max_Health`)
VALUES (2000290,  7 /* Use */,      1, NULL, NULL, NULL, NULL, NULL, NULL, NULL);

SET @parent_id = LAST_INSERT_ID();

INSERT INTO `weenie_properties_emote_action` (`emote_Id`, `order`, `type`, `delay`, `extent`, `motion`, `message`, `test_String`, `min`, `max`, `min_64`, `max_64`, `min_Dbl`, `max_Dbl`, `stat`, `display`, `amount`, `amount_64`, `hero_X_P_64`, `percent`, `spell_Id`, `wealth_Rating`, `treasure_Class`, `treasure_Type`, `p_Script`, `sound`, `destination_Type`, `weenie_Class_Id`, `stack_Size`, `palette`, `shade`, `try_To_Bond`, `obj_Cell_Id`, `origin_X`, `origin_Y`, `origin_Z`, `angles_W`, `angles_X`, `angles_Y`, `angles_Z`)
VALUES (@parent_id,  0,  10 /* Tell */, 1.5, 1, NULL, 'Why does everyone ask me about penguins? I live in the desert you idiots.', NULL, NULL, NULL, NULL, NULL, NULL, NULL, NULL, NULL, NULL, NULL, NULL, NULL, NULL, NULL, NULL, NULL, NULL, NULL, NULL, NULL, NULL, NULL, NULL, NULL, NULL, NULL, NULL, NULL, NULL, NULL, NULL, NULL);

INSERT INTO `weenie_properties_create_list` (`object_Id`, `destination_Type`, `weenie_Class_Id`, `stack_Size`, `palette`, `shade`, `try_To_Bond`)
VALUES (2000290, 2,  5852,  0, 85, 1, False) /* Create Dho Vest and Robe (5852) for Wield */
     , (2000290, 2,  2597,  0, 5, 1, False) /* Create Pants (2597) for Wield */;

DELETE FROM `weenie` WHERE `class_Id` = 2000291;

INSERT INTO `weenie` (`class_Id`, `class_Name`, `type`, `last_Modified`)
VALUES (2000291, 'ace2000291-townfolk', 10, '2019-09-24 03:42:26') /* Creature */;

INSERT INTO `weenie_properties_int` (`object_Id`, `type`, `value`)
VALUES (2000291,   1,         16) /* ItemType - Creature */
     , (2000291,   2,         31) /* CreatureType - Human */
     , (2000291,   6,         -1) /* ItemsCapacity */
     , (2000291,   7,         -1) /* ContainersCapacity */
     , (2000291,   8,        120) /* Mass */
     , (2000291,  16,         32) /* ItemUseable - Remote */
     , (2000291,  25,         15) /* Level */
     , (2000291,  27,          0) /* ArmorType - None */
     , (2000291,  93,    6292504) /* PhysicsState - ReportCollisions, IgnoreCollisions, Gravity, ReportCollisionsAsEnvironment, EdgeSlide */
     , (2000291,  95,          8) /* RadarBlipColor - Yellow */
     , (2000291, 113,          1) /* Gender - Male */
     , (2000291, 133,          4) /* ShowableOnRadar - ShowAlways */
     , (2000291, 134,         16) /* PlayerKillerStatus - RubberGlue */
     , (2000291, 146,        293) /* XpOverride */
     , (2000291, 188,          1) /* HeritageGroup - Aluvian */;

INSERT INTO `weenie_properties_bool` (`object_Id`, `type`, `value`)
VALUES (2000291,   1, True ) /* Stuck */
     , (2000291,   8, True ) /* AllowGive */
     , (2000291,  11, True ) /* IgnoreCollisions */
     , (2000291,  12, True ) /* ReportCollisions */
     , (2000291,  13, False) /* Ethereal */
     , (2000291,  14, True ) /* GravityStatus */
     , (2000291,  19, False) /* Attackable */
     , (2000291,  29, True ) /* NoCorpse */
     , (2000291,  41, True ) /* ReportCollisionsAsEnvironment */
     , (2000291,  42, True ) /* AllowEdgeSlide */
     , (2000291,  52, True ) /* AiImmobile */
     , (2000291,  79, True ) /* AiAcceptEverything */;

INSERT INTO `weenie_properties_float` (`object_Id`, `type`, `value`)
VALUES (2000291,   1,       5) /* HeartbeatInterval */
     , (2000291,   2,       0) /* HeartbeatTimestamp */
     , (2000291,   3, 0.159999996423721) /* HealthRate */
     , (2000291,   4,       5) /* StaminaRate */
     , (2000291,   5,       1) /* ManaRate */
     , (2000291,  13, 0.899999976158142) /* ArmorModVsSlash */
     , (2000291,  14,       1) /* ArmorModVsPierce */
     , (2000291,  15, 1.10000002384186) /* ArmorModVsBludgeon */
     , (2000291,  16, 0.400000005960464) /* ArmorModVsCold */
     , (2000291,  17, 0.400000005960464) /* ArmorModVsFire */
     , (2000291,  18,       1) /* ArmorModVsAcid */
     , (2000291,  19, 0.600000023841858) /* ArmorModVsElectric */
     , (2000291,  54,       3) /* UseRadius */
     , (2000291,  64,       1) /* ResistSlash */
     , (2000291,  65,       1) /* ResistPierce */
     , (2000291,  66,       1) /* ResistBludgeon */
     , (2000291,  67,       1) /* ResistFire */
     , (2000291,  68,       1) /* ResistCold */
     , (2000291,  69,       1) /* ResistAcid */
     , (2000291,  70,       1) /* ResistElectric */
     , (2000291,  71,       1) /* ResistHealthBoost */
     , (2000291,  72,       1) /* ResistStaminaDrain */
     , (2000291,  73,       1) /* ResistStaminaBoost */
     , (2000291,  74,       1) /* ResistManaDrain */
     , (2000291,  75,       1) /* ResistManaBoost */
     , (2000291, 104,      10) /* ObviousRadarRange */
     , (2000291, 125,       1) /* ResistHealthDrain */;

INSERT INTO `weenie_properties_string` (`object_Id`, `type`, `value`)
VALUES (2000291,   1, 'Townfolk') /* Name */
     , (2000291,   3, 'Male') /* Sex */
     , (2000291,   4, 'Aluvian') /* HeritageGroup */;

INSERT INTO `weenie_properties_d_i_d` (`object_Id`, `type`, `value`)
VALUES (2000291,   1,   33554433) /* Setup */
     , (2000291,   2,  150994945) /* MotionTable */
     , (2000291,   3,  536870913) /* SoundTable */
     , (2000291,   4,  805306368) /* CombatTable */
     , (2000291,   6,   67108990) /* PaletteBase */
     , (2000291,   8,  100667446) /* Icon */
     , (2000291,   9,   83890437) /* EyesTexture */
     , (2000291,  10,   83890521) /* NoseTexture */
     , (2000291,  11,   83890627) /* MouthTexture */
     , (2000291,  15,   67116978) /* HairPalette */
     , (2000291,  16,   67109564) /* EyesPalette */
     , (2000291,  17,   67109558) /* SkinPalette */;

INSERT INTO `weenie_properties_attribute` (`object_Id`, `type`, `init_Level`, `level_From_C_P`, `c_P_Spent`)
VALUES (2000291,   1, 110, 0, 0) /* Strength */
     , (2000291,   2, 120, 0, 0) /* Endurance */
     , (2000291,   3, 120, 0, 0) /* Quickness */
     , (2000291,   4, 120, 0, 0) /* Coordination */
     , (2000291,   5, 100, 0, 0) /* Focus */
     , (2000291,   6, 100, 0, 0) /* Self */;

INSERT INTO `weenie_properties_attribute_2nd` (`object_Id`, `type`, `init_Level`, `level_From_C_P`, `c_P_Spent`, `current_Level`)
VALUES (2000291,   1,     0, 0, 0, 60) /* MaxHealth */
     , (2000291,   3,     0, 0, 0, 120) /* MaxStamina */
     , (2000291,   5,     0, 0, 0, 100) /* MaxMana */;

INSERT INTO `weenie_properties_skill` (`object_Id`, `type`, `level_From_P_P`, `s_a_c`, `p_p`, `init_Level`, `resistance_At_Last_Check`, `last_Used_Time`)
VALUES (2000291,  6, 0, 2, 0,   1, 0, 0) /* MeleeDefense        Trained */
     , (2000291,  7, 0, 2, 0,   1, 0, 0) /* MissileDefense      Trained */
     , (2000291, 13, 0, 2, 0,   1, 0, 0) /* UnarmedCombat       Trained */;

INSERT INTO `weenie_properties_body_part` (`object_Id`, `key`, `d_Type`, `d_Val`, `d_Var`, `base_Armor`, `armor_Vs_Slash`, `armor_Vs_Pierce`, `armor_Vs_Bludgeon`, `armor_Vs_Cold`, `armor_Vs_Fire`, `armor_Vs_Acid`, `armor_Vs_Electric`, `armor_Vs_Nether`, `b_h`, `h_l_f`, `m_l_f`, `l_l_f`, `h_r_f`, `m_r_f`, `l_r_f`, `h_l_b`, `m_l_b`, `l_l_b`, `h_r_b`, `m_r_b`, `l_r_b`)
VALUES (2000291,  0,  4,  0,    0,    0,    0,    0,    0,    0,    0,    0,    0,    0, 1, 0.33,    0,    0, 0.33,    0,    0, 0.33,    0,    0, 0.33,    0,    0) /* Head */
     , (2000291,  1,  4,  0,    0,    0,    0,    0,    0,    0,    0,    0,    0,    0, 2, 0.44, 0.17,    0, 0.44, 0.17,    0, 0.44, 0.17,    0, 0.44, 0.17,    0) /* Chest */
     , (2000291,  2,  4,  0,    0,    0,    0,    0,    0,    0,    0,    0,    0,    0, 3,    0, 0.17,    0,    0, 0.17,    0,    0, 0.17,    0,    0, 0.17,    0) /* Abdomen */
     , (2000291,  3,  4,  0,    0,    0,    0,    0,    0,    0,    0,    0,    0,    0, 1, 0.23, 0.03,    0, 0.23, 0.03,    0, 0.23, 0.03,    0, 0.23, 0.03,    0) /* UpperArm */
     , (2000291,  4,  4,  0,    0,    0,    0,    0,    0,    0,    0,    0,    0,    0, 2,    0,  0.3,    0,    0,  0.3,    0,    0,  0.3,    0,    0,  0.3,    0) /* LowerArm */
     , (2000291,  5,  4,  2, 0.75,    0,    0,    0,    0,    0,    0,    0,    0,    0, 2,    0,  0.2,    0,    0,  0.2,    0,    0,  0.2,    0,    0,  0.2,    0) /* Hand */
     , (2000291,  6,  4,  0,    0,    0,    0,    0,    0,    0,    0,    0,    0,    0, 3,    0, 0.13, 0.18,    0, 0.13, 0.18,    0, 0.13, 0.18,    0, 0.13, 0.18) /* UpperLeg */
     , (2000291,  7,  4,  0,    0,    0,    0,    0,    0,    0,    0,    0,    0,    0, 3,    0,    0,  0.6,    0,    0,  0.6,    0,    0,  0.6,    0,    0,  0.6) /* LowerLeg */
     , (2000291,  8,  4,  2, 0.75,    0,    0,    0,    0,    0,    0,    0,    0,    0, 3,    0,    0, 0.22,    0,    0, 0.22,    0,    0, 0.22,    0,    0, 0.22) /* Foot */;

INSERT INTO `weenie_properties_emote` (`object_Id`, `category`, `probability`, `weenie_Class_Id`, `style`, `substyle`, `quest`, `vendor_Type`, `min_Health`, `max_Health`)
VALUES (2000291,  7 /* Use */,      1, NULL, NULL, NULL, NULL, NULL, NULL, NULL);

SET @parent_id = LAST_INSERT_ID();

INSERT INTO `weenie_properties_emote_action` (`emote_Id`, `order`, `type`, `delay`, `extent`, `motion`, `message`, `test_String`, `min`, `max`, `min_64`, `max_64`, `min_Dbl`, `max_Dbl`, `stat`, `display`, `amount`, `amount_64`, `hero_X_P_64`, `percent`, `spell_Id`, `wealth_Rating`, `treasure_Class`, `treasure_Type`, `p_Script`, `sound`, `destination_Type`, `weenie_Class_Id`, `stack_Size`, `palette`, `shade`, `try_To_Bond`, `obj_Cell_Id`, `origin_X`, `origin_Y`, `origin_Z`, `angles_W`, `angles_X`, `angles_Y`, `angles_Z`)
VALUES (@parent_id,  0,  10 /* Tell */, 1.5, 1, NULL, 'I think claude actually thought he fooled us for a while there hahaha.', NULL, NULL, NULL, NULL, NULL, NULL, NULL, NULL, NULL, NULL, NULL, NULL, NULL, NULL, NULL, NULL, NULL, NULL, NULL, NULL, NULL, NULL, NULL, NULL, NULL, NULL, NULL, NULL, NULL, NULL, NULL, NULL, NULL);

INSERT INTO `weenie_properties_create_list` (`object_Id`, `destination_Type`, `weenie_Class_Id`, `stack_Size`, `palette`, `shade`, `try_To_Bond`)
VALUES (2000291, 2,  2588,  0, 84, 1, False) /* Create Shirt (2588) for Wield */
     , (2000291, 2,  2597,  0, 5, 1, False) /* Create Pants (2597) for Wield */;

DELETE FROM `weenie` WHERE `class_Id` = 2000292;

INSERT INTO `weenie` (`class_Id`, `class_Name`, `type`, `last_Modified`)
VALUES (2000292, 'ace2000292-townfolk', 10, '2019-09-24 03:42:27') /* Creature */;

INSERT INTO `weenie_properties_int` (`object_Id`, `type`, `value`)
VALUES (2000292,   1,         16) /* ItemType - Creature */
     , (2000292,   2,         31) /* CreatureType - Human */
     , (2000292,   6,         -1) /* ItemsCapacity */
     , (2000292,   7,         -1) /* ContainersCapacity */
     , (2000292,   8,        120) /* Mass */
     , (2000292,  16,         32) /* ItemUseable - Remote */
     , (2000292,  25,         15) /* Level */
     , (2000292,  27,          0) /* ArmorType - None */
     , (2000292,  93,    6292504) /* PhysicsState - ReportCollisions, IgnoreCollisions, Gravity, ReportCollisionsAsEnvironment, EdgeSlide */
     , (2000292,  95,          8) /* RadarBlipColor - Yellow */
     , (2000292, 113,          1) /* Gender - Male */
     , (2000292, 133,          4) /* ShowableOnRadar - ShowAlways */
     , (2000292, 134,         16) /* PlayerKillerStatus - RubberGlue */
     , (2000292, 146,        293) /* XpOverride */
     , (2000292, 188,          1) /* HeritageGroup - Aluvian */;

INSERT INTO `weenie_properties_bool` (`object_Id`, `type`, `value`)
VALUES (2000292,   1, True ) /* Stuck */
     , (2000292,   8, True ) /* AllowGive */
     , (2000292,  11, True ) /* IgnoreCollisions */
     , (2000292,  12, True ) /* ReportCollisions */
     , (2000292,  13, False) /* Ethereal */
     , (2000292,  14, True ) /* GravityStatus */
     , (2000292,  19, False) /* Attackable */
     , (2000292,  29, True ) /* NoCorpse */
     , (2000292,  41, True ) /* ReportCollisionsAsEnvironment */
     , (2000292,  42, True ) /* AllowEdgeSlide */
     , (2000292,  52, True ) /* AiImmobile */
     , (2000292,  79, True ) /* AiAcceptEverything */;

INSERT INTO `weenie_properties_float` (`object_Id`, `type`, `value`)
VALUES (2000292,   1,       5) /* HeartbeatInterval */
     , (2000292,   2,       0) /* HeartbeatTimestamp */
     , (2000292,   3, 0.159999996423721) /* HealthRate */
     , (2000292,   4,       5) /* StaminaRate */
     , (2000292,   5,       1) /* ManaRate */
     , (2000292,  13, 0.899999976158142) /* ArmorModVsSlash */
     , (2000292,  14,       1) /* ArmorModVsPierce */
     , (2000292,  15, 1.10000002384186) /* ArmorModVsBludgeon */
     , (2000292,  16, 0.400000005960464) /* ArmorModVsCold */
     , (2000292,  17, 0.400000005960464) /* ArmorModVsFire */
     , (2000292,  18,       1) /* ArmorModVsAcid */
     , (2000292,  19, 0.600000023841858) /* ArmorModVsElectric */
     , (2000292,  54,       3) /* UseRadius */
     , (2000292,  64,       1) /* ResistSlash */
     , (2000292,  65,       1) /* ResistPierce */
     , (2000292,  66,       1) /* ResistBludgeon */
     , (2000292,  67,       1) /* ResistFire */
     , (2000292,  68,       1) /* ResistCold */
     , (2000292,  69,       1) /* ResistAcid */
     , (2000292,  70,       1) /* ResistElectric */
     , (2000292,  71,       1) /* ResistHealthBoost */
     , (2000292,  72,       1) /* ResistStaminaDrain */
     , (2000292,  73,       1) /* ResistStaminaBoost */
     , (2000292,  74,       1) /* ResistManaDrain */
     , (2000292,  75,       1) /* ResistManaBoost */
     , (2000292, 104,      10) /* ObviousRadarRange */
     , (2000292, 125,       1) /* ResistHealthDrain */;

INSERT INTO `weenie_properties_string` (`object_Id`, `type`, `value`)
VALUES (2000292,   1, 'Townfolk') /* Name */
     , (2000292,   3, 'Male') /* Sex */
     , (2000292,   4, 'Aluvian') /* HeritageGroup */;

INSERT INTO `weenie_properties_d_i_d` (`object_Id`, `type`, `value`)
VALUES (2000292,   1,   33554433) /* Setup */
     , (2000292,   2,  150994945) /* MotionTable */
     , (2000292,   3,  536870913) /* SoundTable */
     , (2000292,   4,  805306368) /* CombatTable */
     , (2000292,   6,   67108990) /* PaletteBase */
     , (2000292,   8,  100667446) /* Icon */
     , (2000292,   9,   83890437) /* EyesTexture */
     , (2000292,  10,   83890521) /* NoseTexture */
     , (2000292,  11,   83890627) /* MouthTexture */
     , (2000292,  15,   67116978) /* HairPalette */
     , (2000292,  16,   67109564) /* EyesPalette */
     , (2000292,  17,   67109558) /* SkinPalette */;

INSERT INTO `weenie_properties_attribute` (`object_Id`, `type`, `init_Level`, `level_From_C_P`, `c_P_Spent`)
VALUES (2000292,   1, 110, 0, 0) /* Strength */
     , (2000292,   2, 120, 0, 0) /* Endurance */
     , (2000292,   3, 120, 0, 0) /* Quickness */
     , (2000292,   4, 120, 0, 0) /* Coordination */
     , (2000292,   5, 100, 0, 0) /* Focus */
     , (2000292,   6, 100, 0, 0) /* Self */;

INSERT INTO `weenie_properties_attribute_2nd` (`object_Id`, `type`, `init_Level`, `level_From_C_P`, `c_P_Spent`, `current_Level`)
VALUES (2000292,   1,     0, 0, 0, 60) /* MaxHealth */
     , (2000292,   3,     0, 0, 0, 120) /* MaxStamina */
     , (2000292,   5,     0, 0, 0, 100) /* MaxMana */;

INSERT INTO `weenie_properties_skill` (`object_Id`, `type`, `level_From_P_P`, `s_a_c`, `p_p`, `init_Level`, `resistance_At_Last_Check`, `last_Used_Time`)
VALUES (2000292,  6, 0, 2, 0,   1, 0, 0) /* MeleeDefense        Trained */
     , (2000292,  7, 0, 2, 0,   1, 0, 0) /* MissileDefense      Trained */
     , (2000292, 13, 0, 2, 0,   1, 0, 0) /* UnarmedCombat       Trained */;

INSERT INTO `weenie_properties_body_part` (`object_Id`, `key`, `d_Type`, `d_Val`, `d_Var`, `base_Armor`, `armor_Vs_Slash`, `armor_Vs_Pierce`, `armor_Vs_Bludgeon`, `armor_Vs_Cold`, `armor_Vs_Fire`, `armor_Vs_Acid`, `armor_Vs_Electric`, `armor_Vs_Nether`, `b_h`, `h_l_f`, `m_l_f`, `l_l_f`, `h_r_f`, `m_r_f`, `l_r_f`, `h_l_b`, `m_l_b`, `l_l_b`, `h_r_b`, `m_r_b`, `l_r_b`)
VALUES (2000292,  0,  4,  0,    0,    0,    0,    0,    0,    0,    0,    0,    0,    0, 1, 0.33,    0,    0, 0.33,    0,    0, 0.33,    0,    0, 0.33,    0,    0) /* Head */
     , (2000292,  1,  4,  0,    0,    0,    0,    0,    0,    0,    0,    0,    0,    0, 2, 0.44, 0.17,    0, 0.44, 0.17,    0, 0.44, 0.17,    0, 0.44, 0.17,    0) /* Chest */
     , (2000292,  2,  4,  0,    0,    0,    0,    0,    0,    0,    0,    0,    0,    0, 3,    0, 0.17,    0,    0, 0.17,    0,    0, 0.17,    0,    0, 0.17,    0) /* Abdomen */
     , (2000292,  3,  4,  0,    0,    0,    0,    0,    0,    0,    0,    0,    0,    0, 1, 0.23, 0.03,    0, 0.23, 0.03,    0, 0.23, 0.03,    0, 0.23, 0.03,    0) /* UpperArm */
     , (2000292,  4,  4,  0,    0,    0,    0,    0,    0,    0,    0,    0,    0,    0, 2,    0,  0.3,    0,    0,  0.3,    0,    0,  0.3,    0,    0,  0.3,    0) /* LowerArm */
     , (2000292,  5,  4,  2, 0.75,    0,    0,    0,    0,    0,    0,    0,    0,    0, 2,    0,  0.2,    0,    0,  0.2,    0,    0,  0.2,    0,    0,  0.2,    0) /* Hand */
     , (2000292,  6,  4,  0,    0,    0,    0,    0,    0,    0,    0,    0,    0,    0, 3,    0, 0.13, 0.18,    0, 0.13, 0.18,    0, 0.13, 0.18,    0, 0.13, 0.18) /* UpperLeg */
     , (2000292,  7,  4,  0,    0,    0,    0,    0,    0,    0,    0,    0,    0,    0, 3,    0,    0,  0.6,    0,    0,  0.6,    0,    0,  0.6,    0,    0,  0.6) /* LowerLeg */
     , (2000292,  8,  4,  2, 0.75,    0,    0,    0,    0,    0,    0,    0,    0,    0, 3,    0,    0, 0.22,    0,    0, 0.22,    0,    0, 0.22,    0,    0, 0.22) /* Foot */;

INSERT INTO `weenie_properties_emote` (`object_Id`, `category`, `probability`, `weenie_Class_Id`, `style`, `substyle`, `quest`, `vendor_Type`, `min_Health`, `max_Health`)
VALUES (2000292,  7 /* Use */,      1, NULL, NULL, NULL, NULL, NULL, NULL, NULL);

SET @parent_id = LAST_INSERT_ID();

INSERT INTO `weenie_properties_emote_action` (`emote_Id`, `order`, `type`, `delay`, `extent`, `motion`, `message`, `test_String`, `min`, `max`, `min_64`, `max_64`, `min_Dbl`, `max_Dbl`, `stat`, `display`, `amount`, `amount_64`, `hero_X_P_64`, `percent`, `spell_Id`, `wealth_Rating`, `treasure_Class`, `treasure_Type`, `p_Script`, `sound`, `destination_Type`, `weenie_Class_Id`, `stack_Size`, `palette`, `shade`, `try_To_Bond`, `obj_Cell_Id`, `origin_X`, `origin_Y`, `origin_Z`, `angles_W`, `angles_X`, `angles_Y`, `angles_Z`)
VALUES (@parent_id,  0,  10 /* Tell */, 1.5, 1, NULL, 'Damn Virindi, I expect they are down there by the river intending to cause us trouble again.', NULL, NULL, NULL, NULL, NULL, NULL, NULL, NULL, NULL, NULL, NULL, NULL, NULL, NULL, NULL, NULL, NULL, NULL, NULL, NULL, NULL, NULL, NULL, NULL, NULL, NULL, NULL, NULL, NULL, NULL, NULL, NULL, NULL);

INSERT INTO `weenie_properties_create_list` (`object_Id`, `destination_Type`, `weenie_Class_Id`, `stack_Size`, `palette`, `shade`, `try_To_Bond`)
VALUES (2000292, 2,  2588,  0, 90, 1, False) /* Create Shirt (2588) for Wield */
     , (2000292, 2,  2597,  0, 90, 1, False) /* Create Pants (2597) for Wield */;

DELETE FROM `weenie` WHERE `class_Id` = 2000293;

INSERT INTO `weenie` (`class_Id`, `class_Name`, `type`, `last_Modified`)
VALUES (2000293, 'ace2000293-townfolk', 10, '2019-09-24 03:42:28') /* Creature */;

INSERT INTO `weenie_properties_int` (`object_Id`, `type`, `value`)
VALUES (2000293,   1,         16) /* ItemType - Creature */
     , (2000293,   2,         31) /* CreatureType - Human */
     , (2000293,   6,         -1) /* ItemsCapacity */
     , (2000293,   7,         -1) /* ContainersCapacity */
     , (2000293,   8,        120) /* Mass */
     , (2000293,  16,         32) /* ItemUseable - Remote */
     , (2000293,  25,         15) /* Level */
     , (2000293,  27,          0) /* ArmorType - None */
     , (2000293,  93,    6292504) /* PhysicsState - ReportCollisions, IgnoreCollisions, Gravity, ReportCollisionsAsEnvironment, EdgeSlide */
     , (2000293,  95,          8) /* RadarBlipColor - Yellow */
     , (2000293, 113,          1) /* Gender - Male */
     , (2000293, 133,          4) /* ShowableOnRadar - ShowAlways */
     , (2000293, 134,         16) /* PlayerKillerStatus - RubberGlue */
     , (2000293, 146,        293) /* XpOverride */
     , (2000293, 188,          1) /* HeritageGroup - Aluvian */;

INSERT INTO `weenie_properties_bool` (`object_Id`, `type`, `value`)
VALUES (2000293,   1, True ) /* Stuck */
     , (2000293,   8, True ) /* AllowGive */
     , (2000293,  11, True ) /* IgnoreCollisions */
     , (2000293,  12, True ) /* ReportCollisions */
     , (2000293,  13, False) /* Ethereal */
     , (2000293,  14, True ) /* GravityStatus */
     , (2000293,  19, False) /* Attackable */
     , (2000293,  29, True ) /* NoCorpse */
     , (2000293,  41, True ) /* ReportCollisionsAsEnvironment */
     , (2000293,  42, True ) /* AllowEdgeSlide */
     , (2000293,  52, True ) /* AiImmobile */
     , (2000293,  79, True ) /* AiAcceptEverything */;

INSERT INTO `weenie_properties_float` (`object_Id`, `type`, `value`)
VALUES (2000293,   1,       5) /* HeartbeatInterval */
     , (2000293,   2,       0) /* HeartbeatTimestamp */
     , (2000293,   3, 0.159999996423721) /* HealthRate */
     , (2000293,   4,       5) /* StaminaRate */
     , (2000293,   5,       1) /* ManaRate */
     , (2000293,  13, 0.899999976158142) /* ArmorModVsSlash */
     , (2000293,  14,       1) /* ArmorModVsPierce */
     , (2000293,  15, 1.10000002384186) /* ArmorModVsBludgeon */
     , (2000293,  16, 0.400000005960464) /* ArmorModVsCold */
     , (2000293,  17, 0.400000005960464) /* ArmorModVsFire */
     , (2000293,  18,       1) /* ArmorModVsAcid */
     , (2000293,  19, 0.600000023841858) /* ArmorModVsElectric */
     , (2000293,  54,       3) /* UseRadius */
     , (2000293,  64,       1) /* ResistSlash */
     , (2000293,  65,       1) /* ResistPierce */
     , (2000293,  66,       1) /* ResistBludgeon */
     , (2000293,  67,       1) /* ResistFire */
     , (2000293,  68,       1) /* ResistCold */
     , (2000293,  69,       1) /* ResistAcid */
     , (2000293,  70,       1) /* ResistElectric */
     , (2000293,  71,       1) /* ResistHealthBoost */
     , (2000293,  72,       1) /* ResistStaminaDrain */
     , (2000293,  73,       1) /* ResistStaminaBoost */
     , (2000293,  74,       1) /* ResistManaDrain */
     , (2000293,  75,       1) /* ResistManaBoost */
     , (2000293, 104,      10) /* ObviousRadarRange */
     , (2000293, 125,       1) /* ResistHealthDrain */;

INSERT INTO `weenie_properties_string` (`object_Id`, `type`, `value`)
VALUES (2000293,   1, 'Townfolk') /* Name */
     , (2000293,   3, 'Male') /* Sex */
     , (2000293,   4, 'Aluvian') /* HeritageGroup */;

INSERT INTO `weenie_properties_d_i_d` (`object_Id`, `type`, `value`)
VALUES (2000293,   1,   33554433) /* Setup */
     , (2000293,   2,  150994945) /* MotionTable */
     , (2000293,   3,  536870913) /* SoundTable */
     , (2000293,   4,  805306368) /* CombatTable */
     , (2000293,   6,   67108990) /* PaletteBase */
     , (2000293,   8,  100667446) /* Icon */
     , (2000293,   9,   83890437) /* EyesTexture */
     , (2000293,  10,   83890521) /* NoseTexture */
     , (2000293,  11,   83890627) /* MouthTexture */
     , (2000293,  15,   67116978) /* HairPalette */
     , (2000293,  16,   67109564) /* EyesPalette */
     , (2000293,  17,   67109558) /* SkinPalette */;

INSERT INTO `weenie_properties_attribute` (`object_Id`, `type`, `init_Level`, `level_From_C_P`, `c_P_Spent`)
VALUES (2000293,   1, 110, 0, 0) /* Strength */
     , (2000293,   2, 120, 0, 0) /* Endurance */
     , (2000293,   3, 120, 0, 0) /* Quickness */
     , (2000293,   4, 120, 0, 0) /* Coordination */
     , (2000293,   5, 100, 0, 0) /* Focus */
     , (2000293,   6, 100, 0, 0) /* Self */;

INSERT INTO `weenie_properties_attribute_2nd` (`object_Id`, `type`, `init_Level`, `level_From_C_P`, `c_P_Spent`, `current_Level`)
VALUES (2000293,   1,     0, 0, 0, 60) /* MaxHealth */
     , (2000293,   3,     0, 0, 0, 120) /* MaxStamina */
     , (2000293,   5,     0, 0, 0, 100) /* MaxMana */;

INSERT INTO `weenie_properties_skill` (`object_Id`, `type`, `level_From_P_P`, `s_a_c`, `p_p`, `init_Level`, `resistance_At_Last_Check`, `last_Used_Time`)
VALUES (2000293,  6, 0, 2, 0,   1, 0, 0) /* MeleeDefense        Trained */
     , (2000293,  7, 0, 2, 0,   1, 0, 0) /* MissileDefense      Trained */
     , (2000293, 13, 0, 2, 0,   1, 0, 0) /* UnarmedCombat       Trained */;

INSERT INTO `weenie_properties_body_part` (`object_Id`, `key`, `d_Type`, `d_Val`, `d_Var`, `base_Armor`, `armor_Vs_Slash`, `armor_Vs_Pierce`, `armor_Vs_Bludgeon`, `armor_Vs_Cold`, `armor_Vs_Fire`, `armor_Vs_Acid`, `armor_Vs_Electric`, `armor_Vs_Nether`, `b_h`, `h_l_f`, `m_l_f`, `l_l_f`, `h_r_f`, `m_r_f`, `l_r_f`, `h_l_b`, `m_l_b`, `l_l_b`, `h_r_b`, `m_r_b`, `l_r_b`)
VALUES (2000293,  0,  4,  0,    0,    0,    0,    0,    0,    0,    0,    0,    0,    0, 1, 0.33,    0,    0, 0.33,    0,    0, 0.33,    0,    0, 0.33,    0,    0) /* Head */
     , (2000293,  1,  4,  0,    0,    0,    0,    0,    0,    0,    0,    0,    0,    0, 2, 0.44, 0.17,    0, 0.44, 0.17,    0, 0.44, 0.17,    0, 0.44, 0.17,    0) /* Chest */
     , (2000293,  2,  4,  0,    0,    0,    0,    0,    0,    0,    0,    0,    0,    0, 3,    0, 0.17,    0,    0, 0.17,    0,    0, 0.17,    0,    0, 0.17,    0) /* Abdomen */
     , (2000293,  3,  4,  0,    0,    0,    0,    0,    0,    0,    0,    0,    0,    0, 1, 0.23, 0.03,    0, 0.23, 0.03,    0, 0.23, 0.03,    0, 0.23, 0.03,    0) /* UpperArm */
     , (2000293,  4,  4,  0,    0,    0,    0,    0,    0,    0,    0,    0,    0,    0, 2,    0,  0.3,    0,    0,  0.3,    0,    0,  0.3,    0,    0,  0.3,    0) /* LowerArm */
     , (2000293,  5,  4,  2, 0.75,    0,    0,    0,    0,    0,    0,    0,    0,    0, 2,    0,  0.2,    0,    0,  0.2,    0,    0,  0.2,    0,    0,  0.2,    0) /* Hand */
     , (2000293,  6,  4,  0,    0,    0,    0,    0,    0,    0,    0,    0,    0,    0, 3,    0, 0.13, 0.18,    0, 0.13, 0.18,    0, 0.13, 0.18,    0, 0.13, 0.18) /* UpperLeg */
     , (2000293,  7,  4,  0,    0,    0,    0,    0,    0,    0,    0,    0,    0,    0, 3,    0,    0,  0.6,    0,    0,  0.6,    0,    0,  0.6,    0,    0,  0.6) /* LowerLeg */
     , (2000293,  8,  4,  2, 0.75,    0,    0,    0,    0,    0,    0,    0,    0,    0, 3,    0,    0, 0.22,    0,    0, 0.22,    0,    0, 0.22,    0,    0, 0.22) /* Foot */;

INSERT INTO `weenie_properties_emote` (`object_Id`, `category`, `probability`, `weenie_Class_Id`, `style`, `substyle`, `quest`, `vendor_Type`, `min_Health`, `max_Health`)
VALUES (2000293,  7 /* Use */,      1, NULL, NULL, NULL, NULL, NULL, NULL, NULL);

SET @parent_id = LAST_INSERT_ID();

INSERT INTO `weenie_properties_emote_action` (`emote_Id`, `order`, `type`, `delay`, `extent`, `motion`, `message`, `test_String`, `min`, `max`, `min_64`, `max_64`, `min_Dbl`, `max_Dbl`, `stat`, `display`, `amount`, `amount_64`, `hero_X_P_64`, `percent`, `spell_Id`, `wealth_Rating`, `treasure_Class`, `treasure_Type`, `p_Script`, `sound`, `destination_Type`, `weenie_Class_Id`, `stack_Size`, `palette`, `shade`, `try_To_Bond`, `obj_Cell_Id`, `origin_X`, `origin_Y`, `origin_Z`, `angles_W`, `angles_X`, `angles_Y`, `angles_Z`)
VALUES (@parent_id,  0,  10 /* Tell */, 1.5, 1, NULL, 'Oh man, Ulgrims on another bender.', NULL, NULL, NULL, NULL, NULL, NULL, NULL, NULL, NULL, NULL, NULL, NULL, NULL, NULL, NULL, NULL, NULL, NULL, NULL, NULL, NULL, NULL, NULL, NULL, NULL, NULL, NULL, NULL, NULL, NULL, NULL, NULL, NULL);

INSERT INTO `weenie_properties_create_list` (`object_Id`, `destination_Type`, `weenie_Class_Id`, `stack_Size`, `palette`, `shade`, `try_To_Bond`)
VALUES (2000293, 2, 26452,  0, 86, 1, False) /* Create Bathrobe (26452) for Wield */
     , (2000293, 2,  2597,  0, 5, 1, False) /* Create Pants (2597) for Wield */;

DELETE FROM `weenie` WHERE `class_Id` = 2000294;

INSERT INTO `weenie` (`class_Id`, `class_Name`, `type`, `last_Modified`)
VALUES (2000294, 'ace2000294-townfolk', 10, '2019-09-24 03:42:29') /* Creature */;

INSERT INTO `weenie_properties_int` (`object_Id`, `type`, `value`)
VALUES (2000294,   1,         16) /* ItemType - Creature */
     , (2000294,   2,         31) /* CreatureType - Human */
     , (2000294,   6,         -1) /* ItemsCapacity */
     , (2000294,   7,         -1) /* ContainersCapacity */
     , (2000294,   8,        120) /* Mass */
     , (2000294,  16,         32) /* ItemUseable - Remote */
     , (2000294,  25,         15) /* Level */
     , (2000294,  27,          0) /* ArmorType - None */
     , (2000294,  93,    6292504) /* PhysicsState - ReportCollisions, IgnoreCollisions, Gravity, ReportCollisionsAsEnvironment, EdgeSlide */
     , (2000294,  95,          8) /* RadarBlipColor - Yellow */
     , (2000294, 113,          1) /* Gender - Male */
     , (2000294, 133,          4) /* ShowableOnRadar - ShowAlways */
     , (2000294, 134,         16) /* PlayerKillerStatus - RubberGlue */
     , (2000294, 146,        293) /* XpOverride */
     , (2000294, 188,          1) /* HeritageGroup - Aluvian */;

INSERT INTO `weenie_properties_bool` (`object_Id`, `type`, `value`)
VALUES (2000294,   1, True ) /* Stuck */
     , (2000294,   8, True ) /* AllowGive */
     , (2000294,  11, True ) /* IgnoreCollisions */
     , (2000294,  12, True ) /* ReportCollisions */
     , (2000294,  13, False) /* Ethereal */
     , (2000294,  14, True ) /* GravityStatus */
     , (2000294,  19, False) /* Attackable */
     , (2000294,  29, True ) /* NoCorpse */
     , (2000294,  41, True ) /* ReportCollisionsAsEnvironment */
     , (2000294,  42, True ) /* AllowEdgeSlide */
     , (2000294,  52, True ) /* AiImmobile */
     , (2000294,  79, True ) /* AiAcceptEverything */;

INSERT INTO `weenie_properties_float` (`object_Id`, `type`, `value`)
VALUES (2000294,   1,       5) /* HeartbeatInterval */
     , (2000294,   2,       0) /* HeartbeatTimestamp */
     , (2000294,   3, 0.159999996423721) /* HealthRate */
     , (2000294,   4,       5) /* StaminaRate */
     , (2000294,   5,       1) /* ManaRate */
     , (2000294,  13, 0.899999976158142) /* ArmorModVsSlash */
     , (2000294,  14,       1) /* ArmorModVsPierce */
     , (2000294,  15, 1.10000002384186) /* ArmorModVsBludgeon */
     , (2000294,  16, 0.400000005960464) /* ArmorModVsCold */
     , (2000294,  17, 0.400000005960464) /* ArmorModVsFire */
     , (2000294,  18,       1) /* ArmorModVsAcid */
     , (2000294,  19, 0.600000023841858) /* ArmorModVsElectric */
     , (2000294,  54,       3) /* UseRadius */
     , (2000294,  64,       1) /* ResistSlash */
     , (2000294,  65,       1) /* ResistPierce */
     , (2000294,  66,       1) /* ResistBludgeon */
     , (2000294,  67,       1) /* ResistFire */
     , (2000294,  68,       1) /* ResistCold */
     , (2000294,  69,       1) /* ResistAcid */
     , (2000294,  70,       1) /* ResistElectric */
     , (2000294,  71,       1) /* ResistHealthBoost */
     , (2000294,  72,       1) /* ResistStaminaDrain */
     , (2000294,  73,       1) /* ResistStaminaBoost */
     , (2000294,  74,       1) /* ResistManaDrain */
     , (2000294,  75,       1) /* ResistManaBoost */
     , (2000294, 104,      10) /* ObviousRadarRange */
     , (2000294, 125,       1) /* ResistHealthDrain */;

INSERT INTO `weenie_properties_string` (`object_Id`, `type`, `value`)
VALUES (2000294,   1, 'Townfolk') /* Name */
     , (2000294,   3, 'Male') /* Sex */
     , (2000294,   4, 'Aluvian') /* HeritageGroup */;

INSERT INTO `weenie_properties_d_i_d` (`object_Id`, `type`, `value`)
VALUES (2000294,   1,   33554433) /* Setup */
     , (2000294,   2,  150994945) /* MotionTable */
     , (2000294,   3,  536870913) /* SoundTable */
     , (2000294,   4,  805306368) /* CombatTable */
     , (2000294,   6,   67108990) /* PaletteBase */
     , (2000294,   8,  100667446) /* Icon */
     , (2000294,   9,   83890437) /* EyesTexture */
     , (2000294,  10,   83890521) /* NoseTexture */
     , (2000294,  11,   83890627) /* MouthTexture */
     , (2000294,  15,   67116978) /* HairPalette */
     , (2000294,  16,   67109564) /* EyesPalette */
     , (2000294,  17,   67109558) /* SkinPalette */;

INSERT INTO `weenie_properties_attribute` (`object_Id`, `type`, `init_Level`, `level_From_C_P`, `c_P_Spent`)
VALUES (2000294,   1, 110, 0, 0) /* Strength */
     , (2000294,   2, 120, 0, 0) /* Endurance */
     , (2000294,   3, 120, 0, 0) /* Quickness */
     , (2000294,   4, 120, 0, 0) /* Coordination */
     , (2000294,   5, 100, 0, 0) /* Focus */
     , (2000294,   6, 100, 0, 0) /* Self */;

INSERT INTO `weenie_properties_attribute_2nd` (`object_Id`, `type`, `init_Level`, `level_From_C_P`, `c_P_Spent`, `current_Level`)
VALUES (2000294,   1,     0, 0, 0, 60) /* MaxHealth */
     , (2000294,   3,     0, 0, 0, 120) /* MaxStamina */
     , (2000294,   5,     0, 0, 0, 100) /* MaxMana */;

INSERT INTO `weenie_properties_skill` (`object_Id`, `type`, `level_From_P_P`, `s_a_c`, `p_p`, `init_Level`, `resistance_At_Last_Check`, `last_Used_Time`)
VALUES (2000294,  6, 0, 2, 0,   1, 0, 0) /* MeleeDefense        Trained */
     , (2000294,  7, 0, 2, 0,   1, 0, 0) /* MissileDefense      Trained */
     , (2000294, 13, 0, 2, 0,   1, 0, 0) /* UnarmedCombat       Trained */;

INSERT INTO `weenie_properties_body_part` (`object_Id`, `key`, `d_Type`, `d_Val`, `d_Var`, `base_Armor`, `armor_Vs_Slash`, `armor_Vs_Pierce`, `armor_Vs_Bludgeon`, `armor_Vs_Cold`, `armor_Vs_Fire`, `armor_Vs_Acid`, `armor_Vs_Electric`, `armor_Vs_Nether`, `b_h`, `h_l_f`, `m_l_f`, `l_l_f`, `h_r_f`, `m_r_f`, `l_r_f`, `h_l_b`, `m_l_b`, `l_l_b`, `h_r_b`, `m_r_b`, `l_r_b`)
VALUES (2000294,  0,  4,  0,    0,    0,    0,    0,    0,    0,    0,    0,    0,    0, 1, 0.33,    0,    0, 0.33,    0,    0, 0.33,    0,    0, 0.33,    0,    0) /* Head */
     , (2000294,  1,  4,  0,    0,    0,    0,    0,    0,    0,    0,    0,    0,    0, 2, 0.44, 0.17,    0, 0.44, 0.17,    0, 0.44, 0.17,    0, 0.44, 0.17,    0) /* Chest */
     , (2000294,  2,  4,  0,    0,    0,    0,    0,    0,    0,    0,    0,    0,    0, 3,    0, 0.17,    0,    0, 0.17,    0,    0, 0.17,    0,    0, 0.17,    0) /* Abdomen */
     , (2000294,  3,  4,  0,    0,    0,    0,    0,    0,    0,    0,    0,    0,    0, 1, 0.23, 0.03,    0, 0.23, 0.03,    0, 0.23, 0.03,    0, 0.23, 0.03,    0) /* UpperArm */
     , (2000294,  4,  4,  0,    0,    0,    0,    0,    0,    0,    0,    0,    0,    0, 2,    0,  0.3,    0,    0,  0.3,    0,    0,  0.3,    0,    0,  0.3,    0) /* LowerArm */
     , (2000294,  5,  4,  2, 0.75,    0,    0,    0,    0,    0,    0,    0,    0,    0, 2,    0,  0.2,    0,    0,  0.2,    0,    0,  0.2,    0,    0,  0.2,    0) /* Hand */
     , (2000294,  6,  4,  0,    0,    0,    0,    0,    0,    0,    0,    0,    0,    0, 3,    0, 0.13, 0.18,    0, 0.13, 0.18,    0, 0.13, 0.18,    0, 0.13, 0.18) /* UpperLeg */
     , (2000294,  7,  4,  0,    0,    0,    0,    0,    0,    0,    0,    0,    0,    0, 3,    0,    0,  0.6,    0,    0,  0.6,    0,    0,  0.6,    0,    0,  0.6) /* LowerLeg */
     , (2000294,  8,  4,  2, 0.75,    0,    0,    0,    0,    0,    0,    0,    0,    0, 3,    0,    0, 0.22,    0,    0, 0.22,    0,    0, 0.22,    0,    0, 0.22) /* Foot */;

INSERT INTO `weenie_properties_emote` (`object_Id`, `category`, `probability`, `weenie_Class_Id`, `style`, `substyle`, `quest`, `vendor_Type`, `min_Health`, `max_Health`)
VALUES (2000294,  7 /* Use */,      1, NULL, NULL, NULL, NULL, NULL, NULL, NULL);

SET @parent_id = LAST_INSERT_ID();

INSERT INTO `weenie_properties_emote_action` (`emote_Id`, `order`, `type`, `delay`, `extent`, `motion`, `message`, `test_String`, `min`, `max`, `min_64`, `max_64`, `min_Dbl`, `max_Dbl`, `stat`, `display`, `amount`, `amount_64`, `hero_X_P_64`, `percent`, `spell_Id`, `wealth_Rating`, `treasure_Class`, `treasure_Type`, `p_Script`, `sound`, `destination_Type`, `weenie_Class_Id`, `stack_Size`, `palette`, `shade`, `try_To_Bond`, `obj_Cell_Id`, `origin_X`, `origin_Y`, `origin_Z`, `angles_W`, `angles_X`, `angles_Y`, `angles_Z`)
VALUES (@parent_id,  0,  10 /* Tell */, 1.5, 1, NULL, 'Shadows in Al-Arqas, golems in Mayoi, the world is going crazy.', NULL, NULL, NULL, NULL, NULL, NULL, NULL, NULL, NULL, NULL, NULL, NULL, NULL, NULL, NULL, NULL, NULL, NULL, NULL, NULL, NULL, NULL, NULL, NULL, NULL, NULL, NULL, NULL, NULL, NULL, NULL, NULL, NULL);

INSERT INTO `weenie_properties_create_list` (`object_Id`, `destination_Type`, `weenie_Class_Id`, `stack_Size`, `palette`, `shade`, `try_To_Bond`)
VALUES (2000294, 2,  2588,  0, 91, 1, False) /* Create Shirt (2588) for Wield */
     , (2000294, 2,  2597,  0, 5, 1, False) /* Create Pants (2597) for Wield */;

DELETE FROM `weenie` WHERE `class_Id` = 2000295;

INSERT INTO `weenie` (`class_Id`, `class_Name`, `type`, `last_Modified`)
VALUES (2000295, 'ace2000295-townfolk', 10, '2019-09-24 03:42:31') /* Creature */;

INSERT INTO `weenie_properties_int` (`object_Id`, `type`, `value`)
VALUES (2000295,   1,         16) /* ItemType - Creature */
     , (2000295,   2,         31) /* CreatureType - Human */
     , (2000295,   6,         -1) /* ItemsCapacity */
     , (2000295,   7,         -1) /* ContainersCapacity */
     , (2000295,   8,        120) /* Mass */
     , (2000295,  16,         32) /* ItemUseable - Remote */
     , (2000295,  25,         15) /* Level */
     , (2000295,  27,          0) /* ArmorType - None */
     , (2000295,  93,    6292504) /* PhysicsState - ReportCollisions, IgnoreCollisions, Gravity, ReportCollisionsAsEnvironment, EdgeSlide */
     , (2000295,  95,          8) /* RadarBlipColor - Yellow */
     , (2000295, 113,          1) /* Gender - Male */
     , (2000295, 133,          4) /* ShowableOnRadar - ShowAlways */
     , (2000295, 134,         16) /* PlayerKillerStatus - RubberGlue */
     , (2000295, 146,        293) /* XpOverride */
     , (2000295, 188,          1) /* HeritageGroup - Aluvian */;

INSERT INTO `weenie_properties_bool` (`object_Id`, `type`, `value`)
VALUES (2000295,   1, True ) /* Stuck */
     , (2000295,   8, True ) /* AllowGive */
     , (2000295,  11, True ) /* IgnoreCollisions */
     , (2000295,  12, True ) /* ReportCollisions */
     , (2000295,  13, False) /* Ethereal */
     , (2000295,  14, True ) /* GravityStatus */
     , (2000295,  19, False) /* Attackable */
     , (2000295,  29, True ) /* NoCorpse */
     , (2000295,  41, True ) /* ReportCollisionsAsEnvironment */
     , (2000295,  42, True ) /* AllowEdgeSlide */
     , (2000295,  52, True ) /* AiImmobile */
     , (2000295,  79, True ) /* AiAcceptEverything */;

INSERT INTO `weenie_properties_float` (`object_Id`, `type`, `value`)
VALUES (2000295,   1,       5) /* HeartbeatInterval */
     , (2000295,   2,       0) /* HeartbeatTimestamp */
     , (2000295,   3, 0.159999996423721) /* HealthRate */
     , (2000295,   4,       5) /* StaminaRate */
     , (2000295,   5,       1) /* ManaRate */
     , (2000295,  13, 0.899999976158142) /* ArmorModVsSlash */
     , (2000295,  14,       1) /* ArmorModVsPierce */
     , (2000295,  15, 1.10000002384186) /* ArmorModVsBludgeon */
     , (2000295,  16, 0.400000005960464) /* ArmorModVsCold */
     , (2000295,  17, 0.400000005960464) /* ArmorModVsFire */
     , (2000295,  18,       1) /* ArmorModVsAcid */
     , (2000295,  19, 0.600000023841858) /* ArmorModVsElectric */
     , (2000295,  54,       3) /* UseRadius */
     , (2000295,  64,       1) /* ResistSlash */
     , (2000295,  65,       1) /* ResistPierce */
     , (2000295,  66,       1) /* ResistBludgeon */
     , (2000295,  67,       1) /* ResistFire */
     , (2000295,  68,       1) /* ResistCold */
     , (2000295,  69,       1) /* ResistAcid */
     , (2000295,  70,       1) /* ResistElectric */
     , (2000295,  71,       1) /* ResistHealthBoost */
     , (2000295,  72,       1) /* ResistStaminaDrain */
     , (2000295,  73,       1) /* ResistStaminaBoost */
     , (2000295,  74,       1) /* ResistManaDrain */
     , (2000295,  75,       1) /* ResistManaBoost */
     , (2000295, 104,      10) /* ObviousRadarRange */
     , (2000295, 125,       1) /* ResistHealthDrain */;

INSERT INTO `weenie_properties_string` (`object_Id`, `type`, `value`)
VALUES (2000295,   1, 'Townfolk') /* Name */
     , (2000295,   3, 'Male') /* Sex */
     , (2000295,   4, 'Aluvian') /* HeritageGroup */;

INSERT INTO `weenie_properties_d_i_d` (`object_Id`, `type`, `value`)
VALUES (2000295,   1,   33554433) /* Setup */
     , (2000295,   2,  150994945) /* MotionTable */
     , (2000295,   3,  536870913) /* SoundTable */
     , (2000295,   4,  805306368) /* CombatTable */
     , (2000295,   6,   67108990) /* PaletteBase */
     , (2000295,   8,  100667446) /* Icon */
     , (2000295,   9,   83890437) /* EyesTexture */
     , (2000295,  10,   83890521) /* NoseTexture */
     , (2000295,  11,   83890627) /* MouthTexture */
     , (2000295,  15,   67116978) /* HairPalette */
     , (2000295,  16,   67109564) /* EyesPalette */
     , (2000295,  17,   67109558) /* SkinPalette */;

INSERT INTO `weenie_properties_attribute` (`object_Id`, `type`, `init_Level`, `level_From_C_P`, `c_P_Spent`)
VALUES (2000295,   1, 110, 0, 0) /* Strength */
     , (2000295,   2, 120, 0, 0) /* Endurance */
     , (2000295,   3, 120, 0, 0) /* Quickness */
     , (2000295,   4, 120, 0, 0) /* Coordination */
     , (2000295,   5, 100, 0, 0) /* Focus */
     , (2000295,   6, 100, 0, 0) /* Self */;

INSERT INTO `weenie_properties_attribute_2nd` (`object_Id`, `type`, `init_Level`, `level_From_C_P`, `c_P_Spent`, `current_Level`)
VALUES (2000295,   1,     0, 0, 0, 60) /* MaxHealth */
     , (2000295,   3,     0, 0, 0, 120) /* MaxStamina */
     , (2000295,   5,     0, 0, 0, 100) /* MaxMana */;

INSERT INTO `weenie_properties_skill` (`object_Id`, `type`, `level_From_P_P`, `s_a_c`, `p_p`, `init_Level`, `resistance_At_Last_Check`, `last_Used_Time`)
VALUES (2000295,  6, 0, 2, 0,   1, 0, 0) /* MeleeDefense        Trained */
     , (2000295,  7, 0, 2, 0,   1, 0, 0) /* MissileDefense      Trained */
     , (2000295, 13, 0, 2, 0,   1, 0, 0) /* UnarmedCombat       Trained */;

INSERT INTO `weenie_properties_body_part` (`object_Id`, `key`, `d_Type`, `d_Val`, `d_Var`, `base_Armor`, `armor_Vs_Slash`, `armor_Vs_Pierce`, `armor_Vs_Bludgeon`, `armor_Vs_Cold`, `armor_Vs_Fire`, `armor_Vs_Acid`, `armor_Vs_Electric`, `armor_Vs_Nether`, `b_h`, `h_l_f`, `m_l_f`, `l_l_f`, `h_r_f`, `m_r_f`, `l_r_f`, `h_l_b`, `m_l_b`, `l_l_b`, `h_r_b`, `m_r_b`, `l_r_b`)
VALUES (2000295,  0,  4,  0,    0,    0,    0,    0,    0,    0,    0,    0,    0,    0, 1, 0.33,    0,    0, 0.33,    0,    0, 0.33,    0,    0, 0.33,    0,    0) /* Head */
     , (2000295,  1,  4,  0,    0,    0,    0,    0,    0,    0,    0,    0,    0,    0, 2, 0.44, 0.17,    0, 0.44, 0.17,    0, 0.44, 0.17,    0, 0.44, 0.17,    0) /* Chest */
     , (2000295,  2,  4,  0,    0,    0,    0,    0,    0,    0,    0,    0,    0,    0, 3,    0, 0.17,    0,    0, 0.17,    0,    0, 0.17,    0,    0, 0.17,    0) /* Abdomen */
     , (2000295,  3,  4,  0,    0,    0,    0,    0,    0,    0,    0,    0,    0,    0, 1, 0.23, 0.03,    0, 0.23, 0.03,    0, 0.23, 0.03,    0, 0.23, 0.03,    0) /* UpperArm */
     , (2000295,  4,  4,  0,    0,    0,    0,    0,    0,    0,    0,    0,    0,    0, 2,    0,  0.3,    0,    0,  0.3,    0,    0,  0.3,    0,    0,  0.3,    0) /* LowerArm */
     , (2000295,  5,  4,  2, 0.75,    0,    0,    0,    0,    0,    0,    0,    0,    0, 2,    0,  0.2,    0,    0,  0.2,    0,    0,  0.2,    0,    0,  0.2,    0) /* Hand */
     , (2000295,  6,  4,  0,    0,    0,    0,    0,    0,    0,    0,    0,    0,    0, 3,    0, 0.13, 0.18,    0, 0.13, 0.18,    0, 0.13, 0.18,    0, 0.13, 0.18) /* UpperLeg */
     , (2000295,  7,  4,  0,    0,    0,    0,    0,    0,    0,    0,    0,    0,    0, 3,    0,    0,  0.6,    0,    0,  0.6,    0,    0,  0.6,    0,    0,  0.6) /* LowerLeg */
     , (2000295,  8,  4,  2, 0.75,    0,    0,    0,    0,    0,    0,    0,    0,    0, 3,    0,    0, 0.22,    0,    0, 0.22,    0,    0, 0.22,    0,    0, 0.22) /* Foot */;

INSERT INTO `weenie_properties_emote` (`object_Id`, `category`, `probability`, `weenie_Class_Id`, `style`, `substyle`, `quest`, `vendor_Type`, `min_Health`, `max_Health`)
VALUES (2000295,  7 /* Use */,      1, NULL, NULL, NULL, NULL, NULL, NULL, NULL);

SET @parent_id = LAST_INSERT_ID();

INSERT INTO `weenie_properties_emote_action` (`emote_Id`, `order`, `type`, `delay`, `extent`, `motion`, `message`, `test_String`, `min`, `max`, `min_64`, `max_64`, `min_Dbl`, `max_Dbl`, `stat`, `display`, `amount`, `amount_64`, `hero_X_P_64`, `percent`, `spell_Id`, `wealth_Rating`, `treasure_Class`, `treasure_Type`, `p_Script`, `sound`, `destination_Type`, `weenie_Class_Id`, `stack_Size`, `palette`, `shade`, `try_To_Bond`, `obj_Cell_Id`, `origin_X`, `origin_Y`, `origin_Z`, `angles_W`, `angles_X`, `angles_Y`, `angles_Z`)
VALUES (@parent_id,  0,  10 /* Tell */, 1.5, 1, NULL, 'I have heard rumour of a new island off the coast, I should like to go there at first opportunity.', NULL, NULL, NULL, NULL, NULL, NULL, NULL, NULL, NULL, NULL, NULL, NULL, NULL, NULL, NULL, NULL, NULL, NULL, NULL, NULL, NULL, NULL, NULL, NULL, NULL, NULL, NULL, NULL, NULL, NULL, NULL, NULL, NULL);

INSERT INTO `weenie_properties_create_list` (`object_Id`, `destination_Type`, `weenie_Class_Id`, `stack_Size`, `palette`, `shade`, `try_To_Bond`)
VALUES (2000295, 2,  2588,  0, 90, 1, False) /* Create Shirt (2588) for Wield */
     , (2000295, 2,  2597,  0, 5, 1, False) /* Create Pants (2597) for Wield */;

DELETE FROM `weenie` WHERE `class_Id` = 2000296;

INSERT INTO `weenie` (`class_Id`, `class_Name`, `type`, `last_Modified`)
VALUES (2000296, 'ace2000296-townfolk', 10, '2019-09-24 03:42:32') /* Creature */;

INSERT INTO `weenie_properties_int` (`object_Id`, `type`, `value`)
VALUES (2000296,   1,         16) /* ItemType - Creature */
     , (2000296,   2,         31) /* CreatureType - Human */
     , (2000296,   6,         -1) /* ItemsCapacity */
     , (2000296,   7,         -1) /* ContainersCapacity */
     , (2000296,   8,        120) /* Mass */
     , (2000296,  16,         32) /* ItemUseable - Remote */
     , (2000296,  25,         15) /* Level */
     , (2000296,  27,          0) /* ArmorType - None */
     , (2000296,  93,    6292504) /* PhysicsState - ReportCollisions, IgnoreCollisions, Gravity, ReportCollisionsAsEnvironment, EdgeSlide */
     , (2000296,  95,          8) /* RadarBlipColor - Yellow */
     , (2000296, 113,          1) /* Gender - Male */
     , (2000296, 133,          4) /* ShowableOnRadar - ShowAlways */
     , (2000296, 134,         16) /* PlayerKillerStatus - RubberGlue */
     , (2000296, 146,        293) /* XpOverride */
     , (2000296, 188,          1) /* HeritageGroup - Aluvian */;

INSERT INTO `weenie_properties_bool` (`object_Id`, `type`, `value`)
VALUES (2000296,   1, True ) /* Stuck */
     , (2000296,   8, True ) /* AllowGive */
     , (2000296,  11, True ) /* IgnoreCollisions */
     , (2000296,  12, True ) /* ReportCollisions */
     , (2000296,  13, False) /* Ethereal */
     , (2000296,  14, True ) /* GravityStatus */
     , (2000296,  19, False) /* Attackable */
     , (2000296,  29, True ) /* NoCorpse */
     , (2000296,  41, True ) /* ReportCollisionsAsEnvironment */
     , (2000296,  42, True ) /* AllowEdgeSlide */
     , (2000296,  52, True ) /* AiImmobile */
     , (2000296,  79, True ) /* AiAcceptEverything */;

INSERT INTO `weenie_properties_float` (`object_Id`, `type`, `value`)
VALUES (2000296,   1,       5) /* HeartbeatInterval */
     , (2000296,   2,       0) /* HeartbeatTimestamp */
     , (2000296,   3, 0.159999996423721) /* HealthRate */
     , (2000296,   4,       5) /* StaminaRate */
     , (2000296,   5,       1) /* ManaRate */
     , (2000296,  13, 0.899999976158142) /* ArmorModVsSlash */
     , (2000296,  14,       1) /* ArmorModVsPierce */
     , (2000296,  15, 1.10000002384186) /* ArmorModVsBludgeon */
     , (2000296,  16, 0.400000005960464) /* ArmorModVsCold */
     , (2000296,  17, 0.400000005960464) /* ArmorModVsFire */
     , (2000296,  18,       1) /* ArmorModVsAcid */
     , (2000296,  19, 0.600000023841858) /* ArmorModVsElectric */
     , (2000296,  54,       3) /* UseRadius */
     , (2000296,  64,       1) /* ResistSlash */
     , (2000296,  65,       1) /* ResistPierce */
     , (2000296,  66,       1) /* ResistBludgeon */
     , (2000296,  67,       1) /* ResistFire */
     , (2000296,  68,       1) /* ResistCold */
     , (2000296,  69,       1) /* ResistAcid */
     , (2000296,  70,       1) /* ResistElectric */
     , (2000296,  71,       1) /* ResistHealthBoost */
     , (2000296,  72,       1) /* ResistStaminaDrain */
     , (2000296,  73,       1) /* ResistStaminaBoost */
     , (2000296,  74,       1) /* ResistManaDrain */
     , (2000296,  75,       1) /* ResistManaBoost */
     , (2000296, 104,      10) /* ObviousRadarRange */
     , (2000296, 125,       1) /* ResistHealthDrain */;

INSERT INTO `weenie_properties_string` (`object_Id`, `type`, `value`)
VALUES (2000296,   1, 'Townfolk') /* Name */
     , (2000296,   3, 'Male') /* Sex */
     , (2000296,   4, 'Aluvian') /* HeritageGroup */;

INSERT INTO `weenie_properties_d_i_d` (`object_Id`, `type`, `value`)
VALUES (2000296,   1,   33554433) /* Setup */
     , (2000296,   2,  150994945) /* MotionTable */
     , (2000296,   3,  536870913) /* SoundTable */
     , (2000296,   4,  805306368) /* CombatTable */
     , (2000296,   6,   67108990) /* PaletteBase */
     , (2000296,   8,  100667446) /* Icon */
     , (2000296,   9,   83890437) /* EyesTexture */
     , (2000296,  10,   83890521) /* NoseTexture */
     , (2000296,  11,   83890627) /* MouthTexture */
     , (2000296,  15,   67116978) /* HairPalette */
     , (2000296,  16,   67109564) /* EyesPalette */
     , (2000296,  17,   67109558) /* SkinPalette */;

INSERT INTO `weenie_properties_attribute` (`object_Id`, `type`, `init_Level`, `level_From_C_P`, `c_P_Spent`)
VALUES (2000296,   1, 110, 0, 0) /* Strength */
     , (2000296,   2, 120, 0, 0) /* Endurance */
     , (2000296,   3, 120, 0, 0) /* Quickness */
     , (2000296,   4, 120, 0, 0) /* Coordination */
     , (2000296,   5, 100, 0, 0) /* Focus */
     , (2000296,   6, 100, 0, 0) /* Self */;

INSERT INTO `weenie_properties_attribute_2nd` (`object_Id`, `type`, `init_Level`, `level_From_C_P`, `c_P_Spent`, `current_Level`)
VALUES (2000296,   1,     0, 0, 0, 60) /* MaxHealth */
     , (2000296,   3,     0, 0, 0, 120) /* MaxStamina */
     , (2000296,   5,     0, 0, 0, 100) /* MaxMana */;

INSERT INTO `weenie_properties_skill` (`object_Id`, `type`, `level_From_P_P`, `s_a_c`, `p_p`, `init_Level`, `resistance_At_Last_Check`, `last_Used_Time`)
VALUES (2000296,  6, 0, 2, 0,   1, 0, 0) /* MeleeDefense        Trained */
     , (2000296,  7, 0, 2, 0,   1, 0, 0) /* MissileDefense      Trained */
     , (2000296, 13, 0, 2, 0,   1, 0, 0) /* UnarmedCombat       Trained */;

INSERT INTO `weenie_properties_body_part` (`object_Id`, `key`, `d_Type`, `d_Val`, `d_Var`, `base_Armor`, `armor_Vs_Slash`, `armor_Vs_Pierce`, `armor_Vs_Bludgeon`, `armor_Vs_Cold`, `armor_Vs_Fire`, `armor_Vs_Acid`, `armor_Vs_Electric`, `armor_Vs_Nether`, `b_h`, `h_l_f`, `m_l_f`, `l_l_f`, `h_r_f`, `m_r_f`, `l_r_f`, `h_l_b`, `m_l_b`, `l_l_b`, `h_r_b`, `m_r_b`, `l_r_b`)
VALUES (2000296,  0,  4,  0,    0,    0,    0,    0,    0,    0,    0,    0,    0,    0, 1, 0.33,    0,    0, 0.33,    0,    0, 0.33,    0,    0, 0.33,    0,    0) /* Head */
     , (2000296,  1,  4,  0,    0,    0,    0,    0,    0,    0,    0,    0,    0,    0, 2, 0.44, 0.17,    0, 0.44, 0.17,    0, 0.44, 0.17,    0, 0.44, 0.17,    0) /* Chest */
     , (2000296,  2,  4,  0,    0,    0,    0,    0,    0,    0,    0,    0,    0,    0, 3,    0, 0.17,    0,    0, 0.17,    0,    0, 0.17,    0,    0, 0.17,    0) /* Abdomen */
     , (2000296,  3,  4,  0,    0,    0,    0,    0,    0,    0,    0,    0,    0,    0, 1, 0.23, 0.03,    0, 0.23, 0.03,    0, 0.23, 0.03,    0, 0.23, 0.03,    0) /* UpperArm */
     , (2000296,  4,  4,  0,    0,    0,    0,    0,    0,    0,    0,    0,    0,    0, 2,    0,  0.3,    0,    0,  0.3,    0,    0,  0.3,    0,    0,  0.3,    0) /* LowerArm */
     , (2000296,  5,  4,  2, 0.75,    0,    0,    0,    0,    0,    0,    0,    0,    0, 2,    0,  0.2,    0,    0,  0.2,    0,    0,  0.2,    0,    0,  0.2,    0) /* Hand */
     , (2000296,  6,  4,  0,    0,    0,    0,    0,    0,    0,    0,    0,    0,    0, 3,    0, 0.13, 0.18,    0, 0.13, 0.18,    0, 0.13, 0.18,    0, 0.13, 0.18) /* UpperLeg */
     , (2000296,  7,  4,  0,    0,    0,    0,    0,    0,    0,    0,    0,    0,    0, 3,    0,    0,  0.6,    0,    0,  0.6,    0,    0,  0.6,    0,    0,  0.6) /* LowerLeg */
     , (2000296,  8,  4,  2, 0.75,    0,    0,    0,    0,    0,    0,    0,    0,    0, 3,    0,    0, 0.22,    0,    0, 0.22,    0,    0, 0.22,    0,    0, 0.22) /* Foot */;

INSERT INTO `weenie_properties_emote` (`object_Id`, `category`, `probability`, `weenie_Class_Id`, `style`, `substyle`, `quest`, `vendor_Type`, `min_Health`, `max_Health`)
VALUES (2000296,  7 /* Use */,      1, NULL, NULL, NULL, NULL, NULL, NULL, NULL);

SET @parent_id = LAST_INSERT_ID();

INSERT INTO `weenie_properties_emote_action` (`emote_Id`, `order`, `type`, `delay`, `extent`, `motion`, `message`, `test_String`, `min`, `max`, `min_64`, `max_64`, `min_Dbl`, `max_Dbl`, `stat`, `display`, `amount`, `amount_64`, `hero_X_P_64`, `percent`, `spell_Id`, `wealth_Rating`, `treasure_Class`, `treasure_Type`, `p_Script`, `sound`, `destination_Type`, `weenie_Class_Id`, `stack_Size`, `palette`, `shade`, `try_To_Bond`, `obj_Cell_Id`, `origin_X`, `origin_Y`, `origin_Z`, `angles_W`, `angles_X`, `angles_Y`, `angles_Z`)
VALUES (@parent_id,  0,  10 /* Tell */, 1.5, 1, NULL, 'I love the work the arcanum has put in recently, building a better world for tomorrow they say.', NULL, NULL, NULL, NULL, NULL, NULL, NULL, NULL, NULL, NULL, NULL, NULL, NULL, NULL, NULL, NULL, NULL, NULL, NULL, NULL, NULL, NULL, NULL, NULL, NULL, NULL, NULL, NULL, NULL, NULL, NULL, NULL, NULL);

INSERT INTO `weenie_properties_create_list` (`object_Id`, `destination_Type`, `weenie_Class_Id`, `stack_Size`, `palette`, `shade`, `try_To_Bond`)
VALUES (2000296, 2,  6061,  0, 89, 1, False) /* Create Gelidite Robe (6061) for Wield */
     , (2000296, 2,  2597,  0, 5, 1, False) /* Create Pants (2597) for Wield */;

DELETE FROM `weenie` WHERE `class_Id` = 2000297;

INSERT INTO `weenie` (`class_Id`, `class_Name`, `type`, `last_Modified`)
VALUES (2000297, 'ace2000297-townfolk', 10, '2019-09-24 03:42:33') /* Creature */;

INSERT INTO `weenie_properties_int` (`object_Id`, `type`, `value`)
VALUES (2000297,   1,         16) /* ItemType - Creature */
     , (2000297,   2,         31) /* CreatureType - Human */
     , (2000297,   6,         -1) /* ItemsCapacity */
     , (2000297,   7,         -1) /* ContainersCapacity */
     , (2000297,   8,        120) /* Mass */
     , (2000297,  16,         32) /* ItemUseable - Remote */
     , (2000297,  25,         15) /* Level */
     , (2000297,  27,          0) /* ArmorType - None */
     , (2000297,  93,    6292504) /* PhysicsState - ReportCollisions, IgnoreCollisions, Gravity, ReportCollisionsAsEnvironment, EdgeSlide */
     , (2000297,  95,          8) /* RadarBlipColor - Yellow */
     , (2000297, 113,          1) /* Gender - Male */
     , (2000297, 133,          4) /* ShowableOnRadar - ShowAlways */
     , (2000297, 134,         16) /* PlayerKillerStatus - RubberGlue */
     , (2000297, 146,        293) /* XpOverride */
     , (2000297, 188,          1) /* HeritageGroup - Aluvian */;

INSERT INTO `weenie_properties_bool` (`object_Id`, `type`, `value`)
VALUES (2000297,   1, True ) /* Stuck */
     , (2000297,   8, True ) /* AllowGive */
     , (2000297,  11, True ) /* IgnoreCollisions */
     , (2000297,  12, True ) /* ReportCollisions */
     , (2000297,  13, False) /* Ethereal */
     , (2000297,  14, True ) /* GravityStatus */
     , (2000297,  19, False) /* Attackable */
     , (2000297,  29, True ) /* NoCorpse */
     , (2000297,  41, True ) /* ReportCollisionsAsEnvironment */
     , (2000297,  42, True ) /* AllowEdgeSlide */
     , (2000297,  52, True ) /* AiImmobile */
     , (2000297,  79, True ) /* AiAcceptEverything */;

INSERT INTO `weenie_properties_float` (`object_Id`, `type`, `value`)
VALUES (2000297,   1,       5) /* HeartbeatInterval */
     , (2000297,   2,       0) /* HeartbeatTimestamp */
     , (2000297,   3, 0.159999996423721) /* HealthRate */
     , (2000297,   4,       5) /* StaminaRate */
     , (2000297,   5,       1) /* ManaRate */
     , (2000297,  13, 0.899999976158142) /* ArmorModVsSlash */
     , (2000297,  14,       1) /* ArmorModVsPierce */
     , (2000297,  15, 1.10000002384186) /* ArmorModVsBludgeon */
     , (2000297,  16, 0.400000005960464) /* ArmorModVsCold */
     , (2000297,  17, 0.400000005960464) /* ArmorModVsFire */
     , (2000297,  18,       1) /* ArmorModVsAcid */
     , (2000297,  19, 0.600000023841858) /* ArmorModVsElectric */
     , (2000297,  54,       3) /* UseRadius */
     , (2000297,  64,       1) /* ResistSlash */
     , (2000297,  65,       1) /* ResistPierce */
     , (2000297,  66,       1) /* ResistBludgeon */
     , (2000297,  67,       1) /* ResistFire */
     , (2000297,  68,       1) /* ResistCold */
     , (2000297,  69,       1) /* ResistAcid */
     , (2000297,  70,       1) /* ResistElectric */
     , (2000297,  71,       1) /* ResistHealthBoost */
     , (2000297,  72,       1) /* ResistStaminaDrain */
     , (2000297,  73,       1) /* ResistStaminaBoost */
     , (2000297,  74,       1) /* ResistManaDrain */
     , (2000297,  75,       1) /* ResistManaBoost */
     , (2000297, 104,      10) /* ObviousRadarRange */
     , (2000297, 125,       1) /* ResistHealthDrain */;

INSERT INTO `weenie_properties_string` (`object_Id`, `type`, `value`)
VALUES (2000297,   1, 'Townfolk') /* Name */
     , (2000297,   3, 'Male') /* Sex */
     , (2000297,   4, 'Aluvian') /* HeritageGroup */;

INSERT INTO `weenie_properties_d_i_d` (`object_Id`, `type`, `value`)
VALUES (2000297,   1,   33554433) /* Setup */
     , (2000297,   2,  150994945) /* MotionTable */
     , (2000297,   3,  536870913) /* SoundTable */
     , (2000297,   4,  805306368) /* CombatTable */
     , (2000297,   6,   67108990) /* PaletteBase */
     , (2000297,   8,  100667446) /* Icon */
     , (2000297,   9,   83890437) /* EyesTexture */
     , (2000297,  10,   83890521) /* NoseTexture */
     , (2000297,  11,   83890627) /* MouthTexture */
     , (2000297,  15,   67116978) /* HairPalette */
     , (2000297,  16,   67109564) /* EyesPalette */
     , (2000297,  17,   67109558) /* SkinPalette */;

INSERT INTO `weenie_properties_attribute` (`object_Id`, `type`, `init_Level`, `level_From_C_P`, `c_P_Spent`)
VALUES (2000297,   1, 110, 0, 0) /* Strength */
     , (2000297,   2, 120, 0, 0) /* Endurance */
     , (2000297,   3, 120, 0, 0) /* Quickness */
     , (2000297,   4, 120, 0, 0) /* Coordination */
     , (2000297,   5, 100, 0, 0) /* Focus */
     , (2000297,   6, 100, 0, 0) /* Self */;

INSERT INTO `weenie_properties_attribute_2nd` (`object_Id`, `type`, `init_Level`, `level_From_C_P`, `c_P_Spent`, `current_Level`)
VALUES (2000297,   1,     0, 0, 0, 60) /* MaxHealth */
     , (2000297,   3,     0, 0, 0, 120) /* MaxStamina */
     , (2000297,   5,     0, 0, 0, 100) /* MaxMana */;

INSERT INTO `weenie_properties_skill` (`object_Id`, `type`, `level_From_P_P`, `s_a_c`, `p_p`, `init_Level`, `resistance_At_Last_Check`, `last_Used_Time`)
VALUES (2000297,  6, 0, 2, 0,   1, 0, 0) /* MeleeDefense        Trained */
     , (2000297,  7, 0, 2, 0,   1, 0, 0) /* MissileDefense      Trained */
     , (2000297, 13, 0, 2, 0,   1, 0, 0) /* UnarmedCombat       Trained */;

INSERT INTO `weenie_properties_body_part` (`object_Id`, `key`, `d_Type`, `d_Val`, `d_Var`, `base_Armor`, `armor_Vs_Slash`, `armor_Vs_Pierce`, `armor_Vs_Bludgeon`, `armor_Vs_Cold`, `armor_Vs_Fire`, `armor_Vs_Acid`, `armor_Vs_Electric`, `armor_Vs_Nether`, `b_h`, `h_l_f`, `m_l_f`, `l_l_f`, `h_r_f`, `m_r_f`, `l_r_f`, `h_l_b`, `m_l_b`, `l_l_b`, `h_r_b`, `m_r_b`, `l_r_b`)
VALUES (2000297,  0,  4,  0,    0,    0,    0,    0,    0,    0,    0,    0,    0,    0, 1, 0.33,    0,    0, 0.33,    0,    0, 0.33,    0,    0, 0.33,    0,    0) /* Head */
     , (2000297,  1,  4,  0,    0,    0,    0,    0,    0,    0,    0,    0,    0,    0, 2, 0.44, 0.17,    0, 0.44, 0.17,    0, 0.44, 0.17,    0, 0.44, 0.17,    0) /* Chest */
     , (2000297,  2,  4,  0,    0,    0,    0,    0,    0,    0,    0,    0,    0,    0, 3,    0, 0.17,    0,    0, 0.17,    0,    0, 0.17,    0,    0, 0.17,    0) /* Abdomen */
     , (2000297,  3,  4,  0,    0,    0,    0,    0,    0,    0,    0,    0,    0,    0, 1, 0.23, 0.03,    0, 0.23, 0.03,    0, 0.23, 0.03,    0, 0.23, 0.03,    0) /* UpperArm */
     , (2000297,  4,  4,  0,    0,    0,    0,    0,    0,    0,    0,    0,    0,    0, 2,    0,  0.3,    0,    0,  0.3,    0,    0,  0.3,    0,    0,  0.3,    0) /* LowerArm */
     , (2000297,  5,  4,  2, 0.75,    0,    0,    0,    0,    0,    0,    0,    0,    0, 2,    0,  0.2,    0,    0,  0.2,    0,    0,  0.2,    0,    0,  0.2,    0) /* Hand */
     , (2000297,  6,  4,  0,    0,    0,    0,    0,    0,    0,    0,    0,    0,    0, 3,    0, 0.13, 0.18,    0, 0.13, 0.18,    0, 0.13, 0.18,    0, 0.13, 0.18) /* UpperLeg */
     , (2000297,  7,  4,  0,    0,    0,    0,    0,    0,    0,    0,    0,    0,    0, 3,    0,    0,  0.6,    0,    0,  0.6,    0,    0,  0.6,    0,    0,  0.6) /* LowerLeg */
     , (2000297,  8,  4,  2, 0.75,    0,    0,    0,    0,    0,    0,    0,    0,    0, 3,    0,    0, 0.22,    0,    0, 0.22,    0,    0, 0.22,    0,    0, 0.22) /* Foot */;

INSERT INTO `weenie_properties_emote` (`object_Id`, `category`, `probability`, `weenie_Class_Id`, `style`, `substyle`, `quest`, `vendor_Type`, `min_Health`, `max_Health`)
VALUES (2000297,  7 /* Use */,      1, NULL, NULL, NULL, NULL, NULL, NULL, NULL);

SET @parent_id = LAST_INSERT_ID();

INSERT INTO `weenie_properties_emote_action` (`emote_Id`, `order`, `type`, `delay`, `extent`, `motion`, `message`, `test_String`, `min`, `max`, `min_64`, `max_64`, `min_Dbl`, `max_Dbl`, `stat`, `display`, `amount`, `amount_64`, `hero_X_P_64`, `percent`, `spell_Id`, `wealth_Rating`, `treasure_Class`, `treasure_Type`, `p_Script`, `sound`, `destination_Type`, `weenie_Class_Id`, `stack_Size`, `palette`, `shade`, `try_To_Bond`, `obj_Cell_Id`, `origin_X`, `origin_Y`, `origin_Z`, `angles_W`, `angles_X`, `angles_Y`, `angles_Z`)
VALUES (@parent_id,  0,  10 /* Tell */, 1.5, 1, NULL, 'Fine weather out here my friend!', NULL, NULL, NULL, NULL, NULL, NULL, NULL, NULL, NULL, NULL, NULL, NULL, NULL, NULL, NULL, NULL, NULL, NULL, NULL, NULL, NULL, NULL, NULL, NULL, NULL, NULL, NULL, NULL, NULL, NULL, NULL, NULL, NULL);

INSERT INTO `weenie_properties_create_list` (`object_Id`, `destination_Type`, `weenie_Class_Id`, `stack_Size`, `palette`, `shade`, `try_To_Bond`)
VALUES (2000297, 2,  2588,  0, 87, 1, False) /* Create Shirt (2588) for Wield */
     , (2000297, 2,  2597,  0, 5, 1, False) /* Create Pants (2597) for Wield */;

DELETE FROM `weenie` WHERE `class_Id` = 2000298;

INSERT INTO `weenie` (`class_Id`, `class_Name`, `type`, `last_Modified`)
VALUES (2000298, 'ace2000298-townfolk', 10, '2019-09-24 03:42:34') /* Creature */;

INSERT INTO `weenie_properties_int` (`object_Id`, `type`, `value`)
VALUES (2000298,   1,         16) /* ItemType - Creature */
     , (2000298,   2,         31) /* CreatureType - Human */
     , (2000298,   6,         -1) /* ItemsCapacity */
     , (2000298,   7,         -1) /* ContainersCapacity */
     , (2000298,   8,        120) /* Mass */
     , (2000298,  16,         32) /* ItemUseable - Remote */
     , (2000298,  25,         15) /* Level */
     , (2000298,  27,          0) /* ArmorType - None */
     , (2000298,  93,    6292504) /* PhysicsState - ReportCollisions, IgnoreCollisions, Gravity, ReportCollisionsAsEnvironment, EdgeSlide */
     , (2000298,  95,          8) /* RadarBlipColor - Yellow */
     , (2000298, 113,          1) /* Gender - Male */
     , (2000298, 133,          4) /* ShowableOnRadar - ShowAlways */
     , (2000298, 134,         16) /* PlayerKillerStatus - RubberGlue */
     , (2000298, 146,        293) /* XpOverride */
     , (2000298, 188,          1) /* HeritageGroup - Aluvian */;

INSERT INTO `weenie_properties_bool` (`object_Id`, `type`, `value`)
VALUES (2000298,   1, True ) /* Stuck */
     , (2000298,   8, True ) /* AllowGive */
     , (2000298,  11, True ) /* IgnoreCollisions */
     , (2000298,  12, True ) /* ReportCollisions */
     , (2000298,  13, False) /* Ethereal */
     , (2000298,  14, True ) /* GravityStatus */
     , (2000298,  19, False) /* Attackable */
     , (2000298,  29, True ) /* NoCorpse */
     , (2000298,  41, True ) /* ReportCollisionsAsEnvironment */
     , (2000298,  42, True ) /* AllowEdgeSlide */
     , (2000298,  52, True ) /* AiImmobile */
     , (2000298,  79, True ) /* AiAcceptEverything */;

INSERT INTO `weenie_properties_float` (`object_Id`, `type`, `value`)
VALUES (2000298,   1,       5) /* HeartbeatInterval */
     , (2000298,   2,       0) /* HeartbeatTimestamp */
     , (2000298,   3, 0.159999996423721) /* HealthRate */
     , (2000298,   4,       5) /* StaminaRate */
     , (2000298,   5,       1) /* ManaRate */
     , (2000298,  13, 0.899999976158142) /* ArmorModVsSlash */
     , (2000298,  14,       1) /* ArmorModVsPierce */
     , (2000298,  15, 1.10000002384186) /* ArmorModVsBludgeon */
     , (2000298,  16, 0.400000005960464) /* ArmorModVsCold */
     , (2000298,  17, 0.400000005960464) /* ArmorModVsFire */
     , (2000298,  18,       1) /* ArmorModVsAcid */
     , (2000298,  19, 0.600000023841858) /* ArmorModVsElectric */
     , (2000298,  54,       3) /* UseRadius */
     , (2000298,  64,       1) /* ResistSlash */
     , (2000298,  65,       1) /* ResistPierce */
     , (2000298,  66,       1) /* ResistBludgeon */
     , (2000298,  67,       1) /* ResistFire */
     , (2000298,  68,       1) /* ResistCold */
     , (2000298,  69,       1) /* ResistAcid */
     , (2000298,  70,       1) /* ResistElectric */
     , (2000298,  71,       1) /* ResistHealthBoost */
     , (2000298,  72,       1) /* ResistStaminaDrain */
     , (2000298,  73,       1) /* ResistStaminaBoost */
     , (2000298,  74,       1) /* ResistManaDrain */
     , (2000298,  75,       1) /* ResistManaBoost */
     , (2000298, 104,      10) /* ObviousRadarRange */
     , (2000298, 125,       1) /* ResistHealthDrain */;

INSERT INTO `weenie_properties_string` (`object_Id`, `type`, `value`)
VALUES (2000298,   1, 'Townfolk') /* Name */
     , (2000298,   3, 'Male') /* Sex */
     , (2000298,   4, 'Aluvian') /* HeritageGroup */;

INSERT INTO `weenie_properties_d_i_d` (`object_Id`, `type`, `value`)
VALUES (2000298,   1,   33554433) /* Setup */
     , (2000298,   2,  150994945) /* MotionTable */
     , (2000298,   3,  536870913) /* SoundTable */
     , (2000298,   4,  805306368) /* CombatTable */
     , (2000298,   6,   67108990) /* PaletteBase */
     , (2000298,   8,  100667446) /* Icon */
     , (2000298,   9,   83890437) /* EyesTexture */
     , (2000298,  10,   83890521) /* NoseTexture */
     , (2000298,  11,   83890627) /* MouthTexture */
     , (2000298,  15,   67116978) /* HairPalette */
     , (2000298,  16,   67109564) /* EyesPalette */
     , (2000298,  17,   67109558) /* SkinPalette */;

INSERT INTO `weenie_properties_attribute` (`object_Id`, `type`, `init_Level`, `level_From_C_P`, `c_P_Spent`)
VALUES (2000298,   1, 110, 0, 0) /* Strength */
     , (2000298,   2, 120, 0, 0) /* Endurance */
     , (2000298,   3, 120, 0, 0) /* Quickness */
     , (2000298,   4, 120, 0, 0) /* Coordination */
     , (2000298,   5, 100, 0, 0) /* Focus */
     , (2000298,   6, 100, 0, 0) /* Self */;

INSERT INTO `weenie_properties_attribute_2nd` (`object_Id`, `type`, `init_Level`, `level_From_C_P`, `c_P_Spent`, `current_Level`)
VALUES (2000298,   1,     0, 0, 0, 60) /* MaxHealth */
     , (2000298,   3,     0, 0, 0, 120) /* MaxStamina */
     , (2000298,   5,     0, 0, 0, 100) /* MaxMana */;

INSERT INTO `weenie_properties_skill` (`object_Id`, `type`, `level_From_P_P`, `s_a_c`, `p_p`, `init_Level`, `resistance_At_Last_Check`, `last_Used_Time`)
VALUES (2000298,  6, 0, 2, 0,   1, 0, 0) /* MeleeDefense        Trained */
     , (2000298,  7, 0, 2, 0,   1, 0, 0) /* MissileDefense      Trained */
     , (2000298, 13, 0, 2, 0,   1, 0, 0) /* UnarmedCombat       Trained */;

INSERT INTO `weenie_properties_body_part` (`object_Id`, `key`, `d_Type`, `d_Val`, `d_Var`, `base_Armor`, `armor_Vs_Slash`, `armor_Vs_Pierce`, `armor_Vs_Bludgeon`, `armor_Vs_Cold`, `armor_Vs_Fire`, `armor_Vs_Acid`, `armor_Vs_Electric`, `armor_Vs_Nether`, `b_h`, `h_l_f`, `m_l_f`, `l_l_f`, `h_r_f`, `m_r_f`, `l_r_f`, `h_l_b`, `m_l_b`, `l_l_b`, `h_r_b`, `m_r_b`, `l_r_b`)
VALUES (2000298,  0,  4,  0,    0,    0,    0,    0,    0,    0,    0,    0,    0,    0, 1, 0.33,    0,    0, 0.33,    0,    0, 0.33,    0,    0, 0.33,    0,    0) /* Head */
     , (2000298,  1,  4,  0,    0,    0,    0,    0,    0,    0,    0,    0,    0,    0, 2, 0.44, 0.17,    0, 0.44, 0.17,    0, 0.44, 0.17,    0, 0.44, 0.17,    0) /* Chest */
     , (2000298,  2,  4,  0,    0,    0,    0,    0,    0,    0,    0,    0,    0,    0, 3,    0, 0.17,    0,    0, 0.17,    0,    0, 0.17,    0,    0, 0.17,    0) /* Abdomen */
     , (2000298,  3,  4,  0,    0,    0,    0,    0,    0,    0,    0,    0,    0,    0, 1, 0.23, 0.03,    0, 0.23, 0.03,    0, 0.23, 0.03,    0, 0.23, 0.03,    0) /* UpperArm */
     , (2000298,  4,  4,  0,    0,    0,    0,    0,    0,    0,    0,    0,    0,    0, 2,    0,  0.3,    0,    0,  0.3,    0,    0,  0.3,    0,    0,  0.3,    0) /* LowerArm */
     , (2000298,  5,  4,  2, 0.75,    0,    0,    0,    0,    0,    0,    0,    0,    0, 2,    0,  0.2,    0,    0,  0.2,    0,    0,  0.2,    0,    0,  0.2,    0) /* Hand */
     , (2000298,  6,  4,  0,    0,    0,    0,    0,    0,    0,    0,    0,    0,    0, 3,    0, 0.13, 0.18,    0, 0.13, 0.18,    0, 0.13, 0.18,    0, 0.13, 0.18) /* UpperLeg */
     , (2000298,  7,  4,  0,    0,    0,    0,    0,    0,    0,    0,    0,    0,    0, 3,    0,    0,  0.6,    0,    0,  0.6,    0,    0,  0.6,    0,    0,  0.6) /* LowerLeg */
     , (2000298,  8,  4,  2, 0.75,    0,    0,    0,    0,    0,    0,    0,    0,    0, 3,    0,    0, 0.22,    0,    0, 0.22,    0,    0, 0.22,    0,    0, 0.22) /* Foot */;

INSERT INTO `weenie_properties_emote` (`object_Id`, `category`, `probability`, `weenie_Class_Id`, `style`, `substyle`, `quest`, `vendor_Type`, `min_Health`, `max_Health`)
VALUES (2000298,  7 /* Use */,      1, NULL, NULL, NULL, NULL, NULL, NULL, NULL);

SET @parent_id = LAST_INSERT_ID();

INSERT INTO `weenie_properties_emote_action` (`emote_Id`, `order`, `type`, `delay`, `extent`, `motion`, `message`, `test_String`, `min`, `max`, `min_64`, `max_64`, `min_Dbl`, `max_Dbl`, `stat`, `display`, `amount`, `amount_64`, `hero_X_P_64`, `percent`, `spell_Id`, `wealth_Rating`, `treasure_Class`, `treasure_Type`, `p_Script`, `sound`, `destination_Type`, `weenie_Class_Id`, `stack_Size`, `palette`, `shade`, `try_To_Bond`, `obj_Cell_Id`, `origin_X`, `origin_Y`, `origin_Z`, `angles_W`, `angles_X`, `angles_Y`, `angles_Z`)
VALUES (@parent_id,  0,  10 /* Tell */, 1.5, 1, NULL, 'I can''t believe we are allies with those dirty lugians, did we learn nothing from attacking their citadels? we should crush them.', NULL, NULL, NULL, NULL, NULL, NULL, NULL, NULL, NULL, NULL, NULL, NULL, NULL, NULL, NULL, NULL, NULL, NULL, NULL, NULL, NULL, NULL, NULL, NULL, NULL, NULL, NULL, NULL, NULL, NULL, NULL, NULL, NULL);

INSERT INTO `weenie_properties_create_list` (`object_Id`, `destination_Type`, `weenie_Class_Id`, `stack_Size`, `palette`, `shade`, `try_To_Bond`)
VALUES (2000298, 2, 26452,  0, 86, 1, False) /* Create Bathrobe (26452) for Wield */
     , (2000298, 2,  2597,  0, 5, 1, False) /* Create Pants (2597) for Wield */;

DELETE FROM `weenie` WHERE `class_Id` = 2000299;

INSERT INTO `weenie` (`class_Id`, `class_Name`, `type`, `last_Modified`)
VALUES (2000299, 'ace2000299-townfolk', 10, '2019-09-24 03:42:36') /* Creature */;

INSERT INTO `weenie_properties_int` (`object_Id`, `type`, `value`)
VALUES (2000299,   1,         16) /* ItemType - Creature */
     , (2000299,   2,         31) /* CreatureType - Human */
     , (2000299,   6,         -1) /* ItemsCapacity */
     , (2000299,   7,         -1) /* ContainersCapacity */
     , (2000299,   8,        120) /* Mass */
     , (2000299,  16,         32) /* ItemUseable - Remote */
     , (2000299,  25,         15) /* Level */
     , (2000299,  27,          0) /* ArmorType - None */
     , (2000299,  93,    6292504) /* PhysicsState - ReportCollisions, IgnoreCollisions, Gravity, ReportCollisionsAsEnvironment, EdgeSlide */
     , (2000299,  95,          8) /* RadarBlipColor - Yellow */
     , (2000299, 113,          1) /* Gender - Male */
     , (2000299, 133,          4) /* ShowableOnRadar - ShowAlways */
     , (2000299, 134,         16) /* PlayerKillerStatus - RubberGlue */
     , (2000299, 146,        293) /* XpOverride */
     , (2000299, 188,          1) /* HeritageGroup - Aluvian */;

INSERT INTO `weenie_properties_bool` (`object_Id`, `type`, `value`)
VALUES (2000299,   1, True ) /* Stuck */
     , (2000299,   8, True ) /* AllowGive */
     , (2000299,  11, True ) /* IgnoreCollisions */
     , (2000299,  12, True ) /* ReportCollisions */
     , (2000299,  13, False) /* Ethereal */
     , (2000299,  14, True ) /* GravityStatus */
     , (2000299,  19, False) /* Attackable */
     , (2000299,  29, True ) /* NoCorpse */
     , (2000299,  41, True ) /* ReportCollisionsAsEnvironment */
     , (2000299,  42, True ) /* AllowEdgeSlide */
     , (2000299,  52, True ) /* AiImmobile */
     , (2000299,  79, True ) /* AiAcceptEverything */;

INSERT INTO `weenie_properties_float` (`object_Id`, `type`, `value`)
VALUES (2000299,   1,       5) /* HeartbeatInterval */
     , (2000299,   2,       0) /* HeartbeatTimestamp */
     , (2000299,   3, 0.159999996423721) /* HealthRate */
     , (2000299,   4,       5) /* StaminaRate */
     , (2000299,   5,       1) /* ManaRate */
     , (2000299,  13, 0.899999976158142) /* ArmorModVsSlash */
     , (2000299,  14,       1) /* ArmorModVsPierce */
     , (2000299,  15, 1.10000002384186) /* ArmorModVsBludgeon */
     , (2000299,  16, 0.400000005960464) /* ArmorModVsCold */
     , (2000299,  17, 0.400000005960464) /* ArmorModVsFire */
     , (2000299,  18,       1) /* ArmorModVsAcid */
     , (2000299,  19, 0.600000023841858) /* ArmorModVsElectric */
     , (2000299,  54,       3) /* UseRadius */
     , (2000299,  64,       1) /* ResistSlash */
     , (2000299,  65,       1) /* ResistPierce */
     , (2000299,  66,       1) /* ResistBludgeon */
     , (2000299,  67,       1) /* ResistFire */
     , (2000299,  68,       1) /* ResistCold */
     , (2000299,  69,       1) /* ResistAcid */
     , (2000299,  70,       1) /* ResistElectric */
     , (2000299,  71,       1) /* ResistHealthBoost */
     , (2000299,  72,       1) /* ResistStaminaDrain */
     , (2000299,  73,       1) /* ResistStaminaBoost */
     , (2000299,  74,       1) /* ResistManaDrain */
     , (2000299,  75,       1) /* ResistManaBoost */
     , (2000299, 104,      10) /* ObviousRadarRange */
     , (2000299, 125,       1) /* ResistHealthDrain */;

INSERT INTO `weenie_properties_string` (`object_Id`, `type`, `value`)
VALUES (2000299,   1, 'Townfolk') /* Name */
     , (2000299,   3, 'Male') /* Sex */
     , (2000299,   4, 'Aluvian') /* HeritageGroup */;

INSERT INTO `weenie_properties_d_i_d` (`object_Id`, `type`, `value`)
VALUES (2000299,   1,   33554433) /* Setup */
     , (2000299,   2,  150994945) /* MotionTable */
     , (2000299,   3,  536870913) /* SoundTable */
     , (2000299,   4,  805306368) /* CombatTable */
     , (2000299,   6,   67108990) /* PaletteBase */
     , (2000299,   8,  100667446) /* Icon */
     , (2000299,   9,   83890437) /* EyesTexture */
     , (2000299,  10,   83890521) /* NoseTexture */
     , (2000299,  11,   83890627) /* MouthTexture */
     , (2000299,  15,   67116978) /* HairPalette */
     , (2000299,  16,   67109564) /* EyesPalette */
     , (2000299,  17,   67109558) /* SkinPalette */;

INSERT INTO `weenie_properties_attribute` (`object_Id`, `type`, `init_Level`, `level_From_C_P`, `c_P_Spent`)
VALUES (2000299,   1, 110, 0, 0) /* Strength */
     , (2000299,   2, 120, 0, 0) /* Endurance */
     , (2000299,   3, 120, 0, 0) /* Quickness */
     , (2000299,   4, 120, 0, 0) /* Coordination */
     , (2000299,   5, 100, 0, 0) /* Focus */
     , (2000299,   6, 100, 0, 0) /* Self */;

INSERT INTO `weenie_properties_attribute_2nd` (`object_Id`, `type`, `init_Level`, `level_From_C_P`, `c_P_Spent`, `current_Level`)
VALUES (2000299,   1,     0, 0, 0, 60) /* MaxHealth */
     , (2000299,   3,     0, 0, 0, 120) /* MaxStamina */
     , (2000299,   5,     0, 0, 0, 100) /* MaxMana */;

INSERT INTO `weenie_properties_skill` (`object_Id`, `type`, `level_From_P_P`, `s_a_c`, `p_p`, `init_Level`, `resistance_At_Last_Check`, `last_Used_Time`)
VALUES (2000299,  6, 0, 2, 0,   1, 0, 0) /* MeleeDefense        Trained */
     , (2000299,  7, 0, 2, 0,   1, 0, 0) /* MissileDefense      Trained */
     , (2000299, 13, 0, 2, 0,   1, 0, 0) /* UnarmedCombat       Trained */;

INSERT INTO `weenie_properties_body_part` (`object_Id`, `key`, `d_Type`, `d_Val`, `d_Var`, `base_Armor`, `armor_Vs_Slash`, `armor_Vs_Pierce`, `armor_Vs_Bludgeon`, `armor_Vs_Cold`, `armor_Vs_Fire`, `armor_Vs_Acid`, `armor_Vs_Electric`, `armor_Vs_Nether`, `b_h`, `h_l_f`, `m_l_f`, `l_l_f`, `h_r_f`, `m_r_f`, `l_r_f`, `h_l_b`, `m_l_b`, `l_l_b`, `h_r_b`, `m_r_b`, `l_r_b`)
VALUES (2000299,  0,  4,  0,    0,    0,    0,    0,    0,    0,    0,    0,    0,    0, 1, 0.33,    0,    0, 0.33,    0,    0, 0.33,    0,    0, 0.33,    0,    0) /* Head */
     , (2000299,  1,  4,  0,    0,    0,    0,    0,    0,    0,    0,    0,    0,    0, 2, 0.44, 0.17,    0, 0.44, 0.17,    0, 0.44, 0.17,    0, 0.44, 0.17,    0) /* Chest */
     , (2000299,  2,  4,  0,    0,    0,    0,    0,    0,    0,    0,    0,    0,    0, 3,    0, 0.17,    0,    0, 0.17,    0,    0, 0.17,    0,    0, 0.17,    0) /* Abdomen */
     , (2000299,  3,  4,  0,    0,    0,    0,    0,    0,    0,    0,    0,    0,    0, 1, 0.23, 0.03,    0, 0.23, 0.03,    0, 0.23, 0.03,    0, 0.23, 0.03,    0) /* UpperArm */
     , (2000299,  4,  4,  0,    0,    0,    0,    0,    0,    0,    0,    0,    0,    0, 2,    0,  0.3,    0,    0,  0.3,    0,    0,  0.3,    0,    0,  0.3,    0) /* LowerArm */
     , (2000299,  5,  4,  2, 0.75,    0,    0,    0,    0,    0,    0,    0,    0,    0, 2,    0,  0.2,    0,    0,  0.2,    0,    0,  0.2,    0,    0,  0.2,    0) /* Hand */
     , (2000299,  6,  4,  0,    0,    0,    0,    0,    0,    0,    0,    0,    0,    0, 3,    0, 0.13, 0.18,    0, 0.13, 0.18,    0, 0.13, 0.18,    0, 0.13, 0.18) /* UpperLeg */
     , (2000299,  7,  4,  0,    0,    0,    0,    0,    0,    0,    0,    0,    0,    0, 3,    0,    0,  0.6,    0,    0,  0.6,    0,    0,  0.6,    0,    0,  0.6) /* LowerLeg */
     , (2000299,  8,  4,  2, 0.75,    0,    0,    0,    0,    0,    0,    0,    0,    0, 3,    0,    0, 0.22,    0,    0, 0.22,    0,    0, 0.22,    0,    0, 0.22) /* Foot */;

INSERT INTO `weenie_properties_emote` (`object_Id`, `category`, `probability`, `weenie_Class_Id`, `style`, `substyle`, `quest`, `vendor_Type`, `min_Health`, `max_Health`)
VALUES (2000299,  7 /* Use */,      1, NULL, NULL, NULL, NULL, NULL, NULL, NULL);

SET @parent_id = LAST_INSERT_ID();

INSERT INTO `weenie_properties_emote_action` (`emote_Id`, `order`, `type`, `delay`, `extent`, `motion`, `message`, `test_String`, `min`, `max`, `min_64`, `max_64`, `min_Dbl`, `max_Dbl`, `stat`, `display`, `amount`, `amount_64`, `hero_X_P_64`, `percent`, `spell_Id`, `wealth_Rating`, `treasure_Class`, `treasure_Type`, `p_Script`, `sound`, `destination_Type`, `weenie_Class_Id`, `stack_Size`, `palette`, `shade`, `try_To_Bond`, `obj_Cell_Id`, `origin_X`, `origin_Y`, `origin_Z`, `angles_W`, `angles_X`, `angles_Y`, `angles_Z`)
VALUES (@parent_id,  0,  10 /* Tell */, 1.5, 1, NULL, 'Welcome to our town stranger, we are mostly friendly hehe.', NULL, NULL, NULL, NULL, NULL, NULL, NULL, NULL, NULL, NULL, NULL, NULL, NULL, NULL, NULL, NULL, NULL, NULL, NULL, NULL, NULL, NULL, NULL, NULL, NULL, NULL, NULL, NULL, NULL, NULL, NULL, NULL, NULL);

INSERT INTO `weenie_properties_create_list` (`object_Id`, `destination_Type`, `weenie_Class_Id`, `stack_Size`, `palette`, `shade`, `try_To_Bond`)
VALUES (2000299, 2,  2588,  0, 91, 1, False) /* Create Shirt (2588) for Wield */
     , (2000299, 2,  2597,  0, 86, 1, False) /* Create Pants (2597) for Wield */;

DELETE FROM `weenie` WHERE `class_Id` = 2000300;

INSERT INTO `weenie` (`class_Id`, `class_Name`, `type`, `last_Modified`)
VALUES (2000300, 'ace2000300-townfolk', 10, '2019-09-24 03:42:37') /* Creature */;

INSERT INTO `weenie_properties_int` (`object_Id`, `type`, `value`)
VALUES (2000300,   1,         16) /* ItemType - Creature */
     , (2000300,   2,         31) /* CreatureType - Human */
     , (2000300,   6,         -1) /* ItemsCapacity */
     , (2000300,   7,         -1) /* ContainersCapacity */
     , (2000300,   8,        120) /* Mass */
     , (2000300,  16,         32) /* ItemUseable - Remote */
     , (2000300,  25,         15) /* Level */
     , (2000300,  27,          0) /* ArmorType - None */
     , (2000300,  93,    6292504) /* PhysicsState - ReportCollisions, IgnoreCollisions, Gravity, ReportCollisionsAsEnvironment, EdgeSlide */
     , (2000300,  95,          8) /* RadarBlipColor - Yellow */
     , (2000300, 113,          1) /* Gender - Male */
     , (2000300, 133,          4) /* ShowableOnRadar - ShowAlways */
     , (2000300, 134,         16) /* PlayerKillerStatus - RubberGlue */
     , (2000300, 146,        293) /* XpOverride */
     , (2000300, 188,          1) /* HeritageGroup - Aluvian */;

INSERT INTO `weenie_properties_bool` (`object_Id`, `type`, `value`)
VALUES (2000300,   1, True ) /* Stuck */
     , (2000300,   8, True ) /* AllowGive */
     , (2000300,  11, True ) /* IgnoreCollisions */
     , (2000300,  12, True ) /* ReportCollisions */
     , (2000300,  13, False) /* Ethereal */
     , (2000300,  14, True ) /* GravityStatus */
     , (2000300,  19, False) /* Attackable */
     , (2000300,  29, True ) /* NoCorpse */
     , (2000300,  41, True ) /* ReportCollisionsAsEnvironment */
     , (2000300,  42, True ) /* AllowEdgeSlide */
     , (2000300,  52, True ) /* AiImmobile */
     , (2000300,  79, True ) /* AiAcceptEverything */;

INSERT INTO `weenie_properties_float` (`object_Id`, `type`, `value`)
VALUES (2000300,   1,       5) /* HeartbeatInterval */
     , (2000300,   2,       0) /* HeartbeatTimestamp */
     , (2000300,   3, 0.159999996423721) /* HealthRate */
     , (2000300,   4,       5) /* StaminaRate */
     , (2000300,   5,       1) /* ManaRate */
     , (2000300,  13, 0.899999976158142) /* ArmorModVsSlash */
     , (2000300,  14,       1) /* ArmorModVsPierce */
     , (2000300,  15, 1.10000002384186) /* ArmorModVsBludgeon */
     , (2000300,  16, 0.400000005960464) /* ArmorModVsCold */
     , (2000300,  17, 0.400000005960464) /* ArmorModVsFire */
     , (2000300,  18,       1) /* ArmorModVsAcid */
     , (2000300,  19, 0.600000023841858) /* ArmorModVsElectric */
     , (2000300,  54,       3) /* UseRadius */
     , (2000300,  64,       1) /* ResistSlash */
     , (2000300,  65,       1) /* ResistPierce */
     , (2000300,  66,       1) /* ResistBludgeon */
     , (2000300,  67,       1) /* ResistFire */
     , (2000300,  68,       1) /* ResistCold */
     , (2000300,  69,       1) /* ResistAcid */
     , (2000300,  70,       1) /* ResistElectric */
     , (2000300,  71,       1) /* ResistHealthBoost */
     , (2000300,  72,       1) /* ResistStaminaDrain */
     , (2000300,  73,       1) /* ResistStaminaBoost */
     , (2000300,  74,       1) /* ResistManaDrain */
     , (2000300,  75,       1) /* ResistManaBoost */
     , (2000300, 104,      10) /* ObviousRadarRange */
     , (2000300, 125,       1) /* ResistHealthDrain */;

INSERT INTO `weenie_properties_string` (`object_Id`, `type`, `value`)
VALUES (2000300,   1, 'Townfolk') /* Name */
     , (2000300,   3, 'Male') /* Sex */
     , (2000300,   4, 'Aluvian') /* HeritageGroup */;

INSERT INTO `weenie_properties_d_i_d` (`object_Id`, `type`, `value`)
VALUES (2000300,   1,   33554433) /* Setup */
     , (2000300,   2,  150994945) /* MotionTable */
     , (2000300,   3,  536870913) /* SoundTable */
     , (2000300,   4,  805306368) /* CombatTable */
     , (2000300,   6,   67108990) /* PaletteBase */
     , (2000300,   8,  100667446) /* Icon */
     , (2000300,   9,   83890437) /* EyesTexture */
     , (2000300,  10,   83890521) /* NoseTexture */
     , (2000300,  11,   83890627) /* MouthTexture */
     , (2000300,  15,   67116978) /* HairPalette */
     , (2000300,  16,   67109564) /* EyesPalette */
     , (2000300,  17,   67109558) /* SkinPalette */;

INSERT INTO `weenie_properties_attribute` (`object_Id`, `type`, `init_Level`, `level_From_C_P`, `c_P_Spent`)
VALUES (2000300,   1, 110, 0, 0) /* Strength */
     , (2000300,   2, 120, 0, 0) /* Endurance */
     , (2000300,   3, 120, 0, 0) /* Quickness */
     , (2000300,   4, 120, 0, 0) /* Coordination */
     , (2000300,   5, 100, 0, 0) /* Focus */
     , (2000300,   6, 100, 0, 0) /* Self */;

INSERT INTO `weenie_properties_attribute_2nd` (`object_Id`, `type`, `init_Level`, `level_From_C_P`, `c_P_Spent`, `current_Level`)
VALUES (2000300,   1,     0, 0, 0, 60) /* MaxHealth */
     , (2000300,   3,     0, 0, 0, 120) /* MaxStamina */
     , (2000300,   5,     0, 0, 0, 100) /* MaxMana */;

INSERT INTO `weenie_properties_skill` (`object_Id`, `type`, `level_From_P_P`, `s_a_c`, `p_p`, `init_Level`, `resistance_At_Last_Check`, `last_Used_Time`)
VALUES (2000300,  6, 0, 2, 0,   1, 0, 0) /* MeleeDefense        Trained */
     , (2000300,  7, 0, 2, 0,   1, 0, 0) /* MissileDefense      Trained */
     , (2000300, 13, 0, 2, 0,   1, 0, 0) /* UnarmedCombat       Trained */;

INSERT INTO `weenie_properties_body_part` (`object_Id`, `key`, `d_Type`, `d_Val`, `d_Var`, `base_Armor`, `armor_Vs_Slash`, `armor_Vs_Pierce`, `armor_Vs_Bludgeon`, `armor_Vs_Cold`, `armor_Vs_Fire`, `armor_Vs_Acid`, `armor_Vs_Electric`, `armor_Vs_Nether`, `b_h`, `h_l_f`, `m_l_f`, `l_l_f`, `h_r_f`, `m_r_f`, `l_r_f`, `h_l_b`, `m_l_b`, `l_l_b`, `h_r_b`, `m_r_b`, `l_r_b`)
VALUES (2000300,  0,  4,  0,    0,    0,    0,    0,    0,    0,    0,    0,    0,    0, 1, 0.33,    0,    0, 0.33,    0,    0, 0.33,    0,    0, 0.33,    0,    0) /* Head */
     , (2000300,  1,  4,  0,    0,    0,    0,    0,    0,    0,    0,    0,    0,    0, 2, 0.44, 0.17,    0, 0.44, 0.17,    0, 0.44, 0.17,    0, 0.44, 0.17,    0) /* Chest */
     , (2000300,  2,  4,  0,    0,    0,    0,    0,    0,    0,    0,    0,    0,    0, 3,    0, 0.17,    0,    0, 0.17,    0,    0, 0.17,    0,    0, 0.17,    0) /* Abdomen */
     , (2000300,  3,  4,  0,    0,    0,    0,    0,    0,    0,    0,    0,    0,    0, 1, 0.23, 0.03,    0, 0.23, 0.03,    0, 0.23, 0.03,    0, 0.23, 0.03,    0) /* UpperArm */
     , (2000300,  4,  4,  0,    0,    0,    0,    0,    0,    0,    0,    0,    0,    0, 2,    0,  0.3,    0,    0,  0.3,    0,    0,  0.3,    0,    0,  0.3,    0) /* LowerArm */
     , (2000300,  5,  4,  2, 0.75,    0,    0,    0,    0,    0,    0,    0,    0,    0, 2,    0,  0.2,    0,    0,  0.2,    0,    0,  0.2,    0,    0,  0.2,    0) /* Hand */
     , (2000300,  6,  4,  0,    0,    0,    0,    0,    0,    0,    0,    0,    0,    0, 3,    0, 0.13, 0.18,    0, 0.13, 0.18,    0, 0.13, 0.18,    0, 0.13, 0.18) /* UpperLeg */
     , (2000300,  7,  4,  0,    0,    0,    0,    0,    0,    0,    0,    0,    0,    0, 3,    0,    0,  0.6,    0,    0,  0.6,    0,    0,  0.6,    0,    0,  0.6) /* LowerLeg */
     , (2000300,  8,  4,  2, 0.75,    0,    0,    0,    0,    0,    0,    0,    0,    0, 3,    0,    0, 0.22,    0,    0, 0.22,    0,    0, 0.22,    0,    0, 0.22) /* Foot */;

INSERT INTO `weenie_properties_emote` (`object_Id`, `category`, `probability`, `weenie_Class_Id`, `style`, `substyle`, `quest`, `vendor_Type`, `min_Health`, `max_Health`)
VALUES (2000300,  7 /* Use */,      1, NULL, NULL, NULL, NULL, NULL, NULL, NULL);

SET @parent_id = LAST_INSERT_ID();

INSERT INTO `weenie_properties_emote_action` (`emote_Id`, `order`, `type`, `delay`, `extent`, `motion`, `message`, `test_String`, `min`, `max`, `min_64`, `max_64`, `min_Dbl`, `max_Dbl`, `stat`, `display`, `amount`, `amount_64`, `hero_X_P_64`, `percent`, `spell_Id`, `wealth_Rating`, `treasure_Class`, `treasure_Type`, `p_Script`, `sound`, `destination_Type`, `weenie_Class_Id`, `stack_Size`, `palette`, `shade`, `try_To_Bond`, `obj_Cell_Id`, `origin_X`, `origin_Y`, `origin_Z`, `angles_W`, `angles_X`, `angles_Y`, `angles_Z`)
VALUES (@parent_id,  0,  10 /* Tell */, 1.5, 1, NULL, 'Have you ever seen the halls of frore, amazing they are!', NULL, NULL, NULL, NULL, NULL, NULL, NULL, NULL, NULL, NULL, NULL, NULL, NULL, NULL, NULL, NULL, NULL, NULL, NULL, NULL, NULL, NULL, NULL, NULL, NULL, NULL, NULL, NULL, NULL, NULL, NULL, NULL, NULL);

INSERT INTO `weenie_properties_create_list` (`object_Id`, `destination_Type`, `weenie_Class_Id`, `stack_Size`, `palette`, `shade`, `try_To_Bond`)
VALUES (2000300, 2,  2588,  0, 93, 1, False) /* Create Shirt (2588) for Wield */
     , (2000300, 2,  2597,  0, 86, 1, False) /* Create Pants (2597) for Wield */;

DELETE FROM `weenie` WHERE `class_Id` = 2000301;

INSERT INTO `weenie` (`class_Id`, `class_Name`, `type`, `last_Modified`)
VALUES (2000301, 'ace2000301-townfolk', 10, '2019-09-24 03:42:38') /* Creature */;

INSERT INTO `weenie_properties_int` (`object_Id`, `type`, `value`)
VALUES (2000301,   1,         16) /* ItemType - Creature */
     , (2000301,   2,         31) /* CreatureType - Human */
     , (2000301,   6,         -1) /* ItemsCapacity */
     , (2000301,   7,         -1) /* ContainersCapacity */
     , (2000301,   8,        120) /* Mass */
     , (2000301,  16,         32) /* ItemUseable - Remote */
     , (2000301,  25,         15) /* Level */
     , (2000301,  27,          0) /* ArmorType - None */
     , (2000301,  93,    6292504) /* PhysicsState - ReportCollisions, IgnoreCollisions, Gravity, ReportCollisionsAsEnvironment, EdgeSlide */
     , (2000301,  95,          8) /* RadarBlipColor - Yellow */
     , (2000301, 113,          1) /* Gender - Male */
     , (2000301, 133,          4) /* ShowableOnRadar - ShowAlways */
     , (2000301, 134,         16) /* PlayerKillerStatus - RubberGlue */
     , (2000301, 146,        293) /* XpOverride */
     , (2000301, 188,          1) /* HeritageGroup - Aluvian */;

INSERT INTO `weenie_properties_bool` (`object_Id`, `type`, `value`)
VALUES (2000301,   1, True ) /* Stuck */
     , (2000301,   8, True ) /* AllowGive */
     , (2000301,  11, True ) /* IgnoreCollisions */
     , (2000301,  12, True ) /* ReportCollisions */
     , (2000301,  13, False) /* Ethereal */
     , (2000301,  14, True ) /* GravityStatus */
     , (2000301,  19, False) /* Attackable */
     , (2000301,  29, True ) /* NoCorpse */
     , (2000301,  41, True ) /* ReportCollisionsAsEnvironment */
     , (2000301,  42, True ) /* AllowEdgeSlide */
     , (2000301,  52, True ) /* AiImmobile */
     , (2000301,  79, True ) /* AiAcceptEverything */;

INSERT INTO `weenie_properties_float` (`object_Id`, `type`, `value`)
VALUES (2000301,   1,       5) /* HeartbeatInterval */
     , (2000301,   2,       0) /* HeartbeatTimestamp */
     , (2000301,   3, 0.159999996423721) /* HealthRate */
     , (2000301,   4,       5) /* StaminaRate */
     , (2000301,   5,       1) /* ManaRate */
     , (2000301,  13, 0.899999976158142) /* ArmorModVsSlash */
     , (2000301,  14,       1) /* ArmorModVsPierce */
     , (2000301,  15, 1.10000002384186) /* ArmorModVsBludgeon */
     , (2000301,  16, 0.400000005960464) /* ArmorModVsCold */
     , (2000301,  17, 0.400000005960464) /* ArmorModVsFire */
     , (2000301,  18,       1) /* ArmorModVsAcid */
     , (2000301,  19, 0.600000023841858) /* ArmorModVsElectric */
     , (2000301,  54,       3) /* UseRadius */
     , (2000301,  64,       1) /* ResistSlash */
     , (2000301,  65,       1) /* ResistPierce */
     , (2000301,  66,       1) /* ResistBludgeon */
     , (2000301,  67,       1) /* ResistFire */
     , (2000301,  68,       1) /* ResistCold */
     , (2000301,  69,       1) /* ResistAcid */
     , (2000301,  70,       1) /* ResistElectric */
     , (2000301,  71,       1) /* ResistHealthBoost */
     , (2000301,  72,       1) /* ResistStaminaDrain */
     , (2000301,  73,       1) /* ResistStaminaBoost */
     , (2000301,  74,       1) /* ResistManaDrain */
     , (2000301,  75,       1) /* ResistManaBoost */
     , (2000301, 104,      10) /* ObviousRadarRange */
     , (2000301, 125,       1) /* ResistHealthDrain */;

INSERT INTO `weenie_properties_string` (`object_Id`, `type`, `value`)
VALUES (2000301,   1, 'Townfolk') /* Name */
     , (2000301,   3, 'Male') /* Sex */
     , (2000301,   4, 'Aluvian') /* HeritageGroup */;

INSERT INTO `weenie_properties_d_i_d` (`object_Id`, `type`, `value`)
VALUES (2000301,   1,   33554433) /* Setup */
     , (2000301,   2,  150994945) /* MotionTable */
     , (2000301,   3,  536870913) /* SoundTable */
     , (2000301,   4,  805306368) /* CombatTable */
     , (2000301,   6,   67108990) /* PaletteBase */
     , (2000301,   8,  100667446) /* Icon */
     , (2000301,   9,   83890437) /* EyesTexture */
     , (2000301,  10,   83890521) /* NoseTexture */
     , (2000301,  11,   83890627) /* MouthTexture */
     , (2000301,  15,   67116978) /* HairPalette */
     , (2000301,  16,   67109564) /* EyesPalette */
     , (2000301,  17,   67109558) /* SkinPalette */;

INSERT INTO `weenie_properties_attribute` (`object_Id`, `type`, `init_Level`, `level_From_C_P`, `c_P_Spent`)
VALUES (2000301,   1, 110, 0, 0) /* Strength */
     , (2000301,   2, 120, 0, 0) /* Endurance */
     , (2000301,   3, 120, 0, 0) /* Quickness */
     , (2000301,   4, 120, 0, 0) /* Coordination */
     , (2000301,   5, 100, 0, 0) /* Focus */
     , (2000301,   6, 100, 0, 0) /* Self */;

INSERT INTO `weenie_properties_attribute_2nd` (`object_Id`, `type`, `init_Level`, `level_From_C_P`, `c_P_Spent`, `current_Level`)
VALUES (2000301,   1,     0, 0, 0, 60) /* MaxHealth */
     , (2000301,   3,     0, 0, 0, 120) /* MaxStamina */
     , (2000301,   5,     0, 0, 0, 100) /* MaxMana */;

INSERT INTO `weenie_properties_skill` (`object_Id`, `type`, `level_From_P_P`, `s_a_c`, `p_p`, `init_Level`, `resistance_At_Last_Check`, `last_Used_Time`)
VALUES (2000301,  6, 0, 2, 0,   1, 0, 0) /* MeleeDefense        Trained */
     , (2000301,  7, 0, 2, 0,   1, 0, 0) /* MissileDefense      Trained */
     , (2000301, 13, 0, 2, 0,   1, 0, 0) /* UnarmedCombat       Trained */;

INSERT INTO `weenie_properties_body_part` (`object_Id`, `key`, `d_Type`, `d_Val`, `d_Var`, `base_Armor`, `armor_Vs_Slash`, `armor_Vs_Pierce`, `armor_Vs_Bludgeon`, `armor_Vs_Cold`, `armor_Vs_Fire`, `armor_Vs_Acid`, `armor_Vs_Electric`, `armor_Vs_Nether`, `b_h`, `h_l_f`, `m_l_f`, `l_l_f`, `h_r_f`, `m_r_f`, `l_r_f`, `h_l_b`, `m_l_b`, `l_l_b`, `h_r_b`, `m_r_b`, `l_r_b`)
VALUES (2000301,  0,  4,  0,    0,    0,    0,    0,    0,    0,    0,    0,    0,    0, 1, 0.33,    0,    0, 0.33,    0,    0, 0.33,    0,    0, 0.33,    0,    0) /* Head */
     , (2000301,  1,  4,  0,    0,    0,    0,    0,    0,    0,    0,    0,    0,    0, 2, 0.44, 0.17,    0, 0.44, 0.17,    0, 0.44, 0.17,    0, 0.44, 0.17,    0) /* Chest */
     , (2000301,  2,  4,  0,    0,    0,    0,    0,    0,    0,    0,    0,    0,    0, 3,    0, 0.17,    0,    0, 0.17,    0,    0, 0.17,    0,    0, 0.17,    0) /* Abdomen */
     , (2000301,  3,  4,  0,    0,    0,    0,    0,    0,    0,    0,    0,    0,    0, 1, 0.23, 0.03,    0, 0.23, 0.03,    0, 0.23, 0.03,    0, 0.23, 0.03,    0) /* UpperArm */
     , (2000301,  4,  4,  0,    0,    0,    0,    0,    0,    0,    0,    0,    0,    0, 2,    0,  0.3,    0,    0,  0.3,    0,    0,  0.3,    0,    0,  0.3,    0) /* LowerArm */
     , (2000301,  5,  4,  2, 0.75,    0,    0,    0,    0,    0,    0,    0,    0,    0, 2,    0,  0.2,    0,    0,  0.2,    0,    0,  0.2,    0,    0,  0.2,    0) /* Hand */
     , (2000301,  6,  4,  0,    0,    0,    0,    0,    0,    0,    0,    0,    0,    0, 3,    0, 0.13, 0.18,    0, 0.13, 0.18,    0, 0.13, 0.18,    0, 0.13, 0.18) /* UpperLeg */
     , (2000301,  7,  4,  0,    0,    0,    0,    0,    0,    0,    0,    0,    0,    0, 3,    0,    0,  0.6,    0,    0,  0.6,    0,    0,  0.6,    0,    0,  0.6) /* LowerLeg */
     , (2000301,  8,  4,  2, 0.75,    0,    0,    0,    0,    0,    0,    0,    0,    0, 3,    0,    0, 0.22,    0,    0, 0.22,    0,    0, 0.22,    0,    0, 0.22) /* Foot */;

INSERT INTO `weenie_properties_emote` (`object_Id`, `category`, `probability`, `weenie_Class_Id`, `style`, `substyle`, `quest`, `vendor_Type`, `min_Health`, `max_Health`)
VALUES (2000301,  7 /* Use */,      1, NULL, NULL, NULL, NULL, NULL, NULL, NULL);

SET @parent_id = LAST_INSERT_ID();

INSERT INTO `weenie_properties_emote_action` (`emote_Id`, `order`, `type`, `delay`, `extent`, `motion`, `message`, `test_String`, `min`, `max`, `min_64`, `max_64`, `min_Dbl`, `max_Dbl`, `stat`, `display`, `amount`, `amount_64`, `hero_X_P_64`, `percent`, `spell_Id`, `wealth_Rating`, `treasure_Class`, `treasure_Type`, `p_Script`, `sound`, `destination_Type`, `weenie_Class_Id`, `stack_Size`, `palette`, `shade`, `try_To_Bond`, `obj_Cell_Id`, `origin_X`, `origin_Y`, `origin_Z`, `angles_W`, `angles_X`, `angles_Y`, `angles_Z`)
VALUES (@parent_id,  0,  10 /* Tell */, 1.5, 1, NULL, 'It''s a strange world we live in, old friends are now allies and the world keeps changing around us.', NULL, NULL, NULL, NULL, NULL, NULL, NULL, NULL, NULL, NULL, NULL, NULL, NULL, NULL, NULL, NULL, NULL, NULL, NULL, NULL, NULL, NULL, NULL, NULL, NULL, NULL, NULL, NULL, NULL, NULL, NULL, NULL, NULL);

INSERT INTO `weenie_properties_create_list` (`object_Id`, `destination_Type`, `weenie_Class_Id`, `stack_Size`, `palette`, `shade`, `try_To_Bond`)
VALUES (2000301, 2,  2588,  0, 88, 1, False) /* Create Shirt (2588) for Wield */
     , (2000301, 2,  2597,  0, 86, 1, False) /* Create Pants (2597) for Wield */;

DELETE FROM `weenie` WHERE `class_Id` = 2000302;

INSERT INTO `weenie` (`class_Id`, `class_Name`, `type`, `last_Modified`)
VALUES (2000302, 'ace2000302-townfolk', 10, '2019-09-24 03:42:39') /* Creature */;

INSERT INTO `weenie_properties_int` (`object_Id`, `type`, `value`)
VALUES (2000302,   1,         16) /* ItemType - Creature */
     , (2000302,   2,         31) /* CreatureType - Human */
     , (2000302,   6,         -1) /* ItemsCapacity */
     , (2000302,   7,         -1) /* ContainersCapacity */
     , (2000302,   8,        120) /* Mass */
     , (2000302,  16,         32) /* ItemUseable - Remote */
     , (2000302,  25,         15) /* Level */
     , (2000302,  27,          0) /* ArmorType - None */
     , (2000302,  93,    6292504) /* PhysicsState - ReportCollisions, IgnoreCollisions, Gravity, ReportCollisionsAsEnvironment, EdgeSlide */
     , (2000302,  95,          8) /* RadarBlipColor - Yellow */
     , (2000302, 113,          1) /* Gender - Male */
     , (2000302, 133,          4) /* ShowableOnRadar - ShowAlways */
     , (2000302, 134,         16) /* PlayerKillerStatus - RubberGlue */
     , (2000302, 146,        293) /* XpOverride */
     , (2000302, 188,          1) /* HeritageGroup - Aluvian */;

INSERT INTO `weenie_properties_bool` (`object_Id`, `type`, `value`)
VALUES (2000302,   1, True ) /* Stuck */
     , (2000302,   8, True ) /* AllowGive */
     , (2000302,  11, True ) /* IgnoreCollisions */
     , (2000302,  12, True ) /* ReportCollisions */
     , (2000302,  13, False) /* Ethereal */
     , (2000302,  14, True ) /* GravityStatus */
     , (2000302,  19, False) /* Attackable */
     , (2000302,  29, True ) /* NoCorpse */
     , (2000302,  41, True ) /* ReportCollisionsAsEnvironment */
     , (2000302,  42, True ) /* AllowEdgeSlide */
     , (2000302,  52, True ) /* AiImmobile */
     , (2000302,  79, True ) /* AiAcceptEverything */;

INSERT INTO `weenie_properties_float` (`object_Id`, `type`, `value`)
VALUES (2000302,   1,       5) /* HeartbeatInterval */
     , (2000302,   2,       0) /* HeartbeatTimestamp */
     , (2000302,   3, 0.159999996423721) /* HealthRate */
     , (2000302,   4,       5) /* StaminaRate */
     , (2000302,   5,       1) /* ManaRate */
     , (2000302,  13, 0.899999976158142) /* ArmorModVsSlash */
     , (2000302,  14,       1) /* ArmorModVsPierce */
     , (2000302,  15, 1.10000002384186) /* ArmorModVsBludgeon */
     , (2000302,  16, 0.400000005960464) /* ArmorModVsCold */
     , (2000302,  17, 0.400000005960464) /* ArmorModVsFire */
     , (2000302,  18,       1) /* ArmorModVsAcid */
     , (2000302,  19, 0.600000023841858) /* ArmorModVsElectric */
     , (2000302,  54,       3) /* UseRadius */
     , (2000302,  64,       1) /* ResistSlash */
     , (2000302,  65,       1) /* ResistPierce */
     , (2000302,  66,       1) /* ResistBludgeon */
     , (2000302,  67,       1) /* ResistFire */
     , (2000302,  68,       1) /* ResistCold */
     , (2000302,  69,       1) /* ResistAcid */
     , (2000302,  70,       1) /* ResistElectric */
     , (2000302,  71,       1) /* ResistHealthBoost */
     , (2000302,  72,       1) /* ResistStaminaDrain */
     , (2000302,  73,       1) /* ResistStaminaBoost */
     , (2000302,  74,       1) /* ResistManaDrain */
     , (2000302,  75,       1) /* ResistManaBoost */
     , (2000302, 104,      10) /* ObviousRadarRange */
     , (2000302, 125,       1) /* ResistHealthDrain */;

INSERT INTO `weenie_properties_string` (`object_Id`, `type`, `value`)
VALUES (2000302,   1, 'Townfolk') /* Name */
     , (2000302,   3, 'Male') /* Sex */
     , (2000302,   4, 'Aluvian') /* HeritageGroup */;

INSERT INTO `weenie_properties_d_i_d` (`object_Id`, `type`, `value`)
VALUES (2000302,   1,   33554433) /* Setup */
     , (2000302,   2,  150994945) /* MotionTable */
     , (2000302,   3,  536870913) /* SoundTable */
     , (2000302,   4,  805306368) /* CombatTable */
     , (2000302,   6,   67108990) /* PaletteBase */
     , (2000302,   8,  100667446) /* Icon */
     , (2000302,   9,   83890437) /* EyesTexture */
     , (2000302,  10,   83890521) /* NoseTexture */
     , (2000302,  11,   83890627) /* MouthTexture */
     , (2000302,  15,   67116978) /* HairPalette */
     , (2000302,  16,   67109564) /* EyesPalette */
     , (2000302,  17,   67109558) /* SkinPalette */;

INSERT INTO `weenie_properties_attribute` (`object_Id`, `type`, `init_Level`, `level_From_C_P`, `c_P_Spent`)
VALUES (2000302,   1, 110, 0, 0) /* Strength */
     , (2000302,   2, 120, 0, 0) /* Endurance */
     , (2000302,   3, 120, 0, 0) /* Quickness */
     , (2000302,   4, 120, 0, 0) /* Coordination */
     , (2000302,   5, 100, 0, 0) /* Focus */
     , (2000302,   6, 100, 0, 0) /* Self */;

INSERT INTO `weenie_properties_attribute_2nd` (`object_Id`, `type`, `init_Level`, `level_From_C_P`, `c_P_Spent`, `current_Level`)
VALUES (2000302,   1,     0, 0, 0, 60) /* MaxHealth */
     , (2000302,   3,     0, 0, 0, 120) /* MaxStamina */
     , (2000302,   5,     0, 0, 0, 100) /* MaxMana */;

INSERT INTO `weenie_properties_skill` (`object_Id`, `type`, `level_From_P_P`, `s_a_c`, `p_p`, `init_Level`, `resistance_At_Last_Check`, `last_Used_Time`)
VALUES (2000302,  6, 0, 2, 0,   1, 0, 0) /* MeleeDefense        Trained */
     , (2000302,  7, 0, 2, 0,   1, 0, 0) /* MissileDefense      Trained */
     , (2000302, 13, 0, 2, 0,   1, 0, 0) /* UnarmedCombat       Trained */;

INSERT INTO `weenie_properties_body_part` (`object_Id`, `key`, `d_Type`, `d_Val`, `d_Var`, `base_Armor`, `armor_Vs_Slash`, `armor_Vs_Pierce`, `armor_Vs_Bludgeon`, `armor_Vs_Cold`, `armor_Vs_Fire`, `armor_Vs_Acid`, `armor_Vs_Electric`, `armor_Vs_Nether`, `b_h`, `h_l_f`, `m_l_f`, `l_l_f`, `h_r_f`, `m_r_f`, `l_r_f`, `h_l_b`, `m_l_b`, `l_l_b`, `h_r_b`, `m_r_b`, `l_r_b`)
VALUES (2000302,  0,  4,  0,    0,    0,    0,    0,    0,    0,    0,    0,    0,    0, 1, 0.33,    0,    0, 0.33,    0,    0, 0.33,    0,    0, 0.33,    0,    0) /* Head */
     , (2000302,  1,  4,  0,    0,    0,    0,    0,    0,    0,    0,    0,    0,    0, 2, 0.44, 0.17,    0, 0.44, 0.17,    0, 0.44, 0.17,    0, 0.44, 0.17,    0) /* Chest */
     , (2000302,  2,  4,  0,    0,    0,    0,    0,    0,    0,    0,    0,    0,    0, 3,    0, 0.17,    0,    0, 0.17,    0,    0, 0.17,    0,    0, 0.17,    0) /* Abdomen */
     , (2000302,  3,  4,  0,    0,    0,    0,    0,    0,    0,    0,    0,    0,    0, 1, 0.23, 0.03,    0, 0.23, 0.03,    0, 0.23, 0.03,    0, 0.23, 0.03,    0) /* UpperArm */
     , (2000302,  4,  4,  0,    0,    0,    0,    0,    0,    0,    0,    0,    0,    0, 2,    0,  0.3,    0,    0,  0.3,    0,    0,  0.3,    0,    0,  0.3,    0) /* LowerArm */
     , (2000302,  5,  4,  2, 0.75,    0,    0,    0,    0,    0,    0,    0,    0,    0, 2,    0,  0.2,    0,    0,  0.2,    0,    0,  0.2,    0,    0,  0.2,    0) /* Hand */
     , (2000302,  6,  4,  0,    0,    0,    0,    0,    0,    0,    0,    0,    0,    0, 3,    0, 0.13, 0.18,    0, 0.13, 0.18,    0, 0.13, 0.18,    0, 0.13, 0.18) /* UpperLeg */
     , (2000302,  7,  4,  0,    0,    0,    0,    0,    0,    0,    0,    0,    0,    0, 3,    0,    0,  0.6,    0,    0,  0.6,    0,    0,  0.6,    0,    0,  0.6) /* LowerLeg */
     , (2000302,  8,  4,  2, 0.75,    0,    0,    0,    0,    0,    0,    0,    0,    0, 3,    0,    0, 0.22,    0,    0, 0.22,    0,    0, 0.22,    0,    0, 0.22) /* Foot */;

INSERT INTO `weenie_properties_emote` (`object_Id`, `category`, `probability`, `weenie_Class_Id`, `style`, `substyle`, `quest`, `vendor_Type`, `min_Health`, `max_Health`)
VALUES (2000302,  7 /* Use */,      1, NULL, NULL, NULL, NULL, NULL, NULL, NULL);

SET @parent_id = LAST_INSERT_ID();

INSERT INTO `weenie_properties_emote_action` (`emote_Id`, `order`, `type`, `delay`, `extent`, `motion`, `message`, `test_String`, `min`, `max`, `min_64`, `max_64`, `min_Dbl`, `max_Dbl`, `stat`, `display`, `amount`, `amount_64`, `hero_X_P_64`, `percent`, `spell_Id`, `wealth_Rating`, `treasure_Class`, `treasure_Type`, `p_Script`, `sound`, `destination_Type`, `weenie_Class_Id`, `stack_Size`, `palette`, `shade`, `try_To_Bond`, `obj_Cell_Id`, `origin_X`, `origin_Y`, `origin_Z`, `angles_W`, `angles_X`, `angles_Y`, `angles_Z`)
VALUES (@parent_id,  0,  10 /* Tell */, 1.5, 1, NULL, 'Withered Island has become much more dangerous lately I noticed.', NULL, NULL, NULL, NULL, NULL, NULL, NULL, NULL, NULL, NULL, NULL, NULL, NULL, NULL, NULL, NULL, NULL, NULL, NULL, NULL, NULL, NULL, NULL, NULL, NULL, NULL, NULL, NULL, NULL, NULL, NULL, NULL, NULL);

INSERT INTO `weenie_properties_create_list` (`object_Id`, `destination_Type`, `weenie_Class_Id`, `stack_Size`, `palette`, `shade`, `try_To_Bond`)
VALUES (2000302, 2,  5853,  0, 91, 1, False) /* Create Dho Vest and Robe (5853) for Wield */
     , (2000302, 2,  2597,  0, 86, 1, False) /* Create Pants (2597) for Wield */;

DELETE FROM `weenie` WHERE `class_Id` = 2000303;

INSERT INTO `weenie` (`class_Id`, `class_Name`, `type`, `last_Modified`)
VALUES (2000303, 'ace2000303-townfolk', 10, '2019-09-24 03:42:41') /* Creature */;

INSERT INTO `weenie_properties_int` (`object_Id`, `type`, `value`)
VALUES (2000303,   1,         16) /* ItemType - Creature */
     , (2000303,   2,         31) /* CreatureType - Human */
     , (2000303,   6,         -1) /* ItemsCapacity */
     , (2000303,   7,         -1) /* ContainersCapacity */
     , (2000303,   8,        120) /* Mass */
     , (2000303,  16,         32) /* ItemUseable - Remote */
     , (2000303,  25,         15) /* Level */
     , (2000303,  27,          0) /* ArmorType - None */
     , (2000303,  93,    6292504) /* PhysicsState - ReportCollisions, IgnoreCollisions, Gravity, ReportCollisionsAsEnvironment, EdgeSlide */
     , (2000303,  95,          8) /* RadarBlipColor - Yellow */
     , (2000303, 113,          1) /* Gender - Male */
     , (2000303, 133,          4) /* ShowableOnRadar - ShowAlways */
     , (2000303, 134,         16) /* PlayerKillerStatus - RubberGlue */
     , (2000303, 146,        293) /* XpOverride */
     , (2000303, 188,          1) /* HeritageGroup - Aluvian */;

INSERT INTO `weenie_properties_bool` (`object_Id`, `type`, `value`)
VALUES (2000303,   1, True ) /* Stuck */
     , (2000303,   8, True ) /* AllowGive */
     , (2000303,  11, True ) /* IgnoreCollisions */
     , (2000303,  12, True ) /* ReportCollisions */
     , (2000303,  13, False) /* Ethereal */
     , (2000303,  14, True ) /* GravityStatus */
     , (2000303,  19, False) /* Attackable */
     , (2000303,  29, True ) /* NoCorpse */
     , (2000303,  41, True ) /* ReportCollisionsAsEnvironment */
     , (2000303,  42, True ) /* AllowEdgeSlide */
     , (2000303,  52, True ) /* AiImmobile */
     , (2000303,  79, True ) /* AiAcceptEverything */;

INSERT INTO `weenie_properties_float` (`object_Id`, `type`, `value`)
VALUES (2000303,   1,       5) /* HeartbeatInterval */
     , (2000303,   2,       0) /* HeartbeatTimestamp */
     , (2000303,   3, 0.159999996423721) /* HealthRate */
     , (2000303,   4,       5) /* StaminaRate */
     , (2000303,   5,       1) /* ManaRate */
     , (2000303,  13, 0.899999976158142) /* ArmorModVsSlash */
     , (2000303,  14,       1) /* ArmorModVsPierce */
     , (2000303,  15, 1.10000002384186) /* ArmorModVsBludgeon */
     , (2000303,  16, 0.400000005960464) /* ArmorModVsCold */
     , (2000303,  17, 0.400000005960464) /* ArmorModVsFire */
     , (2000303,  18,       1) /* ArmorModVsAcid */
     , (2000303,  19, 0.600000023841858) /* ArmorModVsElectric */
     , (2000303,  54,       3) /* UseRadius */
     , (2000303,  64,       1) /* ResistSlash */
     , (2000303,  65,       1) /* ResistPierce */
     , (2000303,  66,       1) /* ResistBludgeon */
     , (2000303,  67,       1) /* ResistFire */
     , (2000303,  68,       1) /* ResistCold */
     , (2000303,  69,       1) /* ResistAcid */
     , (2000303,  70,       1) /* ResistElectric */
     , (2000303,  71,       1) /* ResistHealthBoost */
     , (2000303,  72,       1) /* ResistStaminaDrain */
     , (2000303,  73,       1) /* ResistStaminaBoost */
     , (2000303,  74,       1) /* ResistManaDrain */
     , (2000303,  75,       1) /* ResistManaBoost */
     , (2000303, 104,      10) /* ObviousRadarRange */
     , (2000303, 125,       1) /* ResistHealthDrain */;

INSERT INTO `weenie_properties_string` (`object_Id`, `type`, `value`)
VALUES (2000303,   1, 'Townfolk') /* Name */
     , (2000303,   3, 'Male') /* Sex */
     , (2000303,   4, 'Aluvian') /* HeritageGroup */;

INSERT INTO `weenie_properties_d_i_d` (`object_Id`, `type`, `value`)
VALUES (2000303,   1,   33554433) /* Setup */
     , (2000303,   2,  150994945) /* MotionTable */
     , (2000303,   3,  536870913) /* SoundTable */
     , (2000303,   4,  805306368) /* CombatTable */
     , (2000303,   6,   67108990) /* PaletteBase */
     , (2000303,   8,  100667446) /* Icon */
     , (2000303,   9,   83890437) /* EyesTexture */
     , (2000303,  10,   83890521) /* NoseTexture */
     , (2000303,  11,   83890627) /* MouthTexture */
     , (2000303,  15,   67116978) /* HairPalette */
     , (2000303,  16,   67109564) /* EyesPalette */
     , (2000303,  17,   67109558) /* SkinPalette */;

INSERT INTO `weenie_properties_attribute` (`object_Id`, `type`, `init_Level`, `level_From_C_P`, `c_P_Spent`)
VALUES (2000303,   1, 110, 0, 0) /* Strength */
     , (2000303,   2, 120, 0, 0) /* Endurance */
     , (2000303,   3, 120, 0, 0) /* Quickness */
     , (2000303,   4, 120, 0, 0) /* Coordination */
     , (2000303,   5, 100, 0, 0) /* Focus */
     , (2000303,   6, 100, 0, 0) /* Self */;

INSERT INTO `weenie_properties_attribute_2nd` (`object_Id`, `type`, `init_Level`, `level_From_C_P`, `c_P_Spent`, `current_Level`)
VALUES (2000303,   1,     0, 0, 0, 60) /* MaxHealth */
     , (2000303,   3,     0, 0, 0, 120) /* MaxStamina */
     , (2000303,   5,     0, 0, 0, 100) /* MaxMana */;

INSERT INTO `weenie_properties_skill` (`object_Id`, `type`, `level_From_P_P`, `s_a_c`, `p_p`, `init_Level`, `resistance_At_Last_Check`, `last_Used_Time`)
VALUES (2000303,  6, 0, 2, 0,   1, 0, 0) /* MeleeDefense        Trained */
     , (2000303,  7, 0, 2, 0,   1, 0, 0) /* MissileDefense      Trained */
     , (2000303, 13, 0, 2, 0,   1, 0, 0) /* UnarmedCombat       Trained */;

INSERT INTO `weenie_properties_body_part` (`object_Id`, `key`, `d_Type`, `d_Val`, `d_Var`, `base_Armor`, `armor_Vs_Slash`, `armor_Vs_Pierce`, `armor_Vs_Bludgeon`, `armor_Vs_Cold`, `armor_Vs_Fire`, `armor_Vs_Acid`, `armor_Vs_Electric`, `armor_Vs_Nether`, `b_h`, `h_l_f`, `m_l_f`, `l_l_f`, `h_r_f`, `m_r_f`, `l_r_f`, `h_l_b`, `m_l_b`, `l_l_b`, `h_r_b`, `m_r_b`, `l_r_b`)
VALUES (2000303,  0,  4,  0,    0,    0,    0,    0,    0,    0,    0,    0,    0,    0, 1, 0.33,    0,    0, 0.33,    0,    0, 0.33,    0,    0, 0.33,    0,    0) /* Head */
     , (2000303,  1,  4,  0,    0,    0,    0,    0,    0,    0,    0,    0,    0,    0, 2, 0.44, 0.17,    0, 0.44, 0.17,    0, 0.44, 0.17,    0, 0.44, 0.17,    0) /* Chest */
     , (2000303,  2,  4,  0,    0,    0,    0,    0,    0,    0,    0,    0,    0,    0, 3,    0, 0.17,    0,    0, 0.17,    0,    0, 0.17,    0,    0, 0.17,    0) /* Abdomen */
     , (2000303,  3,  4,  0,    0,    0,    0,    0,    0,    0,    0,    0,    0,    0, 1, 0.23, 0.03,    0, 0.23, 0.03,    0, 0.23, 0.03,    0, 0.23, 0.03,    0) /* UpperArm */
     , (2000303,  4,  4,  0,    0,    0,    0,    0,    0,    0,    0,    0,    0,    0, 2,    0,  0.3,    0,    0,  0.3,    0,    0,  0.3,    0,    0,  0.3,    0) /* LowerArm */
     , (2000303,  5,  4,  2, 0.75,    0,    0,    0,    0,    0,    0,    0,    0,    0, 2,    0,  0.2,    0,    0,  0.2,    0,    0,  0.2,    0,    0,  0.2,    0) /* Hand */
     , (2000303,  6,  4,  0,    0,    0,    0,    0,    0,    0,    0,    0,    0,    0, 3,    0, 0.13, 0.18,    0, 0.13, 0.18,    0, 0.13, 0.18,    0, 0.13, 0.18) /* UpperLeg */
     , (2000303,  7,  4,  0,    0,    0,    0,    0,    0,    0,    0,    0,    0,    0, 3,    0,    0,  0.6,    0,    0,  0.6,    0,    0,  0.6,    0,    0,  0.6) /* LowerLeg */
     , (2000303,  8,  4,  2, 0.75,    0,    0,    0,    0,    0,    0,    0,    0,    0, 3,    0,    0, 0.22,    0,    0, 0.22,    0,    0, 0.22,    0,    0, 0.22) /* Foot */;

INSERT INTO `weenie_properties_emote` (`object_Id`, `category`, `probability`, `weenie_Class_Id`, `style`, `substyle`, `quest`, `vendor_Type`, `min_Health`, `max_Health`)
VALUES (2000303,  7 /* Use */,      1, NULL, NULL, NULL, NULL, NULL, NULL, NULL);

SET @parent_id = LAST_INSERT_ID();

INSERT INTO `weenie_properties_emote_action` (`emote_Id`, `order`, `type`, `delay`, `extent`, `motion`, `message`, `test_String`, `min`, `max`, `min_64`, `max_64`, `min_Dbl`, `max_Dbl`, `stat`, `display`, `amount`, `amount_64`, `hero_X_P_64`, `percent`, `spell_Id`, `wealth_Rating`, `treasure_Class`, `treasure_Type`, `p_Script`, `sound`, `destination_Type`, `weenie_Class_Id`, `stack_Size`, `palette`, `shade`, `try_To_Bond`, `obj_Cell_Id`, `origin_X`, `origin_Y`, `origin_Z`, `angles_W`, `angles_X`, `angles_Y`, `angles_Z`)
VALUES (@parent_id,  0,  10 /* Tell */, 1.5, 1, NULL, 'to think once we are done here, they want to set their sights on Tou Tou', NULL, NULL, NULL, NULL, NULL, NULL, NULL, NULL, NULL, NULL, NULL, NULL, NULL, NULL, NULL, NULL, NULL, NULL, NULL, NULL, NULL, NULL, NULL, NULL, NULL, NULL, NULL, NULL, NULL, NULL, NULL, NULL, NULL);

INSERT INTO `weenie_properties_create_list` (`object_Id`, `destination_Type`, `weenie_Class_Id`, `stack_Size`, `palette`, `shade`, `try_To_Bond`)
VALUES (2000303, 2,  2588,  0, 90, 1, False) /* Create Shirt (2588) for Wield */
     , (2000303, 2,  2597,  0, 84, 1, False) /* Create Pants (2597) for Wield */;

DELETE FROM `weenie` WHERE `class_Id` = 2000304;

INSERT INTO `weenie` (`class_Id`, `class_Name`, `type`, `last_Modified`)
VALUES (2000304, 'ace2000304-townfolk', 10, '2019-09-24 03:42:42') /* Creature */;

INSERT INTO `weenie_properties_int` (`object_Id`, `type`, `value`)
VALUES (2000304,   1,         16) /* ItemType - Creature */
     , (2000304,   2,         31) /* CreatureType - Human */
     , (2000304,   6,         -1) /* ItemsCapacity */
     , (2000304,   7,         -1) /* ContainersCapacity */
     , (2000304,   8,        120) /* Mass */
     , (2000304,  16,         32) /* ItemUseable - Remote */
     , (2000304,  25,         15) /* Level */
     , (2000304,  27,          0) /* ArmorType - None */
     , (2000304,  93,    6292504) /* PhysicsState - ReportCollisions, IgnoreCollisions, Gravity, ReportCollisionsAsEnvironment, EdgeSlide */
     , (2000304,  95,          8) /* RadarBlipColor - Yellow */
     , (2000304, 113,          1) /* Gender - Male */
     , (2000304, 133,          4) /* ShowableOnRadar - ShowAlways */
     , (2000304, 134,         16) /* PlayerKillerStatus - RubberGlue */
     , (2000304, 146,        293) /* XpOverride */
     , (2000304, 188,          1) /* HeritageGroup - Aluvian */;

INSERT INTO `weenie_properties_bool` (`object_Id`, `type`, `value`)
VALUES (2000304,   1, True ) /* Stuck */
     , (2000304,   8, True ) /* AllowGive */
     , (2000304,  11, True ) /* IgnoreCollisions */
     , (2000304,  12, True ) /* ReportCollisions */
     , (2000304,  13, False) /* Ethereal */
     , (2000304,  14, True ) /* GravityStatus */
     , (2000304,  19, False) /* Attackable */
     , (2000304,  29, True ) /* NoCorpse */
     , (2000304,  41, True ) /* ReportCollisionsAsEnvironment */
     , (2000304,  42, True ) /* AllowEdgeSlide */
     , (2000304,  52, True ) /* AiImmobile */
     , (2000304,  79, True ) /* AiAcceptEverything */;

INSERT INTO `weenie_properties_float` (`object_Id`, `type`, `value`)
VALUES (2000304,   1,       5) /* HeartbeatInterval */
     , (2000304,   2,       0) /* HeartbeatTimestamp */
     , (2000304,   3, 0.159999996423721) /* HealthRate */
     , (2000304,   4,       5) /* StaminaRate */
     , (2000304,   5,       1) /* ManaRate */
     , (2000304,  13, 0.899999976158142) /* ArmorModVsSlash */
     , (2000304,  14,       1) /* ArmorModVsPierce */
     , (2000304,  15, 1.10000002384186) /* ArmorModVsBludgeon */
     , (2000304,  16, 0.400000005960464) /* ArmorModVsCold */
     , (2000304,  17, 0.400000005960464) /* ArmorModVsFire */
     , (2000304,  18,       1) /* ArmorModVsAcid */
     , (2000304,  19, 0.600000023841858) /* ArmorModVsElectric */
     , (2000304,  54,       3) /* UseRadius */
     , (2000304,  64,       1) /* ResistSlash */
     , (2000304,  65,       1) /* ResistPierce */
     , (2000304,  66,       1) /* ResistBludgeon */
     , (2000304,  67,       1) /* ResistFire */
     , (2000304,  68,       1) /* ResistCold */
     , (2000304,  69,       1) /* ResistAcid */
     , (2000304,  70,       1) /* ResistElectric */
     , (2000304,  71,       1) /* ResistHealthBoost */
     , (2000304,  72,       1) /* ResistStaminaDrain */
     , (2000304,  73,       1) /* ResistStaminaBoost */
     , (2000304,  74,       1) /* ResistManaDrain */
     , (2000304,  75,       1) /* ResistManaBoost */
     , (2000304, 104,      10) /* ObviousRadarRange */
     , (2000304, 125,       1) /* ResistHealthDrain */;

INSERT INTO `weenie_properties_string` (`object_Id`, `type`, `value`)
VALUES (2000304,   1, 'Townfolk') /* Name */
     , (2000304,   3, 'Male') /* Sex */
     , (2000304,   4, 'Aluvian') /* HeritageGroup */;

INSERT INTO `weenie_properties_d_i_d` (`object_Id`, `type`, `value`)
VALUES (2000304,   1,   33554433) /* Setup */
     , (2000304,   2,  150994945) /* MotionTable */
     , (2000304,   3,  536870913) /* SoundTable */
     , (2000304,   4,  805306368) /* CombatTable */
     , (2000304,   6,   67108990) /* PaletteBase */
     , (2000304,   8,  100667446) /* Icon */
     , (2000304,   9,   83890437) /* EyesTexture */
     , (2000304,  10,   83890521) /* NoseTexture */
     , (2000304,  11,   83890627) /* MouthTexture */
     , (2000304,  15,   67116978) /* HairPalette */
     , (2000304,  16,   67109564) /* EyesPalette */
     , (2000304,  17,   67109558) /* SkinPalette */;

INSERT INTO `weenie_properties_attribute` (`object_Id`, `type`, `init_Level`, `level_From_C_P`, `c_P_Spent`)
VALUES (2000304,   1, 110, 0, 0) /* Strength */
     , (2000304,   2, 120, 0, 0) /* Endurance */
     , (2000304,   3, 120, 0, 0) /* Quickness */
     , (2000304,   4, 120, 0, 0) /* Coordination */
     , (2000304,   5, 100, 0, 0) /* Focus */
     , (2000304,   6, 100, 0, 0) /* Self */;

INSERT INTO `weenie_properties_attribute_2nd` (`object_Id`, `type`, `init_Level`, `level_From_C_P`, `c_P_Spent`, `current_Level`)
VALUES (2000304,   1,     0, 0, 0, 60) /* MaxHealth */
     , (2000304,   3,     0, 0, 0, 120) /* MaxStamina */
     , (2000304,   5,     0, 0, 0, 100) /* MaxMana */;

INSERT INTO `weenie_properties_skill` (`object_Id`, `type`, `level_From_P_P`, `s_a_c`, `p_p`, `init_Level`, `resistance_At_Last_Check`, `last_Used_Time`)
VALUES (2000304,  6, 0, 2, 0,   1, 0, 0) /* MeleeDefense        Trained */
     , (2000304,  7, 0, 2, 0,   1, 0, 0) /* MissileDefense      Trained */
     , (2000304, 13, 0, 2, 0,   1, 0, 0) /* UnarmedCombat       Trained */;

INSERT INTO `weenie_properties_body_part` (`object_Id`, `key`, `d_Type`, `d_Val`, `d_Var`, `base_Armor`, `armor_Vs_Slash`, `armor_Vs_Pierce`, `armor_Vs_Bludgeon`, `armor_Vs_Cold`, `armor_Vs_Fire`, `armor_Vs_Acid`, `armor_Vs_Electric`, `armor_Vs_Nether`, `b_h`, `h_l_f`, `m_l_f`, `l_l_f`, `h_r_f`, `m_r_f`, `l_r_f`, `h_l_b`, `m_l_b`, `l_l_b`, `h_r_b`, `m_r_b`, `l_r_b`)
VALUES (2000304,  0,  4,  0,    0,    0,    0,    0,    0,    0,    0,    0,    0,    0, 1, 0.33,    0,    0, 0.33,    0,    0, 0.33,    0,    0, 0.33,    0,    0) /* Head */
     , (2000304,  1,  4,  0,    0,    0,    0,    0,    0,    0,    0,    0,    0,    0, 2, 0.44, 0.17,    0, 0.44, 0.17,    0, 0.44, 0.17,    0, 0.44, 0.17,    0) /* Chest */
     , (2000304,  2,  4,  0,    0,    0,    0,    0,    0,    0,    0,    0,    0,    0, 3,    0, 0.17,    0,    0, 0.17,    0,    0, 0.17,    0,    0, 0.17,    0) /* Abdomen */
     , (2000304,  3,  4,  0,    0,    0,    0,    0,    0,    0,    0,    0,    0,    0, 1, 0.23, 0.03,    0, 0.23, 0.03,    0, 0.23, 0.03,    0, 0.23, 0.03,    0) /* UpperArm */
     , (2000304,  4,  4,  0,    0,    0,    0,    0,    0,    0,    0,    0,    0,    0, 2,    0,  0.3,    0,    0,  0.3,    0,    0,  0.3,    0,    0,  0.3,    0) /* LowerArm */
     , (2000304,  5,  4,  2, 0.75,    0,    0,    0,    0,    0,    0,    0,    0,    0, 2,    0,  0.2,    0,    0,  0.2,    0,    0,  0.2,    0,    0,  0.2,    0) /* Hand */
     , (2000304,  6,  4,  0,    0,    0,    0,    0,    0,    0,    0,    0,    0,    0, 3,    0, 0.13, 0.18,    0, 0.13, 0.18,    0, 0.13, 0.18,    0, 0.13, 0.18) /* UpperLeg */
     , (2000304,  7,  4,  0,    0,    0,    0,    0,    0,    0,    0,    0,    0,    0, 3,    0,    0,  0.6,    0,    0,  0.6,    0,    0,  0.6,    0,    0,  0.6) /* LowerLeg */
     , (2000304,  8,  4,  2, 0.75,    0,    0,    0,    0,    0,    0,    0,    0,    0, 3,    0,    0, 0.22,    0,    0, 0.22,    0,    0, 0.22,    0,    0, 0.22) /* Foot */;

INSERT INTO `weenie_properties_emote` (`object_Id`, `category`, `probability`, `weenie_Class_Id`, `style`, `substyle`, `quest`, `vendor_Type`, `min_Health`, `max_Health`)
VALUES (2000304,  7 /* Use */,      1, NULL, NULL, NULL, NULL, NULL, NULL, NULL);

SET @parent_id = LAST_INSERT_ID();

INSERT INTO `weenie_properties_emote_action` (`emote_Id`, `order`, `type`, `delay`, `extent`, `motion`, `message`, `test_String`, `min`, `max`, `min_64`, `max_64`, `min_Dbl`, `max_Dbl`, `stat`, `display`, `amount`, `amount_64`, `hero_X_P_64`, `percent`, `spell_Id`, `wealth_Rating`, `treasure_Class`, `treasure_Type`, `p_Script`, `sound`, `destination_Type`, `weenie_Class_Id`, `stack_Size`, `palette`, `shade`, `try_To_Bond`, `obj_Cell_Id`, `origin_X`, `origin_Y`, `origin_Z`, `angles_W`, `angles_X`, `angles_Y`, `angles_Z`)
VALUES (@parent_id,  0,  10 /* Tell */, 1.5, 1, NULL, 'It''s hard work, but honest work this.', NULL, NULL, NULL, NULL, NULL, NULL, NULL, NULL, NULL, NULL, NULL, NULL, NULL, NULL, NULL, NULL, NULL, NULL, NULL, NULL, NULL, NULL, NULL, NULL, NULL, NULL, NULL, NULL, NULL, NULL, NULL, NULL, NULL);

INSERT INTO `weenie_properties_create_list` (`object_Id`, `destination_Type`, `weenie_Class_Id`, `stack_Size`, `palette`, `shade`, `try_To_Bond`)
VALUES (2000304, 2,  2588,  0, 88, 1, False) /* Create Shirt (2588) for Wield */
     , (2000304, 2,  2597,  0, 87, 1, False) /* Create Pants (2597) for Wield */;

DELETE FROM `weenie` WHERE `class_Id` = 2000305;

INSERT INTO `weenie` (`class_Id`, `class_Name`, `type`, `last_Modified`)
VALUES (2000305, 'ace2000305-townfolk', 10, '2019-09-24 03:42:43') /* Creature */;

INSERT INTO `weenie_properties_int` (`object_Id`, `type`, `value`)
VALUES (2000305,   1,         16) /* ItemType - Creature */
     , (2000305,   2,         31) /* CreatureType - Human */
     , (2000305,   6,         -1) /* ItemsCapacity */
     , (2000305,   7,         -1) /* ContainersCapacity */
     , (2000305,   8,        120) /* Mass */
     , (2000305,  16,         32) /* ItemUseable - Remote */
     , (2000305,  25,         15) /* Level */
     , (2000305,  27,          0) /* ArmorType - None */
     , (2000305,  93,    6292504) /* PhysicsState - ReportCollisions, IgnoreCollisions, Gravity, ReportCollisionsAsEnvironment, EdgeSlide */
     , (2000305,  95,          8) /* RadarBlipColor - Yellow */
     , (2000305, 113,          1) /* Gender - Male */
     , (2000305, 133,          4) /* ShowableOnRadar - ShowAlways */
     , (2000305, 134,         16) /* PlayerKillerStatus - RubberGlue */
     , (2000305, 146,        293) /* XpOverride */
     , (2000305, 188,          1) /* HeritageGroup - Aluvian */;

INSERT INTO `weenie_properties_bool` (`object_Id`, `type`, `value`)
VALUES (2000305,   1, True ) /* Stuck */
     , (2000305,   8, True ) /* AllowGive */
     , (2000305,  11, True ) /* IgnoreCollisions */
     , (2000305,  12, True ) /* ReportCollisions */
     , (2000305,  13, False) /* Ethereal */
     , (2000305,  14, True ) /* GravityStatus */
     , (2000305,  19, False) /* Attackable */
     , (2000305,  29, True ) /* NoCorpse */
     , (2000305,  41, True ) /* ReportCollisionsAsEnvironment */
     , (2000305,  42, True ) /* AllowEdgeSlide */
     , (2000305,  52, True ) /* AiImmobile */
     , (2000305,  79, True ) /* AiAcceptEverything */;

INSERT INTO `weenie_properties_float` (`object_Id`, `type`, `value`)
VALUES (2000305,   1,       5) /* HeartbeatInterval */
     , (2000305,   2,       0) /* HeartbeatTimestamp */
     , (2000305,   3, 0.159999996423721) /* HealthRate */
     , (2000305,   4,       5) /* StaminaRate */
     , (2000305,   5,       1) /* ManaRate */
     , (2000305,  13, 0.899999976158142) /* ArmorModVsSlash */
     , (2000305,  14,       1) /* ArmorModVsPierce */
     , (2000305,  15, 1.10000002384186) /* ArmorModVsBludgeon */
     , (2000305,  16, 0.400000005960464) /* ArmorModVsCold */
     , (2000305,  17, 0.400000005960464) /* ArmorModVsFire */
     , (2000305,  18,       1) /* ArmorModVsAcid */
     , (2000305,  19, 0.600000023841858) /* ArmorModVsElectric */
     , (2000305,  54,       3) /* UseRadius */
     , (2000305,  64,       1) /* ResistSlash */
     , (2000305,  65,       1) /* ResistPierce */
     , (2000305,  66,       1) /* ResistBludgeon */
     , (2000305,  67,       1) /* ResistFire */
     , (2000305,  68,       1) /* ResistCold */
     , (2000305,  69,       1) /* ResistAcid */
     , (2000305,  70,       1) /* ResistElectric */
     , (2000305,  71,       1) /* ResistHealthBoost */
     , (2000305,  72,       1) /* ResistStaminaDrain */
     , (2000305,  73,       1) /* ResistStaminaBoost */
     , (2000305,  74,       1) /* ResistManaDrain */
     , (2000305,  75,       1) /* ResistManaBoost */
     , (2000305, 104,      10) /* ObviousRadarRange */
     , (2000305, 125,       1) /* ResistHealthDrain */;

INSERT INTO `weenie_properties_string` (`object_Id`, `type`, `value`)
VALUES (2000305,   1, 'Townfolk') /* Name */
     , (2000305,   3, 'Male') /* Sex */
     , (2000305,   4, 'Aluvian') /* HeritageGroup */;

INSERT INTO `weenie_properties_d_i_d` (`object_Id`, `type`, `value`)
VALUES (2000305,   1,   33554433) /* Setup */
     , (2000305,   2,  150994945) /* MotionTable */
     , (2000305,   3,  536870913) /* SoundTable */
     , (2000305,   4,  805306368) /* CombatTable */
     , (2000305,   6,   67108990) /* PaletteBase */
     , (2000305,   8,  100667446) /* Icon */
     , (2000305,   9,   83890437) /* EyesTexture */
     , (2000305,  10,   83890521) /* NoseTexture */
     , (2000305,  11,   83890627) /* MouthTexture */
     , (2000305,  15,   67116978) /* HairPalette */
     , (2000305,  16,   67109564) /* EyesPalette */
     , (2000305,  17,   67109558) /* SkinPalette */;

INSERT INTO `weenie_properties_attribute` (`object_Id`, `type`, `init_Level`, `level_From_C_P`, `c_P_Spent`)
VALUES (2000305,   1, 110, 0, 0) /* Strength */
     , (2000305,   2, 120, 0, 0) /* Endurance */
     , (2000305,   3, 120, 0, 0) /* Quickness */
     , (2000305,   4, 120, 0, 0) /* Coordination */
     , (2000305,   5, 100, 0, 0) /* Focus */
     , (2000305,   6, 100, 0, 0) /* Self */;

INSERT INTO `weenie_properties_attribute_2nd` (`object_Id`, `type`, `init_Level`, `level_From_C_P`, `c_P_Spent`, `current_Level`)
VALUES (2000305,   1,     0, 0, 0, 60) /* MaxHealth */
     , (2000305,   3,     0, 0, 0, 120) /* MaxStamina */
     , (2000305,   5,     0, 0, 0, 100) /* MaxMana */;

INSERT INTO `weenie_properties_skill` (`object_Id`, `type`, `level_From_P_P`, `s_a_c`, `p_p`, `init_Level`, `resistance_At_Last_Check`, `last_Used_Time`)
VALUES (2000305,  6, 0, 2, 0,   1, 0, 0) /* MeleeDefense        Trained */
     , (2000305,  7, 0, 2, 0,   1, 0, 0) /* MissileDefense      Trained */
     , (2000305, 13, 0, 2, 0,   1, 0, 0) /* UnarmedCombat       Trained */;

INSERT INTO `weenie_properties_body_part` (`object_Id`, `key`, `d_Type`, `d_Val`, `d_Var`, `base_Armor`, `armor_Vs_Slash`, `armor_Vs_Pierce`, `armor_Vs_Bludgeon`, `armor_Vs_Cold`, `armor_Vs_Fire`, `armor_Vs_Acid`, `armor_Vs_Electric`, `armor_Vs_Nether`, `b_h`, `h_l_f`, `m_l_f`, `l_l_f`, `h_r_f`, `m_r_f`, `l_r_f`, `h_l_b`, `m_l_b`, `l_l_b`, `h_r_b`, `m_r_b`, `l_r_b`)
VALUES (2000305,  0,  4,  0,    0,    0,    0,    0,    0,    0,    0,    0,    0,    0, 1, 0.33,    0,    0, 0.33,    0,    0, 0.33,    0,    0, 0.33,    0,    0) /* Head */
     , (2000305,  1,  4,  0,    0,    0,    0,    0,    0,    0,    0,    0,    0,    0, 2, 0.44, 0.17,    0, 0.44, 0.17,    0, 0.44, 0.17,    0, 0.44, 0.17,    0) /* Chest */
     , (2000305,  2,  4,  0,    0,    0,    0,    0,    0,    0,    0,    0,    0,    0, 3,    0, 0.17,    0,    0, 0.17,    0,    0, 0.17,    0,    0, 0.17,    0) /* Abdomen */
     , (2000305,  3,  4,  0,    0,    0,    0,    0,    0,    0,    0,    0,    0,    0, 1, 0.23, 0.03,    0, 0.23, 0.03,    0, 0.23, 0.03,    0, 0.23, 0.03,    0) /* UpperArm */
     , (2000305,  4,  4,  0,    0,    0,    0,    0,    0,    0,    0,    0,    0,    0, 2,    0,  0.3,    0,    0,  0.3,    0,    0,  0.3,    0,    0,  0.3,    0) /* LowerArm */
     , (2000305,  5,  4,  2, 0.75,    0,    0,    0,    0,    0,    0,    0,    0,    0, 2,    0,  0.2,    0,    0,  0.2,    0,    0,  0.2,    0,    0,  0.2,    0) /* Hand */
     , (2000305,  6,  4,  0,    0,    0,    0,    0,    0,    0,    0,    0,    0,    0, 3,    0, 0.13, 0.18,    0, 0.13, 0.18,    0, 0.13, 0.18,    0, 0.13, 0.18) /* UpperLeg */
     , (2000305,  7,  4,  0,    0,    0,    0,    0,    0,    0,    0,    0,    0,    0, 3,    0,    0,  0.6,    0,    0,  0.6,    0,    0,  0.6,    0,    0,  0.6) /* LowerLeg */
     , (2000305,  8,  4,  2, 0.75,    0,    0,    0,    0,    0,    0,    0,    0,    0, 3,    0,    0, 0.22,    0,    0, 0.22,    0,    0, 0.22,    0,    0, 0.22) /* Foot */;

INSERT INTO `weenie_properties_emote` (`object_Id`, `category`, `probability`, `weenie_Class_Id`, `style`, `substyle`, `quest`, `vendor_Type`, `min_Health`, `max_Health`)
VALUES (2000305,  7 /* Use */,      1, NULL, NULL, NULL, NULL, NULL, NULL, NULL);

SET @parent_id = LAST_INSERT_ID();

INSERT INTO `weenie_properties_emote_action` (`emote_Id`, `order`, `type`, `delay`, `extent`, `motion`, `message`, `test_String`, `min`, `max`, `min_64`, `max_64`, `min_Dbl`, `max_Dbl`, `stat`, `display`, `amount`, `amount_64`, `hero_X_P_64`, `percent`, `spell_Id`, `wealth_Rating`, `treasure_Class`, `treasure_Type`, `p_Script`, `sound`, `destination_Type`, `weenie_Class_Id`, `stack_Size`, `palette`, `shade`, `try_To_Bond`, `obj_Cell_Id`, `origin_X`, `origin_Y`, `origin_Z`, `angles_W`, `angles_X`, `angles_Y`, `angles_Z`)
VALUES (@parent_id,  0,  10 /* Tell */, 1.5, 1, NULL, 'We will get this town rebuilt to it''s former glory, Just might take time.', NULL, NULL, NULL, NULL, NULL, NULL, NULL, NULL, NULL, NULL, NULL, NULL, NULL, NULL, NULL, NULL, NULL, NULL, NULL, NULL, NULL, NULL, NULL, NULL, NULL, NULL, NULL, NULL, NULL, NULL, NULL, NULL, NULL);

INSERT INTO `weenie_properties_create_list` (`object_Id`, `destination_Type`, `weenie_Class_Id`, `stack_Size`, `palette`, `shade`, `try_To_Bond`)
VALUES (2000305, 2,  2588,  0, 93, 1, False) /* Create Shirt (2588) for Wield */
     , (2000305, 2,  2597,  0, 86, 1, False) /* Create Pants (2597) for Wield */;

DELETE FROM `weenie` WHERE `class_Id` = 2000306;

INSERT INTO `weenie` (`class_Id`, `class_Name`, `type`, `last_Modified`)
VALUES (2000306, 'ace2000306-townfolk', 10, '2019-09-24 03:42:44') /* Creature */;

INSERT INTO `weenie_properties_int` (`object_Id`, `type`, `value`)
VALUES (2000306,   1,         16) /* ItemType - Creature */
     , (2000306,   2,         31) /* CreatureType - Human */
     , (2000306,   6,         -1) /* ItemsCapacity */
     , (2000306,   7,         -1) /* ContainersCapacity */
     , (2000306,   8,        120) /* Mass */
     , (2000306,  16,         32) /* ItemUseable - Remote */
     , (2000306,  25,         15) /* Level */
     , (2000306,  27,          0) /* ArmorType - None */
     , (2000306,  93,    6292504) /* PhysicsState - ReportCollisions, IgnoreCollisions, Gravity, ReportCollisionsAsEnvironment, EdgeSlide */
     , (2000306,  95,          8) /* RadarBlipColor - Yellow */
     , (2000306, 113,          1) /* Gender - Male */
     , (2000306, 133,          4) /* ShowableOnRadar - ShowAlways */
     , (2000306, 134,         16) /* PlayerKillerStatus - RubberGlue */
     , (2000306, 146,        293) /* XpOverride */
     , (2000306, 188,          1) /* HeritageGroup - Aluvian */;

INSERT INTO `weenie_properties_bool` (`object_Id`, `type`, `value`)
VALUES (2000306,   1, True ) /* Stuck */
     , (2000306,   8, True ) /* AllowGive */
     , (2000306,  11, True ) /* IgnoreCollisions */
     , (2000306,  12, True ) /* ReportCollisions */
     , (2000306,  13, False) /* Ethereal */
     , (2000306,  14, True ) /* GravityStatus */
     , (2000306,  19, False) /* Attackable */
     , (2000306,  29, True ) /* NoCorpse */
     , (2000306,  41, True ) /* ReportCollisionsAsEnvironment */
     , (2000306,  42, True ) /* AllowEdgeSlide */
     , (2000306,  52, True ) /* AiImmobile */
     , (2000306,  79, True ) /* AiAcceptEverything */;

INSERT INTO `weenie_properties_float` (`object_Id`, `type`, `value`)
VALUES (2000306,   1,       5) /* HeartbeatInterval */
     , (2000306,   2,       0) /* HeartbeatTimestamp */
     , (2000306,   3, 0.159999996423721) /* HealthRate */
     , (2000306,   4,       5) /* StaminaRate */
     , (2000306,   5,       1) /* ManaRate */
     , (2000306,  13, 0.899999976158142) /* ArmorModVsSlash */
     , (2000306,  14,       1) /* ArmorModVsPierce */
     , (2000306,  15, 1.10000002384186) /* ArmorModVsBludgeon */
     , (2000306,  16, 0.400000005960464) /* ArmorModVsCold */
     , (2000306,  17, 0.400000005960464) /* ArmorModVsFire */
     , (2000306,  18,       1) /* ArmorModVsAcid */
     , (2000306,  19, 0.600000023841858) /* ArmorModVsElectric */
     , (2000306,  54,       3) /* UseRadius */
     , (2000306,  64,       1) /* ResistSlash */
     , (2000306,  65,       1) /* ResistPierce */
     , (2000306,  66,       1) /* ResistBludgeon */
     , (2000306,  67,       1) /* ResistFire */
     , (2000306,  68,       1) /* ResistCold */
     , (2000306,  69,       1) /* ResistAcid */
     , (2000306,  70,       1) /* ResistElectric */
     , (2000306,  71,       1) /* ResistHealthBoost */
     , (2000306,  72,       1) /* ResistStaminaDrain */
     , (2000306,  73,       1) /* ResistStaminaBoost */
     , (2000306,  74,       1) /* ResistManaDrain */
     , (2000306,  75,       1) /* ResistManaBoost */
     , (2000306, 104,      10) /* ObviousRadarRange */
     , (2000306, 125,       1) /* ResistHealthDrain */;

INSERT INTO `weenie_properties_string` (`object_Id`, `type`, `value`)
VALUES (2000306,   1, 'Townfolk') /* Name */
     , (2000306,   3, 'Male') /* Sex */
     , (2000306,   4, 'Aluvian') /* HeritageGroup */;

INSERT INTO `weenie_properties_d_i_d` (`object_Id`, `type`, `value`)
VALUES (2000306,   1,   33554433) /* Setup */
     , (2000306,   2,  150994945) /* MotionTable */
     , (2000306,   3,  536870913) /* SoundTable */
     , (2000306,   4,  805306368) /* CombatTable */
     , (2000306,   6,   67108990) /* PaletteBase */
     , (2000306,   8,  100667446) /* Icon */
     , (2000306,   9,   83890437) /* EyesTexture */
     , (2000306,  10,   83890521) /* NoseTexture */
     , (2000306,  11,   83890627) /* MouthTexture */
     , (2000306,  15,   67116978) /* HairPalette */
     , (2000306,  16,   67109564) /* EyesPalette */
     , (2000306,  17,   67109558) /* SkinPalette */;

INSERT INTO `weenie_properties_attribute` (`object_Id`, `type`, `init_Level`, `level_From_C_P`, `c_P_Spent`)
VALUES (2000306,   1, 110, 0, 0) /* Strength */
     , (2000306,   2, 120, 0, 0) /* Endurance */
     , (2000306,   3, 120, 0, 0) /* Quickness */
     , (2000306,   4, 120, 0, 0) /* Coordination */
     , (2000306,   5, 100, 0, 0) /* Focus */
     , (2000306,   6, 100, 0, 0) /* Self */;

INSERT INTO `weenie_properties_attribute_2nd` (`object_Id`, `type`, `init_Level`, `level_From_C_P`, `c_P_Spent`, `current_Level`)
VALUES (2000306,   1,     0, 0, 0, 60) /* MaxHealth */
     , (2000306,   3,     0, 0, 0, 120) /* MaxStamina */
     , (2000306,   5,     0, 0, 0, 100) /* MaxMana */;

INSERT INTO `weenie_properties_skill` (`object_Id`, `type`, `level_From_P_P`, `s_a_c`, `p_p`, `init_Level`, `resistance_At_Last_Check`, `last_Used_Time`)
VALUES (2000306,  6, 0, 2, 0,   1, 0, 0) /* MeleeDefense        Trained */
     , (2000306,  7, 0, 2, 0,   1, 0, 0) /* MissileDefense      Trained */
     , (2000306, 13, 0, 2, 0,   1, 0, 0) /* UnarmedCombat       Trained */;

INSERT INTO `weenie_properties_body_part` (`object_Id`, `key`, `d_Type`, `d_Val`, `d_Var`, `base_Armor`, `armor_Vs_Slash`, `armor_Vs_Pierce`, `armor_Vs_Bludgeon`, `armor_Vs_Cold`, `armor_Vs_Fire`, `armor_Vs_Acid`, `armor_Vs_Electric`, `armor_Vs_Nether`, `b_h`, `h_l_f`, `m_l_f`, `l_l_f`, `h_r_f`, `m_r_f`, `l_r_f`, `h_l_b`, `m_l_b`, `l_l_b`, `h_r_b`, `m_r_b`, `l_r_b`)
VALUES (2000306,  0,  4,  0,    0,    0,    0,    0,    0,    0,    0,    0,    0,    0, 1, 0.33,    0,    0, 0.33,    0,    0, 0.33,    0,    0, 0.33,    0,    0) /* Head */
     , (2000306,  1,  4,  0,    0,    0,    0,    0,    0,    0,    0,    0,    0,    0, 2, 0.44, 0.17,    0, 0.44, 0.17,    0, 0.44, 0.17,    0, 0.44, 0.17,    0) /* Chest */
     , (2000306,  2,  4,  0,    0,    0,    0,    0,    0,    0,    0,    0,    0,    0, 3,    0, 0.17,    0,    0, 0.17,    0,    0, 0.17,    0,    0, 0.17,    0) /* Abdomen */
     , (2000306,  3,  4,  0,    0,    0,    0,    0,    0,    0,    0,    0,    0,    0, 1, 0.23, 0.03,    0, 0.23, 0.03,    0, 0.23, 0.03,    0, 0.23, 0.03,    0) /* UpperArm */
     , (2000306,  4,  4,  0,    0,    0,    0,    0,    0,    0,    0,    0,    0,    0, 2,    0,  0.3,    0,    0,  0.3,    0,    0,  0.3,    0,    0,  0.3,    0) /* LowerArm */
     , (2000306,  5,  4,  2, 0.75,    0,    0,    0,    0,    0,    0,    0,    0,    0, 2,    0,  0.2,    0,    0,  0.2,    0,    0,  0.2,    0,    0,  0.2,    0) /* Hand */
     , (2000306,  6,  4,  0,    0,    0,    0,    0,    0,    0,    0,    0,    0,    0, 3,    0, 0.13, 0.18,    0, 0.13, 0.18,    0, 0.13, 0.18,    0, 0.13, 0.18) /* UpperLeg */
     , (2000306,  7,  4,  0,    0,    0,    0,    0,    0,    0,    0,    0,    0,    0, 3,    0,    0,  0.6,    0,    0,  0.6,    0,    0,  0.6,    0,    0,  0.6) /* LowerLeg */
     , (2000306,  8,  4,  2, 0.75,    0,    0,    0,    0,    0,    0,    0,    0,    0, 3,    0,    0, 0.22,    0,    0, 0.22,    0,    0, 0.22,    0,    0, 0.22) /* Foot */;

INSERT INTO `weenie_properties_emote` (`object_Id`, `category`, `probability`, `weenie_Class_Id`, `style`, `substyle`, `quest`, `vendor_Type`, `min_Health`, `max_Health`)
VALUES (2000306,  7 /* Use */,      1, NULL, NULL, NULL, NULL, NULL, NULL, NULL);

SET @parent_id = LAST_INSERT_ID();

INSERT INTO `weenie_properties_emote_action` (`emote_Id`, `order`, `type`, `delay`, `extent`, `motion`, `message`, `test_String`, `min`, `max`, `min_64`, `max_64`, `min_Dbl`, `max_Dbl`, `stat`, `display`, `amount`, `amount_64`, `hero_X_P_64`, `percent`, `spell_Id`, `wealth_Rating`, `treasure_Class`, `treasure_Type`, `p_Script`, `sound`, `destination_Type`, `weenie_Class_Id`, `stack_Size`, `palette`, `shade`, `try_To_Bond`, `obj_Cell_Id`, `origin_X`, `origin_Y`, `origin_Z`, `angles_W`, `angles_X`, `angles_Y`, `angles_Z`)
VALUES (@parent_id,  0,  10 /* Tell */, 1.5, 1, NULL, 'I miss cragstone. It''s nice here but it''s just not quite home.', NULL, NULL, NULL, NULL, NULL, NULL, NULL, NULL, NULL, NULL, NULL, NULL, NULL, NULL, NULL, NULL, NULL, NULL, NULL, NULL, NULL, NULL, NULL, NULL, NULL, NULL, NULL, NULL, NULL, NULL, NULL, NULL, NULL);

INSERT INTO `weenie_properties_create_list` (`object_Id`, `destination_Type`, `weenie_Class_Id`, `stack_Size`, `palette`, `shade`, `try_To_Bond`)
VALUES (2000306, 2,  2588,  0, 91, 1, False) /* Create Shirt (2588) for Wield */
     , (2000306, 2, 26452,  0, 86, 1, False) /* Create Bathrobe (26452) for Wield */;

DELETE FROM `weenie` WHERE `class_Id` = 2000307;

INSERT INTO `weenie` (`class_Id`, `class_Name`, `type`, `last_Modified`)
VALUES (2000307, 'ace2000307-townfolk', 10, '2019-09-24 03:42:45') /* Creature */;

INSERT INTO `weenie_properties_int` (`object_Id`, `type`, `value`)
VALUES (2000307,   1,         16) /* ItemType - Creature */
     , (2000307,   2,         31) /* CreatureType - Human */
     , (2000307,   6,         -1) /* ItemsCapacity */
     , (2000307,   7,         -1) /* ContainersCapacity */
     , (2000307,   8,        120) /* Mass */
     , (2000307,  16,         32) /* ItemUseable - Remote */
     , (2000307,  25,         15) /* Level */
     , (2000307,  27,          0) /* ArmorType - None */
     , (2000307,  93,    6292504) /* PhysicsState - ReportCollisions, IgnoreCollisions, Gravity, ReportCollisionsAsEnvironment, EdgeSlide */
     , (2000307,  95,          8) /* RadarBlipColor - Yellow */
     , (2000307, 113,          1) /* Gender - Male */
     , (2000307, 133,          4) /* ShowableOnRadar - ShowAlways */
     , (2000307, 134,         16) /* PlayerKillerStatus - RubberGlue */
     , (2000307, 146,        293) /* XpOverride */
     , (2000307, 188,          1) /* HeritageGroup - Aluvian */;

INSERT INTO `weenie_properties_bool` (`object_Id`, `type`, `value`)
VALUES (2000307,   1, True ) /* Stuck */
     , (2000307,   8, True ) /* AllowGive */
     , (2000307,  11, True ) /* IgnoreCollisions */
     , (2000307,  12, True ) /* ReportCollisions */
     , (2000307,  13, False) /* Ethereal */
     , (2000307,  14, True ) /* GravityStatus */
     , (2000307,  19, False) /* Attackable */
     , (2000307,  29, True ) /* NoCorpse */
     , (2000307,  41, True ) /* ReportCollisionsAsEnvironment */
     , (2000307,  42, True ) /* AllowEdgeSlide */
     , (2000307,  52, True ) /* AiImmobile */
     , (2000307,  79, True ) /* AiAcceptEverything */;

INSERT INTO `weenie_properties_float` (`object_Id`, `type`, `value`)
VALUES (2000307,   1,       5) /* HeartbeatInterval */
     , (2000307,   2,       0) /* HeartbeatTimestamp */
     , (2000307,   3, 0.159999996423721) /* HealthRate */
     , (2000307,   4,       5) /* StaminaRate */
     , (2000307,   5,       1) /* ManaRate */
     , (2000307,  13, 0.899999976158142) /* ArmorModVsSlash */
     , (2000307,  14,       1) /* ArmorModVsPierce */
     , (2000307,  15, 1.10000002384186) /* ArmorModVsBludgeon */
     , (2000307,  16, 0.400000005960464) /* ArmorModVsCold */
     , (2000307,  17, 0.400000005960464) /* ArmorModVsFire */
     , (2000307,  18,       1) /* ArmorModVsAcid */
     , (2000307,  19, 0.600000023841858) /* ArmorModVsElectric */
     , (2000307,  54,       3) /* UseRadius */
     , (2000307,  64,       1) /* ResistSlash */
     , (2000307,  65,       1) /* ResistPierce */
     , (2000307,  66,       1) /* ResistBludgeon */
     , (2000307,  67,       1) /* ResistFire */
     , (2000307,  68,       1) /* ResistCold */
     , (2000307,  69,       1) /* ResistAcid */
     , (2000307,  70,       1) /* ResistElectric */
     , (2000307,  71,       1) /* ResistHealthBoost */
     , (2000307,  72,       1) /* ResistStaminaDrain */
     , (2000307,  73,       1) /* ResistStaminaBoost */
     , (2000307,  74,       1) /* ResistManaDrain */
     , (2000307,  75,       1) /* ResistManaBoost */
     , (2000307, 104,      10) /* ObviousRadarRange */
     , (2000307, 125,       1) /* ResistHealthDrain */;

INSERT INTO `weenie_properties_string` (`object_Id`, `type`, `value`)
VALUES (2000307,   1, 'Townfolk') /* Name */
     , (2000307,   3, 'Male') /* Sex */
     , (2000307,   4, 'Aluvian') /* HeritageGroup */;

INSERT INTO `weenie_properties_d_i_d` (`object_Id`, `type`, `value`)
VALUES (2000307,   1,   33554433) /* Setup */
     , (2000307,   2,  150994945) /* MotionTable */
     , (2000307,   3,  536870913) /* SoundTable */
     , (2000307,   4,  805306368) /* CombatTable */
     , (2000307,   6,   67108990) /* PaletteBase */
     , (2000307,   8,  100667446) /* Icon */
     , (2000307,   9,   83890437) /* EyesTexture */
     , (2000307,  10,   83890521) /* NoseTexture */
     , (2000307,  11,   83890627) /* MouthTexture */
     , (2000307,  15,   67116978) /* HairPalette */
     , (2000307,  16,   67109564) /* EyesPalette */
     , (2000307,  17,   67109558) /* SkinPalette */;

INSERT INTO `weenie_properties_attribute` (`object_Id`, `type`, `init_Level`, `level_From_C_P`, `c_P_Spent`)
VALUES (2000307,   1, 110, 0, 0) /* Strength */
     , (2000307,   2, 120, 0, 0) /* Endurance */
     , (2000307,   3, 120, 0, 0) /* Quickness */
     , (2000307,   4, 120, 0, 0) /* Coordination */
     , (2000307,   5, 100, 0, 0) /* Focus */
     , (2000307,   6, 100, 0, 0) /* Self */;

INSERT INTO `weenie_properties_attribute_2nd` (`object_Id`, `type`, `init_Level`, `level_From_C_P`, `c_P_Spent`, `current_Level`)
VALUES (2000307,   1,     0, 0, 0, 60) /* MaxHealth */
     , (2000307,   3,     0, 0, 0, 120) /* MaxStamina */
     , (2000307,   5,     0, 0, 0, 100) /* MaxMana */;

INSERT INTO `weenie_properties_skill` (`object_Id`, `type`, `level_From_P_P`, `s_a_c`, `p_p`, `init_Level`, `resistance_At_Last_Check`, `last_Used_Time`)
VALUES (2000307,  6, 0, 2, 0,   1, 0, 0) /* MeleeDefense        Trained */
     , (2000307,  7, 0, 2, 0,   1, 0, 0) /* MissileDefense      Trained */
     , (2000307, 13, 0, 2, 0,   1, 0, 0) /* UnarmedCombat       Trained */;

INSERT INTO `weenie_properties_body_part` (`object_Id`, `key`, `d_Type`, `d_Val`, `d_Var`, `base_Armor`, `armor_Vs_Slash`, `armor_Vs_Pierce`, `armor_Vs_Bludgeon`, `armor_Vs_Cold`, `armor_Vs_Fire`, `armor_Vs_Acid`, `armor_Vs_Electric`, `armor_Vs_Nether`, `b_h`, `h_l_f`, `m_l_f`, `l_l_f`, `h_r_f`, `m_r_f`, `l_r_f`, `h_l_b`, `m_l_b`, `l_l_b`, `h_r_b`, `m_r_b`, `l_r_b`)
VALUES (2000307,  0,  4,  0,    0,    0,    0,    0,    0,    0,    0,    0,    0,    0, 1, 0.33,    0,    0, 0.33,    0,    0, 0.33,    0,    0, 0.33,    0,    0) /* Head */
     , (2000307,  1,  4,  0,    0,    0,    0,    0,    0,    0,    0,    0,    0,    0, 2, 0.44, 0.17,    0, 0.44, 0.17,    0, 0.44, 0.17,    0, 0.44, 0.17,    0) /* Chest */
     , (2000307,  2,  4,  0,    0,    0,    0,    0,    0,    0,    0,    0,    0,    0, 3,    0, 0.17,    0,    0, 0.17,    0,    0, 0.17,    0,    0, 0.17,    0) /* Abdomen */
     , (2000307,  3,  4,  0,    0,    0,    0,    0,    0,    0,    0,    0,    0,    0, 1, 0.23, 0.03,    0, 0.23, 0.03,    0, 0.23, 0.03,    0, 0.23, 0.03,    0) /* UpperArm */
     , (2000307,  4,  4,  0,    0,    0,    0,    0,    0,    0,    0,    0,    0,    0, 2,    0,  0.3,    0,    0,  0.3,    0,    0,  0.3,    0,    0,  0.3,    0) /* LowerArm */
     , (2000307,  5,  4,  2, 0.75,    0,    0,    0,    0,    0,    0,    0,    0,    0, 2,    0,  0.2,    0,    0,  0.2,    0,    0,  0.2,    0,    0,  0.2,    0) /* Hand */
     , (2000307,  6,  4,  0,    0,    0,    0,    0,    0,    0,    0,    0,    0,    0, 3,    0, 0.13, 0.18,    0, 0.13, 0.18,    0, 0.13, 0.18,    0, 0.13, 0.18) /* UpperLeg */
     , (2000307,  7,  4,  0,    0,    0,    0,    0,    0,    0,    0,    0,    0,    0, 3,    0,    0,  0.6,    0,    0,  0.6,    0,    0,  0.6,    0,    0,  0.6) /* LowerLeg */
     , (2000307,  8,  4,  2, 0.75,    0,    0,    0,    0,    0,    0,    0,    0,    0, 3,    0,    0, 0.22,    0,    0, 0.22,    0,    0, 0.22,    0,    0, 0.22) /* Foot */;

INSERT INTO `weenie_properties_emote` (`object_Id`, `category`, `probability`, `weenie_Class_Id`, `style`, `substyle`, `quest`, `vendor_Type`, `min_Health`, `max_Health`)
VALUES (2000307,  7 /* Use */,      1, NULL, NULL, NULL, NULL, NULL, NULL, NULL);

SET @parent_id = LAST_INSERT_ID();

INSERT INTO `weenie_properties_emote_action` (`emote_Id`, `order`, `type`, `delay`, `extent`, `motion`, `message`, `test_String`, `min`, `max`, `min_64`, `max_64`, `min_Dbl`, `max_Dbl`, `stat`, `display`, `amount`, `amount_64`, `hero_X_P_64`, `percent`, `spell_Id`, `wealth_Rating`, `treasure_Class`, `treasure_Type`, `p_Script`, `sound`, `destination_Type`, `weenie_Class_Id`, `stack_Size`, `palette`, `shade`, `try_To_Bond`, `obj_Cell_Id`, `origin_X`, `origin_Y`, `origin_Z`, `angles_W`, `angles_X`, `angles_Y`, `angles_Z`)
VALUES (@parent_id,  0,  10 /* Tell */, 1.5, 1, NULL, 'A group of adventurers visiting Arebax''s citadel has not returned, I worry for them.', NULL, NULL, NULL, NULL, NULL, NULL, NULL, NULL, NULL, NULL, NULL, NULL, NULL, NULL, NULL, NULL, NULL, NULL, NULL, NULL, NULL, NULL, NULL, NULL, NULL, NULL, NULL, NULL, NULL, NULL, NULL, NULL, NULL);

INSERT INTO `weenie_properties_create_list` (`object_Id`, `destination_Type`, `weenie_Class_Id`, `stack_Size`, `palette`, `shade`, `try_To_Bond`)
VALUES (2000307, 2, 26452,  0, 91, 1, False) /* Create Bathrobe (26452) for Wield */
     , (2000307, 2,  2597,  0, 86, 1, False) /* Create Pants (2597) for Wield */;

DELETE FROM `weenie` WHERE `class_Id` = 2000308;

INSERT INTO `weenie` (`class_Id`, `class_Name`, `type`, `last_Modified`)
VALUES (2000308, 'ace2000308-townfolk', 10, '2019-09-24 03:42:47') /* Creature */;

INSERT INTO `weenie_properties_int` (`object_Id`, `type`, `value`)
VALUES (2000308,   1,         16) /* ItemType - Creature */
     , (2000308,   2,         31) /* CreatureType - Human */
     , (2000308,   6,         -1) /* ItemsCapacity */
     , (2000308,   7,         -1) /* ContainersCapacity */
     , (2000308,   8,        120) /* Mass */
     , (2000308,  16,         32) /* ItemUseable - Remote */
     , (2000308,  25,         15) /* Level */
     , (2000308,  27,          0) /* ArmorType - None */
     , (2000308,  93,    6292504) /* PhysicsState - ReportCollisions, IgnoreCollisions, Gravity, ReportCollisionsAsEnvironment, EdgeSlide */
     , (2000308,  95,          8) /* RadarBlipColor - Yellow */
     , (2000308, 113,          1) /* Gender - Male */
     , (2000308, 133,          4) /* ShowableOnRadar - ShowAlways */
     , (2000308, 134,         16) /* PlayerKillerStatus - RubberGlue */
     , (2000308, 146,        293) /* XpOverride */
     , (2000308, 188,          1) /* HeritageGroup - Aluvian */;

INSERT INTO `weenie_properties_bool` (`object_Id`, `type`, `value`)
VALUES (2000308,   1, True ) /* Stuck */
     , (2000308,   8, True ) /* AllowGive */
     , (2000308,  11, True ) /* IgnoreCollisions */
     , (2000308,  12, True ) /* ReportCollisions */
     , (2000308,  13, False) /* Ethereal */
     , (2000308,  14, True ) /* GravityStatus */
     , (2000308,  19, False) /* Attackable */
     , (2000308,  29, True ) /* NoCorpse */
     , (2000308,  41, True ) /* ReportCollisionsAsEnvironment */
     , (2000308,  42, True ) /* AllowEdgeSlide */
     , (2000308,  52, True ) /* AiImmobile */
     , (2000308,  79, True ) /* AiAcceptEverything */;

INSERT INTO `weenie_properties_float` (`object_Id`, `type`, `value`)
VALUES (2000308,   1,       5) /* HeartbeatInterval */
     , (2000308,   2,       0) /* HeartbeatTimestamp */
     , (2000308,   3, 0.159999996423721) /* HealthRate */
     , (2000308,   4,       5) /* StaminaRate */
     , (2000308,   5,       1) /* ManaRate */
     , (2000308,  13, 0.899999976158142) /* ArmorModVsSlash */
     , (2000308,  14,       1) /* ArmorModVsPierce */
     , (2000308,  15, 1.10000002384186) /* ArmorModVsBludgeon */
     , (2000308,  16, 0.400000005960464) /* ArmorModVsCold */
     , (2000308,  17, 0.400000005960464) /* ArmorModVsFire */
     , (2000308,  18,       1) /* ArmorModVsAcid */
     , (2000308,  19, 0.600000023841858) /* ArmorModVsElectric */
     , (2000308,  54,       3) /* UseRadius */
     , (2000308,  64,       1) /* ResistSlash */
     , (2000308,  65,       1) /* ResistPierce */
     , (2000308,  66,       1) /* ResistBludgeon */
     , (2000308,  67,       1) /* ResistFire */
     , (2000308,  68,       1) /* ResistCold */
     , (2000308,  69,       1) /* ResistAcid */
     , (2000308,  70,       1) /* ResistElectric */
     , (2000308,  71,       1) /* ResistHealthBoost */
     , (2000308,  72,       1) /* ResistStaminaDrain */
     , (2000308,  73,       1) /* ResistStaminaBoost */
     , (2000308,  74,       1) /* ResistManaDrain */
     , (2000308,  75,       1) /* ResistManaBoost */
     , (2000308, 104,      10) /* ObviousRadarRange */
     , (2000308, 125,       1) /* ResistHealthDrain */;

INSERT INTO `weenie_properties_string` (`object_Id`, `type`, `value`)
VALUES (2000308,   1, 'Townfolk') /* Name */
     , (2000308,   3, 'Male') /* Sex */
     , (2000308,   4, 'Aluvian') /* HeritageGroup */;

INSERT INTO `weenie_properties_d_i_d` (`object_Id`, `type`, `value`)
VALUES (2000308,   1,   33554433) /* Setup */
     , (2000308,   2,  150994945) /* MotionTable */
     , (2000308,   3,  536870913) /* SoundTable */
     , (2000308,   4,  805306368) /* CombatTable */
     , (2000308,   6,   67108990) /* PaletteBase */
     , (2000308,   8,  100667446) /* Icon */
     , (2000308,   9,   83890437) /* EyesTexture */
     , (2000308,  10,   83890521) /* NoseTexture */
     , (2000308,  11,   83890627) /* MouthTexture */
     , (2000308,  15,   67116978) /* HairPalette */
     , (2000308,  16,   67109564) /* EyesPalette */
     , (2000308,  17,   67109558) /* SkinPalette */;

INSERT INTO `weenie_properties_attribute` (`object_Id`, `type`, `init_Level`, `level_From_C_P`, `c_P_Spent`)
VALUES (2000308,   1, 110, 0, 0) /* Strength */
     , (2000308,   2, 120, 0, 0) /* Endurance */
     , (2000308,   3, 120, 0, 0) /* Quickness */
     , (2000308,   4, 120, 0, 0) /* Coordination */
     , (2000308,   5, 100, 0, 0) /* Focus */
     , (2000308,   6, 100, 0, 0) /* Self */;

INSERT INTO `weenie_properties_attribute_2nd` (`object_Id`, `type`, `init_Level`, `level_From_C_P`, `c_P_Spent`, `current_Level`)
VALUES (2000308,   1,     0, 0, 0, 60) /* MaxHealth */
     , (2000308,   3,     0, 0, 0, 120) /* MaxStamina */
     , (2000308,   5,     0, 0, 0, 100) /* MaxMana */;

INSERT INTO `weenie_properties_skill` (`object_Id`, `type`, `level_From_P_P`, `s_a_c`, `p_p`, `init_Level`, `resistance_At_Last_Check`, `last_Used_Time`)
VALUES (2000308,  6, 0, 2, 0,   1, 0, 0) /* MeleeDefense        Trained */
     , (2000308,  7, 0, 2, 0,   1, 0, 0) /* MissileDefense      Trained */
     , (2000308, 13, 0, 2, 0,   1, 0, 0) /* UnarmedCombat       Trained */;

INSERT INTO `weenie_properties_body_part` (`object_Id`, `key`, `d_Type`, `d_Val`, `d_Var`, `base_Armor`, `armor_Vs_Slash`, `armor_Vs_Pierce`, `armor_Vs_Bludgeon`, `armor_Vs_Cold`, `armor_Vs_Fire`, `armor_Vs_Acid`, `armor_Vs_Electric`, `armor_Vs_Nether`, `b_h`, `h_l_f`, `m_l_f`, `l_l_f`, `h_r_f`, `m_r_f`, `l_r_f`, `h_l_b`, `m_l_b`, `l_l_b`, `h_r_b`, `m_r_b`, `l_r_b`)
VALUES (2000308,  0,  4,  0,    0,    0,    0,    0,    0,    0,    0,    0,    0,    0, 1, 0.33,    0,    0, 0.33,    0,    0, 0.33,    0,    0, 0.33,    0,    0) /* Head */
     , (2000308,  1,  4,  0,    0,    0,    0,    0,    0,    0,    0,    0,    0,    0, 2, 0.44, 0.17,    0, 0.44, 0.17,    0, 0.44, 0.17,    0, 0.44, 0.17,    0) /* Chest */
     , (2000308,  2,  4,  0,    0,    0,    0,    0,    0,    0,    0,    0,    0,    0, 3,    0, 0.17,    0,    0, 0.17,    0,    0, 0.17,    0,    0, 0.17,    0) /* Abdomen */
     , (2000308,  3,  4,  0,    0,    0,    0,    0,    0,    0,    0,    0,    0,    0, 1, 0.23, 0.03,    0, 0.23, 0.03,    0, 0.23, 0.03,    0, 0.23, 0.03,    0) /* UpperArm */
     , (2000308,  4,  4,  0,    0,    0,    0,    0,    0,    0,    0,    0,    0,    0, 2,    0,  0.3,    0,    0,  0.3,    0,    0,  0.3,    0,    0,  0.3,    0) /* LowerArm */
     , (2000308,  5,  4,  2, 0.75,    0,    0,    0,    0,    0,    0,    0,    0,    0, 2,    0,  0.2,    0,    0,  0.2,    0,    0,  0.2,    0,    0,  0.2,    0) /* Hand */
     , (2000308,  6,  4,  0,    0,    0,    0,    0,    0,    0,    0,    0,    0,    0, 3,    0, 0.13, 0.18,    0, 0.13, 0.18,    0, 0.13, 0.18,    0, 0.13, 0.18) /* UpperLeg */
     , (2000308,  7,  4,  0,    0,    0,    0,    0,    0,    0,    0,    0,    0,    0, 3,    0,    0,  0.6,    0,    0,  0.6,    0,    0,  0.6,    0,    0,  0.6) /* LowerLeg */
     , (2000308,  8,  4,  2, 0.75,    0,    0,    0,    0,    0,    0,    0,    0,    0, 3,    0,    0, 0.22,    0,    0, 0.22,    0,    0, 0.22,    0,    0, 0.22) /* Foot */;

INSERT INTO `weenie_properties_emote` (`object_Id`, `category`, `probability`, `weenie_Class_Id`, `style`, `substyle`, `quest`, `vendor_Type`, `min_Health`, `max_Health`)
VALUES (2000308,  7 /* Use */,      1, NULL, NULL, NULL, NULL, NULL, NULL, NULL);

SET @parent_id = LAST_INSERT_ID();

INSERT INTO `weenie_properties_emote_action` (`emote_Id`, `order`, `type`, `delay`, `extent`, `motion`, `message`, `test_String`, `min`, `max`, `min_64`, `max_64`, `min_Dbl`, `max_Dbl`, `stat`, `display`, `amount`, `amount_64`, `hero_X_P_64`, `percent`, `spell_Id`, `wealth_Rating`, `treasure_Class`, `treasure_Type`, `p_Script`, `sound`, `destination_Type`, `weenie_Class_Id`, `stack_Size`, `palette`, `shade`, `try_To_Bond`, `obj_Cell_Id`, `origin_X`, `origin_Y`, `origin_Z`, `angles_W`, `angles_X`, `angles_Y`, `angles_Z`)
VALUES (@parent_id,  0,  10 /* Tell */, 1.5, 1, NULL, 'I know there are bigger towns and all but it''s just lovely here.', NULL, NULL, NULL, NULL, NULL, NULL, NULL, NULL, NULL, NULL, NULL, NULL, NULL, NULL, NULL, NULL, NULL, NULL, NULL, NULL, NULL, NULL, NULL, NULL, NULL, NULL, NULL, NULL, NULL, NULL, NULL, NULL, NULL);

INSERT INTO `weenie_properties_create_list` (`object_Id`, `destination_Type`, `weenie_Class_Id`, `stack_Size`, `palette`, `shade`, `try_To_Bond`)
VALUES (2000308, 2,  2588,  0, 91, 1, False) /* Create Shirt (2588) for Wield */
     , (2000308, 2,  2597,  0, 87, 1, False) /* Create Pants (2597) for Wield */;

DELETE FROM `weenie` WHERE `class_Id` = 2000309;

INSERT INTO `weenie` (`class_Id`, `class_Name`, `type`, `last_Modified`)
VALUES (2000309, 'ace2000309-townfolk', 10, '2019-09-24 03:42:48') /* Creature */;

INSERT INTO `weenie_properties_int` (`object_Id`, `type`, `value`)
VALUES (2000309,   1,         16) /* ItemType - Creature */
     , (2000309,   2,         31) /* CreatureType - Human */
     , (2000309,   6,         -1) /* ItemsCapacity */
     , (2000309,   7,         -1) /* ContainersCapacity */
     , (2000309,   8,        120) /* Mass */
     , (2000309,  16,         32) /* ItemUseable - Remote */
     , (2000309,  25,         15) /* Level */
     , (2000309,  27,          0) /* ArmorType - None */
     , (2000309,  93,    6292504) /* PhysicsState - ReportCollisions, IgnoreCollisions, Gravity, ReportCollisionsAsEnvironment, EdgeSlide */
     , (2000309,  95,          8) /* RadarBlipColor - Yellow */
     , (2000309, 113,          1) /* Gender - Male */
     , (2000309, 133,          4) /* ShowableOnRadar - ShowAlways */
     , (2000309, 134,         16) /* PlayerKillerStatus - RubberGlue */
     , (2000309, 146,        293) /* XpOverride */
     , (2000309, 188,          1) /* HeritageGroup - Aluvian */;

INSERT INTO `weenie_properties_bool` (`object_Id`, `type`, `value`)
VALUES (2000309,   1, True ) /* Stuck */
     , (2000309,   8, True ) /* AllowGive */
     , (2000309,  11, True ) /* IgnoreCollisions */
     , (2000309,  12, True ) /* ReportCollisions */
     , (2000309,  13, False) /* Ethereal */
     , (2000309,  14, True ) /* GravityStatus */
     , (2000309,  19, False) /* Attackable */
     , (2000309,  29, True ) /* NoCorpse */
     , (2000309,  41, True ) /* ReportCollisionsAsEnvironment */
     , (2000309,  42, True ) /* AllowEdgeSlide */
     , (2000309,  52, True ) /* AiImmobile */
     , (2000309,  79, True ) /* AiAcceptEverything */;

INSERT INTO `weenie_properties_float` (`object_Id`, `type`, `value`)
VALUES (2000309,   1,       5) /* HeartbeatInterval */
     , (2000309,   2,       0) /* HeartbeatTimestamp */
     , (2000309,   3, 0.159999996423721) /* HealthRate */
     , (2000309,   4,       5) /* StaminaRate */
     , (2000309,   5,       1) /* ManaRate */
     , (2000309,  13, 0.899999976158142) /* ArmorModVsSlash */
     , (2000309,  14,       1) /* ArmorModVsPierce */
     , (2000309,  15, 1.10000002384186) /* ArmorModVsBludgeon */
     , (2000309,  16, 0.400000005960464) /* ArmorModVsCold */
     , (2000309,  17, 0.400000005960464) /* ArmorModVsFire */
     , (2000309,  18,       1) /* ArmorModVsAcid */
     , (2000309,  19, 0.600000023841858) /* ArmorModVsElectric */
     , (2000309,  54,       3) /* UseRadius */
     , (2000309,  64,       1) /* ResistSlash */
     , (2000309,  65,       1) /* ResistPierce */
     , (2000309,  66,       1) /* ResistBludgeon */
     , (2000309,  67,       1) /* ResistFire */
     , (2000309,  68,       1) /* ResistCold */
     , (2000309,  69,       1) /* ResistAcid */
     , (2000309,  70,       1) /* ResistElectric */
     , (2000309,  71,       1) /* ResistHealthBoost */
     , (2000309,  72,       1) /* ResistStaminaDrain */
     , (2000309,  73,       1) /* ResistStaminaBoost */
     , (2000309,  74,       1) /* ResistManaDrain */
     , (2000309,  75,       1) /* ResistManaBoost */
     , (2000309, 104,      10) /* ObviousRadarRange */
     , (2000309, 125,       1) /* ResistHealthDrain */;

INSERT INTO `weenie_properties_string` (`object_Id`, `type`, `value`)
VALUES (2000309,   1, 'Townfolk') /* Name */
     , (2000309,   3, 'Male') /* Sex */
     , (2000309,   4, 'Aluvian') /* HeritageGroup */;

INSERT INTO `weenie_properties_d_i_d` (`object_Id`, `type`, `value`)
VALUES (2000309,   1,   33554433) /* Setup */
     , (2000309,   2,  150994945) /* MotionTable */
     , (2000309,   3,  536870913) /* SoundTable */
     , (2000309,   4,  805306368) /* CombatTable */
     , (2000309,   6,   67108990) /* PaletteBase */
     , (2000309,   8,  100667446) /* Icon */
     , (2000309,   9,   83890437) /* EyesTexture */
     , (2000309,  10,   83890521) /* NoseTexture */
     , (2000309,  11,   83890627) /* MouthTexture */
     , (2000309,  15,   67116978) /* HairPalette */
     , (2000309,  16,   67109564) /* EyesPalette */
     , (2000309,  17,   67109558) /* SkinPalette */;

INSERT INTO `weenie_properties_attribute` (`object_Id`, `type`, `init_Level`, `level_From_C_P`, `c_P_Spent`)
VALUES (2000309,   1, 110, 0, 0) /* Strength */
     , (2000309,   2, 120, 0, 0) /* Endurance */
     , (2000309,   3, 120, 0, 0) /* Quickness */
     , (2000309,   4, 120, 0, 0) /* Coordination */
     , (2000309,   5, 100, 0, 0) /* Focus */
     , (2000309,   6, 100, 0, 0) /* Self */;

INSERT INTO `weenie_properties_attribute_2nd` (`object_Id`, `type`, `init_Level`, `level_From_C_P`, `c_P_Spent`, `current_Level`)
VALUES (2000309,   1,     0, 0, 0, 60) /* MaxHealth */
     , (2000309,   3,     0, 0, 0, 120) /* MaxStamina */
     , (2000309,   5,     0, 0, 0, 100) /* MaxMana */;

INSERT INTO `weenie_properties_skill` (`object_Id`, `type`, `level_From_P_P`, `s_a_c`, `p_p`, `init_Level`, `resistance_At_Last_Check`, `last_Used_Time`)
VALUES (2000309,  6, 0, 2, 0,   1, 0, 0) /* MeleeDefense        Trained */
     , (2000309,  7, 0, 2, 0,   1, 0, 0) /* MissileDefense      Trained */
     , (2000309, 13, 0, 2, 0,   1, 0, 0) /* UnarmedCombat       Trained */;

INSERT INTO `weenie_properties_body_part` (`object_Id`, `key`, `d_Type`, `d_Val`, `d_Var`, `base_Armor`, `armor_Vs_Slash`, `armor_Vs_Pierce`, `armor_Vs_Bludgeon`, `armor_Vs_Cold`, `armor_Vs_Fire`, `armor_Vs_Acid`, `armor_Vs_Electric`, `armor_Vs_Nether`, `b_h`, `h_l_f`, `m_l_f`, `l_l_f`, `h_r_f`, `m_r_f`, `l_r_f`, `h_l_b`, `m_l_b`, `l_l_b`, `h_r_b`, `m_r_b`, `l_r_b`)
VALUES (2000309,  0,  4,  0,    0,    0,    0,    0,    0,    0,    0,    0,    0,    0, 1, 0.33,    0,    0, 0.33,    0,    0, 0.33,    0,    0, 0.33,    0,    0) /* Head */
     , (2000309,  1,  4,  0,    0,    0,    0,    0,    0,    0,    0,    0,    0,    0, 2, 0.44, 0.17,    0, 0.44, 0.17,    0, 0.44, 0.17,    0, 0.44, 0.17,    0) /* Chest */
     , (2000309,  2,  4,  0,    0,    0,    0,    0,    0,    0,    0,    0,    0,    0, 3,    0, 0.17,    0,    0, 0.17,    0,    0, 0.17,    0,    0, 0.17,    0) /* Abdomen */
     , (2000309,  3,  4,  0,    0,    0,    0,    0,    0,    0,    0,    0,    0,    0, 1, 0.23, 0.03,    0, 0.23, 0.03,    0, 0.23, 0.03,    0, 0.23, 0.03,    0) /* UpperArm */
     , (2000309,  4,  4,  0,    0,    0,    0,    0,    0,    0,    0,    0,    0,    0, 2,    0,  0.3,    0,    0,  0.3,    0,    0,  0.3,    0,    0,  0.3,    0) /* LowerArm */
     , (2000309,  5,  4,  2, 0.75,    0,    0,    0,    0,    0,    0,    0,    0,    0, 2,    0,  0.2,    0,    0,  0.2,    0,    0,  0.2,    0,    0,  0.2,    0) /* Hand */
     , (2000309,  6,  4,  0,    0,    0,    0,    0,    0,    0,    0,    0,    0,    0, 3,    0, 0.13, 0.18,    0, 0.13, 0.18,    0, 0.13, 0.18,    0, 0.13, 0.18) /* UpperLeg */
     , (2000309,  7,  4,  0,    0,    0,    0,    0,    0,    0,    0,    0,    0,    0, 3,    0,    0,  0.6,    0,    0,  0.6,    0,    0,  0.6,    0,    0,  0.6) /* LowerLeg */
     , (2000309,  8,  4,  2, 0.75,    0,    0,    0,    0,    0,    0,    0,    0,    0, 3,    0,    0, 0.22,    0,    0, 0.22,    0,    0, 0.22,    0,    0, 0.22) /* Foot */;

INSERT INTO `weenie_properties_emote` (`object_Id`, `category`, `probability`, `weenie_Class_Id`, `style`, `substyle`, `quest`, `vendor_Type`, `min_Health`, `max_Health`)
VALUES (2000309,  7 /* Use */,      1, NULL, NULL, NULL, NULL, NULL, NULL, NULL);

SET @parent_id = LAST_INSERT_ID();

INSERT INTO `weenie_properties_emote_action` (`emote_Id`, `order`, `type`, `delay`, `extent`, `motion`, `message`, `test_String`, `min`, `max`, `min_64`, `max_64`, `min_Dbl`, `max_Dbl`, `stat`, `display`, `amount`, `amount_64`, `hero_X_P_64`, `percent`, `spell_Id`, `wealth_Rating`, `treasure_Class`, `treasure_Type`, `p_Script`, `sound`, `destination_Type`, `weenie_Class_Id`, `stack_Size`, `palette`, `shade`, `try_To_Bond`, `obj_Cell_Id`, `origin_X`, `origin_Y`, `origin_Z`, `angles_W`, `angles_X`, `angles_Y`, `angles_Z`)
VALUES (@parent_id,  0,  10 /* Tell */, 1.5, 1, NULL, 'Shadows always skulking around these days. Have you seen Al-Arqas?', NULL, NULL, NULL, NULL, NULL, NULL, NULL, NULL, NULL, NULL, NULL, NULL, NULL, NULL, NULL, NULL, NULL, NULL, NULL, NULL, NULL, NULL, NULL, NULL, NULL, NULL, NULL, NULL, NULL, NULL, NULL, NULL, NULL);

INSERT INTO `weenie_properties_create_list` (`object_Id`, `destination_Type`, `weenie_Class_Id`, `stack_Size`, `palette`, `shade`, `try_To_Bond`)
VALUES (2000309, 2, 26452,  0, 89, 1, False) /* Create Bathrobe (26452) for Wield */
     , (2000309, 2,  2597,  0, 86, 1, False) /* Create Pants (2597) for Wield */;

DELETE FROM `weenie` WHERE `class_Id` = 2000310;

INSERT INTO `weenie` (`class_Id`, `class_Name`, `type`, `last_Modified`)
VALUES (2000310, 'ace2000310-townfolk', 10, '2019-09-24 03:42:49') /* Creature */;

INSERT INTO `weenie_properties_int` (`object_Id`, `type`, `value`)
VALUES (2000310,   1,         16) /* ItemType - Creature */
     , (2000310,   2,         31) /* CreatureType - Human */
     , (2000310,   6,         -1) /* ItemsCapacity */
     , (2000310,   7,         -1) /* ContainersCapacity */
     , (2000310,   8,        120) /* Mass */
     , (2000310,  16,         32) /* ItemUseable - Remote */
     , (2000310,  25,         15) /* Level */
     , (2000310,  27,          0) /* ArmorType - None */
     , (2000310,  93,    6292504) /* PhysicsState - ReportCollisions, IgnoreCollisions, Gravity, ReportCollisionsAsEnvironment, EdgeSlide */
     , (2000310,  95,          8) /* RadarBlipColor - Yellow */
     , (2000310, 113,          1) /* Gender - Male */
     , (2000310, 133,          4) /* ShowableOnRadar - ShowAlways */
     , (2000310, 134,         16) /* PlayerKillerStatus - RubberGlue */
     , (2000310, 146,        293) /* XpOverride */
     , (2000310, 188,          1) /* HeritageGroup - Aluvian */;

INSERT INTO `weenie_properties_bool` (`object_Id`, `type`, `value`)
VALUES (2000310,   1, True ) /* Stuck */
     , (2000310,   8, True ) /* AllowGive */
     , (2000310,  11, True ) /* IgnoreCollisions */
     , (2000310,  12, True ) /* ReportCollisions */
     , (2000310,  13, False) /* Ethereal */
     , (2000310,  14, True ) /* GravityStatus */
     , (2000310,  19, False) /* Attackable */
     , (2000310,  29, True ) /* NoCorpse */
     , (2000310,  41, True ) /* ReportCollisionsAsEnvironment */
     , (2000310,  42, True ) /* AllowEdgeSlide */
     , (2000310,  52, True ) /* AiImmobile */
     , (2000310,  79, True ) /* AiAcceptEverything */;

INSERT INTO `weenie_properties_float` (`object_Id`, `type`, `value`)
VALUES (2000310,   1,       5) /* HeartbeatInterval */
     , (2000310,   2,       0) /* HeartbeatTimestamp */
     , (2000310,   3, 0.159999996423721) /* HealthRate */
     , (2000310,   4,       5) /* StaminaRate */
     , (2000310,   5,       1) /* ManaRate */
     , (2000310,  13, 0.899999976158142) /* ArmorModVsSlash */
     , (2000310,  14,       1) /* ArmorModVsPierce */
     , (2000310,  15, 1.10000002384186) /* ArmorModVsBludgeon */
     , (2000310,  16, 0.400000005960464) /* ArmorModVsCold */
     , (2000310,  17, 0.400000005960464) /* ArmorModVsFire */
     , (2000310,  18,       1) /* ArmorModVsAcid */
     , (2000310,  19, 0.600000023841858) /* ArmorModVsElectric */
     , (2000310,  54,       3) /* UseRadius */
     , (2000310,  64,       1) /* ResistSlash */
     , (2000310,  65,       1) /* ResistPierce */
     , (2000310,  66,       1) /* ResistBludgeon */
     , (2000310,  67,       1) /* ResistFire */
     , (2000310,  68,       1) /* ResistCold */
     , (2000310,  69,       1) /* ResistAcid */
     , (2000310,  70,       1) /* ResistElectric */
     , (2000310,  71,       1) /* ResistHealthBoost */
     , (2000310,  72,       1) /* ResistStaminaDrain */
     , (2000310,  73,       1) /* ResistStaminaBoost */
     , (2000310,  74,       1) /* ResistManaDrain */
     , (2000310,  75,       1) /* ResistManaBoost */
     , (2000310, 104,      10) /* ObviousRadarRange */
     , (2000310, 125,       1) /* ResistHealthDrain */;

INSERT INTO `weenie_properties_string` (`object_Id`, `type`, `value`)
VALUES (2000310,   1, 'Townfolk') /* Name */
     , (2000310,   3, 'Male') /* Sex */
     , (2000310,   4, 'Aluvian') /* HeritageGroup */;

INSERT INTO `weenie_properties_d_i_d` (`object_Id`, `type`, `value`)
VALUES (2000310,   1,   33554433) /* Setup */
     , (2000310,   2,  150994945) /* MotionTable */
     , (2000310,   3,  536870913) /* SoundTable */
     , (2000310,   4,  805306368) /* CombatTable */
     , (2000310,   6,   67108990) /* PaletteBase */
     , (2000310,   8,  100667446) /* Icon */
     , (2000310,   9,   83890437) /* EyesTexture */
     , (2000310,  10,   83890521) /* NoseTexture */
     , (2000310,  11,   83890627) /* MouthTexture */
     , (2000310,  15,   67116978) /* HairPalette */
     , (2000310,  16,   67109564) /* EyesPalette */
     , (2000310,  17,   67109558) /* SkinPalette */;

INSERT INTO `weenie_properties_attribute` (`object_Id`, `type`, `init_Level`, `level_From_C_P`, `c_P_Spent`)
VALUES (2000310,   1, 110, 0, 0) /* Strength */
     , (2000310,   2, 120, 0, 0) /* Endurance */
     , (2000310,   3, 120, 0, 0) /* Quickness */
     , (2000310,   4, 120, 0, 0) /* Coordination */
     , (2000310,   5, 100, 0, 0) /* Focus */
     , (2000310,   6, 100, 0, 0) /* Self */;

INSERT INTO `weenie_properties_attribute_2nd` (`object_Id`, `type`, `init_Level`, `level_From_C_P`, `c_P_Spent`, `current_Level`)
VALUES (2000310,   1,     0, 0, 0, 60) /* MaxHealth */
     , (2000310,   3,     0, 0, 0, 120) /* MaxStamina */
     , (2000310,   5,     0, 0, 0, 100) /* MaxMana */;

INSERT INTO `weenie_properties_skill` (`object_Id`, `type`, `level_From_P_P`, `s_a_c`, `p_p`, `init_Level`, `resistance_At_Last_Check`, `last_Used_Time`)
VALUES (2000310,  6, 0, 2, 0,   1, 0, 0) /* MeleeDefense        Trained */
     , (2000310,  7, 0, 2, 0,   1, 0, 0) /* MissileDefense      Trained */
     , (2000310, 13, 0, 2, 0,   1, 0, 0) /* UnarmedCombat       Trained */;

INSERT INTO `weenie_properties_body_part` (`object_Id`, `key`, `d_Type`, `d_Val`, `d_Var`, `base_Armor`, `armor_Vs_Slash`, `armor_Vs_Pierce`, `armor_Vs_Bludgeon`, `armor_Vs_Cold`, `armor_Vs_Fire`, `armor_Vs_Acid`, `armor_Vs_Electric`, `armor_Vs_Nether`, `b_h`, `h_l_f`, `m_l_f`, `l_l_f`, `h_r_f`, `m_r_f`, `l_r_f`, `h_l_b`, `m_l_b`, `l_l_b`, `h_r_b`, `m_r_b`, `l_r_b`)
VALUES (2000310,  0,  4,  0,    0,    0,    0,    0,    0,    0,    0,    0,    0,    0, 1, 0.33,    0,    0, 0.33,    0,    0, 0.33,    0,    0, 0.33,    0,    0) /* Head */
     , (2000310,  1,  4,  0,    0,    0,    0,    0,    0,    0,    0,    0,    0,    0, 2, 0.44, 0.17,    0, 0.44, 0.17,    0, 0.44, 0.17,    0, 0.44, 0.17,    0) /* Chest */
     , (2000310,  2,  4,  0,    0,    0,    0,    0,    0,    0,    0,    0,    0,    0, 3,    0, 0.17,    0,    0, 0.17,    0,    0, 0.17,    0,    0, 0.17,    0) /* Abdomen */
     , (2000310,  3,  4,  0,    0,    0,    0,    0,    0,    0,    0,    0,    0,    0, 1, 0.23, 0.03,    0, 0.23, 0.03,    0, 0.23, 0.03,    0, 0.23, 0.03,    0) /* UpperArm */
     , (2000310,  4,  4,  0,    0,    0,    0,    0,    0,    0,    0,    0,    0,    0, 2,    0,  0.3,    0,    0,  0.3,    0,    0,  0.3,    0,    0,  0.3,    0) /* LowerArm */
     , (2000310,  5,  4,  2, 0.75,    0,    0,    0,    0,    0,    0,    0,    0,    0, 2,    0,  0.2,    0,    0,  0.2,    0,    0,  0.2,    0,    0,  0.2,    0) /* Hand */
     , (2000310,  6,  4,  0,    0,    0,    0,    0,    0,    0,    0,    0,    0,    0, 3,    0, 0.13, 0.18,    0, 0.13, 0.18,    0, 0.13, 0.18,    0, 0.13, 0.18) /* UpperLeg */
     , (2000310,  7,  4,  0,    0,    0,    0,    0,    0,    0,    0,    0,    0,    0, 3,    0,    0,  0.6,    0,    0,  0.6,    0,    0,  0.6,    0,    0,  0.6) /* LowerLeg */
     , (2000310,  8,  4,  2, 0.75,    0,    0,    0,    0,    0,    0,    0,    0,    0, 3,    0,    0, 0.22,    0,    0, 0.22,    0,    0, 0.22,    0,    0, 0.22) /* Foot */;

INSERT INTO `weenie_properties_emote` (`object_Id`, `category`, `probability`, `weenie_Class_Id`, `style`, `substyle`, `quest`, `vendor_Type`, `min_Health`, `max_Health`)
VALUES (2000310,  7 /* Use */,      1, NULL, NULL, NULL, NULL, NULL, NULL, NULL);

SET @parent_id = LAST_INSERT_ID();

INSERT INTO `weenie_properties_emote_action` (`emote_Id`, `order`, `type`, `delay`, `extent`, `motion`, `message`, `test_String`, `min`, `max`, `min_64`, `max_64`, `min_Dbl`, `max_Dbl`, `stat`, `display`, `amount`, `amount_64`, `hero_X_P_64`, `percent`, `spell_Id`, `wealth_Rating`, `treasure_Class`, `treasure_Type`, `p_Script`, `sound`, `destination_Type`, `weenie_Class_Id`, `stack_Size`, `palette`, `shade`, `try_To_Bond`, `obj_Cell_Id`, `origin_X`, `origin_Y`, `origin_Z`, `angles_W`, `angles_X`, `angles_Y`, `angles_Z`)
VALUES (@parent_id,  0,  10 /* Tell */, 1.5, 1, NULL, 'Sad that we have to hide in this town, but small price to pay for safety.', NULL, NULL, NULL, NULL, NULL, NULL, NULL, NULL, NULL, NULL, NULL, NULL, NULL, NULL, NULL, NULL, NULL, NULL, NULL, NULL, NULL, NULL, NULL, NULL, NULL, NULL, NULL, NULL, NULL, NULL, NULL, NULL, NULL);

INSERT INTO `weenie_properties_create_list` (`object_Id`, `destination_Type`, `weenie_Class_Id`, `stack_Size`, `palette`, `shade`, `try_To_Bond`)
VALUES (2000310, 2,  2588,  0, 91, 1, False) /* Create Shirt (2588) for Wield */
     , (2000310, 2,  2597,  0, 86, 1, False) /* Create Pants (2597) for Wield */;

DELETE FROM `weenie` WHERE `class_Id` = 2000311;

INSERT INTO `weenie` (`class_Id`, `class_Name`, `type`, `last_Modified`)
VALUES (2000311, 'ace2000311-townfolk', 10, '2019-09-24 03:42:50') /* Creature */;

INSERT INTO `weenie_properties_int` (`object_Id`, `type`, `value`)
VALUES (2000311,   1,         16) /* ItemType - Creature */
     , (2000311,   2,         31) /* CreatureType - Human */
     , (2000311,   6,         -1) /* ItemsCapacity */
     , (2000311,   7,         -1) /* ContainersCapacity */
     , (2000311,   8,        120) /* Mass */
     , (2000311,  16,         32) /* ItemUseable - Remote */
     , (2000311,  25,         15) /* Level */
     , (2000311,  27,          0) /* ArmorType - None */
     , (2000311,  93,    6292504) /* PhysicsState - ReportCollisions, IgnoreCollisions, Gravity, ReportCollisionsAsEnvironment, EdgeSlide */
     , (2000311,  95,          8) /* RadarBlipColor - Yellow */
     , (2000311, 113,          1) /* Gender - Male */
     , (2000311, 133,          4) /* ShowableOnRadar - ShowAlways */
     , (2000311, 134,         16) /* PlayerKillerStatus - RubberGlue */
     , (2000311, 146,        293) /* XpOverride */
     , (2000311, 188,          1) /* HeritageGroup - Aluvian */;

INSERT INTO `weenie_properties_bool` (`object_Id`, `type`, `value`)
VALUES (2000311,   1, True ) /* Stuck */
     , (2000311,   8, True ) /* AllowGive */
     , (2000311,  11, True ) /* IgnoreCollisions */
     , (2000311,  12, True ) /* ReportCollisions */
     , (2000311,  13, False) /* Ethereal */
     , (2000311,  14, True ) /* GravityStatus */
     , (2000311,  19, False) /* Attackable */
     , (2000311,  29, True ) /* NoCorpse */
     , (2000311,  41, True ) /* ReportCollisionsAsEnvironment */
     , (2000311,  42, True ) /* AllowEdgeSlide */
     , (2000311,  52, True ) /* AiImmobile */
     , (2000311,  79, True ) /* AiAcceptEverything */;

INSERT INTO `weenie_properties_float` (`object_Id`, `type`, `value`)
VALUES (2000311,   1,       5) /* HeartbeatInterval */
     , (2000311,   2,       0) /* HeartbeatTimestamp */
     , (2000311,   3, 0.159999996423721) /* HealthRate */
     , (2000311,   4,       5) /* StaminaRate */
     , (2000311,   5,       1) /* ManaRate */
     , (2000311,  13, 0.899999976158142) /* ArmorModVsSlash */
     , (2000311,  14,       1) /* ArmorModVsPierce */
     , (2000311,  15, 1.10000002384186) /* ArmorModVsBludgeon */
     , (2000311,  16, 0.400000005960464) /* ArmorModVsCold */
     , (2000311,  17, 0.400000005960464) /* ArmorModVsFire */
     , (2000311,  18,       1) /* ArmorModVsAcid */
     , (2000311,  19, 0.600000023841858) /* ArmorModVsElectric */
     , (2000311,  54,       3) /* UseRadius */
     , (2000311,  64,       1) /* ResistSlash */
     , (2000311,  65,       1) /* ResistPierce */
     , (2000311,  66,       1) /* ResistBludgeon */
     , (2000311,  67,       1) /* ResistFire */
     , (2000311,  68,       1) /* ResistCold */
     , (2000311,  69,       1) /* ResistAcid */
     , (2000311,  70,       1) /* ResistElectric */
     , (2000311,  71,       1) /* ResistHealthBoost */
     , (2000311,  72,       1) /* ResistStaminaDrain */
     , (2000311,  73,       1) /* ResistStaminaBoost */
     , (2000311,  74,       1) /* ResistManaDrain */
     , (2000311,  75,       1) /* ResistManaBoost */
     , (2000311, 104,      10) /* ObviousRadarRange */
     , (2000311, 125,       1) /* ResistHealthDrain */;

INSERT INTO `weenie_properties_string` (`object_Id`, `type`, `value`)
VALUES (2000311,   1, 'Townfolk') /* Name */
     , (2000311,   3, 'Male') /* Sex */
     , (2000311,   4, 'Aluvian') /* HeritageGroup */;

INSERT INTO `weenie_properties_d_i_d` (`object_Id`, `type`, `value`)
VALUES (2000311,   1,   33554433) /* Setup */
     , (2000311,   2,  150994945) /* MotionTable */
     , (2000311,   3,  536870913) /* SoundTable */
     , (2000311,   4,  805306368) /* CombatTable */
     , (2000311,   6,   67108990) /* PaletteBase */
     , (2000311,   8,  100667446) /* Icon */
     , (2000311,   9,   83890437) /* EyesTexture */
     , (2000311,  10,   83890521) /* NoseTexture */
     , (2000311,  11,   83890627) /* MouthTexture */
     , (2000311,  15,   67116978) /* HairPalette */
     , (2000311,  16,   67109564) /* EyesPalette */
     , (2000311,  17,   67109558) /* SkinPalette */;

INSERT INTO `weenie_properties_attribute` (`object_Id`, `type`, `init_Level`, `level_From_C_P`, `c_P_Spent`)
VALUES (2000311,   1, 110, 0, 0) /* Strength */
     , (2000311,   2, 120, 0, 0) /* Endurance */
     , (2000311,   3, 120, 0, 0) /* Quickness */
     , (2000311,   4, 120, 0, 0) /* Coordination */
     , (2000311,   5, 100, 0, 0) /* Focus */
     , (2000311,   6, 100, 0, 0) /* Self */;

INSERT INTO `weenie_properties_attribute_2nd` (`object_Id`, `type`, `init_Level`, `level_From_C_P`, `c_P_Spent`, `current_Level`)
VALUES (2000311,   1,     0, 0, 0, 60) /* MaxHealth */
     , (2000311,   3,     0, 0, 0, 120) /* MaxStamina */
     , (2000311,   5,     0, 0, 0, 100) /* MaxMana */;

INSERT INTO `weenie_properties_skill` (`object_Id`, `type`, `level_From_P_P`, `s_a_c`, `p_p`, `init_Level`, `resistance_At_Last_Check`, `last_Used_Time`)
VALUES (2000311,  6, 0, 2, 0,   1, 0, 0) /* MeleeDefense        Trained */
     , (2000311,  7, 0, 2, 0,   1, 0, 0) /* MissileDefense      Trained */
     , (2000311, 13, 0, 2, 0,   1, 0, 0) /* UnarmedCombat       Trained */;

INSERT INTO `weenie_properties_body_part` (`object_Id`, `key`, `d_Type`, `d_Val`, `d_Var`, `base_Armor`, `armor_Vs_Slash`, `armor_Vs_Pierce`, `armor_Vs_Bludgeon`, `armor_Vs_Cold`, `armor_Vs_Fire`, `armor_Vs_Acid`, `armor_Vs_Electric`, `armor_Vs_Nether`, `b_h`, `h_l_f`, `m_l_f`, `l_l_f`, `h_r_f`, `m_r_f`, `l_r_f`, `h_l_b`, `m_l_b`, `l_l_b`, `h_r_b`, `m_r_b`, `l_r_b`)
VALUES (2000311,  0,  4,  0,    0,    0,    0,    0,    0,    0,    0,    0,    0,    0, 1, 0.33,    0,    0, 0.33,    0,    0, 0.33,    0,    0, 0.33,    0,    0) /* Head */
     , (2000311,  1,  4,  0,    0,    0,    0,    0,    0,    0,    0,    0,    0,    0, 2, 0.44, 0.17,    0, 0.44, 0.17,    0, 0.44, 0.17,    0, 0.44, 0.17,    0) /* Chest */
     , (2000311,  2,  4,  0,    0,    0,    0,    0,    0,    0,    0,    0,    0,    0, 3,    0, 0.17,    0,    0, 0.17,    0,    0, 0.17,    0,    0, 0.17,    0) /* Abdomen */
     , (2000311,  3,  4,  0,    0,    0,    0,    0,    0,    0,    0,    0,    0,    0, 1, 0.23, 0.03,    0, 0.23, 0.03,    0, 0.23, 0.03,    0, 0.23, 0.03,    0) /* UpperArm */
     , (2000311,  4,  4,  0,    0,    0,    0,    0,    0,    0,    0,    0,    0,    0, 2,    0,  0.3,    0,    0,  0.3,    0,    0,  0.3,    0,    0,  0.3,    0) /* LowerArm */
     , (2000311,  5,  4,  2, 0.75,    0,    0,    0,    0,    0,    0,    0,    0,    0, 2,    0,  0.2,    0,    0,  0.2,    0,    0,  0.2,    0,    0,  0.2,    0) /* Hand */
     , (2000311,  6,  4,  0,    0,    0,    0,    0,    0,    0,    0,    0,    0,    0, 3,    0, 0.13, 0.18,    0, 0.13, 0.18,    0, 0.13, 0.18,    0, 0.13, 0.18) /* UpperLeg */
     , (2000311,  7,  4,  0,    0,    0,    0,    0,    0,    0,    0,    0,    0,    0, 3,    0,    0,  0.6,    0,    0,  0.6,    0,    0,  0.6,    0,    0,  0.6) /* LowerLeg */
     , (2000311,  8,  4,  2, 0.75,    0,    0,    0,    0,    0,    0,    0,    0,    0, 3,    0,    0, 0.22,    0,    0, 0.22,    0,    0, 0.22,    0,    0, 0.22) /* Foot */;

INSERT INTO `weenie_properties_emote` (`object_Id`, `category`, `probability`, `weenie_Class_Id`, `style`, `substyle`, `quest`, `vendor_Type`, `min_Health`, `max_Health`)
VALUES (2000311,  7 /* Use */,      1, NULL, NULL, NULL, NULL, NULL, NULL, NULL);

SET @parent_id = LAST_INSERT_ID();

INSERT INTO `weenie_properties_emote_action` (`emote_Id`, `order`, `type`, `delay`, `extent`, `motion`, `message`, `test_String`, `min`, `max`, `min_64`, `max_64`, `min_Dbl`, `max_Dbl`, `stat`, `display`, `amount`, `amount_64`, `hero_X_P_64`, `percent`, `spell_Id`, `wealth_Rating`, `treasure_Class`, `treasure_Type`, `p_Script`, `sound`, `destination_Type`, `weenie_Class_Id`, `stack_Size`, `palette`, `shade`, `try_To_Bond`, `obj_Cell_Id`, `origin_X`, `origin_Y`, `origin_Z`, `angles_W`, `angles_X`, `angles_Y`, `angles_Z`)
VALUES (@parent_id,  0,  10 /* Tell */, 1.5, 1, NULL, 'I think that drudges are smarter then we give them credit for.', NULL, NULL, NULL, NULL, NULL, NULL, NULL, NULL, NULL, NULL, NULL, NULL, NULL, NULL, NULL, NULL, NULL, NULL, NULL, NULL, NULL, NULL, NULL, NULL, NULL, NULL, NULL, NULL, NULL, NULL, NULL, NULL, NULL);

INSERT INTO `weenie_properties_create_list` (`object_Id`, `destination_Type`, `weenie_Class_Id`, `stack_Size`, `palette`, `shade`, `try_To_Bond`)
VALUES (2000311, 2,  5852,  0, 85, 1, False) /* Create Dho Vest and Robe (5852) for Wield */
     , (2000311, 2,  2597,  0, 5, 1, False) /* Create Pants (2597) for Wield */;

DELETE FROM `weenie` WHERE `class_Id` = 2000312;

INSERT INTO `weenie` (`class_Id`, `class_Name`, `type`, `last_Modified`)
VALUES (2000312, 'ace2000312-townfolk', 10, '2019-09-24 03:42:52') /* Creature */;

INSERT INTO `weenie_properties_int` (`object_Id`, `type`, `value`)
VALUES (2000312,   1,         16) /* ItemType - Creature */
     , (2000312,   2,         31) /* CreatureType - Human */
     , (2000312,   6,         -1) /* ItemsCapacity */
     , (2000312,   7,         -1) /* ContainersCapacity */
     , (2000312,   8,        120) /* Mass */
     , (2000312,  16,         32) /* ItemUseable - Remote */
     , (2000312,  25,         15) /* Level */
     , (2000312,  27,          0) /* ArmorType - None */
     , (2000312,  93,    6292504) /* PhysicsState - ReportCollisions, IgnoreCollisions, Gravity, ReportCollisionsAsEnvironment, EdgeSlide */
     , (2000312,  95,          8) /* RadarBlipColor - Yellow */
     , (2000312, 113,          1) /* Gender - Male */
     , (2000312, 133,          4) /* ShowableOnRadar - ShowAlways */
     , (2000312, 134,         16) /* PlayerKillerStatus - RubberGlue */
     , (2000312, 146,        293) /* XpOverride */
     , (2000312, 188,          1) /* HeritageGroup - Aluvian */;

INSERT INTO `weenie_properties_bool` (`object_Id`, `type`, `value`)
VALUES (2000312,   1, True ) /* Stuck */
     , (2000312,   8, True ) /* AllowGive */
     , (2000312,  11, True ) /* IgnoreCollisions */
     , (2000312,  12, True ) /* ReportCollisions */
     , (2000312,  13, False) /* Ethereal */
     , (2000312,  14, True ) /* GravityStatus */
     , (2000312,  19, False) /* Attackable */
     , (2000312,  29, True ) /* NoCorpse */
     , (2000312,  41, True ) /* ReportCollisionsAsEnvironment */
     , (2000312,  42, True ) /* AllowEdgeSlide */
     , (2000312,  52, True ) /* AiImmobile */
     , (2000312,  79, True ) /* AiAcceptEverything */;

INSERT INTO `weenie_properties_float` (`object_Id`, `type`, `value`)
VALUES (2000312,   1,       5) /* HeartbeatInterval */
     , (2000312,   2,       0) /* HeartbeatTimestamp */
     , (2000312,   3, 0.159999996423721) /* HealthRate */
     , (2000312,   4,       5) /* StaminaRate */
     , (2000312,   5,       1) /* ManaRate */
     , (2000312,  13, 0.899999976158142) /* ArmorModVsSlash */
     , (2000312,  14,       1) /* ArmorModVsPierce */
     , (2000312,  15, 1.10000002384186) /* ArmorModVsBludgeon */
     , (2000312,  16, 0.400000005960464) /* ArmorModVsCold */
     , (2000312,  17, 0.400000005960464) /* ArmorModVsFire */
     , (2000312,  18,       1) /* ArmorModVsAcid */
     , (2000312,  19, 0.600000023841858) /* ArmorModVsElectric */
     , (2000312,  54,       3) /* UseRadius */
     , (2000312,  64,       1) /* ResistSlash */
     , (2000312,  65,       1) /* ResistPierce */
     , (2000312,  66,       1) /* ResistBludgeon */
     , (2000312,  67,       1) /* ResistFire */
     , (2000312,  68,       1) /* ResistCold */
     , (2000312,  69,       1) /* ResistAcid */
     , (2000312,  70,       1) /* ResistElectric */
     , (2000312,  71,       1) /* ResistHealthBoost */
     , (2000312,  72,       1) /* ResistStaminaDrain */
     , (2000312,  73,       1) /* ResistStaminaBoost */
     , (2000312,  74,       1) /* ResistManaDrain */
     , (2000312,  75,       1) /* ResistManaBoost */
     , (2000312, 104,      10) /* ObviousRadarRange */
     , (2000312, 125,       1) /* ResistHealthDrain */;

INSERT INTO `weenie_properties_string` (`object_Id`, `type`, `value`)
VALUES (2000312,   1, 'Townfolk') /* Name */
     , (2000312,   3, 'Male') /* Sex */
     , (2000312,   4, 'Aluvian') /* HeritageGroup */;

INSERT INTO `weenie_properties_d_i_d` (`object_Id`, `type`, `value`)
VALUES (2000312,   1,   33554433) /* Setup */
     , (2000312,   2,  150994945) /* MotionTable */
     , (2000312,   3,  536870913) /* SoundTable */
     , (2000312,   4,  805306368) /* CombatTable */
     , (2000312,   6,   67108990) /* PaletteBase */
     , (2000312,   8,  100667446) /* Icon */
     , (2000312,   9,   83890437) /* EyesTexture */
     , (2000312,  10,   83890521) /* NoseTexture */
     , (2000312,  11,   83890627) /* MouthTexture */
     , (2000312,  15,   67116978) /* HairPalette */
     , (2000312,  16,   67109564) /* EyesPalette */
     , (2000312,  17,   67109558) /* SkinPalette */;

INSERT INTO `weenie_properties_attribute` (`object_Id`, `type`, `init_Level`, `level_From_C_P`, `c_P_Spent`)
VALUES (2000312,   1, 110, 0, 0) /* Strength */
     , (2000312,   2, 120, 0, 0) /* Endurance */
     , (2000312,   3, 120, 0, 0) /* Quickness */
     , (2000312,   4, 120, 0, 0) /* Coordination */
     , (2000312,   5, 100, 0, 0) /* Focus */
     , (2000312,   6, 100, 0, 0) /* Self */;

INSERT INTO `weenie_properties_attribute_2nd` (`object_Id`, `type`, `init_Level`, `level_From_C_P`, `c_P_Spent`, `current_Level`)
VALUES (2000312,   1,     0, 0, 0, 60) /* MaxHealth */
     , (2000312,   3,     0, 0, 0, 120) /* MaxStamina */
     , (2000312,   5,     0, 0, 0, 100) /* MaxMana */;

INSERT INTO `weenie_properties_skill` (`object_Id`, `type`, `level_From_P_P`, `s_a_c`, `p_p`, `init_Level`, `resistance_At_Last_Check`, `last_Used_Time`)
VALUES (2000312,  6, 0, 2, 0,   1, 0, 0) /* MeleeDefense        Trained */
     , (2000312,  7, 0, 2, 0,   1, 0, 0) /* MissileDefense      Trained */
     , (2000312, 13, 0, 2, 0,   1, 0, 0) /* UnarmedCombat       Trained */;

INSERT INTO `weenie_properties_body_part` (`object_Id`, `key`, `d_Type`, `d_Val`, `d_Var`, `base_Armor`, `armor_Vs_Slash`, `armor_Vs_Pierce`, `armor_Vs_Bludgeon`, `armor_Vs_Cold`, `armor_Vs_Fire`, `armor_Vs_Acid`, `armor_Vs_Electric`, `armor_Vs_Nether`, `b_h`, `h_l_f`, `m_l_f`, `l_l_f`, `h_r_f`, `m_r_f`, `l_r_f`, `h_l_b`, `m_l_b`, `l_l_b`, `h_r_b`, `m_r_b`, `l_r_b`)
VALUES (2000312,  0,  4,  0,    0,    0,    0,    0,    0,    0,    0,    0,    0,    0, 1, 0.33,    0,    0, 0.33,    0,    0, 0.33,    0,    0, 0.33,    0,    0) /* Head */
     , (2000312,  1,  4,  0,    0,    0,    0,    0,    0,    0,    0,    0,    0,    0, 2, 0.44, 0.17,    0, 0.44, 0.17,    0, 0.44, 0.17,    0, 0.44, 0.17,    0) /* Chest */
     , (2000312,  2,  4,  0,    0,    0,    0,    0,    0,    0,    0,    0,    0,    0, 3,    0, 0.17,    0,    0, 0.17,    0,    0, 0.17,    0,    0, 0.17,    0) /* Abdomen */
     , (2000312,  3,  4,  0,    0,    0,    0,    0,    0,    0,    0,    0,    0,    0, 1, 0.23, 0.03,    0, 0.23, 0.03,    0, 0.23, 0.03,    0, 0.23, 0.03,    0) /* UpperArm */
     , (2000312,  4,  4,  0,    0,    0,    0,    0,    0,    0,    0,    0,    0,    0, 2,    0,  0.3,    0,    0,  0.3,    0,    0,  0.3,    0,    0,  0.3,    0) /* LowerArm */
     , (2000312,  5,  4,  2, 0.75,    0,    0,    0,    0,    0,    0,    0,    0,    0, 2,    0,  0.2,    0,    0,  0.2,    0,    0,  0.2,    0,    0,  0.2,    0) /* Hand */
     , (2000312,  6,  4,  0,    0,    0,    0,    0,    0,    0,    0,    0,    0,    0, 3,    0, 0.13, 0.18,    0, 0.13, 0.18,    0, 0.13, 0.18,    0, 0.13, 0.18) /* UpperLeg */
     , (2000312,  7,  4,  0,    0,    0,    0,    0,    0,    0,    0,    0,    0,    0, 3,    0,    0,  0.6,    0,    0,  0.6,    0,    0,  0.6,    0,    0,  0.6) /* LowerLeg */
     , (2000312,  8,  4,  2, 0.75,    0,    0,    0,    0,    0,    0,    0,    0,    0, 3,    0,    0, 0.22,    0,    0, 0.22,    0,    0, 0.22,    0,    0, 0.22) /* Foot */;

INSERT INTO `weenie_properties_emote` (`object_Id`, `category`, `probability`, `weenie_Class_Id`, `style`, `substyle`, `quest`, `vendor_Type`, `min_Health`, `max_Health`)
VALUES (2000312,  7 /* Use */,      1, NULL, NULL, NULL, NULL, NULL, NULL, NULL);

SET @parent_id = LAST_INSERT_ID();

INSERT INTO `weenie_properties_emote_action` (`emote_Id`, `order`, `type`, `delay`, `extent`, `motion`, `message`, `test_String`, `min`, `max`, `min_64`, `max_64`, `min_Dbl`, `max_Dbl`, `stat`, `display`, `amount`, `amount_64`, `hero_X_P_64`, `percent`, `spell_Id`, `wealth_Rating`, `treasure_Class`, `treasure_Type`, `p_Script`, `sound`, `destination_Type`, `weenie_Class_Id`, `stack_Size`, `palette`, `shade`, `try_To_Bond`, `obj_Cell_Id`, `origin_X`, `origin_Y`, `origin_Z`, `angles_W`, `angles_X`, `angles_Y`, `angles_Z`)
VALUES (@parent_id,  0,  10 /* Tell */, 1.5, 1, NULL, 'The people here are rough but nice enouhg once you know them.', NULL, NULL, NULL, NULL, NULL, NULL, NULL, NULL, NULL, NULL, NULL, NULL, NULL, NULL, NULL, NULL, NULL, NULL, NULL, NULL, NULL, NULL, NULL, NULL, NULL, NULL, NULL, NULL, NULL, NULL, NULL, NULL, NULL);

INSERT INTO `weenie_properties_create_list` (`object_Id`, `destination_Type`, `weenie_Class_Id`, `stack_Size`, `palette`, `shade`, `try_To_Bond`)
VALUES (2000312, 2,  2588,  0, 84, 1, False) /* Create Shirt (2588) for Wield */
     , (2000312, 2,  2597,  0, 5, 1, False) /* Create Pants (2597) for Wield */;

DELETE FROM `weenie` WHERE `class_Id` = 2000313;

INSERT INTO `weenie` (`class_Id`, `class_Name`, `type`, `last_Modified`)
VALUES (2000313, 'ace2000313-townfolk', 10, '2019-09-24 03:42:53') /* Creature */;

INSERT INTO `weenie_properties_int` (`object_Id`, `type`, `value`)
VALUES (2000313,   1,         16) /* ItemType - Creature */
     , (2000313,   2,         31) /* CreatureType - Human */
     , (2000313,   6,         -1) /* ItemsCapacity */
     , (2000313,   7,         -1) /* ContainersCapacity */
     , (2000313,   8,        120) /* Mass */
     , (2000313,  16,         32) /* ItemUseable - Remote */
     , (2000313,  25,         15) /* Level */
     , (2000313,  27,          0) /* ArmorType - None */
     , (2000313,  93,    6292504) /* PhysicsState - ReportCollisions, IgnoreCollisions, Gravity, ReportCollisionsAsEnvironment, EdgeSlide */
     , (2000313,  95,          8) /* RadarBlipColor - Yellow */
     , (2000313, 113,          1) /* Gender - Male */
     , (2000313, 133,          4) /* ShowableOnRadar - ShowAlways */
     , (2000313, 134,         16) /* PlayerKillerStatus - RubberGlue */
     , (2000313, 146,        293) /* XpOverride */
     , (2000313, 188,          1) /* HeritageGroup - Aluvian */;

INSERT INTO `weenie_properties_bool` (`object_Id`, `type`, `value`)
VALUES (2000313,   1, True ) /* Stuck */
     , (2000313,   8, True ) /* AllowGive */
     , (2000313,  11, True ) /* IgnoreCollisions */
     , (2000313,  12, True ) /* ReportCollisions */
     , (2000313,  13, False) /* Ethereal */
     , (2000313,  14, True ) /* GravityStatus */
     , (2000313,  19, False) /* Attackable */
     , (2000313,  29, True ) /* NoCorpse */
     , (2000313,  41, True ) /* ReportCollisionsAsEnvironment */
     , (2000313,  42, True ) /* AllowEdgeSlide */
     , (2000313,  52, True ) /* AiImmobile */
     , (2000313,  79, True ) /* AiAcceptEverything */;

INSERT INTO `weenie_properties_float` (`object_Id`, `type`, `value`)
VALUES (2000313,   1,       5) /* HeartbeatInterval */
     , (2000313,   2,       0) /* HeartbeatTimestamp */
     , (2000313,   3, 0.159999996423721) /* HealthRate */
     , (2000313,   4,       5) /* StaminaRate */
     , (2000313,   5,       1) /* ManaRate */
     , (2000313,  13, 0.899999976158142) /* ArmorModVsSlash */
     , (2000313,  14,       1) /* ArmorModVsPierce */
     , (2000313,  15, 1.10000002384186) /* ArmorModVsBludgeon */
     , (2000313,  16, 0.400000005960464) /* ArmorModVsCold */
     , (2000313,  17, 0.400000005960464) /* ArmorModVsFire */
     , (2000313,  18,       1) /* ArmorModVsAcid */
     , (2000313,  19, 0.600000023841858) /* ArmorModVsElectric */
     , (2000313,  54,       3) /* UseRadius */
     , (2000313,  64,       1) /* ResistSlash */
     , (2000313,  65,       1) /* ResistPierce */
     , (2000313,  66,       1) /* ResistBludgeon */
     , (2000313,  67,       1) /* ResistFire */
     , (2000313,  68,       1) /* ResistCold */
     , (2000313,  69,       1) /* ResistAcid */
     , (2000313,  70,       1) /* ResistElectric */
     , (2000313,  71,       1) /* ResistHealthBoost */
     , (2000313,  72,       1) /* ResistStaminaDrain */
     , (2000313,  73,       1) /* ResistStaminaBoost */
     , (2000313,  74,       1) /* ResistManaDrain */
     , (2000313,  75,       1) /* ResistManaBoost */
     , (2000313, 104,      10) /* ObviousRadarRange */
     , (2000313, 125,       1) /* ResistHealthDrain */;

INSERT INTO `weenie_properties_string` (`object_Id`, `type`, `value`)
VALUES (2000313,   1, 'Townfolk') /* Name */
     , (2000313,   3, 'Male') /* Sex */
     , (2000313,   4, 'Aluvian') /* HeritageGroup */;

INSERT INTO `weenie_properties_d_i_d` (`object_Id`, `type`, `value`)
VALUES (2000313,   1,   33554433) /* Setup */
     , (2000313,   2,  150994945) /* MotionTable */
     , (2000313,   3,  536870913) /* SoundTable */
     , (2000313,   4,  805306368) /* CombatTable */
     , (2000313,   6,   67108990) /* PaletteBase */
     , (2000313,   8,  100667446) /* Icon */
     , (2000313,   9,   83890437) /* EyesTexture */
     , (2000313,  10,   83890521) /* NoseTexture */
     , (2000313,  11,   83890627) /* MouthTexture */
     , (2000313,  15,   67116978) /* HairPalette */
     , (2000313,  16,   67109564) /* EyesPalette */
     , (2000313,  17,   67109558) /* SkinPalette */;

INSERT INTO `weenie_properties_attribute` (`object_Id`, `type`, `init_Level`, `level_From_C_P`, `c_P_Spent`)
VALUES (2000313,   1, 110, 0, 0) /* Strength */
     , (2000313,   2, 120, 0, 0) /* Endurance */
     , (2000313,   3, 120, 0, 0) /* Quickness */
     , (2000313,   4, 120, 0, 0) /* Coordination */
     , (2000313,   5, 100, 0, 0) /* Focus */
     , (2000313,   6, 100, 0, 0) /* Self */;

INSERT INTO `weenie_properties_attribute_2nd` (`object_Id`, `type`, `init_Level`, `level_From_C_P`, `c_P_Spent`, `current_Level`)
VALUES (2000313,   1,     0, 0, 0, 60) /* MaxHealth */
     , (2000313,   3,     0, 0, 0, 120) /* MaxStamina */
     , (2000313,   5,     0, 0, 0, 100) /* MaxMana */;

INSERT INTO `weenie_properties_skill` (`object_Id`, `type`, `level_From_P_P`, `s_a_c`, `p_p`, `init_Level`, `resistance_At_Last_Check`, `last_Used_Time`)
VALUES (2000313,  6, 0, 2, 0,   1, 0, 0) /* MeleeDefense        Trained */
     , (2000313,  7, 0, 2, 0,   1, 0, 0) /* MissileDefense      Trained */
     , (2000313, 13, 0, 2, 0,   1, 0, 0) /* UnarmedCombat       Trained */;

INSERT INTO `weenie_properties_body_part` (`object_Id`, `key`, `d_Type`, `d_Val`, `d_Var`, `base_Armor`, `armor_Vs_Slash`, `armor_Vs_Pierce`, `armor_Vs_Bludgeon`, `armor_Vs_Cold`, `armor_Vs_Fire`, `armor_Vs_Acid`, `armor_Vs_Electric`, `armor_Vs_Nether`, `b_h`, `h_l_f`, `m_l_f`, `l_l_f`, `h_r_f`, `m_r_f`, `l_r_f`, `h_l_b`, `m_l_b`, `l_l_b`, `h_r_b`, `m_r_b`, `l_r_b`)
VALUES (2000313,  0,  4,  0,    0,    0,    0,    0,    0,    0,    0,    0,    0,    0, 1, 0.33,    0,    0, 0.33,    0,    0, 0.33,    0,    0, 0.33,    0,    0) /* Head */
     , (2000313,  1,  4,  0,    0,    0,    0,    0,    0,    0,    0,    0,    0,    0, 2, 0.44, 0.17,    0, 0.44, 0.17,    0, 0.44, 0.17,    0, 0.44, 0.17,    0) /* Chest */
     , (2000313,  2,  4,  0,    0,    0,    0,    0,    0,    0,    0,    0,    0,    0, 3,    0, 0.17,    0,    0, 0.17,    0,    0, 0.17,    0,    0, 0.17,    0) /* Abdomen */
     , (2000313,  3,  4,  0,    0,    0,    0,    0,    0,    0,    0,    0,    0,    0, 1, 0.23, 0.03,    0, 0.23, 0.03,    0, 0.23, 0.03,    0, 0.23, 0.03,    0) /* UpperArm */
     , (2000313,  4,  4,  0,    0,    0,    0,    0,    0,    0,    0,    0,    0,    0, 2,    0,  0.3,    0,    0,  0.3,    0,    0,  0.3,    0,    0,  0.3,    0) /* LowerArm */
     , (2000313,  5,  4,  2, 0.75,    0,    0,    0,    0,    0,    0,    0,    0,    0, 2,    0,  0.2,    0,    0,  0.2,    0,    0,  0.2,    0,    0,  0.2,    0) /* Hand */
     , (2000313,  6,  4,  0,    0,    0,    0,    0,    0,    0,    0,    0,    0,    0, 3,    0, 0.13, 0.18,    0, 0.13, 0.18,    0, 0.13, 0.18,    0, 0.13, 0.18) /* UpperLeg */
     , (2000313,  7,  4,  0,    0,    0,    0,    0,    0,    0,    0,    0,    0,    0, 3,    0,    0,  0.6,    0,    0,  0.6,    0,    0,  0.6,    0,    0,  0.6) /* LowerLeg */
     , (2000313,  8,  4,  2, 0.75,    0,    0,    0,    0,    0,    0,    0,    0,    0, 3,    0,    0, 0.22,    0,    0, 0.22,    0,    0, 0.22,    0,    0, 0.22) /* Foot */;

INSERT INTO `weenie_properties_emote` (`object_Id`, `category`, `probability`, `weenie_Class_Id`, `style`, `substyle`, `quest`, `vendor_Type`, `min_Health`, `max_Health`)
VALUES (2000313,  7 /* Use */,      1, NULL, NULL, NULL, NULL, NULL, NULL, NULL);

SET @parent_id = LAST_INSERT_ID();

INSERT INTO `weenie_properties_emote_action` (`emote_Id`, `order`, `type`, `delay`, `extent`, `motion`, `message`, `test_String`, `min`, `max`, `min_64`, `max_64`, `min_Dbl`, `max_Dbl`, `stat`, `display`, `amount`, `amount_64`, `hero_X_P_64`, `percent`, `spell_Id`, `wealth_Rating`, `treasure_Class`, `treasure_Type`, `p_Script`, `sound`, `destination_Type`, `weenie_Class_Id`, `stack_Size`, `palette`, `shade`, `try_To_Bond`, `obj_Cell_Id`, `origin_X`, `origin_Y`, `origin_Z`, `angles_W`, `angles_X`, `angles_Y`, `angles_Z`)
VALUES (@parent_id,  0,  10 /* Tell */, 1.5, 1, NULL, 'Glad to see the town centers alive once more! warms my heart.', NULL, NULL, NULL, NULL, NULL, NULL, NULL, NULL, NULL, NULL, NULL, NULL, NULL, NULL, NULL, NULL, NULL, NULL, NULL, NULL, NULL, NULL, NULL, NULL, NULL, NULL, NULL, NULL, NULL, NULL, NULL, NULL, NULL);

INSERT INTO `weenie_properties_create_list` (`object_Id`, `destination_Type`, `weenie_Class_Id`, `stack_Size`, `palette`, `shade`, `try_To_Bond`)
VALUES (2000313, 2,  2588,  0, 90, 1, False) /* Create Shirt (2588) for Wield */
     , (2000313, 2,  2597,  0, 90, 1, False) /* Create Pants (2597) for Wield */;

DELETE FROM `weenie` WHERE `class_Id` = 2000314;

INSERT INTO `weenie` (`class_Id`, `class_Name`, `type`, `last_Modified`)
VALUES (2000314, 'ace2000314-townfolk', 10, '2019-09-24 03:42:54') /* Creature */;

INSERT INTO `weenie_properties_int` (`object_Id`, `type`, `value`)
VALUES (2000314,   1,         16) /* ItemType - Creature */
     , (2000314,   2,         31) /* CreatureType - Human */
     , (2000314,   6,         -1) /* ItemsCapacity */
     , (2000314,   7,         -1) /* ContainersCapacity */
     , (2000314,   8,        120) /* Mass */
     , (2000314,  16,         32) /* ItemUseable - Remote */
     , (2000314,  25,         15) /* Level */
     , (2000314,  27,          0) /* ArmorType - None */
     , (2000314,  93,    6292504) /* PhysicsState - ReportCollisions, IgnoreCollisions, Gravity, ReportCollisionsAsEnvironment, EdgeSlide */
     , (2000314,  95,          8) /* RadarBlipColor - Yellow */
     , (2000314, 113,          1) /* Gender - Male */
     , (2000314, 133,          4) /* ShowableOnRadar - ShowAlways */
     , (2000314, 134,         16) /* PlayerKillerStatus - RubberGlue */
     , (2000314, 146,        293) /* XpOverride */
     , (2000314, 188,          1) /* HeritageGroup - Aluvian */;

INSERT INTO `weenie_properties_bool` (`object_Id`, `type`, `value`)
VALUES (2000314,   1, True ) /* Stuck */
     , (2000314,   8, True ) /* AllowGive */
     , (2000314,  11, True ) /* IgnoreCollisions */
     , (2000314,  12, True ) /* ReportCollisions */
     , (2000314,  13, False) /* Ethereal */
     , (2000314,  14, True ) /* GravityStatus */
     , (2000314,  19, False) /* Attackable */
     , (2000314,  29, True ) /* NoCorpse */
     , (2000314,  41, True ) /* ReportCollisionsAsEnvironment */
     , (2000314,  42, True ) /* AllowEdgeSlide */
     , (2000314,  52, True ) /* AiImmobile */
     , (2000314,  79, True ) /* AiAcceptEverything */;

INSERT INTO `weenie_properties_float` (`object_Id`, `type`, `value`)
VALUES (2000314,   1,       5) /* HeartbeatInterval */
     , (2000314,   2,       0) /* HeartbeatTimestamp */
     , (2000314,   3, 0.159999996423721) /* HealthRate */
     , (2000314,   4,       5) /* StaminaRate */
     , (2000314,   5,       1) /* ManaRate */
     , (2000314,  13, 0.899999976158142) /* ArmorModVsSlash */
     , (2000314,  14,       1) /* ArmorModVsPierce */
     , (2000314,  15, 1.10000002384186) /* ArmorModVsBludgeon */
     , (2000314,  16, 0.400000005960464) /* ArmorModVsCold */
     , (2000314,  17, 0.400000005960464) /* ArmorModVsFire */
     , (2000314,  18,       1) /* ArmorModVsAcid */
     , (2000314,  19, 0.600000023841858) /* ArmorModVsElectric */
     , (2000314,  54,       3) /* UseRadius */
     , (2000314,  64,       1) /* ResistSlash */
     , (2000314,  65,       1) /* ResistPierce */
     , (2000314,  66,       1) /* ResistBludgeon */
     , (2000314,  67,       1) /* ResistFire */
     , (2000314,  68,       1) /* ResistCold */
     , (2000314,  69,       1) /* ResistAcid */
     , (2000314,  70,       1) /* ResistElectric */
     , (2000314,  71,       1) /* ResistHealthBoost */
     , (2000314,  72,       1) /* ResistStaminaDrain */
     , (2000314,  73,       1) /* ResistStaminaBoost */
     , (2000314,  74,       1) /* ResistManaDrain */
     , (2000314,  75,       1) /* ResistManaBoost */
     , (2000314, 104,      10) /* ObviousRadarRange */
     , (2000314, 125,       1) /* ResistHealthDrain */;

INSERT INTO `weenie_properties_string` (`object_Id`, `type`, `value`)
VALUES (2000314,   1, 'Townfolk') /* Name */
     , (2000314,   3, 'Male') /* Sex */
     , (2000314,   4, 'Aluvian') /* HeritageGroup */;

INSERT INTO `weenie_properties_d_i_d` (`object_Id`, `type`, `value`)
VALUES (2000314,   1,   33554433) /* Setup */
     , (2000314,   2,  150994945) /* MotionTable */
     , (2000314,   3,  536870913) /* SoundTable */
     , (2000314,   4,  805306368) /* CombatTable */
     , (2000314,   6,   67108990) /* PaletteBase */
     , (2000314,   8,  100667446) /* Icon */
     , (2000314,   9,   83890437) /* EyesTexture */
     , (2000314,  10,   83890521) /* NoseTexture */
     , (2000314,  11,   83890627) /* MouthTexture */
     , (2000314,  15,   67116978) /* HairPalette */
     , (2000314,  16,   67109564) /* EyesPalette */
     , (2000314,  17,   67109558) /* SkinPalette */;

INSERT INTO `weenie_properties_attribute` (`object_Id`, `type`, `init_Level`, `level_From_C_P`, `c_P_Spent`)
VALUES (2000314,   1, 110, 0, 0) /* Strength */
     , (2000314,   2, 120, 0, 0) /* Endurance */
     , (2000314,   3, 120, 0, 0) /* Quickness */
     , (2000314,   4, 120, 0, 0) /* Coordination */
     , (2000314,   5, 100, 0, 0) /* Focus */
     , (2000314,   6, 100, 0, 0) /* Self */;

INSERT INTO `weenie_properties_attribute_2nd` (`object_Id`, `type`, `init_Level`, `level_From_C_P`, `c_P_Spent`, `current_Level`)
VALUES (2000314,   1,     0, 0, 0, 60) /* MaxHealth */
     , (2000314,   3,     0, 0, 0, 120) /* MaxStamina */
     , (2000314,   5,     0, 0, 0, 100) /* MaxMana */;

INSERT INTO `weenie_properties_skill` (`object_Id`, `type`, `level_From_P_P`, `s_a_c`, `p_p`, `init_Level`, `resistance_At_Last_Check`, `last_Used_Time`)
VALUES (2000314,  6, 0, 2, 0,   1, 0, 0) /* MeleeDefense        Trained */
     , (2000314,  7, 0, 2, 0,   1, 0, 0) /* MissileDefense      Trained */
     , (2000314, 13, 0, 2, 0,   1, 0, 0) /* UnarmedCombat       Trained */;

INSERT INTO `weenie_properties_body_part` (`object_Id`, `key`, `d_Type`, `d_Val`, `d_Var`, `base_Armor`, `armor_Vs_Slash`, `armor_Vs_Pierce`, `armor_Vs_Bludgeon`, `armor_Vs_Cold`, `armor_Vs_Fire`, `armor_Vs_Acid`, `armor_Vs_Electric`, `armor_Vs_Nether`, `b_h`, `h_l_f`, `m_l_f`, `l_l_f`, `h_r_f`, `m_r_f`, `l_r_f`, `h_l_b`, `m_l_b`, `l_l_b`, `h_r_b`, `m_r_b`, `l_r_b`)
VALUES (2000314,  0,  4,  0,    0,    0,    0,    0,    0,    0,    0,    0,    0,    0, 1, 0.33,    0,    0, 0.33,    0,    0, 0.33,    0,    0, 0.33,    0,    0) /* Head */
     , (2000314,  1,  4,  0,    0,    0,    0,    0,    0,    0,    0,    0,    0,    0, 2, 0.44, 0.17,    0, 0.44, 0.17,    0, 0.44, 0.17,    0, 0.44, 0.17,    0) /* Chest */
     , (2000314,  2,  4,  0,    0,    0,    0,    0,    0,    0,    0,    0,    0,    0, 3,    0, 0.17,    0,    0, 0.17,    0,    0, 0.17,    0,    0, 0.17,    0) /* Abdomen */
     , (2000314,  3,  4,  0,    0,    0,    0,    0,    0,    0,    0,    0,    0,    0, 1, 0.23, 0.03,    0, 0.23, 0.03,    0, 0.23, 0.03,    0, 0.23, 0.03,    0) /* UpperArm */
     , (2000314,  4,  4,  0,    0,    0,    0,    0,    0,    0,    0,    0,    0,    0, 2,    0,  0.3,    0,    0,  0.3,    0,    0,  0.3,    0,    0,  0.3,    0) /* LowerArm */
     , (2000314,  5,  4,  2, 0.75,    0,    0,    0,    0,    0,    0,    0,    0,    0, 2,    0,  0.2,    0,    0,  0.2,    0,    0,  0.2,    0,    0,  0.2,    0) /* Hand */
     , (2000314,  6,  4,  0,    0,    0,    0,    0,    0,    0,    0,    0,    0,    0, 3,    0, 0.13, 0.18,    0, 0.13, 0.18,    0, 0.13, 0.18,    0, 0.13, 0.18) /* UpperLeg */
     , (2000314,  7,  4,  0,    0,    0,    0,    0,    0,    0,    0,    0,    0,    0, 3,    0,    0,  0.6,    0,    0,  0.6,    0,    0,  0.6,    0,    0,  0.6) /* LowerLeg */
     , (2000314,  8,  4,  2, 0.75,    0,    0,    0,    0,    0,    0,    0,    0,    0, 3,    0,    0, 0.22,    0,    0, 0.22,    0,    0, 0.22,    0,    0, 0.22) /* Foot */;

INSERT INTO `weenie_properties_emote` (`object_Id`, `category`, `probability`, `weenie_Class_Id`, `style`, `substyle`, `quest`, `vendor_Type`, `min_Health`, `max_Health`)
VALUES (2000314,  7 /* Use */,      1, NULL, NULL, NULL, NULL, NULL, NULL, NULL);

SET @parent_id = LAST_INSERT_ID();

INSERT INTO `weenie_properties_emote_action` (`emote_Id`, `order`, `type`, `delay`, `extent`, `motion`, `message`, `test_String`, `min`, `max`, `min_64`, `max_64`, `min_Dbl`, `max_Dbl`, `stat`, `display`, `amount`, `amount_64`, `hero_X_P_64`, `percent`, `spell_Id`, `wealth_Rating`, `treasure_Class`, `treasure_Type`, `p_Script`, `sound`, `destination_Type`, `weenie_Class_Id`, `stack_Size`, `palette`, `shade`, `try_To_Bond`, `obj_Cell_Id`, `origin_X`, `origin_Y`, `origin_Z`, `angles_W`, `angles_X`, `angles_Y`, `angles_Z`)
VALUES (@parent_id,  0,  10 /* Tell */, 1.5, 1, NULL, 'I am going to have to head up to Timaru soon, see it with my own eyes.', NULL, NULL, NULL, NULL, NULL, NULL, NULL, NULL, NULL, NULL, NULL, NULL, NULL, NULL, NULL, NULL, NULL, NULL, NULL, NULL, NULL, NULL, NULL, NULL, NULL, NULL, NULL, NULL, NULL, NULL, NULL, NULL, NULL);

INSERT INTO `weenie_properties_create_list` (`object_Id`, `destination_Type`, `weenie_Class_Id`, `stack_Size`, `palette`, `shade`, `try_To_Bond`)
VALUES (2000314, 2, 26452,  0, 86, 1, False) /* Create Bathrobe (26452) for Wield */
     , (2000314, 2,  2597,  0, 5, 1, False) /* Create Pants (2597) for Wield */;

DELETE FROM `weenie` WHERE `class_Id` = 2000315;

INSERT INTO `weenie` (`class_Id`, `class_Name`, `type`, `last_Modified`)
VALUES (2000315, 'ace2000315-townfolk', 10, '2019-09-24 03:42:55') /* Creature */;

INSERT INTO `weenie_properties_int` (`object_Id`, `type`, `value`)
VALUES (2000315,   1,         16) /* ItemType - Creature */
     , (2000315,   2,         31) /* CreatureType - Human */
     , (2000315,   6,         -1) /* ItemsCapacity */
     , (2000315,   7,         -1) /* ContainersCapacity */
     , (2000315,   8,        120) /* Mass */
     , (2000315,  16,         32) /* ItemUseable - Remote */
     , (2000315,  25,         15) /* Level */
     , (2000315,  27,          0) /* ArmorType - None */
     , (2000315,  93,    6292504) /* PhysicsState - ReportCollisions, IgnoreCollisions, Gravity, ReportCollisionsAsEnvironment, EdgeSlide */
     , (2000315,  95,          8) /* RadarBlipColor - Yellow */
     , (2000315, 113,          1) /* Gender - Male */
     , (2000315, 133,          4) /* ShowableOnRadar - ShowAlways */
     , (2000315, 134,         16) /* PlayerKillerStatus - RubberGlue */
     , (2000315, 146,        293) /* XpOverride */
     , (2000315, 188,          1) /* HeritageGroup - Aluvian */;

INSERT INTO `weenie_properties_bool` (`object_Id`, `type`, `value`)
VALUES (2000315,   1, True ) /* Stuck */
     , (2000315,   8, True ) /* AllowGive */
     , (2000315,  11, True ) /* IgnoreCollisions */
     , (2000315,  12, True ) /* ReportCollisions */
     , (2000315,  13, False) /* Ethereal */
     , (2000315,  14, True ) /* GravityStatus */
     , (2000315,  19, False) /* Attackable */
     , (2000315,  29, True ) /* NoCorpse */
     , (2000315,  41, True ) /* ReportCollisionsAsEnvironment */
     , (2000315,  42, True ) /* AllowEdgeSlide */
     , (2000315,  52, True ) /* AiImmobile */
     , (2000315,  79, True ) /* AiAcceptEverything */;

INSERT INTO `weenie_properties_float` (`object_Id`, `type`, `value`)
VALUES (2000315,   1,       5) /* HeartbeatInterval */
     , (2000315,   2,       0) /* HeartbeatTimestamp */
     , (2000315,   3, 0.159999996423721) /* HealthRate */
     , (2000315,   4,       5) /* StaminaRate */
     , (2000315,   5,       1) /* ManaRate */
     , (2000315,  13, 0.899999976158142) /* ArmorModVsSlash */
     , (2000315,  14,       1) /* ArmorModVsPierce */
     , (2000315,  15, 1.10000002384186) /* ArmorModVsBludgeon */
     , (2000315,  16, 0.400000005960464) /* ArmorModVsCold */
     , (2000315,  17, 0.400000005960464) /* ArmorModVsFire */
     , (2000315,  18,       1) /* ArmorModVsAcid */
     , (2000315,  19, 0.600000023841858) /* ArmorModVsElectric */
     , (2000315,  54,       3) /* UseRadius */
     , (2000315,  64,       1) /* ResistSlash */
     , (2000315,  65,       1) /* ResistPierce */
     , (2000315,  66,       1) /* ResistBludgeon */
     , (2000315,  67,       1) /* ResistFire */
     , (2000315,  68,       1) /* ResistCold */
     , (2000315,  69,       1) /* ResistAcid */
     , (2000315,  70,       1) /* ResistElectric */
     , (2000315,  71,       1) /* ResistHealthBoost */
     , (2000315,  72,       1) /* ResistStaminaDrain */
     , (2000315,  73,       1) /* ResistStaminaBoost */
     , (2000315,  74,       1) /* ResistManaDrain */
     , (2000315,  75,       1) /* ResistManaBoost */
     , (2000315, 104,      10) /* ObviousRadarRange */
     , (2000315, 125,       1) /* ResistHealthDrain */;

INSERT INTO `weenie_properties_string` (`object_Id`, `type`, `value`)
VALUES (2000315,   1, 'Townfolk') /* Name */
     , (2000315,   3, 'Male') /* Sex */
     , (2000315,   4, 'Aluvian') /* HeritageGroup */;

INSERT INTO `weenie_properties_d_i_d` (`object_Id`, `type`, `value`)
VALUES (2000315,   1,   33554433) /* Setup */
     , (2000315,   2,  150994945) /* MotionTable */
     , (2000315,   3,  536870913) /* SoundTable */
     , (2000315,   4,  805306368) /* CombatTable */
     , (2000315,   6,   67108990) /* PaletteBase */
     , (2000315,   8,  100667446) /* Icon */
     , (2000315,   9,   83890437) /* EyesTexture */
     , (2000315,  10,   83890521) /* NoseTexture */
     , (2000315,  11,   83890627) /* MouthTexture */
     , (2000315,  15,   67116978) /* HairPalette */
     , (2000315,  16,   67109564) /* EyesPalette */
     , (2000315,  17,   67109558) /* SkinPalette */;

INSERT INTO `weenie_properties_attribute` (`object_Id`, `type`, `init_Level`, `level_From_C_P`, `c_P_Spent`)
VALUES (2000315,   1, 110, 0, 0) /* Strength */
     , (2000315,   2, 120, 0, 0) /* Endurance */
     , (2000315,   3, 120, 0, 0) /* Quickness */
     , (2000315,   4, 120, 0, 0) /* Coordination */
     , (2000315,   5, 100, 0, 0) /* Focus */
     , (2000315,   6, 100, 0, 0) /* Self */;

INSERT INTO `weenie_properties_attribute_2nd` (`object_Id`, `type`, `init_Level`, `level_From_C_P`, `c_P_Spent`, `current_Level`)
VALUES (2000315,   1,     0, 0, 0, 60) /* MaxHealth */
     , (2000315,   3,     0, 0, 0, 120) /* MaxStamina */
     , (2000315,   5,     0, 0, 0, 100) /* MaxMana */;

INSERT INTO `weenie_properties_skill` (`object_Id`, `type`, `level_From_P_P`, `s_a_c`, `p_p`, `init_Level`, `resistance_At_Last_Check`, `last_Used_Time`)
VALUES (2000315,  6, 0, 2, 0,   1, 0, 0) /* MeleeDefense        Trained */
     , (2000315,  7, 0, 2, 0,   1, 0, 0) /* MissileDefense      Trained */
     , (2000315, 13, 0, 2, 0,   1, 0, 0) /* UnarmedCombat       Trained */;

INSERT INTO `weenie_properties_body_part` (`object_Id`, `key`, `d_Type`, `d_Val`, `d_Var`, `base_Armor`, `armor_Vs_Slash`, `armor_Vs_Pierce`, `armor_Vs_Bludgeon`, `armor_Vs_Cold`, `armor_Vs_Fire`, `armor_Vs_Acid`, `armor_Vs_Electric`, `armor_Vs_Nether`, `b_h`, `h_l_f`, `m_l_f`, `l_l_f`, `h_r_f`, `m_r_f`, `l_r_f`, `h_l_b`, `m_l_b`, `l_l_b`, `h_r_b`, `m_r_b`, `l_r_b`)
VALUES (2000315,  0,  4,  0,    0,    0,    0,    0,    0,    0,    0,    0,    0,    0, 1, 0.33,    0,    0, 0.33,    0,    0, 0.33,    0,    0, 0.33,    0,    0) /* Head */
     , (2000315,  1,  4,  0,    0,    0,    0,    0,    0,    0,    0,    0,    0,    0, 2, 0.44, 0.17,    0, 0.44, 0.17,    0, 0.44, 0.17,    0, 0.44, 0.17,    0) /* Chest */
     , (2000315,  2,  4,  0,    0,    0,    0,    0,    0,    0,    0,    0,    0,    0, 3,    0, 0.17,    0,    0, 0.17,    0,    0, 0.17,    0,    0, 0.17,    0) /* Abdomen */
     , (2000315,  3,  4,  0,    0,    0,    0,    0,    0,    0,    0,    0,    0,    0, 1, 0.23, 0.03,    0, 0.23, 0.03,    0, 0.23, 0.03,    0, 0.23, 0.03,    0) /* UpperArm */
     , (2000315,  4,  4,  0,    0,    0,    0,    0,    0,    0,    0,    0,    0,    0, 2,    0,  0.3,    0,    0,  0.3,    0,    0,  0.3,    0,    0,  0.3,    0) /* LowerArm */
     , (2000315,  5,  4,  2, 0.75,    0,    0,    0,    0,    0,    0,    0,    0,    0, 2,    0,  0.2,    0,    0,  0.2,    0,    0,  0.2,    0,    0,  0.2,    0) /* Hand */
     , (2000315,  6,  4,  0,    0,    0,    0,    0,    0,    0,    0,    0,    0,    0, 3,    0, 0.13, 0.18,    0, 0.13, 0.18,    0, 0.13, 0.18,    0, 0.13, 0.18) /* UpperLeg */
     , (2000315,  7,  4,  0,    0,    0,    0,    0,    0,    0,    0,    0,    0,    0, 3,    0,    0,  0.6,    0,    0,  0.6,    0,    0,  0.6,    0,    0,  0.6) /* LowerLeg */
     , (2000315,  8,  4,  2, 0.75,    0,    0,    0,    0,    0,    0,    0,    0,    0, 3,    0,    0, 0.22,    0,    0, 0.22,    0,    0, 0.22,    0,    0, 0.22) /* Foot */;

INSERT INTO `weenie_properties_emote` (`object_Id`, `category`, `probability`, `weenie_Class_Id`, `style`, `substyle`, `quest`, `vendor_Type`, `min_Health`, `max_Health`)
VALUES (2000315,  7 /* Use */,      1, NULL, NULL, NULL, NULL, NULL, NULL, NULL);

SET @parent_id = LAST_INSERT_ID();

INSERT INTO `weenie_properties_emote_action` (`emote_Id`, `order`, `type`, `delay`, `extent`, `motion`, `message`, `test_String`, `min`, `max`, `min_64`, `max_64`, `min_Dbl`, `max_Dbl`, `stat`, `display`, `amount`, `amount_64`, `hero_X_P_64`, `percent`, `spell_Id`, `wealth_Rating`, `treasure_Class`, `treasure_Type`, `p_Script`, `sound`, `destination_Type`, `weenie_Class_Id`, `stack_Size`, `palette`, `shade`, `try_To_Bond`, `obj_Cell_Id`, `origin_X`, `origin_Y`, `origin_Z`, `angles_W`, `angles_X`, `angles_Y`, `angles_Z`)
VALUES (@parent_id,  0,  10 /* Tell */, 1.5, 1, NULL, 'Welcome stranger, stay a while we are friendly.', NULL, NULL, NULL, NULL, NULL, NULL, NULL, NULL, NULL, NULL, NULL, NULL, NULL, NULL, NULL, NULL, NULL, NULL, NULL, NULL, NULL, NULL, NULL, NULL, NULL, NULL, NULL, NULL, NULL, NULL, NULL, NULL, NULL);

INSERT INTO `weenie_properties_create_list` (`object_Id`, `destination_Type`, `weenie_Class_Id`, `stack_Size`, `palette`, `shade`, `try_To_Bond`)
VALUES (2000315, 2,  2588,  0, 91, 1, False) /* Create Shirt (2588) for Wield */
     , (2000315, 2,  2597,  0, 5, 1, False) /* Create Pants (2597) for Wield */;

DELETE FROM `weenie` WHERE `class_Id` = 2000316;

INSERT INTO `weenie` (`class_Id`, `class_Name`, `type`, `last_Modified`)
VALUES (2000316, 'ace2000316-townfolk', 10, '2019-09-24 03:42:57') /* Creature */;

INSERT INTO `weenie_properties_int` (`object_Id`, `type`, `value`)
VALUES (2000316,   1,         16) /* ItemType - Creature */
     , (2000316,   2,         31) /* CreatureType - Human */
     , (2000316,   6,         -1) /* ItemsCapacity */
     , (2000316,   7,         -1) /* ContainersCapacity */
     , (2000316,   8,        120) /* Mass */
     , (2000316,  16,         32) /* ItemUseable - Remote */
     , (2000316,  25,         15) /* Level */
     , (2000316,  27,          0) /* ArmorType - None */
     , (2000316,  93,    6292504) /* PhysicsState - ReportCollisions, IgnoreCollisions, Gravity, ReportCollisionsAsEnvironment, EdgeSlide */
     , (2000316,  95,          8) /* RadarBlipColor - Yellow */
     , (2000316, 113,          1) /* Gender - Male */
     , (2000316, 133,          4) /* ShowableOnRadar - ShowAlways */
     , (2000316, 134,         16) /* PlayerKillerStatus - RubberGlue */
     , (2000316, 146,        293) /* XpOverride */
     , (2000316, 188,          1) /* HeritageGroup - Aluvian */;

INSERT INTO `weenie_properties_bool` (`object_Id`, `type`, `value`)
VALUES (2000316,   1, True ) /* Stuck */
     , (2000316,   8, True ) /* AllowGive */
     , (2000316,  11, True ) /* IgnoreCollisions */
     , (2000316,  12, True ) /* ReportCollisions */
     , (2000316,  13, False) /* Ethereal */
     , (2000316,  14, True ) /* GravityStatus */
     , (2000316,  19, False) /* Attackable */
     , (2000316,  29, True ) /* NoCorpse */
     , (2000316,  41, True ) /* ReportCollisionsAsEnvironment */
     , (2000316,  42, True ) /* AllowEdgeSlide */
     , (2000316,  52, True ) /* AiImmobile */
     , (2000316,  79, True ) /* AiAcceptEverything */;

INSERT INTO `weenie_properties_float` (`object_Id`, `type`, `value`)
VALUES (2000316,   1,       5) /* HeartbeatInterval */
     , (2000316,   2,       0) /* HeartbeatTimestamp */
     , (2000316,   3, 0.159999996423721) /* HealthRate */
     , (2000316,   4,       5) /* StaminaRate */
     , (2000316,   5,       1) /* ManaRate */
     , (2000316,  13, 0.899999976158142) /* ArmorModVsSlash */
     , (2000316,  14,       1) /* ArmorModVsPierce */
     , (2000316,  15, 1.10000002384186) /* ArmorModVsBludgeon */
     , (2000316,  16, 0.400000005960464) /* ArmorModVsCold */
     , (2000316,  17, 0.400000005960464) /* ArmorModVsFire */
     , (2000316,  18,       1) /* ArmorModVsAcid */
     , (2000316,  19, 0.600000023841858) /* ArmorModVsElectric */
     , (2000316,  54,       3) /* UseRadius */
     , (2000316,  64,       1) /* ResistSlash */
     , (2000316,  65,       1) /* ResistPierce */
     , (2000316,  66,       1) /* ResistBludgeon */
     , (2000316,  67,       1) /* ResistFire */
     , (2000316,  68,       1) /* ResistCold */
     , (2000316,  69,       1) /* ResistAcid */
     , (2000316,  70,       1) /* ResistElectric */
     , (2000316,  71,       1) /* ResistHealthBoost */
     , (2000316,  72,       1) /* ResistStaminaDrain */
     , (2000316,  73,       1) /* ResistStaminaBoost */
     , (2000316,  74,       1) /* ResistManaDrain */
     , (2000316,  75,       1) /* ResistManaBoost */
     , (2000316, 104,      10) /* ObviousRadarRange */
     , (2000316, 125,       1) /* ResistHealthDrain */;

INSERT INTO `weenie_properties_string` (`object_Id`, `type`, `value`)
VALUES (2000316,   1, 'Townfolk') /* Name */
     , (2000316,   3, 'Male') /* Sex */
     , (2000316,   4, 'Aluvian') /* HeritageGroup */;

INSERT INTO `weenie_properties_d_i_d` (`object_Id`, `type`, `value`)
VALUES (2000316,   1,   33554433) /* Setup */
     , (2000316,   2,  150994945) /* MotionTable */
     , (2000316,   3,  536870913) /* SoundTable */
     , (2000316,   4,  805306368) /* CombatTable */
     , (2000316,   6,   67108990) /* PaletteBase */
     , (2000316,   8,  100667446) /* Icon */
     , (2000316,   9,   83890437) /* EyesTexture */
     , (2000316,  10,   83890521) /* NoseTexture */
     , (2000316,  11,   83890627) /* MouthTexture */
     , (2000316,  15,   67116978) /* HairPalette */
     , (2000316,  16,   67109564) /* EyesPalette */
     , (2000316,  17,   67109558) /* SkinPalette */;

INSERT INTO `weenie_properties_attribute` (`object_Id`, `type`, `init_Level`, `level_From_C_P`, `c_P_Spent`)
VALUES (2000316,   1, 110, 0, 0) /* Strength */
     , (2000316,   2, 120, 0, 0) /* Endurance */
     , (2000316,   3, 120, 0, 0) /* Quickness */
     , (2000316,   4, 120, 0, 0) /* Coordination */
     , (2000316,   5, 100, 0, 0) /* Focus */
     , (2000316,   6, 100, 0, 0) /* Self */;

INSERT INTO `weenie_properties_attribute_2nd` (`object_Id`, `type`, `init_Level`, `level_From_C_P`, `c_P_Spent`, `current_Level`)
VALUES (2000316,   1,     0, 0, 0, 60) /* MaxHealth */
     , (2000316,   3,     0, 0, 0, 120) /* MaxStamina */
     , (2000316,   5,     0, 0, 0, 100) /* MaxMana */;

INSERT INTO `weenie_properties_skill` (`object_Id`, `type`, `level_From_P_P`, `s_a_c`, `p_p`, `init_Level`, `resistance_At_Last_Check`, `last_Used_Time`)
VALUES (2000316,  6, 0, 2, 0,   1, 0, 0) /* MeleeDefense        Trained */
     , (2000316,  7, 0, 2, 0,   1, 0, 0) /* MissileDefense      Trained */
     , (2000316, 13, 0, 2, 0,   1, 0, 0) /* UnarmedCombat       Trained */;

INSERT INTO `weenie_properties_body_part` (`object_Id`, `key`, `d_Type`, `d_Val`, `d_Var`, `base_Armor`, `armor_Vs_Slash`, `armor_Vs_Pierce`, `armor_Vs_Bludgeon`, `armor_Vs_Cold`, `armor_Vs_Fire`, `armor_Vs_Acid`, `armor_Vs_Electric`, `armor_Vs_Nether`, `b_h`, `h_l_f`, `m_l_f`, `l_l_f`, `h_r_f`, `m_r_f`, `l_r_f`, `h_l_b`, `m_l_b`, `l_l_b`, `h_r_b`, `m_r_b`, `l_r_b`)
VALUES (2000316,  0,  4,  0,    0,    0,    0,    0,    0,    0,    0,    0,    0,    0, 1, 0.33,    0,    0, 0.33,    0,    0, 0.33,    0,    0, 0.33,    0,    0) /* Head */
     , (2000316,  1,  4,  0,    0,    0,    0,    0,    0,    0,    0,    0,    0,    0, 2, 0.44, 0.17,    0, 0.44, 0.17,    0, 0.44, 0.17,    0, 0.44, 0.17,    0) /* Chest */
     , (2000316,  2,  4,  0,    0,    0,    0,    0,    0,    0,    0,    0,    0,    0, 3,    0, 0.17,    0,    0, 0.17,    0,    0, 0.17,    0,    0, 0.17,    0) /* Abdomen */
     , (2000316,  3,  4,  0,    0,    0,    0,    0,    0,    0,    0,    0,    0,    0, 1, 0.23, 0.03,    0, 0.23, 0.03,    0, 0.23, 0.03,    0, 0.23, 0.03,    0) /* UpperArm */
     , (2000316,  4,  4,  0,    0,    0,    0,    0,    0,    0,    0,    0,    0,    0, 2,    0,  0.3,    0,    0,  0.3,    0,    0,  0.3,    0,    0,  0.3,    0) /* LowerArm */
     , (2000316,  5,  4,  2, 0.75,    0,    0,    0,    0,    0,    0,    0,    0,    0, 2,    0,  0.2,    0,    0,  0.2,    0,    0,  0.2,    0,    0,  0.2,    0) /* Hand */
     , (2000316,  6,  4,  0,    0,    0,    0,    0,    0,    0,    0,    0,    0,    0, 3,    0, 0.13, 0.18,    0, 0.13, 0.18,    0, 0.13, 0.18,    0, 0.13, 0.18) /* UpperLeg */
     , (2000316,  7,  4,  0,    0,    0,    0,    0,    0,    0,    0,    0,    0,    0, 3,    0,    0,  0.6,    0,    0,  0.6,    0,    0,  0.6,    0,    0,  0.6) /* LowerLeg */
     , (2000316,  8,  4,  2, 0.75,    0,    0,    0,    0,    0,    0,    0,    0,    0, 3,    0,    0, 0.22,    0,    0, 0.22,    0,    0, 0.22,    0,    0, 0.22) /* Foot */;

INSERT INTO `weenie_properties_emote` (`object_Id`, `category`, `probability`, `weenie_Class_Id`, `style`, `substyle`, `quest`, `vendor_Type`, `min_Health`, `max_Health`)
VALUES (2000316,  7 /* Use */,      1, NULL, NULL, NULL, NULL, NULL, NULL, NULL);

SET @parent_id = LAST_INSERT_ID();

INSERT INTO `weenie_properties_emote_action` (`emote_Id`, `order`, `type`, `delay`, `extent`, `motion`, `message`, `test_String`, `min`, `max`, `min_64`, `max_64`, `min_Dbl`, `max_Dbl`, `stat`, `display`, `amount`, `amount_64`, `hero_X_P_64`, `percent`, `spell_Id`, `wealth_Rating`, `treasure_Class`, `treasure_Type`, `p_Script`, `sound`, `destination_Type`, `weenie_Class_Id`, `stack_Size`, `palette`, `shade`, `try_To_Bond`, `obj_Cell_Id`, `origin_X`, `origin_Y`, `origin_Z`, `angles_W`, `angles_X`, `angles_Y`, `angles_Z`)
VALUES (@parent_id,  0,  10 /* Tell */, 1.5, 1, NULL, 'I saw an amazing waterfall south of the Freehold, what secrets are held there.', NULL, NULL, NULL, NULL, NULL, NULL, NULL, NULL, NULL, NULL, NULL, NULL, NULL, NULL, NULL, NULL, NULL, NULL, NULL, NULL, NULL, NULL, NULL, NULL, NULL, NULL, NULL, NULL, NULL, NULL, NULL, NULL, NULL);

INSERT INTO `weenie_properties_create_list` (`object_Id`, `destination_Type`, `weenie_Class_Id`, `stack_Size`, `palette`, `shade`, `try_To_Bond`)
VALUES (2000316, 2,  2588,  0, 90, 1, False) /* Create Shirt (2588) for Wield */
     , (2000316, 2,  2597,  0, 5, 1, False) /* Create Pants (2597) for Wield */;

DELETE FROM `weenie` WHERE `class_Id` = 2000317;

INSERT INTO `weenie` (`class_Id`, `class_Name`, `type`, `last_Modified`)
VALUES (2000317, 'ace2000317-townfolk', 10, '2019-09-24 03:42:58') /* Creature */;

INSERT INTO `weenie_properties_int` (`object_Id`, `type`, `value`)
VALUES (2000317,   1,         16) /* ItemType - Creature */
     , (2000317,   2,         31) /* CreatureType - Human */
     , (2000317,   6,         -1) /* ItemsCapacity */
     , (2000317,   7,         -1) /* ContainersCapacity */
     , (2000317,   8,        120) /* Mass */
     , (2000317,  16,         32) /* ItemUseable - Remote */
     , (2000317,  25,         15) /* Level */
     , (2000317,  27,          0) /* ArmorType - None */
     , (2000317,  93,    6292504) /* PhysicsState - ReportCollisions, IgnoreCollisions, Gravity, ReportCollisionsAsEnvironment, EdgeSlide */
     , (2000317,  95,          8) /* RadarBlipColor - Yellow */
     , (2000317, 113,          1) /* Gender - Male */
     , (2000317, 133,          4) /* ShowableOnRadar - ShowAlways */
     , (2000317, 134,         16) /* PlayerKillerStatus - RubberGlue */
     , (2000317, 146,        293) /* XpOverride */
     , (2000317, 188,          1) /* HeritageGroup - Aluvian */;

INSERT INTO `weenie_properties_bool` (`object_Id`, `type`, `value`)
VALUES (2000317,   1, True ) /* Stuck */
     , (2000317,   8, True ) /* AllowGive */
     , (2000317,  11, True ) /* IgnoreCollisions */
     , (2000317,  12, True ) /* ReportCollisions */
     , (2000317,  13, False) /* Ethereal */
     , (2000317,  14, True ) /* GravityStatus */
     , (2000317,  19, False) /* Attackable */
     , (2000317,  29, True ) /* NoCorpse */
     , (2000317,  41, True ) /* ReportCollisionsAsEnvironment */
     , (2000317,  42, True ) /* AllowEdgeSlide */
     , (2000317,  52, True ) /* AiImmobile */
     , (2000317,  79, True ) /* AiAcceptEverything */;

INSERT INTO `weenie_properties_float` (`object_Id`, `type`, `value`)
VALUES (2000317,   1,       5) /* HeartbeatInterval */
     , (2000317,   2,       0) /* HeartbeatTimestamp */
     , (2000317,   3, 0.159999996423721) /* HealthRate */
     , (2000317,   4,       5) /* StaminaRate */
     , (2000317,   5,       1) /* ManaRate */
     , (2000317,  13, 0.899999976158142) /* ArmorModVsSlash */
     , (2000317,  14,       1) /* ArmorModVsPierce */
     , (2000317,  15, 1.10000002384186) /* ArmorModVsBludgeon */
     , (2000317,  16, 0.400000005960464) /* ArmorModVsCold */
     , (2000317,  17, 0.400000005960464) /* ArmorModVsFire */
     , (2000317,  18,       1) /* ArmorModVsAcid */
     , (2000317,  19, 0.600000023841858) /* ArmorModVsElectric */
     , (2000317,  54,       3) /* UseRadius */
     , (2000317,  64,       1) /* ResistSlash */
     , (2000317,  65,       1) /* ResistPierce */
     , (2000317,  66,       1) /* ResistBludgeon */
     , (2000317,  67,       1) /* ResistFire */
     , (2000317,  68,       1) /* ResistCold */
     , (2000317,  69,       1) /* ResistAcid */
     , (2000317,  70,       1) /* ResistElectric */
     , (2000317,  71,       1) /* ResistHealthBoost */
     , (2000317,  72,       1) /* ResistStaminaDrain */
     , (2000317,  73,       1) /* ResistStaminaBoost */
     , (2000317,  74,       1) /* ResistManaDrain */
     , (2000317,  75,       1) /* ResistManaBoost */
     , (2000317, 104,      10) /* ObviousRadarRange */
     , (2000317, 125,       1) /* ResistHealthDrain */;

INSERT INTO `weenie_properties_string` (`object_Id`, `type`, `value`)
VALUES (2000317,   1, 'Townfolk') /* Name */
     , (2000317,   3, 'Male') /* Sex */
     , (2000317,   4, 'Aluvian') /* HeritageGroup */;

INSERT INTO `weenie_properties_d_i_d` (`object_Id`, `type`, `value`)
VALUES (2000317,   1,   33554433) /* Setup */
     , (2000317,   2,  150994945) /* MotionTable */
     , (2000317,   3,  536870913) /* SoundTable */
     , (2000317,   4,  805306368) /* CombatTable */
     , (2000317,   6,   67108990) /* PaletteBase */
     , (2000317,   8,  100667446) /* Icon */
     , (2000317,   9,   83890437) /* EyesTexture */
     , (2000317,  10,   83890521) /* NoseTexture */
     , (2000317,  11,   83890627) /* MouthTexture */
     , (2000317,  15,   67116978) /* HairPalette */
     , (2000317,  16,   67109564) /* EyesPalette */
     , (2000317,  17,   67109558) /* SkinPalette */;

INSERT INTO `weenie_properties_attribute` (`object_Id`, `type`, `init_Level`, `level_From_C_P`, `c_P_Spent`)
VALUES (2000317,   1, 110, 0, 0) /* Strength */
     , (2000317,   2, 120, 0, 0) /* Endurance */
     , (2000317,   3, 120, 0, 0) /* Quickness */
     , (2000317,   4, 120, 0, 0) /* Coordination */
     , (2000317,   5, 100, 0, 0) /* Focus */
     , (2000317,   6, 100, 0, 0) /* Self */;

INSERT INTO `weenie_properties_attribute_2nd` (`object_Id`, `type`, `init_Level`, `level_From_C_P`, `c_P_Spent`, `current_Level`)
VALUES (2000317,   1,     0, 0, 0, 60) /* MaxHealth */
     , (2000317,   3,     0, 0, 0, 120) /* MaxStamina */
     , (2000317,   5,     0, 0, 0, 100) /* MaxMana */;

INSERT INTO `weenie_properties_skill` (`object_Id`, `type`, `level_From_P_P`, `s_a_c`, `p_p`, `init_Level`, `resistance_At_Last_Check`, `last_Used_Time`)
VALUES (2000317,  6, 0, 2, 0,   1, 0, 0) /* MeleeDefense        Trained */
     , (2000317,  7, 0, 2, 0,   1, 0, 0) /* MissileDefense      Trained */
     , (2000317, 13, 0, 2, 0,   1, 0, 0) /* UnarmedCombat       Trained */;

INSERT INTO `weenie_properties_body_part` (`object_Id`, `key`, `d_Type`, `d_Val`, `d_Var`, `base_Armor`, `armor_Vs_Slash`, `armor_Vs_Pierce`, `armor_Vs_Bludgeon`, `armor_Vs_Cold`, `armor_Vs_Fire`, `armor_Vs_Acid`, `armor_Vs_Electric`, `armor_Vs_Nether`, `b_h`, `h_l_f`, `m_l_f`, `l_l_f`, `h_r_f`, `m_r_f`, `l_r_f`, `h_l_b`, `m_l_b`, `l_l_b`, `h_r_b`, `m_r_b`, `l_r_b`)
VALUES (2000317,  0,  4,  0,    0,    0,    0,    0,    0,    0,    0,    0,    0,    0, 1, 0.33,    0,    0, 0.33,    0,    0, 0.33,    0,    0, 0.33,    0,    0) /* Head */
     , (2000317,  1,  4,  0,    0,    0,    0,    0,    0,    0,    0,    0,    0,    0, 2, 0.44, 0.17,    0, 0.44, 0.17,    0, 0.44, 0.17,    0, 0.44, 0.17,    0) /* Chest */
     , (2000317,  2,  4,  0,    0,    0,    0,    0,    0,    0,    0,    0,    0,    0, 3,    0, 0.17,    0,    0, 0.17,    0,    0, 0.17,    0,    0, 0.17,    0) /* Abdomen */
     , (2000317,  3,  4,  0,    0,    0,    0,    0,    0,    0,    0,    0,    0,    0, 1, 0.23, 0.03,    0, 0.23, 0.03,    0, 0.23, 0.03,    0, 0.23, 0.03,    0) /* UpperArm */
     , (2000317,  4,  4,  0,    0,    0,    0,    0,    0,    0,    0,    0,    0,    0, 2,    0,  0.3,    0,    0,  0.3,    0,    0,  0.3,    0,    0,  0.3,    0) /* LowerArm */
     , (2000317,  5,  4,  2, 0.75,    0,    0,    0,    0,    0,    0,    0,    0,    0, 2,    0,  0.2,    0,    0,  0.2,    0,    0,  0.2,    0,    0,  0.2,    0) /* Hand */
     , (2000317,  6,  4,  0,    0,    0,    0,    0,    0,    0,    0,    0,    0,    0, 3,    0, 0.13, 0.18,    0, 0.13, 0.18,    0, 0.13, 0.18,    0, 0.13, 0.18) /* UpperLeg */
     , (2000317,  7,  4,  0,    0,    0,    0,    0,    0,    0,    0,    0,    0,    0, 3,    0,    0,  0.6,    0,    0,  0.6,    0,    0,  0.6,    0,    0,  0.6) /* LowerLeg */
     , (2000317,  8,  4,  2, 0.75,    0,    0,    0,    0,    0,    0,    0,    0,    0, 3,    0,    0, 0.22,    0,    0, 0.22,    0,    0, 0.22,    0,    0, 0.22) /* Foot */;

INSERT INTO `weenie_properties_emote` (`object_Id`, `category`, `probability`, `weenie_Class_Id`, `style`, `substyle`, `quest`, `vendor_Type`, `min_Health`, `max_Health`)
VALUES (2000317,  7 /* Use */,      1, NULL, NULL, NULL, NULL, NULL, NULL, NULL);

SET @parent_id = LAST_INSERT_ID();

INSERT INTO `weenie_properties_emote_action` (`emote_Id`, `order`, `type`, `delay`, `extent`, `motion`, `message`, `test_String`, `min`, `max`, `min_64`, `max_64`, `min_Dbl`, `max_Dbl`, `stat`, `display`, `amount`, `amount_64`, `hero_X_P_64`, `percent`, `spell_Id`, `wealth_Rating`, `treasure_Class`, `treasure_Type`, `p_Script`, `sound`, `destination_Type`, `weenie_Class_Id`, `stack_Size`, `palette`, `shade`, `try_To_Bond`, `obj_Cell_Id`, `origin_X`, `origin_Y`, `origin_Z`, `angles_W`, `angles_X`, `angles_Y`, `angles_Z`)
VALUES (@parent_id,  0,  10 /* Tell */, 1.5, 1, NULL, 'If this beach could be cleared this is a beautiful town.', NULL, NULL, NULL, NULL, NULL, NULL, NULL, NULL, NULL, NULL, NULL, NULL, NULL, NULL, NULL, NULL, NULL, NULL, NULL, NULL, NULL, NULL, NULL, NULL, NULL, NULL, NULL, NULL, NULL, NULL, NULL, NULL, NULL);

INSERT INTO `weenie_properties_create_list` (`object_Id`, `destination_Type`, `weenie_Class_Id`, `stack_Size`, `palette`, `shade`, `try_To_Bond`)
VALUES (2000317, 2,  6061,  0, 89, 1, False) /* Create Gelidite Robe (6061) for Wield */
     , (2000317, 2,  2597,  0, 5, 1, False) /* Create Pants (2597) for Wield */;

DELETE FROM `weenie` WHERE `class_Id` = 2000318;

INSERT INTO `weenie` (`class_Id`, `class_Name`, `type`, `last_Modified`)
VALUES (2000318, 'ace2000318-townfolk', 10, '2019-09-24 03:42:59') /* Creature */;

INSERT INTO `weenie_properties_int` (`object_Id`, `type`, `value`)
VALUES (2000318,   1,         16) /* ItemType - Creature */
     , (2000318,   2,         31) /* CreatureType - Human */
     , (2000318,   6,         -1) /* ItemsCapacity */
     , (2000318,   7,         -1) /* ContainersCapacity */
     , (2000318,   8,        120) /* Mass */
     , (2000318,  16,         32) /* ItemUseable - Remote */
     , (2000318,  25,         15) /* Level */
     , (2000318,  27,          0) /* ArmorType - None */
     , (2000318,  93,    6292504) /* PhysicsState - ReportCollisions, IgnoreCollisions, Gravity, ReportCollisionsAsEnvironment, EdgeSlide */
     , (2000318,  95,          8) /* RadarBlipColor - Yellow */
     , (2000318, 113,          1) /* Gender - Male */
     , (2000318, 133,          4) /* ShowableOnRadar - ShowAlways */
     , (2000318, 134,         16) /* PlayerKillerStatus - RubberGlue */
     , (2000318, 146,        293) /* XpOverride */
     , (2000318, 188,          1) /* HeritageGroup - Aluvian */;

INSERT INTO `weenie_properties_bool` (`object_Id`, `type`, `value`)
VALUES (2000318,   1, True ) /* Stuck */
     , (2000318,   8, True ) /* AllowGive */
     , (2000318,  11, True ) /* IgnoreCollisions */
     , (2000318,  12, True ) /* ReportCollisions */
     , (2000318,  13, False) /* Ethereal */
     , (2000318,  14, True ) /* GravityStatus */
     , (2000318,  19, False) /* Attackable */
     , (2000318,  29, True ) /* NoCorpse */
     , (2000318,  41, True ) /* ReportCollisionsAsEnvironment */
     , (2000318,  42, True ) /* AllowEdgeSlide */
     , (2000318,  52, True ) /* AiImmobile */
     , (2000318,  79, True ) /* AiAcceptEverything */;

INSERT INTO `weenie_properties_float` (`object_Id`, `type`, `value`)
VALUES (2000318,   1,       5) /* HeartbeatInterval */
     , (2000318,   2,       0) /* HeartbeatTimestamp */
     , (2000318,   3, 0.159999996423721) /* HealthRate */
     , (2000318,   4,       5) /* StaminaRate */
     , (2000318,   5,       1) /* ManaRate */
     , (2000318,  13, 0.899999976158142) /* ArmorModVsSlash */
     , (2000318,  14,       1) /* ArmorModVsPierce */
     , (2000318,  15, 1.10000002384186) /* ArmorModVsBludgeon */
     , (2000318,  16, 0.400000005960464) /* ArmorModVsCold */
     , (2000318,  17, 0.400000005960464) /* ArmorModVsFire */
     , (2000318,  18,       1) /* ArmorModVsAcid */
     , (2000318,  19, 0.600000023841858) /* ArmorModVsElectric */
     , (2000318,  54,       3) /* UseRadius */
     , (2000318,  64,       1) /* ResistSlash */
     , (2000318,  65,       1) /* ResistPierce */
     , (2000318,  66,       1) /* ResistBludgeon */
     , (2000318,  67,       1) /* ResistFire */
     , (2000318,  68,       1) /* ResistCold */
     , (2000318,  69,       1) /* ResistAcid */
     , (2000318,  70,       1) /* ResistElectric */
     , (2000318,  71,       1) /* ResistHealthBoost */
     , (2000318,  72,       1) /* ResistStaminaDrain */
     , (2000318,  73,       1) /* ResistStaminaBoost */
     , (2000318,  74,       1) /* ResistManaDrain */
     , (2000318,  75,       1) /* ResistManaBoost */
     , (2000318, 104,      10) /* ObviousRadarRange */
     , (2000318, 125,       1) /* ResistHealthDrain */;

INSERT INTO `weenie_properties_string` (`object_Id`, `type`, `value`)
VALUES (2000318,   1, 'Townfolk') /* Name */
     , (2000318,   3, 'Male') /* Sex */
     , (2000318,   4, 'Aluvian') /* HeritageGroup */;

INSERT INTO `weenie_properties_d_i_d` (`object_Id`, `type`, `value`)
VALUES (2000318,   1,   33554433) /* Setup */
     , (2000318,   2,  150994945) /* MotionTable */
     , (2000318,   3,  536870913) /* SoundTable */
     , (2000318,   4,  805306368) /* CombatTable */
     , (2000318,   6,   67108990) /* PaletteBase */
     , (2000318,   8,  100667446) /* Icon */
     , (2000318,   9,   83890437) /* EyesTexture */
     , (2000318,  10,   83890521) /* NoseTexture */
     , (2000318,  11,   83890627) /* MouthTexture */
     , (2000318,  15,   67116978) /* HairPalette */
     , (2000318,  16,   67109564) /* EyesPalette */
     , (2000318,  17,   67109558) /* SkinPalette */;

INSERT INTO `weenie_properties_attribute` (`object_Id`, `type`, `init_Level`, `level_From_C_P`, `c_P_Spent`)
VALUES (2000318,   1, 110, 0, 0) /* Strength */
     , (2000318,   2, 120, 0, 0) /* Endurance */
     , (2000318,   3, 120, 0, 0) /* Quickness */
     , (2000318,   4, 120, 0, 0) /* Coordination */
     , (2000318,   5, 100, 0, 0) /* Focus */
     , (2000318,   6, 100, 0, 0) /* Self */;

INSERT INTO `weenie_properties_attribute_2nd` (`object_Id`, `type`, `init_Level`, `level_From_C_P`, `c_P_Spent`, `current_Level`)
VALUES (2000318,   1,     0, 0, 0, 60) /* MaxHealth */
     , (2000318,   3,     0, 0, 0, 120) /* MaxStamina */
     , (2000318,   5,     0, 0, 0, 100) /* MaxMana */;

INSERT INTO `weenie_properties_skill` (`object_Id`, `type`, `level_From_P_P`, `s_a_c`, `p_p`, `init_Level`, `resistance_At_Last_Check`, `last_Used_Time`)
VALUES (2000318,  6, 0, 2, 0,   1, 0, 0) /* MeleeDefense        Trained */
     , (2000318,  7, 0, 2, 0,   1, 0, 0) /* MissileDefense      Trained */
     , (2000318, 13, 0, 2, 0,   1, 0, 0) /* UnarmedCombat       Trained */;

INSERT INTO `weenie_properties_body_part` (`object_Id`, `key`, `d_Type`, `d_Val`, `d_Var`, `base_Armor`, `armor_Vs_Slash`, `armor_Vs_Pierce`, `armor_Vs_Bludgeon`, `armor_Vs_Cold`, `armor_Vs_Fire`, `armor_Vs_Acid`, `armor_Vs_Electric`, `armor_Vs_Nether`, `b_h`, `h_l_f`, `m_l_f`, `l_l_f`, `h_r_f`, `m_r_f`, `l_r_f`, `h_l_b`, `m_l_b`, `l_l_b`, `h_r_b`, `m_r_b`, `l_r_b`)
VALUES (2000318,  0,  4,  0,    0,    0,    0,    0,    0,    0,    0,    0,    0,    0, 1, 0.33,    0,    0, 0.33,    0,    0, 0.33,    0,    0, 0.33,    0,    0) /* Head */
     , (2000318,  1,  4,  0,    0,    0,    0,    0,    0,    0,    0,    0,    0,    0, 2, 0.44, 0.17,    0, 0.44, 0.17,    0, 0.44, 0.17,    0, 0.44, 0.17,    0) /* Chest */
     , (2000318,  2,  4,  0,    0,    0,    0,    0,    0,    0,    0,    0,    0,    0, 3,    0, 0.17,    0,    0, 0.17,    0,    0, 0.17,    0,    0, 0.17,    0) /* Abdomen */
     , (2000318,  3,  4,  0,    0,    0,    0,    0,    0,    0,    0,    0,    0,    0, 1, 0.23, 0.03,    0, 0.23, 0.03,    0, 0.23, 0.03,    0, 0.23, 0.03,    0) /* UpperArm */
     , (2000318,  4,  4,  0,    0,    0,    0,    0,    0,    0,    0,    0,    0,    0, 2,    0,  0.3,    0,    0,  0.3,    0,    0,  0.3,    0,    0,  0.3,    0) /* LowerArm */
     , (2000318,  5,  4,  2, 0.75,    0,    0,    0,    0,    0,    0,    0,    0,    0, 2,    0,  0.2,    0,    0,  0.2,    0,    0,  0.2,    0,    0,  0.2,    0) /* Hand */
     , (2000318,  6,  4,  0,    0,    0,    0,    0,    0,    0,    0,    0,    0,    0, 3,    0, 0.13, 0.18,    0, 0.13, 0.18,    0, 0.13, 0.18,    0, 0.13, 0.18) /* UpperLeg */
     , (2000318,  7,  4,  0,    0,    0,    0,    0,    0,    0,    0,    0,    0,    0, 3,    0,    0,  0.6,    0,    0,  0.6,    0,    0,  0.6,    0,    0,  0.6) /* LowerLeg */
     , (2000318,  8,  4,  2, 0.75,    0,    0,    0,    0,    0,    0,    0,    0,    0, 3,    0,    0, 0.22,    0,    0, 0.22,    0,    0, 0.22,    0,    0, 0.22) /* Foot */;

INSERT INTO `weenie_properties_emote` (`object_Id`, `category`, `probability`, `weenie_Class_Id`, `style`, `substyle`, `quest`, `vendor_Type`, `min_Health`, `max_Health`)
VALUES (2000318,  7 /* Use */,      1, NULL, NULL, NULL, NULL, NULL, NULL, NULL);

SET @parent_id = LAST_INSERT_ID();

INSERT INTO `weenie_properties_emote_action` (`emote_Id`, `order`, `type`, `delay`, `extent`, `motion`, `message`, `test_String`, `min`, `max`, `min_64`, `max_64`, `min_Dbl`, `max_Dbl`, `stat`, `display`, `amount`, `amount_64`, `hero_X_P_64`, `percent`, `spell_Id`, `wealth_Rating`, `treasure_Class`, `treasure_Type`, `p_Script`, `sound`, `destination_Type`, `weenie_Class_Id`, `stack_Size`, `palette`, `shade`, `try_To_Bond`, `obj_Cell_Id`, `origin_X`, `origin_Y`, `origin_Z`, `angles_W`, `angles_X`, `angles_Y`, `angles_Z`)
VALUES (@parent_id,  0,  10 /* Tell */, 1.5, 1, NULL, 'I remember when my olthoi sword was worth something.', NULL, NULL, NULL, NULL, NULL, NULL, NULL, NULL, NULL, NULL, NULL, NULL, NULL, NULL, NULL, NULL, NULL, NULL, NULL, NULL, NULL, NULL, NULL, NULL, NULL, NULL, NULL, NULL, NULL, NULL, NULL, NULL, NULL);

INSERT INTO `weenie_properties_create_list` (`object_Id`, `destination_Type`, `weenie_Class_Id`, `stack_Size`, `palette`, `shade`, `try_To_Bond`)
VALUES (2000318, 2,  2588,  0, 87, 1, False) /* Create Shirt (2588) for Wield */
     , (2000318, 2,  2597,  0, 5, 1, False) /* Create Pants (2597) for Wield */;

DELETE FROM `weenie` WHERE `class_Id` = 2000319;

INSERT INTO `weenie` (`class_Id`, `class_Name`, `type`, `last_Modified`)
VALUES (2000319, 'ace2000319-townfolk', 10, '2019-09-24 03:43:00') /* Creature */;

INSERT INTO `weenie_properties_int` (`object_Id`, `type`, `value`)
VALUES (2000319,   1,         16) /* ItemType - Creature */
     , (2000319,   2,         31) /* CreatureType - Human */
     , (2000319,   6,         -1) /* ItemsCapacity */
     , (2000319,   7,         -1) /* ContainersCapacity */
     , (2000319,   8,        120) /* Mass */
     , (2000319,  16,         32) /* ItemUseable - Remote */
     , (2000319,  25,         15) /* Level */
     , (2000319,  27,          0) /* ArmorType - None */
     , (2000319,  93,    6292504) /* PhysicsState - ReportCollisions, IgnoreCollisions, Gravity, ReportCollisionsAsEnvironment, EdgeSlide */
     , (2000319,  95,          8) /* RadarBlipColor - Yellow */
     , (2000319, 113,          1) /* Gender - Male */
     , (2000319, 133,          4) /* ShowableOnRadar - ShowAlways */
     , (2000319, 134,         16) /* PlayerKillerStatus - RubberGlue */
     , (2000319, 146,        293) /* XpOverride */
     , (2000319, 188,          1) /* HeritageGroup - Aluvian */;

INSERT INTO `weenie_properties_bool` (`object_Id`, `type`, `value`)
VALUES (2000319,   1, True ) /* Stuck */
     , (2000319,   8, True ) /* AllowGive */
     , (2000319,  11, True ) /* IgnoreCollisions */
     , (2000319,  12, True ) /* ReportCollisions */
     , (2000319,  13, False) /* Ethereal */
     , (2000319,  14, True ) /* GravityStatus */
     , (2000319,  19, False) /* Attackable */
     , (2000319,  29, True ) /* NoCorpse */
     , (2000319,  41, True ) /* ReportCollisionsAsEnvironment */
     , (2000319,  42, True ) /* AllowEdgeSlide */
     , (2000319,  52, True ) /* AiImmobile */
     , (2000319,  79, True ) /* AiAcceptEverything */;

INSERT INTO `weenie_properties_float` (`object_Id`, `type`, `value`)
VALUES (2000319,   1,       5) /* HeartbeatInterval */
     , (2000319,   2,       0) /* HeartbeatTimestamp */
     , (2000319,   3, 0.159999996423721) /* HealthRate */
     , (2000319,   4,       5) /* StaminaRate */
     , (2000319,   5,       1) /* ManaRate */
     , (2000319,  13, 0.899999976158142) /* ArmorModVsSlash */
     , (2000319,  14,       1) /* ArmorModVsPierce */
     , (2000319,  15, 1.10000002384186) /* ArmorModVsBludgeon */
     , (2000319,  16, 0.400000005960464) /* ArmorModVsCold */
     , (2000319,  17, 0.400000005960464) /* ArmorModVsFire */
     , (2000319,  18,       1) /* ArmorModVsAcid */
     , (2000319,  19, 0.600000023841858) /* ArmorModVsElectric */
     , (2000319,  54,       3) /* UseRadius */
     , (2000319,  64,       1) /* ResistSlash */
     , (2000319,  65,       1) /* ResistPierce */
     , (2000319,  66,       1) /* ResistBludgeon */
     , (2000319,  67,       1) /* ResistFire */
     , (2000319,  68,       1) /* ResistCold */
     , (2000319,  69,       1) /* ResistAcid */
     , (2000319,  70,       1) /* ResistElectric */
     , (2000319,  71,       1) /* ResistHealthBoost */
     , (2000319,  72,       1) /* ResistStaminaDrain */
     , (2000319,  73,       1) /* ResistStaminaBoost */
     , (2000319,  74,       1) /* ResistManaDrain */
     , (2000319,  75,       1) /* ResistManaBoost */
     , (2000319, 104,      10) /* ObviousRadarRange */
     , (2000319, 125,       1) /* ResistHealthDrain */;

INSERT INTO `weenie_properties_string` (`object_Id`, `type`, `value`)
VALUES (2000319,   1, 'Townfolk') /* Name */
     , (2000319,   3, 'Male') /* Sex */
     , (2000319,   4, 'Aluvian') /* HeritageGroup */;

INSERT INTO `weenie_properties_d_i_d` (`object_Id`, `type`, `value`)
VALUES (2000319,   1,   33554433) /* Setup */
     , (2000319,   2,  150994945) /* MotionTable */
     , (2000319,   3,  536870913) /* SoundTable */
     , (2000319,   4,  805306368) /* CombatTable */
     , (2000319,   6,   67108990) /* PaletteBase */
     , (2000319,   8,  100667446) /* Icon */
     , (2000319,   9,   83890437) /* EyesTexture */
     , (2000319,  10,   83890521) /* NoseTexture */
     , (2000319,  11,   83890627) /* MouthTexture */
     , (2000319,  15,   67116978) /* HairPalette */
     , (2000319,  16,   67109564) /* EyesPalette */
     , (2000319,  17,   67109558) /* SkinPalette */;

INSERT INTO `weenie_properties_attribute` (`object_Id`, `type`, `init_Level`, `level_From_C_P`, `c_P_Spent`)
VALUES (2000319,   1, 110, 0, 0) /* Strength */
     , (2000319,   2, 120, 0, 0) /* Endurance */
     , (2000319,   3, 120, 0, 0) /* Quickness */
     , (2000319,   4, 120, 0, 0) /* Coordination */
     , (2000319,   5, 100, 0, 0) /* Focus */
     , (2000319,   6, 100, 0, 0) /* Self */;

INSERT INTO `weenie_properties_attribute_2nd` (`object_Id`, `type`, `init_Level`, `level_From_C_P`, `c_P_Spent`, `current_Level`)
VALUES (2000319,   1,     0, 0, 0, 60) /* MaxHealth */
     , (2000319,   3,     0, 0, 0, 120) /* MaxStamina */
     , (2000319,   5,     0, 0, 0, 100) /* MaxMana */;

INSERT INTO `weenie_properties_skill` (`object_Id`, `type`, `level_From_P_P`, `s_a_c`, `p_p`, `init_Level`, `resistance_At_Last_Check`, `last_Used_Time`)
VALUES (2000319,  6, 0, 2, 0,   1, 0, 0) /* MeleeDefense        Trained */
     , (2000319,  7, 0, 2, 0,   1, 0, 0) /* MissileDefense      Trained */
     , (2000319, 13, 0, 2, 0,   1, 0, 0) /* UnarmedCombat       Trained */;

INSERT INTO `weenie_properties_body_part` (`object_Id`, `key`, `d_Type`, `d_Val`, `d_Var`, `base_Armor`, `armor_Vs_Slash`, `armor_Vs_Pierce`, `armor_Vs_Bludgeon`, `armor_Vs_Cold`, `armor_Vs_Fire`, `armor_Vs_Acid`, `armor_Vs_Electric`, `armor_Vs_Nether`, `b_h`, `h_l_f`, `m_l_f`, `l_l_f`, `h_r_f`, `m_r_f`, `l_r_f`, `h_l_b`, `m_l_b`, `l_l_b`, `h_r_b`, `m_r_b`, `l_r_b`)
VALUES (2000319,  0,  4,  0,    0,    0,    0,    0,    0,    0,    0,    0,    0,    0, 1, 0.33,    0,    0, 0.33,    0,    0, 0.33,    0,    0, 0.33,    0,    0) /* Head */
     , (2000319,  1,  4,  0,    0,    0,    0,    0,    0,    0,    0,    0,    0,    0, 2, 0.44, 0.17,    0, 0.44, 0.17,    0, 0.44, 0.17,    0, 0.44, 0.17,    0) /* Chest */
     , (2000319,  2,  4,  0,    0,    0,    0,    0,    0,    0,    0,    0,    0,    0, 3,    0, 0.17,    0,    0, 0.17,    0,    0, 0.17,    0,    0, 0.17,    0) /* Abdomen */
     , (2000319,  3,  4,  0,    0,    0,    0,    0,    0,    0,    0,    0,    0,    0, 1, 0.23, 0.03,    0, 0.23, 0.03,    0, 0.23, 0.03,    0, 0.23, 0.03,    0) /* UpperArm */
     , (2000319,  4,  4,  0,    0,    0,    0,    0,    0,    0,    0,    0,    0,    0, 2,    0,  0.3,    0,    0,  0.3,    0,    0,  0.3,    0,    0,  0.3,    0) /* LowerArm */
     , (2000319,  5,  4,  2, 0.75,    0,    0,    0,    0,    0,    0,    0,    0,    0, 2,    0,  0.2,    0,    0,  0.2,    0,    0,  0.2,    0,    0,  0.2,    0) /* Hand */
     , (2000319,  6,  4,  0,    0,    0,    0,    0,    0,    0,    0,    0,    0,    0, 3,    0, 0.13, 0.18,    0, 0.13, 0.18,    0, 0.13, 0.18,    0, 0.13, 0.18) /* UpperLeg */
     , (2000319,  7,  4,  0,    0,    0,    0,    0,    0,    0,    0,    0,    0,    0, 3,    0,    0,  0.6,    0,    0,  0.6,    0,    0,  0.6,    0,    0,  0.6) /* LowerLeg */
     , (2000319,  8,  4,  2, 0.75,    0,    0,    0,    0,    0,    0,    0,    0,    0, 3,    0,    0, 0.22,    0,    0, 0.22,    0,    0, 0.22,    0,    0, 0.22) /* Foot */;

INSERT INTO `weenie_properties_emote` (`object_Id`, `category`, `probability`, `weenie_Class_Id`, `style`, `substyle`, `quest`, `vendor_Type`, `min_Health`, `max_Health`)
VALUES (2000319,  7 /* Use */,      1, NULL, NULL, NULL, NULL, NULL, NULL, NULL);

SET @parent_id = LAST_INSERT_ID();

INSERT INTO `weenie_properties_emote_action` (`emote_Id`, `order`, `type`, `delay`, `extent`, `motion`, `message`, `test_String`, `min`, `max`, `min_64`, `max_64`, `min_Dbl`, `max_Dbl`, `stat`, `display`, `amount`, `amount_64`, `hero_X_P_64`, `percent`, `spell_Id`, `wealth_Rating`, `treasure_Class`, `treasure_Type`, `p_Script`, `sound`, `destination_Type`, `weenie_Class_Id`, `stack_Size`, `palette`, `shade`, `try_To_Bond`, `obj_Cell_Id`, `origin_X`, `origin_Y`, `origin_Z`, `angles_W`, `angles_X`, `angles_Y`, `angles_Z`)
VALUES (@parent_id,  0,  10 /* Tell */, 1.5, 1, NULL, 'Killing olthoi and making payday the two things I care about in life.', NULL, NULL, NULL, NULL, NULL, NULL, NULL, NULL, NULL, NULL, NULL, NULL, NULL, NULL, NULL, NULL, NULL, NULL, NULL, NULL, NULL, NULL, NULL, NULL, NULL, NULL, NULL, NULL, NULL, NULL, NULL, NULL, NULL);

INSERT INTO `weenie_properties_create_list` (`object_Id`, `destination_Type`, `weenie_Class_Id`, `stack_Size`, `palette`, `shade`, `try_To_Bond`)
VALUES (2000319, 2, 26452,  0, 86, 1, False) /* Create Bathrobe (26452) for Wield */
     , (2000319, 2,  2597,  0, 5, 1, False) /* Create Pants (2597) for Wield */;

DELETE FROM `weenie` WHERE `class_Id` = 2000320;

INSERT INTO `weenie` (`class_Id`, `class_Name`, `type`, `last_Modified`)
VALUES (2000320, 'ace2000320-townfolk', 10, '2019-09-24 03:43:02') /* Creature */;

INSERT INTO `weenie_properties_int` (`object_Id`, `type`, `value`)
VALUES (2000320,   1,         16) /* ItemType - Creature */
     , (2000320,   2,         31) /* CreatureType - Human */
     , (2000320,   6,         -1) /* ItemsCapacity */
     , (2000320,   7,         -1) /* ContainersCapacity */
     , (2000320,   8,        120) /* Mass */
     , (2000320,  16,         32) /* ItemUseable - Remote */
     , (2000320,  25,         15) /* Level */
     , (2000320,  27,          0) /* ArmorType - None */
     , (2000320,  93,    6292504) /* PhysicsState - ReportCollisions, IgnoreCollisions, Gravity, ReportCollisionsAsEnvironment, EdgeSlide */
     , (2000320,  95,          8) /* RadarBlipColor - Yellow */
     , (2000320, 113,          1) /* Gender - Male */
     , (2000320, 133,          4) /* ShowableOnRadar - ShowAlways */
     , (2000320, 134,         16) /* PlayerKillerStatus - RubberGlue */
     , (2000320, 146,        293) /* XpOverride */
     , (2000320, 188,          1) /* HeritageGroup - Aluvian */;

INSERT INTO `weenie_properties_bool` (`object_Id`, `type`, `value`)
VALUES (2000320,   1, True ) /* Stuck */
     , (2000320,   8, True ) /* AllowGive */
     , (2000320,  11, True ) /* IgnoreCollisions */
     , (2000320,  12, True ) /* ReportCollisions */
     , (2000320,  13, False) /* Ethereal */
     , (2000320,  14, True ) /* GravityStatus */
     , (2000320,  19, False) /* Attackable */
     , (2000320,  29, True ) /* NoCorpse */
     , (2000320,  41, True ) /* ReportCollisionsAsEnvironment */
     , (2000320,  42, True ) /* AllowEdgeSlide */
     , (2000320,  52, True ) /* AiImmobile */
     , (2000320,  79, True ) /* AiAcceptEverything */;

INSERT INTO `weenie_properties_float` (`object_Id`, `type`, `value`)
VALUES (2000320,   1,       5) /* HeartbeatInterval */
     , (2000320,   2,       0) /* HeartbeatTimestamp */
     , (2000320,   3, 0.159999996423721) /* HealthRate */
     , (2000320,   4,       5) /* StaminaRate */
     , (2000320,   5,       1) /* ManaRate */
     , (2000320,  13, 0.899999976158142) /* ArmorModVsSlash */
     , (2000320,  14,       1) /* ArmorModVsPierce */
     , (2000320,  15, 1.10000002384186) /* ArmorModVsBludgeon */
     , (2000320,  16, 0.400000005960464) /* ArmorModVsCold */
     , (2000320,  17, 0.400000005960464) /* ArmorModVsFire */
     , (2000320,  18,       1) /* ArmorModVsAcid */
     , (2000320,  19, 0.600000023841858) /* ArmorModVsElectric */
     , (2000320,  54,       3) /* UseRadius */
     , (2000320,  64,       1) /* ResistSlash */
     , (2000320,  65,       1) /* ResistPierce */
     , (2000320,  66,       1) /* ResistBludgeon */
     , (2000320,  67,       1) /* ResistFire */
     , (2000320,  68,       1) /* ResistCold */
     , (2000320,  69,       1) /* ResistAcid */
     , (2000320,  70,       1) /* ResistElectric */
     , (2000320,  71,       1) /* ResistHealthBoost */
     , (2000320,  72,       1) /* ResistStaminaDrain */
     , (2000320,  73,       1) /* ResistStaminaBoost */
     , (2000320,  74,       1) /* ResistManaDrain */
     , (2000320,  75,       1) /* ResistManaBoost */
     , (2000320, 104,      10) /* ObviousRadarRange */
     , (2000320, 125,       1) /* ResistHealthDrain */;

INSERT INTO `weenie_properties_string` (`object_Id`, `type`, `value`)
VALUES (2000320,   1, 'Townfolk') /* Name */
     , (2000320,   3, 'Male') /* Sex */
     , (2000320,   4, 'Aluvian') /* HeritageGroup */;

INSERT INTO `weenie_properties_d_i_d` (`object_Id`, `type`, `value`)
VALUES (2000320,   1,   33554433) /* Setup */
     , (2000320,   2,  150994945) /* MotionTable */
     , (2000320,   3,  536870913) /* SoundTable */
     , (2000320,   4,  805306368) /* CombatTable */
     , (2000320,   6,   67108990) /* PaletteBase */
     , (2000320,   8,  100667446) /* Icon */
     , (2000320,   9,   83890437) /* EyesTexture */
     , (2000320,  10,   83890521) /* NoseTexture */
     , (2000320,  11,   83890627) /* MouthTexture */
     , (2000320,  15,   67116978) /* HairPalette */
     , (2000320,  16,   67109564) /* EyesPalette */
     , (2000320,  17,   67109558) /* SkinPalette */;

INSERT INTO `weenie_properties_attribute` (`object_Id`, `type`, `init_Level`, `level_From_C_P`, `c_P_Spent`)
VALUES (2000320,   1, 110, 0, 0) /* Strength */
     , (2000320,   2, 120, 0, 0) /* Endurance */
     , (2000320,   3, 120, 0, 0) /* Quickness */
     , (2000320,   4, 120, 0, 0) /* Coordination */
     , (2000320,   5, 100, 0, 0) /* Focus */
     , (2000320,   6, 100, 0, 0) /* Self */;

INSERT INTO `weenie_properties_attribute_2nd` (`object_Id`, `type`, `init_Level`, `level_From_C_P`, `c_P_Spent`, `current_Level`)
VALUES (2000320,   1,     0, 0, 0, 60) /* MaxHealth */
     , (2000320,   3,     0, 0, 0, 120) /* MaxStamina */
     , (2000320,   5,     0, 0, 0, 100) /* MaxMana */;

INSERT INTO `weenie_properties_skill` (`object_Id`, `type`, `level_From_P_P`, `s_a_c`, `p_p`, `init_Level`, `resistance_At_Last_Check`, `last_Used_Time`)
VALUES (2000320,  6, 0, 2, 0,   1, 0, 0) /* MeleeDefense        Trained */
     , (2000320,  7, 0, 2, 0,   1, 0, 0) /* MissileDefense      Trained */
     , (2000320, 13, 0, 2, 0,   1, 0, 0) /* UnarmedCombat       Trained */;

INSERT INTO `weenie_properties_body_part` (`object_Id`, `key`, `d_Type`, `d_Val`, `d_Var`, `base_Armor`, `armor_Vs_Slash`, `armor_Vs_Pierce`, `armor_Vs_Bludgeon`, `armor_Vs_Cold`, `armor_Vs_Fire`, `armor_Vs_Acid`, `armor_Vs_Electric`, `armor_Vs_Nether`, `b_h`, `h_l_f`, `m_l_f`, `l_l_f`, `h_r_f`, `m_r_f`, `l_r_f`, `h_l_b`, `m_l_b`, `l_l_b`, `h_r_b`, `m_r_b`, `l_r_b`)
VALUES (2000320,  0,  4,  0,    0,    0,    0,    0,    0,    0,    0,    0,    0,    0, 1, 0.33,    0,    0, 0.33,    0,    0, 0.33,    0,    0, 0.33,    0,    0) /* Head */
     , (2000320,  1,  4,  0,    0,    0,    0,    0,    0,    0,    0,    0,    0,    0, 2, 0.44, 0.17,    0, 0.44, 0.17,    0, 0.44, 0.17,    0, 0.44, 0.17,    0) /* Chest */
     , (2000320,  2,  4,  0,    0,    0,    0,    0,    0,    0,    0,    0,    0,    0, 3,    0, 0.17,    0,    0, 0.17,    0,    0, 0.17,    0,    0, 0.17,    0) /* Abdomen */
     , (2000320,  3,  4,  0,    0,    0,    0,    0,    0,    0,    0,    0,    0,    0, 1, 0.23, 0.03,    0, 0.23, 0.03,    0, 0.23, 0.03,    0, 0.23, 0.03,    0) /* UpperArm */
     , (2000320,  4,  4,  0,    0,    0,    0,    0,    0,    0,    0,    0,    0,    0, 2,    0,  0.3,    0,    0,  0.3,    0,    0,  0.3,    0,    0,  0.3,    0) /* LowerArm */
     , (2000320,  5,  4,  2, 0.75,    0,    0,    0,    0,    0,    0,    0,    0,    0, 2,    0,  0.2,    0,    0,  0.2,    0,    0,  0.2,    0,    0,  0.2,    0) /* Hand */
     , (2000320,  6,  4,  0,    0,    0,    0,    0,    0,    0,    0,    0,    0,    0, 3,    0, 0.13, 0.18,    0, 0.13, 0.18,    0, 0.13, 0.18,    0, 0.13, 0.18) /* UpperLeg */
     , (2000320,  7,  4,  0,    0,    0,    0,    0,    0,    0,    0,    0,    0,    0, 3,    0,    0,  0.6,    0,    0,  0.6,    0,    0,  0.6,    0,    0,  0.6) /* LowerLeg */
     , (2000320,  8,  4,  2, 0.75,    0,    0,    0,    0,    0,    0,    0,    0,    0, 3,    0,    0, 0.22,    0,    0, 0.22,    0,    0, 0.22,    0,    0, 0.22) /* Foot */;

INSERT INTO `weenie_properties_emote` (`object_Id`, `category`, `probability`, `weenie_Class_Id`, `style`, `substyle`, `quest`, `vendor_Type`, `min_Health`, `max_Health`)
VALUES (2000320,  7 /* Use */,      1, NULL, NULL, NULL, NULL, NULL, NULL, NULL);

SET @parent_id = LAST_INSERT_ID();

INSERT INTO `weenie_properties_emote_action` (`emote_Id`, `order`, `type`, `delay`, `extent`, `motion`, `message`, `test_String`, `min`, `max`, `min_64`, `max_64`, `min_Dbl`, `max_Dbl`, `stat`, `display`, `amount`, `amount_64`, `hero_X_P_64`, `percent`, `spell_Id`, `wealth_Rating`, `treasure_Class`, `treasure_Type`, `p_Script`, `sound`, `destination_Type`, `weenie_Class_Id`, `stack_Size`, `palette`, `shade`, `try_To_Bond`, `obj_Cell_Id`, `origin_X`, `origin_Y`, `origin_Z`, `angles_W`, `angles_X`, `angles_Y`, `angles_Z`)
VALUES (@parent_id,  0,  10 /* Tell */, 1.5, 1, NULL, 'Do you think I moved to this town to be bothered by random adventurers? Bugger off!', NULL, NULL, NULL, NULL, NULL, NULL, NULL, NULL, NULL, NULL, NULL, NULL, NULL, NULL, NULL, NULL, NULL, NULL, NULL, NULL, NULL, NULL, NULL, NULL, NULL, NULL, NULL, NULL, NULL, NULL, NULL, NULL, NULL);

INSERT INTO `weenie_properties_create_list` (`object_Id`, `destination_Type`, `weenie_Class_Id`, `stack_Size`, `palette`, `shade`, `try_To_Bond`)
VALUES (2000320, 2,  2588,  0, 91, 1, False) /* Create Shirt (2588) for Wield */
     , (2000320, 2,  2597,  0, 86, 1, False) /* Create Pants (2597) for Wield */;

DELETE FROM `weenie` WHERE `class_Id` = 2000321;

INSERT INTO `weenie` (`class_Id`, `class_Name`, `type`, `last_Modified`)
VALUES (2000321, 'ace2000321-townfolk', 10, '2019-09-24 03:43:03') /* Creature */;

INSERT INTO `weenie_properties_int` (`object_Id`, `type`, `value`)
VALUES (2000321,   1,         16) /* ItemType - Creature */
     , (2000321,   2,         31) /* CreatureType - Human */
     , (2000321,   6,         -1) /* ItemsCapacity */
     , (2000321,   7,         -1) /* ContainersCapacity */
     , (2000321,   8,        120) /* Mass */
     , (2000321,  16,         32) /* ItemUseable - Remote */
     , (2000321,  25,         15) /* Level */
     , (2000321,  27,          0) /* ArmorType - None */
     , (2000321,  93,    6292504) /* PhysicsState - ReportCollisions, IgnoreCollisions, Gravity, ReportCollisionsAsEnvironment, EdgeSlide */
     , (2000321,  95,          8) /* RadarBlipColor - Yellow */
     , (2000321, 113,          1) /* Gender - Male */
     , (2000321, 133,          4) /* ShowableOnRadar - ShowAlways */
     , (2000321, 134,         16) /* PlayerKillerStatus - RubberGlue */
     , (2000321, 146,        293) /* XpOverride */
     , (2000321, 188,          1) /* HeritageGroup - Aluvian */;

INSERT INTO `weenie_properties_bool` (`object_Id`, `type`, `value`)
VALUES (2000321,   1, True ) /* Stuck */
     , (2000321,   8, True ) /* AllowGive */
     , (2000321,  11, True ) /* IgnoreCollisions */
     , (2000321,  12, True ) /* ReportCollisions */
     , (2000321,  13, False) /* Ethereal */
     , (2000321,  14, True ) /* GravityStatus */
     , (2000321,  19, False) /* Attackable */
     , (2000321,  29, True ) /* NoCorpse */
     , (2000321,  41, True ) /* ReportCollisionsAsEnvironment */
     , (2000321,  42, True ) /* AllowEdgeSlide */
     , (2000321,  52, True ) /* AiImmobile */
     , (2000321,  79, True ) /* AiAcceptEverything */;

INSERT INTO `weenie_properties_float` (`object_Id`, `type`, `value`)
VALUES (2000321,   1,       5) /* HeartbeatInterval */
     , (2000321,   2,       0) /* HeartbeatTimestamp */
     , (2000321,   3, 0.159999996423721) /* HealthRate */
     , (2000321,   4,       5) /* StaminaRate */
     , (2000321,   5,       1) /* ManaRate */
     , (2000321,  13, 0.899999976158142) /* ArmorModVsSlash */
     , (2000321,  14,       1) /* ArmorModVsPierce */
     , (2000321,  15, 1.10000002384186) /* ArmorModVsBludgeon */
     , (2000321,  16, 0.400000005960464) /* ArmorModVsCold */
     , (2000321,  17, 0.400000005960464) /* ArmorModVsFire */
     , (2000321,  18,       1) /* ArmorModVsAcid */
     , (2000321,  19, 0.600000023841858) /* ArmorModVsElectric */
     , (2000321,  54,       3) /* UseRadius */
     , (2000321,  64,       1) /* ResistSlash */
     , (2000321,  65,       1) /* ResistPierce */
     , (2000321,  66,       1) /* ResistBludgeon */
     , (2000321,  67,       1) /* ResistFire */
     , (2000321,  68,       1) /* ResistCold */
     , (2000321,  69,       1) /* ResistAcid */
     , (2000321,  70,       1) /* ResistElectric */
     , (2000321,  71,       1) /* ResistHealthBoost */
     , (2000321,  72,       1) /* ResistStaminaDrain */
     , (2000321,  73,       1) /* ResistStaminaBoost */
     , (2000321,  74,       1) /* ResistManaDrain */
     , (2000321,  75,       1) /* ResistManaBoost */
     , (2000321, 104,      10) /* ObviousRadarRange */
     , (2000321, 125,       1) /* ResistHealthDrain */;

INSERT INTO `weenie_properties_string` (`object_Id`, `type`, `value`)
VALUES (2000321,   1, 'Townfolk') /* Name */
     , (2000321,   3, 'Male') /* Sex */
     , (2000321,   4, 'Aluvian') /* HeritageGroup */;

INSERT INTO `weenie_properties_d_i_d` (`object_Id`, `type`, `value`)
VALUES (2000321,   1,   33554433) /* Setup */
     , (2000321,   2,  150994945) /* MotionTable */
     , (2000321,   3,  536870913) /* SoundTable */
     , (2000321,   4,  805306368) /* CombatTable */
     , (2000321,   6,   67108990) /* PaletteBase */
     , (2000321,   8,  100667446) /* Icon */
     , (2000321,   9,   83890437) /* EyesTexture */
     , (2000321,  10,   83890521) /* NoseTexture */
     , (2000321,  11,   83890627) /* MouthTexture */
     , (2000321,  15,   67116978) /* HairPalette */
     , (2000321,  16,   67109564) /* EyesPalette */
     , (2000321,  17,   67109558) /* SkinPalette */;

INSERT INTO `weenie_properties_attribute` (`object_Id`, `type`, `init_Level`, `level_From_C_P`, `c_P_Spent`)
VALUES (2000321,   1, 110, 0, 0) /* Strength */
     , (2000321,   2, 120, 0, 0) /* Endurance */
     , (2000321,   3, 120, 0, 0) /* Quickness */
     , (2000321,   4, 120, 0, 0) /* Coordination */
     , (2000321,   5, 100, 0, 0) /* Focus */
     , (2000321,   6, 100, 0, 0) /* Self */;

INSERT INTO `weenie_properties_attribute_2nd` (`object_Id`, `type`, `init_Level`, `level_From_C_P`, `c_P_Spent`, `current_Level`)
VALUES (2000321,   1,     0, 0, 0, 60) /* MaxHealth */
     , (2000321,   3,     0, 0, 0, 120) /* MaxStamina */
     , (2000321,   5,     0, 0, 0, 100) /* MaxMana */;

INSERT INTO `weenie_properties_skill` (`object_Id`, `type`, `level_From_P_P`, `s_a_c`, `p_p`, `init_Level`, `resistance_At_Last_Check`, `last_Used_Time`)
VALUES (2000321,  6, 0, 2, 0,   1, 0, 0) /* MeleeDefense        Trained */
     , (2000321,  7, 0, 2, 0,   1, 0, 0) /* MissileDefense      Trained */
     , (2000321, 13, 0, 2, 0,   1, 0, 0) /* UnarmedCombat       Trained */;

INSERT INTO `weenie_properties_body_part` (`object_Id`, `key`, `d_Type`, `d_Val`, `d_Var`, `base_Armor`, `armor_Vs_Slash`, `armor_Vs_Pierce`, `armor_Vs_Bludgeon`, `armor_Vs_Cold`, `armor_Vs_Fire`, `armor_Vs_Acid`, `armor_Vs_Electric`, `armor_Vs_Nether`, `b_h`, `h_l_f`, `m_l_f`, `l_l_f`, `h_r_f`, `m_r_f`, `l_r_f`, `h_l_b`, `m_l_b`, `l_l_b`, `h_r_b`, `m_r_b`, `l_r_b`)
VALUES (2000321,  0,  4,  0,    0,    0,    0,    0,    0,    0,    0,    0,    0,    0, 1, 0.33,    0,    0, 0.33,    0,    0, 0.33,    0,    0, 0.33,    0,    0) /* Head */
     , (2000321,  1,  4,  0,    0,    0,    0,    0,    0,    0,    0,    0,    0,    0, 2, 0.44, 0.17,    0, 0.44, 0.17,    0, 0.44, 0.17,    0, 0.44, 0.17,    0) /* Chest */
     , (2000321,  2,  4,  0,    0,    0,    0,    0,    0,    0,    0,    0,    0,    0, 3,    0, 0.17,    0,    0, 0.17,    0,    0, 0.17,    0,    0, 0.17,    0) /* Abdomen */
     , (2000321,  3,  4,  0,    0,    0,    0,    0,    0,    0,    0,    0,    0,    0, 1, 0.23, 0.03,    0, 0.23, 0.03,    0, 0.23, 0.03,    0, 0.23, 0.03,    0) /* UpperArm */
     , (2000321,  4,  4,  0,    0,    0,    0,    0,    0,    0,    0,    0,    0,    0, 2,    0,  0.3,    0,    0,  0.3,    0,    0,  0.3,    0,    0,  0.3,    0) /* LowerArm */
     , (2000321,  5,  4,  2, 0.75,    0,    0,    0,    0,    0,    0,    0,    0,    0, 2,    0,  0.2,    0,    0,  0.2,    0,    0,  0.2,    0,    0,  0.2,    0) /* Hand */
     , (2000321,  6,  4,  0,    0,    0,    0,    0,    0,    0,    0,    0,    0,    0, 3,    0, 0.13, 0.18,    0, 0.13, 0.18,    0, 0.13, 0.18,    0, 0.13, 0.18) /* UpperLeg */
     , (2000321,  7,  4,  0,    0,    0,    0,    0,    0,    0,    0,    0,    0,    0, 3,    0,    0,  0.6,    0,    0,  0.6,    0,    0,  0.6,    0,    0,  0.6) /* LowerLeg */
     , (2000321,  8,  4,  2, 0.75,    0,    0,    0,    0,    0,    0,    0,    0,    0, 3,    0,    0, 0.22,    0,    0, 0.22,    0,    0, 0.22,    0,    0, 0.22) /* Foot */;

INSERT INTO `weenie_properties_emote` (`object_Id`, `category`, `probability`, `weenie_Class_Id`, `style`, `substyle`, `quest`, `vendor_Type`, `min_Health`, `max_Health`)
VALUES (2000321,  7 /* Use */,      1, NULL, NULL, NULL, NULL, NULL, NULL, NULL);

SET @parent_id = LAST_INSERT_ID();

INSERT INTO `weenie_properties_emote_action` (`emote_Id`, `order`, `type`, `delay`, `extent`, `motion`, `message`, `test_String`, `min`, `max`, `min_64`, `max_64`, `min_Dbl`, `max_Dbl`, `stat`, `display`, `amount`, `amount_64`, `hero_X_P_64`, `percent`, `spell_Id`, `wealth_Rating`, `treasure_Class`, `treasure_Type`, `p_Script`, `sound`, `destination_Type`, `weenie_Class_Id`, `stack_Size`, `palette`, `shade`, `try_To_Bond`, `obj_Cell_Id`, `origin_X`, `origin_Y`, `origin_Z`, `angles_W`, `angles_X`, `angles_Y`, `angles_Z`)
VALUES (@parent_id,  0,  10 /* Tell */, 1.5, 1, NULL, 'I adore this town, the architecture and layout are just amazing.', NULL, NULL, NULL, NULL, NULL, NULL, NULL, NULL, NULL, NULL, NULL, NULL, NULL, NULL, NULL, NULL, NULL, NULL, NULL, NULL, NULL, NULL, NULL, NULL, NULL, NULL, NULL, NULL, NULL, NULL, NULL, NULL, NULL);

INSERT INTO `weenie_properties_create_list` (`object_Id`, `destination_Type`, `weenie_Class_Id`, `stack_Size`, `palette`, `shade`, `try_To_Bond`)
VALUES (2000321, 2,  2588,  0, 93, 1, False) /* Create Shirt (2588) for Wield */
     , (2000321, 2,  2597,  0, 86, 1, False) /* Create Pants (2597) for Wield */;

DELETE FROM `weenie` WHERE `class_Id` = 2000322;

INSERT INTO `weenie` (`class_Id`, `class_Name`, `type`, `last_Modified`)
VALUES (2000322, 'ace2000322-townfolk', 10, '2019-09-24 03:43:04') /* Creature */;

INSERT INTO `weenie_properties_int` (`object_Id`, `type`, `value`)
VALUES (2000322,   1,         16) /* ItemType - Creature */
     , (2000322,   2,         31) /* CreatureType - Human */
     , (2000322,   6,         -1) /* ItemsCapacity */
     , (2000322,   7,         -1) /* ContainersCapacity */
     , (2000322,   8,        120) /* Mass */
     , (2000322,  16,         32) /* ItemUseable - Remote */
     , (2000322,  25,         15) /* Level */
     , (2000322,  27,          0) /* ArmorType - None */
     , (2000322,  93,    6292504) /* PhysicsState - ReportCollisions, IgnoreCollisions, Gravity, ReportCollisionsAsEnvironment, EdgeSlide */
     , (2000322,  95,          8) /* RadarBlipColor - Yellow */
     , (2000322, 113,          1) /* Gender - Male */
     , (2000322, 133,          4) /* ShowableOnRadar - ShowAlways */
     , (2000322, 134,         16) /* PlayerKillerStatus - RubberGlue */
     , (2000322, 146,        293) /* XpOverride */
     , (2000322, 188,          1) /* HeritageGroup - Aluvian */;

INSERT INTO `weenie_properties_bool` (`object_Id`, `type`, `value`)
VALUES (2000322,   1, True ) /* Stuck */
     , (2000322,   8, True ) /* AllowGive */
     , (2000322,  11, True ) /* IgnoreCollisions */
     , (2000322,  12, True ) /* ReportCollisions */
     , (2000322,  13, False) /* Ethereal */
     , (2000322,  14, True ) /* GravityStatus */
     , (2000322,  19, False) /* Attackable */
     , (2000322,  29, True ) /* NoCorpse */
     , (2000322,  41, True ) /* ReportCollisionsAsEnvironment */
     , (2000322,  42, True ) /* AllowEdgeSlide */
     , (2000322,  52, True ) /* AiImmobile */
     , (2000322,  79, True ) /* AiAcceptEverything */;

INSERT INTO `weenie_properties_float` (`object_Id`, `type`, `value`)
VALUES (2000322,   1,       5) /* HeartbeatInterval */
     , (2000322,   2,       0) /* HeartbeatTimestamp */
     , (2000322,   3, 0.159999996423721) /* HealthRate */
     , (2000322,   4,       5) /* StaminaRate */
     , (2000322,   5,       1) /* ManaRate */
     , (2000322,  13, 0.899999976158142) /* ArmorModVsSlash */
     , (2000322,  14,       1) /* ArmorModVsPierce */
     , (2000322,  15, 1.10000002384186) /* ArmorModVsBludgeon */
     , (2000322,  16, 0.400000005960464) /* ArmorModVsCold */
     , (2000322,  17, 0.400000005960464) /* ArmorModVsFire */
     , (2000322,  18,       1) /* ArmorModVsAcid */
     , (2000322,  19, 0.600000023841858) /* ArmorModVsElectric */
     , (2000322,  54,       3) /* UseRadius */
     , (2000322,  64,       1) /* ResistSlash */
     , (2000322,  65,       1) /* ResistPierce */
     , (2000322,  66,       1) /* ResistBludgeon */
     , (2000322,  67,       1) /* ResistFire */
     , (2000322,  68,       1) /* ResistCold */
     , (2000322,  69,       1) /* ResistAcid */
     , (2000322,  70,       1) /* ResistElectric */
     , (2000322,  71,       1) /* ResistHealthBoost */
     , (2000322,  72,       1) /* ResistStaminaDrain */
     , (2000322,  73,       1) /* ResistStaminaBoost */
     , (2000322,  74,       1) /* ResistManaDrain */
     , (2000322,  75,       1) /* ResistManaBoost */
     , (2000322, 104,      10) /* ObviousRadarRange */
     , (2000322, 125,       1) /* ResistHealthDrain */;

INSERT INTO `weenie_properties_string` (`object_Id`, `type`, `value`)
VALUES (2000322,   1, 'Townfolk') /* Name */
     , (2000322,   3, 'Male') /* Sex */
     , (2000322,   4, 'Aluvian') /* HeritageGroup */;

INSERT INTO `weenie_properties_d_i_d` (`object_Id`, `type`, `value`)
VALUES (2000322,   1,   33554433) /* Setup */
     , (2000322,   2,  150994945) /* MotionTable */
     , (2000322,   3,  536870913) /* SoundTable */
     , (2000322,   4,  805306368) /* CombatTable */
     , (2000322,   6,   67108990) /* PaletteBase */
     , (2000322,   8,  100667446) /* Icon */
     , (2000322,   9,   83890437) /* EyesTexture */
     , (2000322,  10,   83890521) /* NoseTexture */
     , (2000322,  11,   83890627) /* MouthTexture */
     , (2000322,  15,   67116978) /* HairPalette */
     , (2000322,  16,   67109564) /* EyesPalette */
     , (2000322,  17,   67109558) /* SkinPalette */;

INSERT INTO `weenie_properties_attribute` (`object_Id`, `type`, `init_Level`, `level_From_C_P`, `c_P_Spent`)
VALUES (2000322,   1, 110, 0, 0) /* Strength */
     , (2000322,   2, 120, 0, 0) /* Endurance */
     , (2000322,   3, 120, 0, 0) /* Quickness */
     , (2000322,   4, 120, 0, 0) /* Coordination */
     , (2000322,   5, 100, 0, 0) /* Focus */
     , (2000322,   6, 100, 0, 0) /* Self */;

INSERT INTO `weenie_properties_attribute_2nd` (`object_Id`, `type`, `init_Level`, `level_From_C_P`, `c_P_Spent`, `current_Level`)
VALUES (2000322,   1,     0, 0, 0, 60) /* MaxHealth */
     , (2000322,   3,     0, 0, 0, 120) /* MaxStamina */
     , (2000322,   5,     0, 0, 0, 100) /* MaxMana */;

INSERT INTO `weenie_properties_skill` (`object_Id`, `type`, `level_From_P_P`, `s_a_c`, `p_p`, `init_Level`, `resistance_At_Last_Check`, `last_Used_Time`)
VALUES (2000322,  6, 0, 2, 0,   1, 0, 0) /* MeleeDefense        Trained */
     , (2000322,  7, 0, 2, 0,   1, 0, 0) /* MissileDefense      Trained */
     , (2000322, 13, 0, 2, 0,   1, 0, 0) /* UnarmedCombat       Trained */;

INSERT INTO `weenie_properties_body_part` (`object_Id`, `key`, `d_Type`, `d_Val`, `d_Var`, `base_Armor`, `armor_Vs_Slash`, `armor_Vs_Pierce`, `armor_Vs_Bludgeon`, `armor_Vs_Cold`, `armor_Vs_Fire`, `armor_Vs_Acid`, `armor_Vs_Electric`, `armor_Vs_Nether`, `b_h`, `h_l_f`, `m_l_f`, `l_l_f`, `h_r_f`, `m_r_f`, `l_r_f`, `h_l_b`, `m_l_b`, `l_l_b`, `h_r_b`, `m_r_b`, `l_r_b`)
VALUES (2000322,  0,  4,  0,    0,    0,    0,    0,    0,    0,    0,    0,    0,    0, 1, 0.33,    0,    0, 0.33,    0,    0, 0.33,    0,    0, 0.33,    0,    0) /* Head */
     , (2000322,  1,  4,  0,    0,    0,    0,    0,    0,    0,    0,    0,    0,    0, 2, 0.44, 0.17,    0, 0.44, 0.17,    0, 0.44, 0.17,    0, 0.44, 0.17,    0) /* Chest */
     , (2000322,  2,  4,  0,    0,    0,    0,    0,    0,    0,    0,    0,    0,    0, 3,    0, 0.17,    0,    0, 0.17,    0,    0, 0.17,    0,    0, 0.17,    0) /* Abdomen */
     , (2000322,  3,  4,  0,    0,    0,    0,    0,    0,    0,    0,    0,    0,    0, 1, 0.23, 0.03,    0, 0.23, 0.03,    0, 0.23, 0.03,    0, 0.23, 0.03,    0) /* UpperArm */
     , (2000322,  4,  4,  0,    0,    0,    0,    0,    0,    0,    0,    0,    0,    0, 2,    0,  0.3,    0,    0,  0.3,    0,    0,  0.3,    0,    0,  0.3,    0) /* LowerArm */
     , (2000322,  5,  4,  2, 0.75,    0,    0,    0,    0,    0,    0,    0,    0,    0, 2,    0,  0.2,    0,    0,  0.2,    0,    0,  0.2,    0,    0,  0.2,    0) /* Hand */
     , (2000322,  6,  4,  0,    0,    0,    0,    0,    0,    0,    0,    0,    0,    0, 3,    0, 0.13, 0.18,    0, 0.13, 0.18,    0, 0.13, 0.18,    0, 0.13, 0.18) /* UpperLeg */
     , (2000322,  7,  4,  0,    0,    0,    0,    0,    0,    0,    0,    0,    0,    0, 3,    0,    0,  0.6,    0,    0,  0.6,    0,    0,  0.6,    0,    0,  0.6) /* LowerLeg */
     , (2000322,  8,  4,  2, 0.75,    0,    0,    0,    0,    0,    0,    0,    0,    0, 3,    0,    0, 0.22,    0,    0, 0.22,    0,    0, 0.22,    0,    0, 0.22) /* Foot */;

INSERT INTO `weenie_properties_emote` (`object_Id`, `category`, `probability`, `weenie_Class_Id`, `style`, `substyle`, `quest`, `vendor_Type`, `min_Health`, `max_Health`)
VALUES (2000322,  7 /* Use */,      1, NULL, NULL, NULL, NULL, NULL, NULL, NULL);

SET @parent_id = LAST_INSERT_ID();

INSERT INTO `weenie_properties_emote_action` (`emote_Id`, `order`, `type`, `delay`, `extent`, `motion`, `message`, `test_String`, `min`, `max`, `min_64`, `max_64`, `min_Dbl`, `max_Dbl`, `stat`, `display`, `amount`, `amount_64`, `hero_X_P_64`, `percent`, `spell_Id`, `wealth_Rating`, `treasure_Class`, `treasure_Type`, `p_Script`, `sound`, `destination_Type`, `weenie_Class_Id`, `stack_Size`, `palette`, `shade`, `try_To_Bond`, `obj_Cell_Id`, `origin_X`, `origin_Y`, `origin_Z`, `angles_W`, `angles_X`, `angles_Y`, `angles_Z`)
VALUES (@parent_id,  0,  10 /* Tell */, 1.5, 1, NULL, 'I''m just glad they are not as surly here as Westwatch.', NULL, NULL, NULL, NULL, NULL, NULL, NULL, NULL, NULL, NULL, NULL, NULL, NULL, NULL, NULL, NULL, NULL, NULL, NULL, NULL, NULL, NULL, NULL, NULL, NULL, NULL, NULL, NULL, NULL, NULL, NULL, NULL, NULL);

INSERT INTO `weenie_properties_create_list` (`object_Id`, `destination_Type`, `weenie_Class_Id`, `stack_Size`, `palette`, `shade`, `try_To_Bond`)
VALUES (2000322, 2,  2588,  0, 90, 1, False) /* Create Shirt (2588) for Wield */
     , (2000322, 2,  2597,  0, 84, 1, False) /* Create Pants (2597) for Wield */;

DELETE FROM `weenie` WHERE `class_Id` = 2000323;

INSERT INTO `weenie` (`class_Id`, `class_Name`, `type`, `last_Modified`)
VALUES (2000323, 'ace2000323-townfolk', 10, '2019-09-24 03:43:05') /* Creature */;

INSERT INTO `weenie_properties_int` (`object_Id`, `type`, `value`)
VALUES (2000323,   1,         16) /* ItemType - Creature */
     , (2000323,   2,         31) /* CreatureType - Human */
     , (2000323,   6,         -1) /* ItemsCapacity */
     , (2000323,   7,         -1) /* ContainersCapacity */
     , (2000323,   8,        120) /* Mass */
     , (2000323,  16,         32) /* ItemUseable - Remote */
     , (2000323,  25,         15) /* Level */
     , (2000323,  27,          0) /* ArmorType - None */
     , (2000323,  93,    6292504) /* PhysicsState - ReportCollisions, IgnoreCollisions, Gravity, ReportCollisionsAsEnvironment, EdgeSlide */
     , (2000323,  95,          8) /* RadarBlipColor - Yellow */
     , (2000323, 113,          1) /* Gender - Male */
     , (2000323, 133,          4) /* ShowableOnRadar - ShowAlways */
     , (2000323, 134,         16) /* PlayerKillerStatus - RubberGlue */
     , (2000323, 146,        293) /* XpOverride */
     , (2000323, 188,          1) /* HeritageGroup - Aluvian */;

INSERT INTO `weenie_properties_bool` (`object_Id`, `type`, `value`)
VALUES (2000323,   1, True ) /* Stuck */
     , (2000323,   8, True ) /* AllowGive */
     , (2000323,  11, True ) /* IgnoreCollisions */
     , (2000323,  12, True ) /* ReportCollisions */
     , (2000323,  13, False) /* Ethereal */
     , (2000323,  14, True ) /* GravityStatus */
     , (2000323,  19, False) /* Attackable */
     , (2000323,  29, True ) /* NoCorpse */
     , (2000323,  41, True ) /* ReportCollisionsAsEnvironment */
     , (2000323,  42, True ) /* AllowEdgeSlide */
     , (2000323,  52, True ) /* AiImmobile */
     , (2000323,  79, True ) /* AiAcceptEverything */;

INSERT INTO `weenie_properties_float` (`object_Id`, `type`, `value`)
VALUES (2000323,   1,       5) /* HeartbeatInterval */
     , (2000323,   2,       0) /* HeartbeatTimestamp */
     , (2000323,   3, 0.159999996423721) /* HealthRate */
     , (2000323,   4,       5) /* StaminaRate */
     , (2000323,   5,       1) /* ManaRate */
     , (2000323,  13, 0.899999976158142) /* ArmorModVsSlash */
     , (2000323,  14,       1) /* ArmorModVsPierce */
     , (2000323,  15, 1.10000002384186) /* ArmorModVsBludgeon */
     , (2000323,  16, 0.400000005960464) /* ArmorModVsCold */
     , (2000323,  17, 0.400000005960464) /* ArmorModVsFire */
     , (2000323,  18,       1) /* ArmorModVsAcid */
     , (2000323,  19, 0.600000023841858) /* ArmorModVsElectric */
     , (2000323,  54,       3) /* UseRadius */
     , (2000323,  64,       1) /* ResistSlash */
     , (2000323,  65,       1) /* ResistPierce */
     , (2000323,  66,       1) /* ResistBludgeon */
     , (2000323,  67,       1) /* ResistFire */
     , (2000323,  68,       1) /* ResistCold */
     , (2000323,  69,       1) /* ResistAcid */
     , (2000323,  70,       1) /* ResistElectric */
     , (2000323,  71,       1) /* ResistHealthBoost */
     , (2000323,  72,       1) /* ResistStaminaDrain */
     , (2000323,  73,       1) /* ResistStaminaBoost */
     , (2000323,  74,       1) /* ResistManaDrain */
     , (2000323,  75,       1) /* ResistManaBoost */
     , (2000323, 104,      10) /* ObviousRadarRange */
     , (2000323, 125,       1) /* ResistHealthDrain */;

INSERT INTO `weenie_properties_string` (`object_Id`, `type`, `value`)
VALUES (2000323,   1, 'Townfolk') /* Name */
     , (2000323,   3, 'Male') /* Sex */
     , (2000323,   4, 'Aluvian') /* HeritageGroup */;

INSERT INTO `weenie_properties_d_i_d` (`object_Id`, `type`, `value`)
VALUES (2000323,   1,   33554433) /* Setup */
     , (2000323,   2,  150994945) /* MotionTable */
     , (2000323,   3,  536870913) /* SoundTable */
     , (2000323,   4,  805306368) /* CombatTable */
     , (2000323,   6,   67108990) /* PaletteBase */
     , (2000323,   8,  100667446) /* Icon */
     , (2000323,   9,   83890437) /* EyesTexture */
     , (2000323,  10,   83890521) /* NoseTexture */
     , (2000323,  11,   83890627) /* MouthTexture */
     , (2000323,  15,   67116978) /* HairPalette */
     , (2000323,  16,   67109564) /* EyesPalette */
     , (2000323,  17,   67109558) /* SkinPalette */;

INSERT INTO `weenie_properties_attribute` (`object_Id`, `type`, `init_Level`, `level_From_C_P`, `c_P_Spent`)
VALUES (2000323,   1, 110, 0, 0) /* Strength */
     , (2000323,   2, 120, 0, 0) /* Endurance */
     , (2000323,   3, 120, 0, 0) /* Quickness */
     , (2000323,   4, 120, 0, 0) /* Coordination */
     , (2000323,   5, 100, 0, 0) /* Focus */
     , (2000323,   6, 100, 0, 0) /* Self */;

INSERT INTO `weenie_properties_attribute_2nd` (`object_Id`, `type`, `init_Level`, `level_From_C_P`, `c_P_Spent`, `current_Level`)
VALUES (2000323,   1,     0, 0, 0, 60) /* MaxHealth */
     , (2000323,   3,     0, 0, 0, 120) /* MaxStamina */
     , (2000323,   5,     0, 0, 0, 100) /* MaxMana */;

INSERT INTO `weenie_properties_skill` (`object_Id`, `type`, `level_From_P_P`, `s_a_c`, `p_p`, `init_Level`, `resistance_At_Last_Check`, `last_Used_Time`)
VALUES (2000323,  6, 0, 2, 0,   1, 0, 0) /* MeleeDefense        Trained */
     , (2000323,  7, 0, 2, 0,   1, 0, 0) /* MissileDefense      Trained */
     , (2000323, 13, 0, 2, 0,   1, 0, 0) /* UnarmedCombat       Trained */;

INSERT INTO `weenie_properties_body_part` (`object_Id`, `key`, `d_Type`, `d_Val`, `d_Var`, `base_Armor`, `armor_Vs_Slash`, `armor_Vs_Pierce`, `armor_Vs_Bludgeon`, `armor_Vs_Cold`, `armor_Vs_Fire`, `armor_Vs_Acid`, `armor_Vs_Electric`, `armor_Vs_Nether`, `b_h`, `h_l_f`, `m_l_f`, `l_l_f`, `h_r_f`, `m_r_f`, `l_r_f`, `h_l_b`, `m_l_b`, `l_l_b`, `h_r_b`, `m_r_b`, `l_r_b`)
VALUES (2000323,  0,  4,  0,    0,    0,    0,    0,    0,    0,    0,    0,    0,    0, 1, 0.33,    0,    0, 0.33,    0,    0, 0.33,    0,    0, 0.33,    0,    0) /* Head */
     , (2000323,  1,  4,  0,    0,    0,    0,    0,    0,    0,    0,    0,    0,    0, 2, 0.44, 0.17,    0, 0.44, 0.17,    0, 0.44, 0.17,    0, 0.44, 0.17,    0) /* Chest */
     , (2000323,  2,  4,  0,    0,    0,    0,    0,    0,    0,    0,    0,    0,    0, 3,    0, 0.17,    0,    0, 0.17,    0,    0, 0.17,    0,    0, 0.17,    0) /* Abdomen */
     , (2000323,  3,  4,  0,    0,    0,    0,    0,    0,    0,    0,    0,    0,    0, 1, 0.23, 0.03,    0, 0.23, 0.03,    0, 0.23, 0.03,    0, 0.23, 0.03,    0) /* UpperArm */
     , (2000323,  4,  4,  0,    0,    0,    0,    0,    0,    0,    0,    0,    0,    0, 2,    0,  0.3,    0,    0,  0.3,    0,    0,  0.3,    0,    0,  0.3,    0) /* LowerArm */
     , (2000323,  5,  4,  2, 0.75,    0,    0,    0,    0,    0,    0,    0,    0,    0, 2,    0,  0.2,    0,    0,  0.2,    0,    0,  0.2,    0,    0,  0.2,    0) /* Hand */
     , (2000323,  6,  4,  0,    0,    0,    0,    0,    0,    0,    0,    0,    0,    0, 3,    0, 0.13, 0.18,    0, 0.13, 0.18,    0, 0.13, 0.18,    0, 0.13, 0.18) /* UpperLeg */
     , (2000323,  7,  4,  0,    0,    0,    0,    0,    0,    0,    0,    0,    0,    0, 3,    0,    0,  0.6,    0,    0,  0.6,    0,    0,  0.6,    0,    0,  0.6) /* LowerLeg */
     , (2000323,  8,  4,  2, 0.75,    0,    0,    0,    0,    0,    0,    0,    0,    0, 3,    0,    0, 0.22,    0,    0, 0.22,    0,    0, 0.22,    0,    0, 0.22) /* Foot */;

INSERT INTO `weenie_properties_emote` (`object_Id`, `category`, `probability`, `weenie_Class_Id`, `style`, `substyle`, `quest`, `vendor_Type`, `min_Health`, `max_Health`)
VALUES (2000323,  7 /* Use */,      1, NULL, NULL, NULL, NULL, NULL, NULL, NULL);

SET @parent_id = LAST_INSERT_ID();

INSERT INTO `weenie_properties_emote_action` (`emote_Id`, `order`, `type`, `delay`, `extent`, `motion`, `message`, `test_String`, `min`, `max`, `min_64`, `max_64`, `min_Dbl`, `max_Dbl`, `stat`, `display`, `amount`, `amount_64`, `hero_X_P_64`, `percent`, `spell_Id`, `wealth_Rating`, `treasure_Class`, `treasure_Type`, `p_Script`, `sound`, `destination_Type`, `weenie_Class_Id`, `stack_Size`, `palette`, `shade`, `try_To_Bond`, `obj_Cell_Id`, `origin_X`, `origin_Y`, `origin_Z`, `angles_W`, `angles_X`, `angles_Y`, `angles_Z`)
VALUES (@parent_id,  0,  10 /* Tell */, 1.5, 1, NULL, 'I''m just glad they are not as surly here as Westwatch.', NULL, NULL, NULL, NULL, NULL, NULL, NULL, NULL, NULL, NULL, NULL, NULL, NULL, NULL, NULL, NULL, NULL, NULL, NULL, NULL, NULL, NULL, NULL, NULL, NULL, NULL, NULL, NULL, NULL, NULL, NULL, NULL, NULL);

INSERT INTO `weenie_properties_create_list` (`object_Id`, `destination_Type`, `weenie_Class_Id`, `stack_Size`, `palette`, `shade`, `try_To_Bond`)
VALUES (2000323, 2,  2588,  0, 8, 1, False) /* Create Shirt (2588) for Wield */
     , (2000323, 2,  2597,  0, 4, 1, False) /* Create Pants (2597) for Wield */;

DELETE FROM `weenie` WHERE `class_Id` = 2000324;

INSERT INTO `weenie` (`class_Id`, `class_Name`, `type`, `last_Modified`)
VALUES (2000324, 'ace2000324-townfolk', 10, '2019-09-24 03:43:06') /* Creature */;

INSERT INTO `weenie_properties_int` (`object_Id`, `type`, `value`)
VALUES (2000324,   1,         16) /* ItemType - Creature */
     , (2000324,   2,         31) /* CreatureType - Human */
     , (2000324,   6,         -1) /* ItemsCapacity */
     , (2000324,   7,         -1) /* ContainersCapacity */
     , (2000324,   8,        120) /* Mass */
     , (2000324,  16,         32) /* ItemUseable - Remote */
     , (2000324,  25,         15) /* Level */
     , (2000324,  27,          0) /* ArmorType - None */
     , (2000324,  93,    6292504) /* PhysicsState - ReportCollisions, IgnoreCollisions, Gravity, ReportCollisionsAsEnvironment, EdgeSlide */
     , (2000324,  95,          8) /* RadarBlipColor - Yellow */
     , (2000324, 113,          1) /* Gender - Male */
     , (2000324, 133,          4) /* ShowableOnRadar - ShowAlways */
     , (2000324, 134,         16) /* PlayerKillerStatus - RubberGlue */
     , (2000324, 146,        293) /* XpOverride */
     , (2000324, 188,          1) /* HeritageGroup - Aluvian */;

INSERT INTO `weenie_properties_bool` (`object_Id`, `type`, `value`)
VALUES (2000324,   1, True ) /* Stuck */
     , (2000324,   8, True ) /* AllowGive */
     , (2000324,  11, True ) /* IgnoreCollisions */
     , (2000324,  12, True ) /* ReportCollisions */
     , (2000324,  13, False) /* Ethereal */
     , (2000324,  14, True ) /* GravityStatus */
     , (2000324,  19, False) /* Attackable */
     , (2000324,  29, True ) /* NoCorpse */
     , (2000324,  41, True ) /* ReportCollisionsAsEnvironment */
     , (2000324,  42, True ) /* AllowEdgeSlide */
     , (2000324,  52, True ) /* AiImmobile */
     , (2000324,  79, True ) /* AiAcceptEverything */;

INSERT INTO `weenie_properties_float` (`object_Id`, `type`, `value`)
VALUES (2000324,   1,       5) /* HeartbeatInterval */
     , (2000324,   2,       0) /* HeartbeatTimestamp */
     , (2000324,   3, 0.159999996423721) /* HealthRate */
     , (2000324,   4,       5) /* StaminaRate */
     , (2000324,   5,       1) /* ManaRate */
     , (2000324,  13, 0.899999976158142) /* ArmorModVsSlash */
     , (2000324,  14,       1) /* ArmorModVsPierce */
     , (2000324,  15, 1.10000002384186) /* ArmorModVsBludgeon */
     , (2000324,  16, 0.400000005960464) /* ArmorModVsCold */
     , (2000324,  17, 0.400000005960464) /* ArmorModVsFire */
     , (2000324,  18,       1) /* ArmorModVsAcid */
     , (2000324,  19, 0.600000023841858) /* ArmorModVsElectric */
     , (2000324,  54,       3) /* UseRadius */
     , (2000324,  64,       1) /* ResistSlash */
     , (2000324,  65,       1) /* ResistPierce */
     , (2000324,  66,       1) /* ResistBludgeon */
     , (2000324,  67,       1) /* ResistFire */
     , (2000324,  68,       1) /* ResistCold */
     , (2000324,  69,       1) /* ResistAcid */
     , (2000324,  70,       1) /* ResistElectric */
     , (2000324,  71,       1) /* ResistHealthBoost */
     , (2000324,  72,       1) /* ResistStaminaDrain */
     , (2000324,  73,       1) /* ResistStaminaBoost */
     , (2000324,  74,       1) /* ResistManaDrain */
     , (2000324,  75,       1) /* ResistManaBoost */
     , (2000324, 104,      10) /* ObviousRadarRange */
     , (2000324, 125,       1) /* ResistHealthDrain */;

INSERT INTO `weenie_properties_string` (`object_Id`, `type`, `value`)
VALUES (2000324,   1, 'Townfolk') /* Name */
     , (2000324,   3, 'Male') /* Sex */
     , (2000324,   4, 'Aluvian') /* HeritageGroup */;

INSERT INTO `weenie_properties_d_i_d` (`object_Id`, `type`, `value`)
VALUES (2000324,   1,   33554433) /* Setup */
     , (2000324,   2,  150994945) /* MotionTable */
     , (2000324,   3,  536870913) /* SoundTable */
     , (2000324,   4,  805306368) /* CombatTable */
     , (2000324,   6,   67108990) /* PaletteBase */
     , (2000324,   8,  100667446) /* Icon */
     , (2000324,   9,   83890437) /* EyesTexture */
     , (2000324,  10,   83890521) /* NoseTexture */
     , (2000324,  11,   83890627) /* MouthTexture */
     , (2000324,  15,   67116978) /* HairPalette */
     , (2000324,  16,   67109564) /* EyesPalette */
     , (2000324,  17,   67109558) /* SkinPalette */;

INSERT INTO `weenie_properties_attribute` (`object_Id`, `type`, `init_Level`, `level_From_C_P`, `c_P_Spent`)
VALUES (2000324,   1, 110, 0, 0) /* Strength */
     , (2000324,   2, 120, 0, 0) /* Endurance */
     , (2000324,   3, 120, 0, 0) /* Quickness */
     , (2000324,   4, 120, 0, 0) /* Coordination */
     , (2000324,   5, 100, 0, 0) /* Focus */
     , (2000324,   6, 100, 0, 0) /* Self */;

INSERT INTO `weenie_properties_attribute_2nd` (`object_Id`, `type`, `init_Level`, `level_From_C_P`, `c_P_Spent`, `current_Level`)
VALUES (2000324,   1,     0, 0, 0, 60) /* MaxHealth */
     , (2000324,   3,     0, 0, 0, 120) /* MaxStamina */
     , (2000324,   5,     0, 0, 0, 100) /* MaxMana */;

INSERT INTO `weenie_properties_skill` (`object_Id`, `type`, `level_From_P_P`, `s_a_c`, `p_p`, `init_Level`, `resistance_At_Last_Check`, `last_Used_Time`)
VALUES (2000324,  6, 0, 2, 0,   1, 0, 0) /* MeleeDefense        Trained */
     , (2000324,  7, 0, 2, 0,   1, 0, 0) /* MissileDefense      Trained */
     , (2000324, 13, 0, 2, 0,   1, 0, 0) /* UnarmedCombat       Trained */;

INSERT INTO `weenie_properties_body_part` (`object_Id`, `key`, `d_Type`, `d_Val`, `d_Var`, `base_Armor`, `armor_Vs_Slash`, `armor_Vs_Pierce`, `armor_Vs_Bludgeon`, `armor_Vs_Cold`, `armor_Vs_Fire`, `armor_Vs_Acid`, `armor_Vs_Electric`, `armor_Vs_Nether`, `b_h`, `h_l_f`, `m_l_f`, `l_l_f`, `h_r_f`, `m_r_f`, `l_r_f`, `h_l_b`, `m_l_b`, `l_l_b`, `h_r_b`, `m_r_b`, `l_r_b`)
VALUES (2000324,  0,  4,  0,    0,    0,    0,    0,    0,    0,    0,    0,    0,    0, 1, 0.33,    0,    0, 0.33,    0,    0, 0.33,    0,    0, 0.33,    0,    0) /* Head */
     , (2000324,  1,  4,  0,    0,    0,    0,    0,    0,    0,    0,    0,    0,    0, 2, 0.44, 0.17,    0, 0.44, 0.17,    0, 0.44, 0.17,    0, 0.44, 0.17,    0) /* Chest */
     , (2000324,  2,  4,  0,    0,    0,    0,    0,    0,    0,    0,    0,    0,    0, 3,    0, 0.17,    0,    0, 0.17,    0,    0, 0.17,    0,    0, 0.17,    0) /* Abdomen */
     , (2000324,  3,  4,  0,    0,    0,    0,    0,    0,    0,    0,    0,    0,    0, 1, 0.23, 0.03,    0, 0.23, 0.03,    0, 0.23, 0.03,    0, 0.23, 0.03,    0) /* UpperArm */
     , (2000324,  4,  4,  0,    0,    0,    0,    0,    0,    0,    0,    0,    0,    0, 2,    0,  0.3,    0,    0,  0.3,    0,    0,  0.3,    0,    0,  0.3,    0) /* LowerArm */
     , (2000324,  5,  4,  2, 0.75,    0,    0,    0,    0,    0,    0,    0,    0,    0, 2,    0,  0.2,    0,    0,  0.2,    0,    0,  0.2,    0,    0,  0.2,    0) /* Hand */
     , (2000324,  6,  4,  0,    0,    0,    0,    0,    0,    0,    0,    0,    0,    0, 3,    0, 0.13, 0.18,    0, 0.13, 0.18,    0, 0.13, 0.18,    0, 0.13, 0.18) /* UpperLeg */
     , (2000324,  7,  4,  0,    0,    0,    0,    0,    0,    0,    0,    0,    0,    0, 3,    0,    0,  0.6,    0,    0,  0.6,    0,    0,  0.6,    0,    0,  0.6) /* LowerLeg */
     , (2000324,  8,  4,  2, 0.75,    0,    0,    0,    0,    0,    0,    0,    0,    0, 3,    0,    0, 0.22,    0,    0, 0.22,    0,    0, 0.22,    0,    0, 0.22) /* Foot */;

INSERT INTO `weenie_properties_emote` (`object_Id`, `category`, `probability`, `weenie_Class_Id`, `style`, `substyle`, `quest`, `vendor_Type`, `min_Health`, `max_Health`)
VALUES (2000324,  7 /* Use */,      1, NULL, NULL, NULL, NULL, NULL, NULL, NULL);

SET @parent_id = LAST_INSERT_ID();

INSERT INTO `weenie_properties_emote_action` (`emote_Id`, `order`, `type`, `delay`, `extent`, `motion`, `message`, `test_String`, `min`, `max`, `min_64`, `max_64`, `min_Dbl`, `max_Dbl`, `stat`, `display`, `amount`, `amount_64`, `hero_X_P_64`, `percent`, `spell_Id`, `wealth_Rating`, `treasure_Class`, `treasure_Type`, `p_Script`, `sound`, `destination_Type`, `weenie_Class_Id`, `stack_Size`, `palette`, `shade`, `try_To_Bond`, `obj_Cell_Id`, `origin_X`, `origin_Y`, `origin_Z`, `angles_W`, `angles_X`, `angles_Y`, `angles_Z`)
VALUES (@parent_id,  0,  10 /* Tell */, 1.5, 1, NULL, 'Fascinating people these fuins
', NULL, NULL, NULL, NULL, NULL, NULL, NULL, NULL, NULL, NULL, NULL, NULL, NULL, NULL, NULL, NULL, NULL, NULL, NULL, NULL, NULL, NULL, NULL, NULL, NULL, NULL, NULL, NULL, NULL, NULL, NULL, NULL, NULL);

INSERT INTO `weenie_properties_create_list` (`object_Id`, `destination_Type`, `weenie_Class_Id`, `stack_Size`, `palette`, `shade`, `try_To_Bond`)
VALUES (2000324, 2,  5853,  0, 91, 1, False) /* Create Dho Vest and Robe (5853) for Wield */
     , (2000324, 2,  2597,  0, 86, 1, False) /* Create Pants (2597) for Wield */;

DELETE FROM `weenie` WHERE `class_Id` = 2000325;

INSERT INTO `weenie` (`class_Id`, `class_Name`, `type`, `last_Modified`)
VALUES (2000325, 'ace2000325-townfolk', 10, '2019-09-24 03:43:08') /* Creature */;

INSERT INTO `weenie_properties_int` (`object_Id`, `type`, `value`)
VALUES (2000325,   1,         16) /* ItemType - Creature */
     , (2000325,   2,         31) /* CreatureType - Human */
     , (2000325,   6,         -1) /* ItemsCapacity */
     , (2000325,   7,         -1) /* ContainersCapacity */
     , (2000325,   8,        120) /* Mass */
     , (2000325,  16,         32) /* ItemUseable - Remote */
     , (2000325,  25,         15) /* Level */
     , (2000325,  27,          0) /* ArmorType - None */
     , (2000325,  93,    6292504) /* PhysicsState - ReportCollisions, IgnoreCollisions, Gravity, ReportCollisionsAsEnvironment, EdgeSlide */
     , (2000325,  95,          8) /* RadarBlipColor - Yellow */
     , (2000325, 113,          2) /* Gender - Female */
     , (2000325, 133,          4) /* ShowableOnRadar - ShowAlways */
     , (2000325, 134,         16) /* PlayerKillerStatus - RubberGlue */
     , (2000325, 146,        293) /* XpOverride */
     , (2000325, 188,          1) /* HeritageGroup - Aluvian */;

INSERT INTO `weenie_properties_bool` (`object_Id`, `type`, `value`)
VALUES (2000325,   1, True ) /* Stuck */
     , (2000325,   8, True ) /* AllowGive */
     , (2000325,  11, True ) /* IgnoreCollisions */
     , (2000325,  12, True ) /* ReportCollisions */
     , (2000325,  13, False) /* Ethereal */
     , (2000325,  14, True ) /* GravityStatus */
     , (2000325,  19, False) /* Attackable */
     , (2000325,  29, True ) /* NoCorpse */
     , (2000325,  41, True ) /* ReportCollisionsAsEnvironment */
     , (2000325,  42, True ) /* AllowEdgeSlide */
     , (2000325,  52, True ) /* AiImmobile */
     , (2000325,  79, True ) /* AiAcceptEverything */;

INSERT INTO `weenie_properties_float` (`object_Id`, `type`, `value`)
VALUES (2000325,   1,       5) /* HeartbeatInterval */
     , (2000325,   2,       0) /* HeartbeatTimestamp */
     , (2000325,   3, 0.159999996423721) /* HealthRate */
     , (2000325,   4,       5) /* StaminaRate */
     , (2000325,   5,       1) /* ManaRate */
     , (2000325,  13, 0.899999976158142) /* ArmorModVsSlash */
     , (2000325,  14,       1) /* ArmorModVsPierce */
     , (2000325,  15, 1.10000002384186) /* ArmorModVsBludgeon */
     , (2000325,  16, 0.400000005960464) /* ArmorModVsCold */
     , (2000325,  17, 0.400000005960464) /* ArmorModVsFire */
     , (2000325,  18,       1) /* ArmorModVsAcid */
     , (2000325,  19, 0.600000023841858) /* ArmorModVsElectric */
     , (2000325,  54,       3) /* UseRadius */
     , (2000325,  64,       1) /* ResistSlash */
     , (2000325,  65,       1) /* ResistPierce */
     , (2000325,  66,       1) /* ResistBludgeon */
     , (2000325,  67,       1) /* ResistFire */
     , (2000325,  68,       1) /* ResistCold */
     , (2000325,  69,       1) /* ResistAcid */
     , (2000325,  70,       1) /* ResistElectric */
     , (2000325,  71,       1) /* ResistHealthBoost */
     , (2000325,  72,       1) /* ResistStaminaDrain */
     , (2000325,  73,       1) /* ResistStaminaBoost */
     , (2000325,  74,       1) /* ResistManaDrain */
     , (2000325,  75,       1) /* ResistManaBoost */
     , (2000325, 104,      10) /* ObviousRadarRange */
     , (2000325, 125,       1) /* ResistHealthDrain */;

INSERT INTO `weenie_properties_string` (`object_Id`, `type`, `value`)
VALUES (2000325,   1, 'Townfolk') /* Name */
     , (2000325,   3, 'Female') /* Sex */
     , (2000325,   4, 'Aluvian') /* HeritageGroup */;

INSERT INTO `weenie_properties_d_i_d` (`object_Id`, `type`, `value`)
VALUES (2000325,   1,   33554433) /* Setup */
     , (2000325,   2,  150994945) /* MotionTable */
     , (2000325,   3,  536870913) /* SoundTable */
     , (2000325,   4,  805306368) /* CombatTable */
     , (2000325,   6,   67108990) /* PaletteBase */
     , (2000325,   8,  100667446) /* Icon */
     , (2000325,   9,   83890437) /* EyesTexture */
     , (2000325,  10,   83890521) /* NoseTexture */
     , (2000325,  11,   83890627) /* MouthTexture */
     , (2000325,  15,   67116978) /* HairPalette */
     , (2000325,  16,   67109564) /* EyesPalette */
     , (2000325,  17,   67109558) /* SkinPalette */;

INSERT INTO `weenie_properties_attribute` (`object_Id`, `type`, `init_Level`, `level_From_C_P`, `c_P_Spent`)
VALUES (2000325,   1, 110, 0, 0) /* Strength */
     , (2000325,   2, 120, 0, 0) /* Endurance */
     , (2000325,   3, 120, 0, 0) /* Quickness */
     , (2000325,   4, 120, 0, 0) /* Coordination */
     , (2000325,   5, 100, 0, 0) /* Focus */
     , (2000325,   6, 100, 0, 0) /* Self */;

INSERT INTO `weenie_properties_attribute_2nd` (`object_Id`, `type`, `init_Level`, `level_From_C_P`, `c_P_Spent`, `current_Level`)
VALUES (2000325,   1,     0, 0, 0, 60) /* MaxHealth */
     , (2000325,   3,     0, 0, 0, 120) /* MaxStamina */
     , (2000325,   5,     0, 0, 0, 100) /* MaxMana */;

INSERT INTO `weenie_properties_skill` (`object_Id`, `type`, `level_From_P_P`, `s_a_c`, `p_p`, `init_Level`, `resistance_At_Last_Check`, `last_Used_Time`)
VALUES (2000325,  6, 0, 2, 0,   1, 0, 0) /* MeleeDefense        Trained */
     , (2000325,  7, 0, 2, 0,   1, 0, 0) /* MissileDefense      Trained */
     , (2000325, 13, 0, 2, 0,   1, 0, 0) /* UnarmedCombat       Trained */;

INSERT INTO `weenie_properties_body_part` (`object_Id`, `key`, `d_Type`, `d_Val`, `d_Var`, `base_Armor`, `armor_Vs_Slash`, `armor_Vs_Pierce`, `armor_Vs_Bludgeon`, `armor_Vs_Cold`, `armor_Vs_Fire`, `armor_Vs_Acid`, `armor_Vs_Electric`, `armor_Vs_Nether`, `b_h`, `h_l_f`, `m_l_f`, `l_l_f`, `h_r_f`, `m_r_f`, `l_r_f`, `h_l_b`, `m_l_b`, `l_l_b`, `h_r_b`, `m_r_b`, `l_r_b`)
VALUES (2000325,  0,  4,  0,    0,    0,    0,    0,    0,    0,    0,    0,    0,    0, 1, 0.33,    0,    0, 0.33,    0,    0, 0.33,    0,    0, 0.33,    0,    0) /* Head */
     , (2000325,  1,  4,  0,    0,    0,    0,    0,    0,    0,    0,    0,    0,    0, 2, 0.44, 0.17,    0, 0.44, 0.17,    0, 0.44, 0.17,    0, 0.44, 0.17,    0) /* Chest */
     , (2000325,  2,  4,  0,    0,    0,    0,    0,    0,    0,    0,    0,    0,    0, 3,    0, 0.17,    0,    0, 0.17,    0,    0, 0.17,    0,    0, 0.17,    0) /* Abdomen */
     , (2000325,  3,  4,  0,    0,    0,    0,    0,    0,    0,    0,    0,    0,    0, 1, 0.23, 0.03,    0, 0.23, 0.03,    0, 0.23, 0.03,    0, 0.23, 0.03,    0) /* UpperArm */
     , (2000325,  4,  4,  0,    0,    0,    0,    0,    0,    0,    0,    0,    0,    0, 2,    0,  0.3,    0,    0,  0.3,    0,    0,  0.3,    0,    0,  0.3,    0) /* LowerArm */
     , (2000325,  5,  4,  2, 0.75,    0,    0,    0,    0,    0,    0,    0,    0,    0, 2,    0,  0.2,    0,    0,  0.2,    0,    0,  0.2,    0,    0,  0.2,    0) /* Hand */
     , (2000325,  6,  4,  0,    0,    0,    0,    0,    0,    0,    0,    0,    0,    0, 3,    0, 0.13, 0.18,    0, 0.13, 0.18,    0, 0.13, 0.18,    0, 0.13, 0.18) /* UpperLeg */
     , (2000325,  7,  4,  0,    0,    0,    0,    0,    0,    0,    0,    0,    0,    0, 3,    0,    0,  0.6,    0,    0,  0.6,    0,    0,  0.6,    0,    0,  0.6) /* LowerLeg */
     , (2000325,  8,  4,  2, 0.75,    0,    0,    0,    0,    0,    0,    0,    0,    0, 3,    0,    0, 0.22,    0,    0, 0.22,    0,    0, 0.22,    0,    0, 0.22) /* Foot */;

INSERT INTO `weenie_properties_emote` (`object_Id`, `category`, `probability`, `weenie_Class_Id`, `style`, `substyle`, `quest`, `vendor_Type`, `min_Health`, `max_Health`)
VALUES (2000325,  7 /* Use */,      1, NULL, NULL, NULL, NULL, NULL, NULL, NULL);

SET @parent_id = LAST_INSERT_ID();

INSERT INTO `weenie_properties_emote_action` (`emote_Id`, `order`, `type`, `delay`, `extent`, `motion`, `message`, `test_String`, `min`, `max`, `min_64`, `max_64`, `min_Dbl`, `max_Dbl`, `stat`, `display`, `amount`, `amount_64`, `hero_X_P_64`, `percent`, `spell_Id`, `wealth_Rating`, `treasure_Class`, `treasure_Type`, `p_Script`, `sound`, `destination_Type`, `weenie_Class_Id`, `stack_Size`, `palette`, `shade`, `try_To_Bond`, `obj_Cell_Id`, `origin_X`, `origin_Y`, `origin_Z`, `angles_W`, `angles_X`, `angles_Y`, `angles_Z`)
VALUES (@parent_id,  0,  10 /* Tell */, 1.5, 1, NULL, 'Seems to be more activity around Ayan then normal as of late.



', NULL, NULL, NULL, NULL, NULL, NULL, NULL, NULL, NULL, NULL, NULL, NULL, NULL, NULL, NULL, NULL, NULL, NULL, NULL, NULL, NULL, NULL, NULL, NULL, NULL, NULL, NULL, NULL, NULL, NULL, NULL, NULL, NULL);

INSERT INTO `weenie_properties_create_list` (`object_Id`, `destination_Type`, `weenie_Class_Id`, `stack_Size`, `palette`, `shade`, `try_To_Bond`)
VALUES (2000325, 2,  2588,  0, 5, 1, False) /* Create Shirt (2588) for Wield */
     , (2000325, 2, 25701,  0, 1, 2, False) /* Create Sleek Dress (25701) for Wield */;

DELETE FROM `weenie` WHERE `class_Id` = 2000326;

INSERT INTO `weenie` (`class_Id`, `class_Name`, `type`, `last_Modified`)
VALUES (2000326, 'ace2000326-townfolk', 10, '2019-09-24 03:43:09') /* Creature */;

INSERT INTO `weenie_properties_int` (`object_Id`, `type`, `value`)
VALUES (2000326,   1,         16) /* ItemType - Creature */
     , (2000326,   2,         31) /* CreatureType - Human */
     , (2000326,   6,         -1) /* ItemsCapacity */
     , (2000326,   7,         -1) /* ContainersCapacity */
     , (2000326,   8,        120) /* Mass */
     , (2000326,  16,         32) /* ItemUseable - Remote */
     , (2000326,  25,         15) /* Level */
     , (2000326,  27,          0) /* ArmorType - None */
     , (2000326,  93,    6292504) /* PhysicsState - ReportCollisions, IgnoreCollisions, Gravity, ReportCollisionsAsEnvironment, EdgeSlide */
     , (2000326,  95,          8) /* RadarBlipColor - Yellow */
     , (2000326, 113,          1) /* Gender - Male */
     , (2000326, 133,          4) /* ShowableOnRadar - ShowAlways */
     , (2000326, 134,         16) /* PlayerKillerStatus - RubberGlue */
     , (2000326, 146,        293) /* XpOverride */
     , (2000326, 188,          1) /* HeritageGroup - Aluvian */;

INSERT INTO `weenie_properties_bool` (`object_Id`, `type`, `value`)
VALUES (2000326,   1, True ) /* Stuck */
     , (2000326,   8, True ) /* AllowGive */
     , (2000326,  11, True ) /* IgnoreCollisions */
     , (2000326,  12, True ) /* ReportCollisions */
     , (2000326,  13, False) /* Ethereal */
     , (2000326,  14, True ) /* GravityStatus */
     , (2000326,  19, False) /* Attackable */
     , (2000326,  29, True ) /* NoCorpse */
     , (2000326,  41, True ) /* ReportCollisionsAsEnvironment */
     , (2000326,  42, True ) /* AllowEdgeSlide */
     , (2000326,  52, True ) /* AiImmobile */
     , (2000326,  79, True ) /* AiAcceptEverything */;

INSERT INTO `weenie_properties_float` (`object_Id`, `type`, `value`)
VALUES (2000326,   1,       5) /* HeartbeatInterval */
     , (2000326,   2,       0) /* HeartbeatTimestamp */
     , (2000326,   3, 0.159999996423721) /* HealthRate */
     , (2000326,   4,       5) /* StaminaRate */
     , (2000326,   5,       1) /* ManaRate */
     , (2000326,  13, 0.899999976158142) /* ArmorModVsSlash */
     , (2000326,  14,       1) /* ArmorModVsPierce */
     , (2000326,  15, 1.10000002384186) /* ArmorModVsBludgeon */
     , (2000326,  16, 0.400000005960464) /* ArmorModVsCold */
     , (2000326,  17, 0.400000005960464) /* ArmorModVsFire */
     , (2000326,  18,       1) /* ArmorModVsAcid */
     , (2000326,  19, 0.600000023841858) /* ArmorModVsElectric */
     , (2000326,  54,       3) /* UseRadius */
     , (2000326,  64,       1) /* ResistSlash */
     , (2000326,  65,       1) /* ResistPierce */
     , (2000326,  66,       1) /* ResistBludgeon */
     , (2000326,  67,       1) /* ResistFire */
     , (2000326,  68,       1) /* ResistCold */
     , (2000326,  69,       1) /* ResistAcid */
     , (2000326,  70,       1) /* ResistElectric */
     , (2000326,  71,       1) /* ResistHealthBoost */
     , (2000326,  72,       1) /* ResistStaminaDrain */
     , (2000326,  73,       1) /* ResistStaminaBoost */
     , (2000326,  74,       1) /* ResistManaDrain */
     , (2000326,  75,       1) /* ResistManaBoost */
     , (2000326, 104,      10) /* ObviousRadarRange */
     , (2000326, 125,       1) /* ResistHealthDrain */;

INSERT INTO `weenie_properties_string` (`object_Id`, `type`, `value`)
VALUES (2000326,   1, 'Townfolk') /* Name */
     , (2000326,   3, 'Male') /* Sex */
     , (2000326,   4, 'Aluvian') /* HeritageGroup */;

INSERT INTO `weenie_properties_d_i_d` (`object_Id`, `type`, `value`)
VALUES (2000326,   1,   33554433) /* Setup */
     , (2000326,   2,  150994945) /* MotionTable */
     , (2000326,   3,  536870913) /* SoundTable */
     , (2000326,   4,  805306368) /* CombatTable */
     , (2000326,   6,   67108990) /* PaletteBase */
     , (2000326,   8,  100667446) /* Icon */
     , (2000326,   9,   83890437) /* EyesTexture */
     , (2000326,  10,   83890521) /* NoseTexture */
     , (2000326,  11,   83890627) /* MouthTexture */
     , (2000326,  15,   67116978) /* HairPalette */
     , (2000326,  16,   67109564) /* EyesPalette */
     , (2000326,  17,   67109558) /* SkinPalette */;

INSERT INTO `weenie_properties_attribute` (`object_Id`, `type`, `init_Level`, `level_From_C_P`, `c_P_Spent`)
VALUES (2000326,   1, 110, 0, 0) /* Strength */
     , (2000326,   2, 120, 0, 0) /* Endurance */
     , (2000326,   3, 120, 0, 0) /* Quickness */
     , (2000326,   4, 120, 0, 0) /* Coordination */
     , (2000326,   5, 100, 0, 0) /* Focus */
     , (2000326,   6, 100, 0, 0) /* Self */;

INSERT INTO `weenie_properties_attribute_2nd` (`object_Id`, `type`, `init_Level`, `level_From_C_P`, `c_P_Spent`, `current_Level`)
VALUES (2000326,   1,     0, 0, 0, 60) /* MaxHealth */
     , (2000326,   3,     0, 0, 0, 120) /* MaxStamina */
     , (2000326,   5,     0, 0, 0, 100) /* MaxMana */;

INSERT INTO `weenie_properties_skill` (`object_Id`, `type`, `level_From_P_P`, `s_a_c`, `p_p`, `init_Level`, `resistance_At_Last_Check`, `last_Used_Time`)
VALUES (2000326,  6, 0, 2, 0,   1, 0, 0) /* MeleeDefense        Trained */
     , (2000326,  7, 0, 2, 0,   1, 0, 0) /* MissileDefense      Trained */
     , (2000326, 13, 0, 2, 0,   1, 0, 0) /* UnarmedCombat       Trained */;

INSERT INTO `weenie_properties_body_part` (`object_Id`, `key`, `d_Type`, `d_Val`, `d_Var`, `base_Armor`, `armor_Vs_Slash`, `armor_Vs_Pierce`, `armor_Vs_Bludgeon`, `armor_Vs_Cold`, `armor_Vs_Fire`, `armor_Vs_Acid`, `armor_Vs_Electric`, `armor_Vs_Nether`, `b_h`, `h_l_f`, `m_l_f`, `l_l_f`, `h_r_f`, `m_r_f`, `l_r_f`, `h_l_b`, `m_l_b`, `l_l_b`, `h_r_b`, `m_r_b`, `l_r_b`)
VALUES (2000326,  0,  4,  0,    0,    0,    0,    0,    0,    0,    0,    0,    0,    0, 1, 0.33,    0,    0, 0.33,    0,    0, 0.33,    0,    0, 0.33,    0,    0) /* Head */
     , (2000326,  1,  4,  0,    0,    0,    0,    0,    0,    0,    0,    0,    0,    0, 2, 0.44, 0.17,    0, 0.44, 0.17,    0, 0.44, 0.17,    0, 0.44, 0.17,    0) /* Chest */
     , (2000326,  2,  4,  0,    0,    0,    0,    0,    0,    0,    0,    0,    0,    0, 3,    0, 0.17,    0,    0, 0.17,    0,    0, 0.17,    0,    0, 0.17,    0) /* Abdomen */
     , (2000326,  3,  4,  0,    0,    0,    0,    0,    0,    0,    0,    0,    0,    0, 1, 0.23, 0.03,    0, 0.23, 0.03,    0, 0.23, 0.03,    0, 0.23, 0.03,    0) /* UpperArm */
     , (2000326,  4,  4,  0,    0,    0,    0,    0,    0,    0,    0,    0,    0,    0, 2,    0,  0.3,    0,    0,  0.3,    0,    0,  0.3,    0,    0,  0.3,    0) /* LowerArm */
     , (2000326,  5,  4,  2, 0.75,    0,    0,    0,    0,    0,    0,    0,    0,    0, 2,    0,  0.2,    0,    0,  0.2,    0,    0,  0.2,    0,    0,  0.2,    0) /* Hand */
     , (2000326,  6,  4,  0,    0,    0,    0,    0,    0,    0,    0,    0,    0,    0, 3,    0, 0.13, 0.18,    0, 0.13, 0.18,    0, 0.13, 0.18,    0, 0.13, 0.18) /* UpperLeg */
     , (2000326,  7,  4,  0,    0,    0,    0,    0,    0,    0,    0,    0,    0,    0, 3,    0,    0,  0.6,    0,    0,  0.6,    0,    0,  0.6,    0,    0,  0.6) /* LowerLeg */
     , (2000326,  8,  4,  2, 0.75,    0,    0,    0,    0,    0,    0,    0,    0,    0, 3,    0,    0, 0.22,    0,    0, 0.22,    0,    0, 0.22,    0,    0, 0.22) /* Foot */;

INSERT INTO `weenie_properties_emote` (`object_Id`, `category`, `probability`, `weenie_Class_Id`, `style`, `substyle`, `quest`, `vendor_Type`, `min_Health`, `max_Health`)
VALUES (2000326,  7 /* Use */,      1, NULL, NULL, NULL, NULL, NULL, NULL, NULL);

SET @parent_id = LAST_INSERT_ID();

INSERT INTO `weenie_properties_emote_action` (`emote_Id`, `order`, `type`, `delay`, `extent`, `motion`, `message`, `test_String`, `min`, `max`, `min_64`, `max_64`, `min_Dbl`, `max_Dbl`, `stat`, `display`, `amount`, `amount_64`, `hero_X_P_64`, `percent`, `spell_Id`, `wealth_Rating`, `treasure_Class`, `treasure_Type`, `p_Script`, `sound`, `destination_Type`, `weenie_Class_Id`, `stack_Size`, `palette`, `shade`, `try_To_Bond`, `obj_Cell_Id`, `origin_X`, `origin_Y`, `origin_Z`, `angles_W`, `angles_X`, `angles_Y`, `angles_Z`)
VALUES (@parent_id,  0,  10 /* Tell */, 1.5, 1, NULL, 'Have you heard about the group trying to Rebuild Tufa? About time.', NULL, NULL, NULL, NULL, NULL, NULL, NULL, NULL, NULL, NULL, NULL, NULL, NULL, NULL, NULL, NULL, NULL, NULL, NULL, NULL, NULL, NULL, NULL, NULL, NULL, NULL, NULL, NULL, NULL, NULL, NULL, NULL, NULL);

INSERT INTO `weenie_properties_create_list` (`object_Id`, `destination_Type`, `weenie_Class_Id`, `stack_Size`, `palette`, `shade`, `try_To_Bond`)
VALUES (2000326, 2,  2588,  0, 93, 1, False) /* Create Shirt (2588) for Wield */
     , (2000326, 2,  2597,  0, 86, 1, False) /* Create Pants (2597) for Wield */;

DELETE FROM `weenie` WHERE `class_Id` = 2000327;

INSERT INTO `weenie` (`class_Id`, `class_Name`, `type`, `last_Modified`)
VALUES (2000327, 'ace2000327-townfolk', 10, '2019-09-24 03:43:10') /* Creature */;

INSERT INTO `weenie_properties_int` (`object_Id`, `type`, `value`)
VALUES (2000327,   1,         16) /* ItemType - Creature */
     , (2000327,   2,         31) /* CreatureType - Human */
     , (2000327,   6,         -1) /* ItemsCapacity */
     , (2000327,   7,         -1) /* ContainersCapacity */
     , (2000327,   8,        120) /* Mass */
     , (2000327,  16,         32) /* ItemUseable - Remote */
     , (2000327,  25,         15) /* Level */
     , (2000327,  27,          0) /* ArmorType - None */
     , (2000327,  93,    6292504) /* PhysicsState - ReportCollisions, IgnoreCollisions, Gravity, ReportCollisionsAsEnvironment, EdgeSlide */
     , (2000327,  95,          8) /* RadarBlipColor - Yellow */
     , (2000327, 113,          1) /* Gender - Male */
     , (2000327, 133,          4) /* ShowableOnRadar - ShowAlways */
     , (2000327, 134,         16) /* PlayerKillerStatus - RubberGlue */
     , (2000327, 146,        293) /* XpOverride */
     , (2000327, 188,          1) /* HeritageGroup - Aluvian */;

INSERT INTO `weenie_properties_bool` (`object_Id`, `type`, `value`)
VALUES (2000327,   1, True ) /* Stuck */
     , (2000327,   8, True ) /* AllowGive */
     , (2000327,  11, True ) /* IgnoreCollisions */
     , (2000327,  12, True ) /* ReportCollisions */
     , (2000327,  13, False) /* Ethereal */
     , (2000327,  14, True ) /* GravityStatus */
     , (2000327,  19, False) /* Attackable */
     , (2000327,  29, True ) /* NoCorpse */
     , (2000327,  41, True ) /* ReportCollisionsAsEnvironment */
     , (2000327,  42, True ) /* AllowEdgeSlide */
     , (2000327,  52, True ) /* AiImmobile */
     , (2000327,  79, True ) /* AiAcceptEverything */;

INSERT INTO `weenie_properties_float` (`object_Id`, `type`, `value`)
VALUES (2000327,   1,       5) /* HeartbeatInterval */
     , (2000327,   2,       0) /* HeartbeatTimestamp */
     , (2000327,   3, 0.159999996423721) /* HealthRate */
     , (2000327,   4,       5) /* StaminaRate */
     , (2000327,   5,       1) /* ManaRate */
     , (2000327,  13, 0.899999976158142) /* ArmorModVsSlash */
     , (2000327,  14,       1) /* ArmorModVsPierce */
     , (2000327,  15, 1.10000002384186) /* ArmorModVsBludgeon */
     , (2000327,  16, 0.400000005960464) /* ArmorModVsCold */
     , (2000327,  17, 0.400000005960464) /* ArmorModVsFire */
     , (2000327,  18,       1) /* ArmorModVsAcid */
     , (2000327,  19, 0.600000023841858) /* ArmorModVsElectric */
     , (2000327,  54,       3) /* UseRadius */
     , (2000327,  64,       1) /* ResistSlash */
     , (2000327,  65,       1) /* ResistPierce */
     , (2000327,  66,       1) /* ResistBludgeon */
     , (2000327,  67,       1) /* ResistFire */
     , (2000327,  68,       1) /* ResistCold */
     , (2000327,  69,       1) /* ResistAcid */
     , (2000327,  70,       1) /* ResistElectric */
     , (2000327,  71,       1) /* ResistHealthBoost */
     , (2000327,  72,       1) /* ResistStaminaDrain */
     , (2000327,  73,       1) /* ResistStaminaBoost */
     , (2000327,  74,       1) /* ResistManaDrain */
     , (2000327,  75,       1) /* ResistManaBoost */
     , (2000327, 104,      10) /* ObviousRadarRange */
     , (2000327, 125,       1) /* ResistHealthDrain */;

INSERT INTO `weenie_properties_string` (`object_Id`, `type`, `value`)
VALUES (2000327,   1, 'Townfolk') /* Name */
     , (2000327,   3, 'Male') /* Sex */
     , (2000327,   4, 'Aluvian') /* HeritageGroup */;

INSERT INTO `weenie_properties_d_i_d` (`object_Id`, `type`, `value`)
VALUES (2000327,   1,   33554433) /* Setup */
     , (2000327,   2,  150994945) /* MotionTable */
     , (2000327,   3,  536870913) /* SoundTable */
     , (2000327,   4,  805306368) /* CombatTable */
     , (2000327,   6,   67108990) /* PaletteBase */
     , (2000327,   8,  100667446) /* Icon */
     , (2000327,   9,   83890437) /* EyesTexture */
     , (2000327,  10,   83890521) /* NoseTexture */
     , (2000327,  11,   83890627) /* MouthTexture */
     , (2000327,  15,   67116978) /* HairPalette */
     , (2000327,  16,   67109564) /* EyesPalette */
     , (2000327,  17,   67109558) /* SkinPalette */;

INSERT INTO `weenie_properties_attribute` (`object_Id`, `type`, `init_Level`, `level_From_C_P`, `c_P_Spent`)
VALUES (2000327,   1, 110, 0, 0) /* Strength */
     , (2000327,   2, 120, 0, 0) /* Endurance */
     , (2000327,   3, 120, 0, 0) /* Quickness */
     , (2000327,   4, 120, 0, 0) /* Coordination */
     , (2000327,   5, 100, 0, 0) /* Focus */
     , (2000327,   6, 100, 0, 0) /* Self */;

INSERT INTO `weenie_properties_attribute_2nd` (`object_Id`, `type`, `init_Level`, `level_From_C_P`, `c_P_Spent`, `current_Level`)
VALUES (2000327,   1,     0, 0, 0, 60) /* MaxHealth */
     , (2000327,   3,     0, 0, 0, 120) /* MaxStamina */
     , (2000327,   5,     0, 0, 0, 100) /* MaxMana */;

INSERT INTO `weenie_properties_skill` (`object_Id`, `type`, `level_From_P_P`, `s_a_c`, `p_p`, `init_Level`, `resistance_At_Last_Check`, `last_Used_Time`)
VALUES (2000327,  6, 0, 2, 0,   1, 0, 0) /* MeleeDefense        Trained */
     , (2000327,  7, 0, 2, 0,   1, 0, 0) /* MissileDefense      Trained */
     , (2000327, 13, 0, 2, 0,   1, 0, 0) /* UnarmedCombat       Trained */;

INSERT INTO `weenie_properties_body_part` (`object_Id`, `key`, `d_Type`, `d_Val`, `d_Var`, `base_Armor`, `armor_Vs_Slash`, `armor_Vs_Pierce`, `armor_Vs_Bludgeon`, `armor_Vs_Cold`, `armor_Vs_Fire`, `armor_Vs_Acid`, `armor_Vs_Electric`, `armor_Vs_Nether`, `b_h`, `h_l_f`, `m_l_f`, `l_l_f`, `h_r_f`, `m_r_f`, `l_r_f`, `h_l_b`, `m_l_b`, `l_l_b`, `h_r_b`, `m_r_b`, `l_r_b`)
VALUES (2000327,  0,  4,  0,    0,    0,    0,    0,    0,    0,    0,    0,    0,    0, 1, 0.33,    0,    0, 0.33,    0,    0, 0.33,    0,    0, 0.33,    0,    0) /* Head */
     , (2000327,  1,  4,  0,    0,    0,    0,    0,    0,    0,    0,    0,    0,    0, 2, 0.44, 0.17,    0, 0.44, 0.17,    0, 0.44, 0.17,    0, 0.44, 0.17,    0) /* Chest */
     , (2000327,  2,  4,  0,    0,    0,    0,    0,    0,    0,    0,    0,    0,    0, 3,    0, 0.17,    0,    0, 0.17,    0,    0, 0.17,    0,    0, 0.17,    0) /* Abdomen */
     , (2000327,  3,  4,  0,    0,    0,    0,    0,    0,    0,    0,    0,    0,    0, 1, 0.23, 0.03,    0, 0.23, 0.03,    0, 0.23, 0.03,    0, 0.23, 0.03,    0) /* UpperArm */
     , (2000327,  4,  4,  0,    0,    0,    0,    0,    0,    0,    0,    0,    0,    0, 2,    0,  0.3,    0,    0,  0.3,    0,    0,  0.3,    0,    0,  0.3,    0) /* LowerArm */
     , (2000327,  5,  4,  2, 0.75,    0,    0,    0,    0,    0,    0,    0,    0,    0, 2,    0,  0.2,    0,    0,  0.2,    0,    0,  0.2,    0,    0,  0.2,    0) /* Hand */
     , (2000327,  6,  4,  0,    0,    0,    0,    0,    0,    0,    0,    0,    0,    0, 3,    0, 0.13, 0.18,    0, 0.13, 0.18,    0, 0.13, 0.18,    0, 0.13, 0.18) /* UpperLeg */
     , (2000327,  7,  4,  0,    0,    0,    0,    0,    0,    0,    0,    0,    0,    0, 3,    0,    0,  0.6,    0,    0,  0.6,    0,    0,  0.6,    0,    0,  0.6) /* LowerLeg */
     , (2000327,  8,  4,  2, 0.75,    0,    0,    0,    0,    0,    0,    0,    0,    0, 3,    0,    0, 0.22,    0,    0, 0.22,    0,    0, 0.22,    0,    0, 0.22) /* Foot */;

INSERT INTO `weenie_properties_emote` (`object_Id`, `category`, `probability`, `weenie_Class_Id`, `style`, `substyle`, `quest`, `vendor_Type`, `min_Health`, `max_Health`)
VALUES (2000327,  7 /* Use */,      1, NULL, NULL, NULL, NULL, NULL, NULL, NULL);

SET @parent_id = LAST_INSERT_ID();

INSERT INTO `weenie_properties_emote_action` (`emote_Id`, `order`, `type`, `delay`, `extent`, `motion`, `message`, `test_String`, `min`, `max`, `min_64`, `max_64`, `min_Dbl`, `max_Dbl`, `stat`, `display`, `amount`, `amount_64`, `hero_X_P_64`, `percent`, `spell_Id`, `wealth_Rating`, `treasure_Class`, `treasure_Type`, `p_Script`, `sound`, `destination_Type`, `weenie_Class_Id`, `stack_Size`, `palette`, `shade`, `try_To_Bond`, `obj_Cell_Id`, `origin_X`, `origin_Y`, `origin_Z`, `angles_W`, `angles_X`, `angles_Y`, `angles_Z`)
VALUES (@parent_id,  0,  10 /* Tell */, 1.5, 1, NULL, 'A new Island? have you heard? the news is spreading. what wonders might be there.', NULL, NULL, NULL, NULL, NULL, NULL, NULL, NULL, NULL, NULL, NULL, NULL, NULL, NULL, NULL, NULL, NULL, NULL, NULL, NULL, NULL, NULL, NULL, NULL, NULL, NULL, NULL, NULL, NULL, NULL, NULL, NULL, NULL);

INSERT INTO `weenie_properties_create_list` (`object_Id`, `destination_Type`, `weenie_Class_Id`, `stack_Size`, `palette`, `shade`, `try_To_Bond`)
VALUES (2000327, 2,  2588,  0, 91, 1, False) /* Create Shirt (2588) for Wield */
     , (2000327, 2, 26452,  0, 86, 1, False) /* Create Bathrobe (26452) for Wield */;

DELETE FROM `weenie` WHERE `class_Id` = 2000328;

INSERT INTO `weenie` (`class_Id`, `class_Name`, `type`, `last_Modified`)
VALUES (2000328, 'ace2000328-townfolk', 10, '2019-09-24 03:43:11') /* Creature */;

INSERT INTO `weenie_properties_int` (`object_Id`, `type`, `value`)
VALUES (2000328,   1,         16) /* ItemType - Creature */
     , (2000328,   2,         31) /* CreatureType - Human */
     , (2000328,   6,         -1) /* ItemsCapacity */
     , (2000328,   7,         -1) /* ContainersCapacity */
     , (2000328,   8,        120) /* Mass */
     , (2000328,  16,         32) /* ItemUseable - Remote */
     , (2000328,  25,         15) /* Level */
     , (2000328,  27,          0) /* ArmorType - None */
     , (2000328,  93,    6292504) /* PhysicsState - ReportCollisions, IgnoreCollisions, Gravity, ReportCollisionsAsEnvironment, EdgeSlide */
     , (2000328,  95,          8) /* RadarBlipColor - Yellow */
     , (2000328, 113,          1) /* Gender - Male */
     , (2000328, 133,          4) /* ShowableOnRadar - ShowAlways */
     , (2000328, 134,         16) /* PlayerKillerStatus - RubberGlue */
     , (2000328, 146,        293) /* XpOverride */
     , (2000328, 188,          1) /* HeritageGroup - Aluvian */;

INSERT INTO `weenie_properties_bool` (`object_Id`, `type`, `value`)
VALUES (2000328,   1, True ) /* Stuck */
     , (2000328,   8, True ) /* AllowGive */
     , (2000328,  11, True ) /* IgnoreCollisions */
     , (2000328,  12, True ) /* ReportCollisions */
     , (2000328,  13, False) /* Ethereal */
     , (2000328,  14, True ) /* GravityStatus */
     , (2000328,  19, False) /* Attackable */
     , (2000328,  29, True ) /* NoCorpse */
     , (2000328,  41, True ) /* ReportCollisionsAsEnvironment */
     , (2000328,  42, True ) /* AllowEdgeSlide */
     , (2000328,  52, True ) /* AiImmobile */
     , (2000328,  79, True ) /* AiAcceptEverything */;

INSERT INTO `weenie_properties_float` (`object_Id`, `type`, `value`)
VALUES (2000328,   1,       5) /* HeartbeatInterval */
     , (2000328,   2,       0) /* HeartbeatTimestamp */
     , (2000328,   3, 0.159999996423721) /* HealthRate */
     , (2000328,   4,       5) /* StaminaRate */
     , (2000328,   5,       1) /* ManaRate */
     , (2000328,  13, 0.899999976158142) /* ArmorModVsSlash */
     , (2000328,  14,       1) /* ArmorModVsPierce */
     , (2000328,  15, 1.10000002384186) /* ArmorModVsBludgeon */
     , (2000328,  16, 0.400000005960464) /* ArmorModVsCold */
     , (2000328,  17, 0.400000005960464) /* ArmorModVsFire */
     , (2000328,  18,       1) /* ArmorModVsAcid */
     , (2000328,  19, 0.600000023841858) /* ArmorModVsElectric */
     , (2000328,  54,       3) /* UseRadius */
     , (2000328,  64,       1) /* ResistSlash */
     , (2000328,  65,       1) /* ResistPierce */
     , (2000328,  66,       1) /* ResistBludgeon */
     , (2000328,  67,       1) /* ResistFire */
     , (2000328,  68,       1) /* ResistCold */
     , (2000328,  69,       1) /* ResistAcid */
     , (2000328,  70,       1) /* ResistElectric */
     , (2000328,  71,       1) /* ResistHealthBoost */
     , (2000328,  72,       1) /* ResistStaminaDrain */
     , (2000328,  73,       1) /* ResistStaminaBoost */
     , (2000328,  74,       1) /* ResistManaDrain */
     , (2000328,  75,       1) /* ResistManaBoost */
     , (2000328, 104,      10) /* ObviousRadarRange */
     , (2000328, 125,       1) /* ResistHealthDrain */;

INSERT INTO `weenie_properties_string` (`object_Id`, `type`, `value`)
VALUES (2000328,   1, 'Townfolk') /* Name */
     , (2000328,   3, 'Male') /* Sex */
     , (2000328,   4, 'Aluvian') /* HeritageGroup */;

INSERT INTO `weenie_properties_d_i_d` (`object_Id`, `type`, `value`)
VALUES (2000328,   1,   33554433) /* Setup */
     , (2000328,   2,  150994945) /* MotionTable */
     , (2000328,   3,  536870913) /* SoundTable */
     , (2000328,   4,  805306368) /* CombatTable */
     , (2000328,   6,   67108990) /* PaletteBase */
     , (2000328,   8,  100667446) /* Icon */
     , (2000328,   9,   83890437) /* EyesTexture */
     , (2000328,  10,   83890521) /* NoseTexture */
     , (2000328,  11,   83890627) /* MouthTexture */
     , (2000328,  15,   67116978) /* HairPalette */
     , (2000328,  16,   67109564) /* EyesPalette */
     , (2000328,  17,   67109558) /* SkinPalette */;

INSERT INTO `weenie_properties_attribute` (`object_Id`, `type`, `init_Level`, `level_From_C_P`, `c_P_Spent`)
VALUES (2000328,   1, 110, 0, 0) /* Strength */
     , (2000328,   2, 120, 0, 0) /* Endurance */
     , (2000328,   3, 120, 0, 0) /* Quickness */
     , (2000328,   4, 120, 0, 0) /* Coordination */
     , (2000328,   5, 100, 0, 0) /* Focus */
     , (2000328,   6, 100, 0, 0) /* Self */;

INSERT INTO `weenie_properties_attribute_2nd` (`object_Id`, `type`, `init_Level`, `level_From_C_P`, `c_P_Spent`, `current_Level`)
VALUES (2000328,   1,     0, 0, 0, 60) /* MaxHealth */
     , (2000328,   3,     0, 0, 0, 120) /* MaxStamina */
     , (2000328,   5,     0, 0, 0, 100) /* MaxMana */;

INSERT INTO `weenie_properties_skill` (`object_Id`, `type`, `level_From_P_P`, `s_a_c`, `p_p`, `init_Level`, `resistance_At_Last_Check`, `last_Used_Time`)
VALUES (2000328,  6, 0, 2, 0,   1, 0, 0) /* MeleeDefense        Trained */
     , (2000328,  7, 0, 2, 0,   1, 0, 0) /* MissileDefense      Trained */
     , (2000328, 13, 0, 2, 0,   1, 0, 0) /* UnarmedCombat       Trained */;

INSERT INTO `weenie_properties_body_part` (`object_Id`, `key`, `d_Type`, `d_Val`, `d_Var`, `base_Armor`, `armor_Vs_Slash`, `armor_Vs_Pierce`, `armor_Vs_Bludgeon`, `armor_Vs_Cold`, `armor_Vs_Fire`, `armor_Vs_Acid`, `armor_Vs_Electric`, `armor_Vs_Nether`, `b_h`, `h_l_f`, `m_l_f`, `l_l_f`, `h_r_f`, `m_r_f`, `l_r_f`, `h_l_b`, `m_l_b`, `l_l_b`, `h_r_b`, `m_r_b`, `l_r_b`)
VALUES (2000328,  0,  4,  0,    0,    0,    0,    0,    0,    0,    0,    0,    0,    0, 1, 0.33,    0,    0, 0.33,    0,    0, 0.33,    0,    0, 0.33,    0,    0) /* Head */
     , (2000328,  1,  4,  0,    0,    0,    0,    0,    0,    0,    0,    0,    0,    0, 2, 0.44, 0.17,    0, 0.44, 0.17,    0, 0.44, 0.17,    0, 0.44, 0.17,    0) /* Chest */
     , (2000328,  2,  4,  0,    0,    0,    0,    0,    0,    0,    0,    0,    0,    0, 3,    0, 0.17,    0,    0, 0.17,    0,    0, 0.17,    0,    0, 0.17,    0) /* Abdomen */
     , (2000328,  3,  4,  0,    0,    0,    0,    0,    0,    0,    0,    0,    0,    0, 1, 0.23, 0.03,    0, 0.23, 0.03,    0, 0.23, 0.03,    0, 0.23, 0.03,    0) /* UpperArm */
     , (2000328,  4,  4,  0,    0,    0,    0,    0,    0,    0,    0,    0,    0,    0, 2,    0,  0.3,    0,    0,  0.3,    0,    0,  0.3,    0,    0,  0.3,    0) /* LowerArm */
     , (2000328,  5,  4,  2, 0.75,    0,    0,    0,    0,    0,    0,    0,    0,    0, 2,    0,  0.2,    0,    0,  0.2,    0,    0,  0.2,    0,    0,  0.2,    0) /* Hand */
     , (2000328,  6,  4,  0,    0,    0,    0,    0,    0,    0,    0,    0,    0,    0, 3,    0, 0.13, 0.18,    0, 0.13, 0.18,    0, 0.13, 0.18,    0, 0.13, 0.18) /* UpperLeg */
     , (2000328,  7,  4,  0,    0,    0,    0,    0,    0,    0,    0,    0,    0,    0, 3,    0,    0,  0.6,    0,    0,  0.6,    0,    0,  0.6,    0,    0,  0.6) /* LowerLeg */
     , (2000328,  8,  4,  2, 0.75,    0,    0,    0,    0,    0,    0,    0,    0,    0, 3,    0,    0, 0.22,    0,    0, 0.22,    0,    0, 0.22,    0,    0, 0.22) /* Foot */;

INSERT INTO `weenie_properties_emote` (`object_Id`, `category`, `probability`, `weenie_Class_Id`, `style`, `substyle`, `quest`, `vendor_Type`, `min_Health`, `max_Health`)
VALUES (2000328,  7 /* Use */,      1, NULL, NULL, NULL, NULL, NULL, NULL, NULL);

SET @parent_id = LAST_INSERT_ID();

INSERT INTO `weenie_properties_emote_action` (`emote_Id`, `order`, `type`, `delay`, `extent`, `motion`, `message`, `test_String`, `min`, `max`, `min_64`, `max_64`, `min_Dbl`, `max_Dbl`, `stat`, `display`, `amount`, `amount_64`, `hero_X_P_64`, `percent`, `spell_Id`, `wealth_Rating`, `treasure_Class`, `treasure_Type`, `p_Script`, `sound`, `destination_Type`, `weenie_Class_Id`, `stack_Size`, `palette`, `shade`, `try_To_Bond`, `obj_Cell_Id`, `origin_X`, `origin_Y`, `origin_Z`, `angles_W`, `angles_X`, `angles_Y`, `angles_Z`)
VALUES (@parent_id,  0,  10 /* Tell */, 1.5, 1, NULL, 'The critters in withered are certainly amped up these days aren''t they?', NULL, NULL, NULL, NULL, NULL, NULL, NULL, NULL, NULL, NULL, NULL, NULL, NULL, NULL, NULL, NULL, NULL, NULL, NULL, NULL, NULL, NULL, NULL, NULL, NULL, NULL, NULL, NULL, NULL, NULL, NULL, NULL, NULL);

INSERT INTO `weenie_properties_create_list` (`object_Id`, `destination_Type`, `weenie_Class_Id`, `stack_Size`, `palette`, `shade`, `try_To_Bond`)
VALUES (2000328, 2, 26452,  0, 91, 1, False) /* Create Bathrobe (26452) for Wield */
     , (2000328, 2,  2597,  0, 86, 1, False) /* Create Pants (2597) for Wield */;

DELETE FROM `weenie` WHERE `class_Id` = 2000329;

INSERT INTO `weenie` (`class_Id`, `class_Name`, `type`, `last_Modified`)
VALUES (2000329, 'ace2000329-townfolk', 10, '2019-09-24 03:43:13') /* Creature */;

INSERT INTO `weenie_properties_int` (`object_Id`, `type`, `value`)
VALUES (2000329,   1,         16) /* ItemType - Creature */
     , (2000329,   2,         31) /* CreatureType - Human */
     , (2000329,   6,         -1) /* ItemsCapacity */
     , (2000329,   7,         -1) /* ContainersCapacity */
     , (2000329,   8,        120) /* Mass */
     , (2000329,  16,         32) /* ItemUseable - Remote */
     , (2000329,  25,         15) /* Level */
     , (2000329,  27,          0) /* ArmorType - None */
     , (2000329,  93,    6292504) /* PhysicsState - ReportCollisions, IgnoreCollisions, Gravity, ReportCollisionsAsEnvironment, EdgeSlide */
     , (2000329,  95,          8) /* RadarBlipColor - Yellow */
     , (2000329, 113,          1) /* Gender - Male */
     , (2000329, 133,          4) /* ShowableOnRadar - ShowAlways */
     , (2000329, 134,         16) /* PlayerKillerStatus - RubberGlue */
     , (2000329, 146,        293) /* XpOverride */
     , (2000329, 188,          1) /* HeritageGroup - Aluvian */;

INSERT INTO `weenie_properties_bool` (`object_Id`, `type`, `value`)
VALUES (2000329,   1, True ) /* Stuck */
     , (2000329,   8, True ) /* AllowGive */
     , (2000329,  11, True ) /* IgnoreCollisions */
     , (2000329,  12, True ) /* ReportCollisions */
     , (2000329,  13, False) /* Ethereal */
     , (2000329,  14, True ) /* GravityStatus */
     , (2000329,  19, False) /* Attackable */
     , (2000329,  29, True ) /* NoCorpse */
     , (2000329,  41, True ) /* ReportCollisionsAsEnvironment */
     , (2000329,  42, True ) /* AllowEdgeSlide */
     , (2000329,  52, True ) /* AiImmobile */
     , (2000329,  79, True ) /* AiAcceptEverything */;

INSERT INTO `weenie_properties_float` (`object_Id`, `type`, `value`)
VALUES (2000329,   1,       5) /* HeartbeatInterval */
     , (2000329,   2,       0) /* HeartbeatTimestamp */
     , (2000329,   3, 0.159999996423721) /* HealthRate */
     , (2000329,   4,       5) /* StaminaRate */
     , (2000329,   5,       1) /* ManaRate */
     , (2000329,  13, 0.899999976158142) /* ArmorModVsSlash */
     , (2000329,  14,       1) /* ArmorModVsPierce */
     , (2000329,  15, 1.10000002384186) /* ArmorModVsBludgeon */
     , (2000329,  16, 0.400000005960464) /* ArmorModVsCold */
     , (2000329,  17, 0.400000005960464) /* ArmorModVsFire */
     , (2000329,  18,       1) /* ArmorModVsAcid */
     , (2000329,  19, 0.600000023841858) /* ArmorModVsElectric */
     , (2000329,  54,       3) /* UseRadius */
     , (2000329,  64,       1) /* ResistSlash */
     , (2000329,  65,       1) /* ResistPierce */
     , (2000329,  66,       1) /* ResistBludgeon */
     , (2000329,  67,       1) /* ResistFire */
     , (2000329,  68,       1) /* ResistCold */
     , (2000329,  69,       1) /* ResistAcid */
     , (2000329,  70,       1) /* ResistElectric */
     , (2000329,  71,       1) /* ResistHealthBoost */
     , (2000329,  72,       1) /* ResistStaminaDrain */
     , (2000329,  73,       1) /* ResistStaminaBoost */
     , (2000329,  74,       1) /* ResistManaDrain */
     , (2000329,  75,       1) /* ResistManaBoost */
     , (2000329, 104,      10) /* ObviousRadarRange */
     , (2000329, 125,       1) /* ResistHealthDrain */;

INSERT INTO `weenie_properties_string` (`object_Id`, `type`, `value`)
VALUES (2000329,   1, 'Townfolk') /* Name */
     , (2000329,   3, 'Male') /* Sex */
     , (2000329,   4, 'Aluvian') /* HeritageGroup */;

INSERT INTO `weenie_properties_d_i_d` (`object_Id`, `type`, `value`)
VALUES (2000329,   1,   33554433) /* Setup */
     , (2000329,   2,  150994945) /* MotionTable */
     , (2000329,   3,  536870913) /* SoundTable */
     , (2000329,   4,  805306368) /* CombatTable */
     , (2000329,   6,   67108990) /* PaletteBase */
     , (2000329,   8,  100667446) /* Icon */
     , (2000329,   9,   83890437) /* EyesTexture */
     , (2000329,  10,   83890521) /* NoseTexture */
     , (2000329,  11,   83890627) /* MouthTexture */
     , (2000329,  15,   67116978) /* HairPalette */
     , (2000329,  16,   67109564) /* EyesPalette */
     , (2000329,  17,   67109558) /* SkinPalette */;

INSERT INTO `weenie_properties_attribute` (`object_Id`, `type`, `init_Level`, `level_From_C_P`, `c_P_Spent`)
VALUES (2000329,   1, 110, 0, 0) /* Strength */
     , (2000329,   2, 120, 0, 0) /* Endurance */
     , (2000329,   3, 120, 0, 0) /* Quickness */
     , (2000329,   4, 120, 0, 0) /* Coordination */
     , (2000329,   5, 100, 0, 0) /* Focus */
     , (2000329,   6, 100, 0, 0) /* Self */;

INSERT INTO `weenie_properties_attribute_2nd` (`object_Id`, `type`, `init_Level`, `level_From_C_P`, `c_P_Spent`, `current_Level`)
VALUES (2000329,   1,     0, 0, 0, 60) /* MaxHealth */
     , (2000329,   3,     0, 0, 0, 120) /* MaxStamina */
     , (2000329,   5,     0, 0, 0, 100) /* MaxMana */;

INSERT INTO `weenie_properties_skill` (`object_Id`, `type`, `level_From_P_P`, `s_a_c`, `p_p`, `init_Level`, `resistance_At_Last_Check`, `last_Used_Time`)
VALUES (2000329,  6, 0, 2, 0,   1, 0, 0) /* MeleeDefense        Trained */
     , (2000329,  7, 0, 2, 0,   1, 0, 0) /* MissileDefense      Trained */
     , (2000329, 13, 0, 2, 0,   1, 0, 0) /* UnarmedCombat       Trained */;

INSERT INTO `weenie_properties_body_part` (`object_Id`, `key`, `d_Type`, `d_Val`, `d_Var`, `base_Armor`, `armor_Vs_Slash`, `armor_Vs_Pierce`, `armor_Vs_Bludgeon`, `armor_Vs_Cold`, `armor_Vs_Fire`, `armor_Vs_Acid`, `armor_Vs_Electric`, `armor_Vs_Nether`, `b_h`, `h_l_f`, `m_l_f`, `l_l_f`, `h_r_f`, `m_r_f`, `l_r_f`, `h_l_b`, `m_l_b`, `l_l_b`, `h_r_b`, `m_r_b`, `l_r_b`)
VALUES (2000329,  0,  4,  0,    0,    0,    0,    0,    0,    0,    0,    0,    0,    0, 1, 0.33,    0,    0, 0.33,    0,    0, 0.33,    0,    0, 0.33,    0,    0) /* Head */
     , (2000329,  1,  4,  0,    0,    0,    0,    0,    0,    0,    0,    0,    0,    0, 2, 0.44, 0.17,    0, 0.44, 0.17,    0, 0.44, 0.17,    0, 0.44, 0.17,    0) /* Chest */
     , (2000329,  2,  4,  0,    0,    0,    0,    0,    0,    0,    0,    0,    0,    0, 3,    0, 0.17,    0,    0, 0.17,    0,    0, 0.17,    0,    0, 0.17,    0) /* Abdomen */
     , (2000329,  3,  4,  0,    0,    0,    0,    0,    0,    0,    0,    0,    0,    0, 1, 0.23, 0.03,    0, 0.23, 0.03,    0, 0.23, 0.03,    0, 0.23, 0.03,    0) /* UpperArm */
     , (2000329,  4,  4,  0,    0,    0,    0,    0,    0,    0,    0,    0,    0,    0, 2,    0,  0.3,    0,    0,  0.3,    0,    0,  0.3,    0,    0,  0.3,    0) /* LowerArm */
     , (2000329,  5,  4,  2, 0.75,    0,    0,    0,    0,    0,    0,    0,    0,    0, 2,    0,  0.2,    0,    0,  0.2,    0,    0,  0.2,    0,    0,  0.2,    0) /* Hand */
     , (2000329,  6,  4,  0,    0,    0,    0,    0,    0,    0,    0,    0,    0,    0, 3,    0, 0.13, 0.18,    0, 0.13, 0.18,    0, 0.13, 0.18,    0, 0.13, 0.18) /* UpperLeg */
     , (2000329,  7,  4,  0,    0,    0,    0,    0,    0,    0,    0,    0,    0,    0, 3,    0,    0,  0.6,    0,    0,  0.6,    0,    0,  0.6,    0,    0,  0.6) /* LowerLeg */
     , (2000329,  8,  4,  2, 0.75,    0,    0,    0,    0,    0,    0,    0,    0,    0, 3,    0,    0, 0.22,    0,    0, 0.22,    0,    0, 0.22,    0,    0, 0.22) /* Foot */;

INSERT INTO `weenie_properties_emote` (`object_Id`, `category`, `probability`, `weenie_Class_Id`, `style`, `substyle`, `quest`, `vendor_Type`, `min_Health`, `max_Health`)
VALUES (2000329,  7 /* Use */,      1, NULL, NULL, NULL, NULL, NULL, NULL, NULL);

SET @parent_id = LAST_INSERT_ID();

INSERT INTO `weenie_properties_emote_action` (`emote_Id`, `order`, `type`, `delay`, `extent`, `motion`, `message`, `test_String`, `min`, `max`, `min_64`, `max_64`, `min_Dbl`, `max_Dbl`, `stat`, `display`, `amount`, `amount_64`, `hero_X_P_64`, `percent`, `spell_Id`, `wealth_Rating`, `treasure_Class`, `treasure_Type`, `p_Script`, `sound`, `destination_Type`, `weenie_Class_Id`, `stack_Size`, `palette`, `shade`, `try_To_Bond`, `obj_Cell_Id`, `origin_X`, `origin_Y`, `origin_Z`, `angles_W`, `angles_X`, `angles_Y`, `angles_Z`)
VALUES (@parent_id,  0,  10 /* Tell */, 1.5, 1, NULL, 'This town is an example of what we can accomplish together.', NULL, NULL, NULL, NULL, NULL, NULL, NULL, NULL, NULL, NULL, NULL, NULL, NULL, NULL, NULL, NULL, NULL, NULL, NULL, NULL, NULL, NULL, NULL, NULL, NULL, NULL, NULL, NULL, NULL, NULL, NULL, NULL, NULL);

INSERT INTO `weenie_properties_create_list` (`object_Id`, `destination_Type`, `weenie_Class_Id`, `stack_Size`, `palette`, `shade`, `try_To_Bond`)
VALUES (2000329, 2,  2588,  0, 91, 1, False) /* Create Shirt (2588) for Wield */
     , (2000329, 2,  2597,  0, 87, 1, False) /* Create Pants (2597) for Wield */;

DELETE FROM `weenie` WHERE `class_Id` = 2000330;

INSERT INTO `weenie` (`class_Id`, `class_Name`, `type`, `last_Modified`)
VALUES (2000330, 'ace2000330-townfolk', 10, '2019-09-24 03:43:14') /* Creature */;

INSERT INTO `weenie_properties_int` (`object_Id`, `type`, `value`)
VALUES (2000330,   1,         16) /* ItemType - Creature */
     , (2000330,   2,         31) /* CreatureType - Human */
     , (2000330,   6,         -1) /* ItemsCapacity */
     , (2000330,   7,         -1) /* ContainersCapacity */
     , (2000330,   8,        120) /* Mass */
     , (2000330,  16,         32) /* ItemUseable - Remote */
     , (2000330,  25,         15) /* Level */
     , (2000330,  27,          0) /* ArmorType - None */
     , (2000330,  93,    6292504) /* PhysicsState - ReportCollisions, IgnoreCollisions, Gravity, ReportCollisionsAsEnvironment, EdgeSlide */
     , (2000330,  95,          8) /* RadarBlipColor - Yellow */
     , (2000330, 113,          1) /* Gender - Male */
     , (2000330, 133,          4) /* ShowableOnRadar - ShowAlways */
     , (2000330, 134,         16) /* PlayerKillerStatus - RubberGlue */
     , (2000330, 146,        293) /* XpOverride */
     , (2000330, 188,          1) /* HeritageGroup - Aluvian */;

INSERT INTO `weenie_properties_bool` (`object_Id`, `type`, `value`)
VALUES (2000330,   1, True ) /* Stuck */
     , (2000330,   8, True ) /* AllowGive */
     , (2000330,  11, True ) /* IgnoreCollisions */
     , (2000330,  12, True ) /* ReportCollisions */
     , (2000330,  13, False) /* Ethereal */
     , (2000330,  14, True ) /* GravityStatus */
     , (2000330,  19, False) /* Attackable */
     , (2000330,  29, True ) /* NoCorpse */
     , (2000330,  41, True ) /* ReportCollisionsAsEnvironment */
     , (2000330,  42, True ) /* AllowEdgeSlide */
     , (2000330,  52, True ) /* AiImmobile */
     , (2000330,  79, True ) /* AiAcceptEverything */;

INSERT INTO `weenie_properties_float` (`object_Id`, `type`, `value`)
VALUES (2000330,   1,       5) /* HeartbeatInterval */
     , (2000330,   2,       0) /* HeartbeatTimestamp */
     , (2000330,   3, 0.159999996423721) /* HealthRate */
     , (2000330,   4,       5) /* StaminaRate */
     , (2000330,   5,       1) /* ManaRate */
     , (2000330,  13, 0.899999976158142) /* ArmorModVsSlash */
     , (2000330,  14,       1) /* ArmorModVsPierce */
     , (2000330,  15, 1.10000002384186) /* ArmorModVsBludgeon */
     , (2000330,  16, 0.400000005960464) /* ArmorModVsCold */
     , (2000330,  17, 0.400000005960464) /* ArmorModVsFire */
     , (2000330,  18,       1) /* ArmorModVsAcid */
     , (2000330,  19, 0.600000023841858) /* ArmorModVsElectric */
     , (2000330,  54,       3) /* UseRadius */
     , (2000330,  64,       1) /* ResistSlash */
     , (2000330,  65,       1) /* ResistPierce */
     , (2000330,  66,       1) /* ResistBludgeon */
     , (2000330,  67,       1) /* ResistFire */
     , (2000330,  68,       1) /* ResistCold */
     , (2000330,  69,       1) /* ResistAcid */
     , (2000330,  70,       1) /* ResistElectric */
     , (2000330,  71,       1) /* ResistHealthBoost */
     , (2000330,  72,       1) /* ResistStaminaDrain */
     , (2000330,  73,       1) /* ResistStaminaBoost */
     , (2000330,  74,       1) /* ResistManaDrain */
     , (2000330,  75,       1) /* ResistManaBoost */
     , (2000330, 104,      10) /* ObviousRadarRange */
     , (2000330, 125,       1) /* ResistHealthDrain */;

INSERT INTO `weenie_properties_string` (`object_Id`, `type`, `value`)
VALUES (2000330,   1, 'Townfolk') /* Name */
     , (2000330,   3, 'Male') /* Sex */
     , (2000330,   4, 'Aluvian') /* HeritageGroup */;

INSERT INTO `weenie_properties_d_i_d` (`object_Id`, `type`, `value`)
VALUES (2000330,   1,   33554433) /* Setup */
     , (2000330,   2,  150994945) /* MotionTable */
     , (2000330,   3,  536870913) /* SoundTable */
     , (2000330,   4,  805306368) /* CombatTable */
     , (2000330,   6,   67108990) /* PaletteBase */
     , (2000330,   8,  100667446) /* Icon */
     , (2000330,   9,   83890437) /* EyesTexture */
     , (2000330,  10,   83890521) /* NoseTexture */
     , (2000330,  11,   83890627) /* MouthTexture */
     , (2000330,  15,   67116978) /* HairPalette */
     , (2000330,  16,   67109564) /* EyesPalette */
     , (2000330,  17,   67109558) /* SkinPalette */;

INSERT INTO `weenie_properties_attribute` (`object_Id`, `type`, `init_Level`, `level_From_C_P`, `c_P_Spent`)
VALUES (2000330,   1, 110, 0, 0) /* Strength */
     , (2000330,   2, 120, 0, 0) /* Endurance */
     , (2000330,   3, 120, 0, 0) /* Quickness */
     , (2000330,   4, 120, 0, 0) /* Coordination */
     , (2000330,   5, 100, 0, 0) /* Focus */
     , (2000330,   6, 100, 0, 0) /* Self */;

INSERT INTO `weenie_properties_attribute_2nd` (`object_Id`, `type`, `init_Level`, `level_From_C_P`, `c_P_Spent`, `current_Level`)
VALUES (2000330,   1,     0, 0, 0, 60) /* MaxHealth */
     , (2000330,   3,     0, 0, 0, 120) /* MaxStamina */
     , (2000330,   5,     0, 0, 0, 100) /* MaxMana */;

INSERT INTO `weenie_properties_skill` (`object_Id`, `type`, `level_From_P_P`, `s_a_c`, `p_p`, `init_Level`, `resistance_At_Last_Check`, `last_Used_Time`)
VALUES (2000330,  6, 0, 2, 0,   1, 0, 0) /* MeleeDefense        Trained */
     , (2000330,  7, 0, 2, 0,   1, 0, 0) /* MissileDefense      Trained */
     , (2000330, 13, 0, 2, 0,   1, 0, 0) /* UnarmedCombat       Trained */;

INSERT INTO `weenie_properties_body_part` (`object_Id`, `key`, `d_Type`, `d_Val`, `d_Var`, `base_Armor`, `armor_Vs_Slash`, `armor_Vs_Pierce`, `armor_Vs_Bludgeon`, `armor_Vs_Cold`, `armor_Vs_Fire`, `armor_Vs_Acid`, `armor_Vs_Electric`, `armor_Vs_Nether`, `b_h`, `h_l_f`, `m_l_f`, `l_l_f`, `h_r_f`, `m_r_f`, `l_r_f`, `h_l_b`, `m_l_b`, `l_l_b`, `h_r_b`, `m_r_b`, `l_r_b`)
VALUES (2000330,  0,  4,  0,    0,    0,    0,    0,    0,    0,    0,    0,    0,    0, 1, 0.33,    0,    0, 0.33,    0,    0, 0.33,    0,    0, 0.33,    0,    0) /* Head */
     , (2000330,  1,  4,  0,    0,    0,    0,    0,    0,    0,    0,    0,    0,    0, 2, 0.44, 0.17,    0, 0.44, 0.17,    0, 0.44, 0.17,    0, 0.44, 0.17,    0) /* Chest */
     , (2000330,  2,  4,  0,    0,    0,    0,    0,    0,    0,    0,    0,    0,    0, 3,    0, 0.17,    0,    0, 0.17,    0,    0, 0.17,    0,    0, 0.17,    0) /* Abdomen */
     , (2000330,  3,  4,  0,    0,    0,    0,    0,    0,    0,    0,    0,    0,    0, 1, 0.23, 0.03,    0, 0.23, 0.03,    0, 0.23, 0.03,    0, 0.23, 0.03,    0) /* UpperArm */
     , (2000330,  4,  4,  0,    0,    0,    0,    0,    0,    0,    0,    0,    0,    0, 2,    0,  0.3,    0,    0,  0.3,    0,    0,  0.3,    0,    0,  0.3,    0) /* LowerArm */
     , (2000330,  5,  4,  2, 0.75,    0,    0,    0,    0,    0,    0,    0,    0,    0, 2,    0,  0.2,    0,    0,  0.2,    0,    0,  0.2,    0,    0,  0.2,    0) /* Hand */
     , (2000330,  6,  4,  0,    0,    0,    0,    0,    0,    0,    0,    0,    0,    0, 3,    0, 0.13, 0.18,    0, 0.13, 0.18,    0, 0.13, 0.18,    0, 0.13, 0.18) /* UpperLeg */
     , (2000330,  7,  4,  0,    0,    0,    0,    0,    0,    0,    0,    0,    0,    0, 3,    0,    0,  0.6,    0,    0,  0.6,    0,    0,  0.6,    0,    0,  0.6) /* LowerLeg */
     , (2000330,  8,  4,  2, 0.75,    0,    0,    0,    0,    0,    0,    0,    0,    0, 3,    0,    0, 0.22,    0,    0, 0.22,    0,    0, 0.22,    0,    0, 0.22) /* Foot */;

INSERT INTO `weenie_properties_emote` (`object_Id`, `category`, `probability`, `weenie_Class_Id`, `style`, `substyle`, `quest`, `vendor_Type`, `min_Health`, `max_Health`)
VALUES (2000330,  7 /* Use */,      1, NULL, NULL, NULL, NULL, NULL, NULL, NULL);

SET @parent_id = LAST_INSERT_ID();

INSERT INTO `weenie_properties_emote_action` (`emote_Id`, `order`, `type`, `delay`, `extent`, `motion`, `message`, `test_String`, `min`, `max`, `min_64`, `max_64`, `min_Dbl`, `max_Dbl`, `stat`, `display`, `amount`, `amount_64`, `hero_X_P_64`, `percent`, `spell_Id`, `wealth_Rating`, `treasure_Class`, `treasure_Type`, `p_Script`, `sound`, `destination_Type`, `weenie_Class_Id`, `stack_Size`, `palette`, `shade`, `try_To_Bond`, `obj_Cell_Id`, `origin_X`, `origin_Y`, `origin_Z`, `angles_W`, `angles_X`, `angles_Y`, `angles_Z`)
VALUES (@parent_id,  0,  10 /* Tell */, 1.5, 1, NULL, 'This is going to be a lot more work then tufa, planning alone will take a long while.', NULL, NULL, NULL, NULL, NULL, NULL, NULL, NULL, NULL, NULL, NULL, NULL, NULL, NULL, NULL, NULL, NULL, NULL, NULL, NULL, NULL, NULL, NULL, NULL, NULL, NULL, NULL, NULL, NULL, NULL, NULL, NULL, NULL);

INSERT INTO `weenie_properties_create_list` (`object_Id`, `destination_Type`, `weenie_Class_Id`, `stack_Size`, `palette`, `shade`, `try_To_Bond`)
VALUES (2000330, 2, 26452,  0, 89, 1, False) /* Create Bathrobe (26452) for Wield */
     , (2000330, 2,  2597,  0, 86, 1, False) /* Create Pants (2597) for Wield */;

/* Batch Two */

DELETE FROM `weenie` WHERE `class_Id` = 2000331;

INSERT INTO `weenie` (`class_Id`, `class_Name`, `type`, `last_Modified`)
VALUES (2000331, 'ace2000331-townsfolk', 10, '2019-09-30 13:45:38') /* Creature */;

INSERT INTO `weenie_properties_int` (`object_Id`, `type`, `value`)
VALUES (2000331,   1,         16) /* ItemType - Creature */
     , (2000331,   2,         31) /* CreatureType - Human */
     , (2000331,   6,         -1) /* ItemsCapacity */
     , (2000331,   7,         -1) /* ContainersCapacity */
     , (2000331,   8,        120) /* Mass */
     , (2000331,  16,         32) /* ItemUseable - Remote */
     , (2000331,  25,         16) /* Level */
     , (2000331,  27,          0) /* ArmorType - None */
     , (2000331,  93,    6292504) /* PhysicsState - ReportCollisions, IgnoreCollisions, Gravity, ReportCollisionsAsEnvironment, EdgeSlide */
     , (2000331,  95,          8) /* RadarBlipColor - Yellow */
     , (2000331, 113,          2) /* Gender - Female */
     , (2000331, 133,          4) /* ShowableOnRadar - ShowAlways */
     , (2000331, 134,         16) /* PlayerKillerStatus - RubberGlue */
     , (2000331, 146,        318) /* XpOverride */
     , (2000331, 188,          1) /* HeritageGroup - Aluvian */;

INSERT INTO `weenie_properties_bool` (`object_Id`, `type`, `value`)
VALUES (2000331,   1, True ) /* Stuck */
     , (2000331,   8, True ) /* AllowGive */
     , (2000331,  11, True ) /* IgnoreCollisions */
     , (2000331,  12, True ) /* ReportCollisions */
     , (2000331,  13, False) /* Ethereal */
     , (2000331,  14, True ) /* GravityStatus */
     , (2000331,  19, False) /* Attackable */
     , (2000331,  29, True ) /* NoCorpse */
     , (2000331,  41, True ) /* ReportCollisionsAsEnvironment */
     , (2000331,  42, True ) /* AllowEdgeSlide */
     , (2000331,  52, True ) /* AiImmobile */
     , (2000331,  79, True ) /* AiAcceptEverything */;

INSERT INTO `weenie_properties_float` (`object_Id`, `type`, `value`)
VALUES (2000331,   1,       5) /* HeartbeatInterval */
     , (2000331,   2,       0) /* HeartbeatTimestamp */
     , (2000331,   3, 0.159999996423721) /* HealthRate */
     , (2000331,   4,       5) /* StaminaRate */
     , (2000331,   5,       1) /* ManaRate */
     , (2000331,  13, 0.899999976158142) /* ArmorModVsSlash */
     , (2000331,  14,       1) /* ArmorModVsPierce */
     , (2000331,  15, 1.10000002384186) /* ArmorModVsBludgeon */
     , (2000331,  16, 0.400000005960464) /* ArmorModVsCold */
     , (2000331,  17, 0.400000005960464) /* ArmorModVsFire */
     , (2000331,  18,       1) /* ArmorModVsAcid */
     , (2000331,  19, 0.600000023841858) /* ArmorModVsElectric */
     , (2000331,  54,       3) /* UseRadius */
     , (2000331,  64,       1) /* ResistSlash */
     , (2000331,  65,       1) /* ResistPierce */
     , (2000331,  66,       1) /* ResistBludgeon */
     , (2000331,  67,       1) /* ResistFire */
     , (2000331,  68,       1) /* ResistCold */
     , (2000331,  69,       1) /* ResistAcid */
     , (2000331,  70,       1) /* ResistElectric */
     , (2000331,  71,       1) /* ResistHealthBoost */
     , (2000331,  72,       1) /* ResistStaminaDrain */
     , (2000331,  73,       1) /* ResistStaminaBoost */
     , (2000331,  74,       1) /* ResistManaDrain */
     , (2000331,  75,       1) /* ResistManaBoost */
     , (2000331, 104,      10) /* ObviousRadarRange */
     , (2000331, 125,       1) /* ResistHealthDrain */;

INSERT INTO `weenie_properties_string` (`object_Id`, `type`, `value`)
VALUES (2000331,   1, 'Townsfolk') /* Name */
     , (2000331,   3, 'Female') /* Sex */
     , (2000331,   4, 'Aluvian') /* HeritageGroup */
     , (2000331,   5, 'Herald') /* Template */;

INSERT INTO `weenie_properties_d_i_d` (`object_Id`, `type`, `value`)
VALUES (2000331,   1,   33554510) /* Setup */
     , (2000331,   2,  150994945) /* MotionTable */
     , (2000331,   3,  536870914) /* SoundTable */
     , (2000331,   4,  805306368) /* CombatTable */
     , (2000331,   6,   67108990) /* PaletteBase */
     , (2000331,   8,  100667446) /* Icon */
     , (2000331,   9,   83890279) /* EyesTexture */
     , (2000331,  10,   83890302) /* NoseTexture */
     , (2000331,  11,   83890324) /* MouthTexture */
     , (2000331,  15,   67116982) /* HairPalette */
     , (2000331,  16,   67110063) /* EyesPalette */
     , (2000331,  17,   67109561) /* SkinPalette */;

INSERT INTO `weenie_properties_attribute` (`object_Id`, `type`, `init_Level`, `level_From_C_P`, `c_P_Spent`)
VALUES (2000331,   1, 120, 0, 0) /* Strength */
     , (2000331,   2, 130, 0, 0) /* Endurance */
     , (2000331,   3, 100, 0, 0) /* Quickness */
     , (2000331,   4, 115, 0, 0) /* Coordination */
     , (2000331,   5, 110, 0, 0) /* Focus */
     , (2000331,   6, 100, 0, 0) /* Self */;

INSERT INTO `weenie_properties_attribute_2nd` (`object_Id`, `type`, `init_Level`, `level_From_C_P`, `c_P_Spent`, `current_Level`)
VALUES (2000331,   1,     0, 0, 0, 65) /* MaxHealth */
     , (2000331,   3,     0, 0, 0, 130) /* MaxStamina */
     , (2000331,   5,     0, 0, 0, 100) /* MaxMana */;

INSERT INTO `weenie_properties_skill` (`object_Id`, `type`, `level_From_P_P`, `s_a_c`, `p_p`, `init_Level`, `resistance_At_Last_Check`, `last_Used_Time`)
VALUES (2000331,  6, 0, 2, 0,   1, 0, 0) /* MeleeDefense        Trained */
     , (2000331,  7, 0, 2, 0,   1, 0, 0) /* MissileDefense      Trained */
     , (2000331, 13, 0, 2, 0,   1, 0, 0) /* UnarmedCombat       Trained */;

INSERT INTO `weenie_properties_body_part` (`object_Id`, `key`, `d_Type`, `d_Val`, `d_Var`, `base_Armor`, `armor_Vs_Slash`, `armor_Vs_Pierce`, `armor_Vs_Bludgeon`, `armor_Vs_Cold`, `armor_Vs_Fire`, `armor_Vs_Acid`, `armor_Vs_Electric`, `armor_Vs_Nether`, `b_h`, `h_l_f`, `m_l_f`, `l_l_f`, `h_r_f`, `m_r_f`, `l_r_f`, `h_l_b`, `m_l_b`, `l_l_b`, `h_r_b`, `m_r_b`, `l_r_b`)
VALUES (2000331,  0,  4,  0,    0,    0,    0,    0,    0,    0,    0,    0,    0,    0, 1, 0.33,    0,    0, 0.33,    0,    0, 0.33,    0,    0, 0.33,    0,    0) /* Head */
     , (2000331,  1,  4,  0,    0,    0,    0,    0,    0,    0,    0,    0,    0,    0, 2, 0.44, 0.17,    0, 0.44, 0.17,    0, 0.44, 0.17,    0, 0.44, 0.17,    0) /* Chest */
     , (2000331,  2,  4,  0,    0,    0,    0,    0,    0,    0,    0,    0,    0,    0, 3,    0, 0.17,    0,    0, 0.17,    0,    0, 0.17,    0,    0, 0.17,    0) /* Abdomen */
     , (2000331,  3,  4,  0,    0,    0,    0,    0,    0,    0,    0,    0,    0,    0, 1, 0.23, 0.03,    0, 0.23, 0.03,    0, 0.23, 0.03,    0, 0.23, 0.03,    0) /* UpperArm */
     , (2000331,  4,  4,  0,    0,    0,    0,    0,    0,    0,    0,    0,    0,    0, 2,    0,  0.3,    0,    0,  0.3,    0,    0,  0.3,    0,    0,  0.3,    0) /* LowerArm */
     , (2000331,  5,  4,  2, 0.75,    0,    0,    0,    0,    0,    0,    0,    0,    0, 2,    0,  0.2,    0,    0,  0.2,    0,    0,  0.2,    0,    0,  0.2,    0) /* Hand */
     , (2000331,  6,  4,  0,    0,    0,    0,    0,    0,    0,    0,    0,    0,    0, 3,    0, 0.13, 0.18,    0, 0.13, 0.18,    0, 0.13, 0.18,    0, 0.13, 0.18) /* UpperLeg */
     , (2000331,  7,  4,  0,    0,    0,    0,    0,    0,    0,    0,    0,    0,    0, 3,    0,    0,  0.6,    0,    0,  0.6,    0,    0,  0.6,    0,    0,  0.6) /* LowerLeg */
     , (2000331,  8,  4,  2, 0.75,    0,    0,    0,    0,    0,    0,    0,    0,    0, 3,    0,    0, 0.22,    0,    0, 0.22,    0,    0, 0.22,    0,    0, 0.22) /* Foot */;

INSERT INTO `weenie_properties_emote` (`object_Id`, `category`, `probability`, `weenie_Class_Id`, `style`, `substyle`, `quest`, `vendor_Type`, `min_Health`, `max_Health`)
VALUES (2000331,  7 /* Use */,      1, NULL, NULL, NULL, NULL, NULL, NULL, NULL);

SET @parent_id = LAST_INSERT_ID();

INSERT INTO `weenie_properties_emote_action` (`emote_Id`, `order`, `type`, `delay`, `extent`, `motion`, `message`, `test_String`, `min`, `max`, `min_64`, `max_64`, `min_Dbl`, `max_Dbl`, `stat`, `display`, `amount`, `amount_64`, `hero_X_P_64`, `percent`, `spell_Id`, `wealth_Rating`, `treasure_Class`, `treasure_Type`, `p_Script`, `sound`, `destination_Type`, `weenie_Class_Id`, `stack_Size`, `palette`, `shade`, `try_To_Bond`, `obj_Cell_Id`, `origin_X`, `origin_Y`, `origin_Z`, `angles_W`, `angles_X`, `angles_Y`, `angles_Z`)
VALUES (@parent_id,  0,  10 /* Tell */, 0, 1, NULL, 'It''s easy to forget how great the view is sometimes.', NULL, NULL, NULL, NULL, NULL, NULL, NULL, NULL, NULL, NULL, NULL, NULL, NULL, NULL, NULL, NULL, NULL, NULL, NULL, NULL, NULL, NULL, NULL, NULL, NULL, NULL, NULL, NULL, NULL, NULL, NULL, NULL, NULL);

INSERT INTO `weenie_properties_create_list` (`object_Id`, `destination_Type`, `weenie_Class_Id`, `stack_Size`, `palette`, `shade`, `try_To_Bond`)
VALUES (2000331, 2,   121,  0, 93, 0.8, False) /* Create Gloves (121) for Wield */
     , (2000331, 2,  2596,  0, 9, 1, False) /* Create Doublet (2596) for Wield */
     , (2000331, 2,  5850,  0, 93, 0.5, False) /* Create Faran Robe (5850) for Wield */
     , (2000331, 2,  2604,  0, 9, 1, False) /* Create Breeches (2604) for Wield */;

DELETE FROM `weenie` WHERE `class_Id` = 2000332;

INSERT INTO `weenie` (`class_Id`, `class_Name`, `type`, `last_Modified`)
VALUES (2000332, 'ace2000332-townsfolk', 10, '2019-09-30 13:45:39') /* Creature */;

INSERT INTO `weenie_properties_int` (`object_Id`, `type`, `value`)
VALUES (2000332,   1,         16) /* ItemType - Creature */
     , (2000332,   2,         31) /* CreatureType - Human */
     , (2000332,   6,         -1) /* ItemsCapacity */
     , (2000332,   7,         -1) /* ContainersCapacity */
     , (2000332,   8,        120) /* Mass */
     , (2000332,  16,         32) /* ItemUseable - Remote */
     , (2000332,  25,         16) /* Level */
     , (2000332,  27,          0) /* ArmorType - None */
     , (2000332,  93,    6292504) /* PhysicsState - ReportCollisions, IgnoreCollisions, Gravity, ReportCollisionsAsEnvironment, EdgeSlide */
     , (2000332,  95,          8) /* RadarBlipColor - Yellow */
     , (2000332, 113,          2) /* Gender - Female */
     , (2000332, 133,          4) /* ShowableOnRadar - ShowAlways */
     , (2000332, 134,         16) /* PlayerKillerStatus - RubberGlue */
     , (2000332, 146,        318) /* XpOverride */
     , (2000332, 188,          1) /* HeritageGroup - Aluvian */;

INSERT INTO `weenie_properties_bool` (`object_Id`, `type`, `value`)
VALUES (2000332,   1, True ) /* Stuck */
     , (2000332,   8, True ) /* AllowGive */
     , (2000332,  11, True ) /* IgnoreCollisions */
     , (2000332,  12, True ) /* ReportCollisions */
     , (2000332,  13, False) /* Ethereal */
     , (2000332,  14, True ) /* GravityStatus */
     , (2000332,  19, False) /* Attackable */
     , (2000332,  29, True ) /* NoCorpse */
     , (2000332,  41, True ) /* ReportCollisionsAsEnvironment */
     , (2000332,  42, True ) /* AllowEdgeSlide */
     , (2000332,  52, True ) /* AiImmobile */
     , (2000332,  79, True ) /* AiAcceptEverything */;

INSERT INTO `weenie_properties_float` (`object_Id`, `type`, `value`)
VALUES (2000332,   1,       5) /* HeartbeatInterval */
     , (2000332,   2,       0) /* HeartbeatTimestamp */
     , (2000332,   3, 0.159999996423721) /* HealthRate */
     , (2000332,   4,       5) /* StaminaRate */
     , (2000332,   5,       1) /* ManaRate */
     , (2000332,  13, 0.899999976158142) /* ArmorModVsSlash */
     , (2000332,  14,       1) /* ArmorModVsPierce */
     , (2000332,  15, 1.10000002384186) /* ArmorModVsBludgeon */
     , (2000332,  16, 0.400000005960464) /* ArmorModVsCold */
     , (2000332,  17, 0.400000005960464) /* ArmorModVsFire */
     , (2000332,  18,       1) /* ArmorModVsAcid */
     , (2000332,  19, 0.600000023841858) /* ArmorModVsElectric */
     , (2000332,  54,       3) /* UseRadius */
     , (2000332,  64,       1) /* ResistSlash */
     , (2000332,  65,       1) /* ResistPierce */
     , (2000332,  66,       1) /* ResistBludgeon */
     , (2000332,  67,       1) /* ResistFire */
     , (2000332,  68,       1) /* ResistCold */
     , (2000332,  69,       1) /* ResistAcid */
     , (2000332,  70,       1) /* ResistElectric */
     , (2000332,  71,       1) /* ResistHealthBoost */
     , (2000332,  72,       1) /* ResistStaminaDrain */
     , (2000332,  73,       1) /* ResistStaminaBoost */
     , (2000332,  74,       1) /* ResistManaDrain */
     , (2000332,  75,       1) /* ResistManaBoost */
     , (2000332, 104,      10) /* ObviousRadarRange */
     , (2000332, 125,       1) /* ResistHealthDrain */;

INSERT INTO `weenie_properties_string` (`object_Id`, `type`, `value`)
VALUES (2000332,   1, 'Townsfolk') /* Name */
     , (2000332,   3, 'Female') /* Sex */
     , (2000332,   4, 'Aluvian') /* HeritageGroup */
     , (2000332,   5, 'Herald') /* Template */;

INSERT INTO `weenie_properties_d_i_d` (`object_Id`, `type`, `value`)
VALUES (2000332,   1,   33554510) /* Setup */
     , (2000332,   2,  150994945) /* MotionTable */
     , (2000332,   3,  536870914) /* SoundTable */
     , (2000332,   4,  805306368) /* CombatTable */
     , (2000332,   6,   67108990) /* PaletteBase */
     , (2000332,   8,  100667446) /* Icon */
     , (2000332,   9,   83890279) /* EyesTexture */
     , (2000332,  10,   83890302) /* NoseTexture */
     , (2000332,  11,   83890324) /* MouthTexture */
     , (2000332,  15,   67116982) /* HairPalette */
     , (2000332,  16,   67110063) /* EyesPalette */
     , (2000332,  17,   67109561) /* SkinPalette */;

INSERT INTO `weenie_properties_attribute` (`object_Id`, `type`, `init_Level`, `level_From_C_P`, `c_P_Spent`)
VALUES (2000332,   1, 120, 0, 0) /* Strength */
     , (2000332,   2, 130, 0, 0) /* Endurance */
     , (2000332,   3, 100, 0, 0) /* Quickness */
     , (2000332,   4, 115, 0, 0) /* Coordination */
     , (2000332,   5, 110, 0, 0) /* Focus */
     , (2000332,   6, 100, 0, 0) /* Self */;

INSERT INTO `weenie_properties_attribute_2nd` (`object_Id`, `type`, `init_Level`, `level_From_C_P`, `c_P_Spent`, `current_Level`)
VALUES (2000332,   1,     0, 0, 0, 65) /* MaxHealth */
     , (2000332,   3,     0, 0, 0, 130) /* MaxStamina */
     , (2000332,   5,     0, 0, 0, 100) /* MaxMana */;

INSERT INTO `weenie_properties_skill` (`object_Id`, `type`, `level_From_P_P`, `s_a_c`, `p_p`, `init_Level`, `resistance_At_Last_Check`, `last_Used_Time`)
VALUES (2000332,  6, 0, 2, 0,   1, 0, 0) /* MeleeDefense        Trained */
     , (2000332,  7, 0, 2, 0,   1, 0, 0) /* MissileDefense      Trained */
     , (2000332, 13, 0, 2, 0,   1, 0, 0) /* UnarmedCombat       Trained */;

INSERT INTO `weenie_properties_body_part` (`object_Id`, `key`, `d_Type`, `d_Val`, `d_Var`, `base_Armor`, `armor_Vs_Slash`, `armor_Vs_Pierce`, `armor_Vs_Bludgeon`, `armor_Vs_Cold`, `armor_Vs_Fire`, `armor_Vs_Acid`, `armor_Vs_Electric`, `armor_Vs_Nether`, `b_h`, `h_l_f`, `m_l_f`, `l_l_f`, `h_r_f`, `m_r_f`, `l_r_f`, `h_l_b`, `m_l_b`, `l_l_b`, `h_r_b`, `m_r_b`, `l_r_b`)
VALUES (2000332,  0,  4,  0,    0,    0,    0,    0,    0,    0,    0,    0,    0,    0, 1, 0.33,    0,    0, 0.33,    0,    0, 0.33,    0,    0, 0.33,    0,    0) /* Head */
     , (2000332,  1,  4,  0,    0,    0,    0,    0,    0,    0,    0,    0,    0,    0, 2, 0.44, 0.17,    0, 0.44, 0.17,    0, 0.44, 0.17,    0, 0.44, 0.17,    0) /* Chest */
     , (2000332,  2,  4,  0,    0,    0,    0,    0,    0,    0,    0,    0,    0,    0, 3,    0, 0.17,    0,    0, 0.17,    0,    0, 0.17,    0,    0, 0.17,    0) /* Abdomen */
     , (2000332,  3,  4,  0,    0,    0,    0,    0,    0,    0,    0,    0,    0,    0, 1, 0.23, 0.03,    0, 0.23, 0.03,    0, 0.23, 0.03,    0, 0.23, 0.03,    0) /* UpperArm */
     , (2000332,  4,  4,  0,    0,    0,    0,    0,    0,    0,    0,    0,    0,    0, 2,    0,  0.3,    0,    0,  0.3,    0,    0,  0.3,    0,    0,  0.3,    0) /* LowerArm */
     , (2000332,  5,  4,  2, 0.75,    0,    0,    0,    0,    0,    0,    0,    0,    0, 2,    0,  0.2,    0,    0,  0.2,    0,    0,  0.2,    0,    0,  0.2,    0) /* Hand */
     , (2000332,  6,  4,  0,    0,    0,    0,    0,    0,    0,    0,    0,    0,    0, 3,    0, 0.13, 0.18,    0, 0.13, 0.18,    0, 0.13, 0.18,    0, 0.13, 0.18) /* UpperLeg */
     , (2000332,  7,  4,  0,    0,    0,    0,    0,    0,    0,    0,    0,    0,    0, 3,    0,    0,  0.6,    0,    0,  0.6,    0,    0,  0.6,    0,    0,  0.6) /* LowerLeg */
     , (2000332,  8,  4,  2, 0.75,    0,    0,    0,    0,    0,    0,    0,    0,    0, 3,    0,    0, 0.22,    0,    0, 0.22,    0,    0, 0.22,    0,    0, 0.22) /* Foot */;

INSERT INTO `weenie_properties_emote` (`object_Id`, `category`, `probability`, `weenie_Class_Id`, `style`, `substyle`, `quest`, `vendor_Type`, `min_Health`, `max_Health`)
VALUES (2000332,  7 /* Use */,      1, NULL, NULL, NULL, NULL, NULL, NULL, NULL);

SET @parent_id = LAST_INSERT_ID();

INSERT INTO `weenie_properties_emote_action` (`emote_Id`, `order`, `type`, `delay`, `extent`, `motion`, `message`, `test_String`, `min`, `max`, `min_64`, `max_64`, `min_Dbl`, `max_Dbl`, `stat`, `display`, `amount`, `amount_64`, `hero_X_P_64`, `percent`, `spell_Id`, `wealth_Rating`, `treasure_Class`, `treasure_Type`, `p_Script`, `sound`, `destination_Type`, `weenie_Class_Id`, `stack_Size`, `palette`, `shade`, `try_To_Bond`, `obj_Cell_Id`, `origin_X`, `origin_Y`, `origin_Z`, `angles_W`, `angles_X`, `angles_Y`, `angles_Z`)
VALUES (@parent_id,  0,  10 /* Tell */, 0, 1, NULL, 'Lovely day out, how are you?', NULL, NULL, NULL, NULL, NULL, NULL, NULL, NULL, NULL, NULL, NULL, NULL, NULL, NULL, NULL, NULL, NULL, NULL, NULL, NULL, NULL, NULL, NULL, NULL, NULL, NULL, NULL, NULL, NULL, NULL, NULL, NULL, NULL);

INSERT INTO `weenie_properties_create_list` (`object_Id`, `destination_Type`, `weenie_Class_Id`, `stack_Size`, `palette`, `shade`, `try_To_Bond`)
VALUES (2000332, 2,   121,  0, 93, 0.8, False) /* Create Gloves (121) for Wield */
     , (2000332, 2,  2596,  0, 9, 1, False) /* Create Doublet (2596) for Wield */
     , (2000332, 2,  8372,  0, 90, 0.5, False) /* Create Yifan Dress (8372) for Wield */
     , (2000332, 2,  2604,  0, 9, 1, False) /* Create Breeches (2604) for Wield */;

DELETE FROM `weenie` WHERE `class_Id` = 2000333;

INSERT INTO `weenie` (`class_Id`, `class_Name`, `type`, `last_Modified`)
VALUES (2000333, 'ace2000333-townsfolk', 10, '2019-09-30 13:45:40') /* Creature */;

INSERT INTO `weenie_properties_int` (`object_Id`, `type`, `value`)
VALUES (2000333,   1,         16) /* ItemType - Creature */
     , (2000333,   2,         31) /* CreatureType - Human */
     , (2000333,   3,         39) /* PaletteTemplate - Black */
     , (2000333,   6,         -1) /* ItemsCapacity */
     , (2000333,   7,         -1) /* ContainersCapacity */
     , (2000333,  16,         32) /* ItemUseable - Remote */
     , (2000333,  25,        200) /* Level */
     , (2000333,  93,    6292504) /* PhysicsState - ReportCollisions, IgnoreCollisions, Gravity, ReportCollisionsAsEnvironment, EdgeSlide */
     , (2000333,  95,          8) /* RadarBlipColor - Yellow */
     , (2000333, 113,          2) /* Gender - Female */
     , (2000333, 133,          4) /* ShowableOnRadar - ShowAlways */
     , (2000333, 134,         16) /* PlayerKillerStatus - RubberGlue */
     , (2000333, 188,          5) /* HeritageGroup - Shadowbound */;

INSERT INTO `weenie_properties_bool` (`object_Id`, `type`, `value`)
VALUES (2000333,   1, True ) /* Stuck */
     , (2000333,  11, True ) /* IgnoreCollisions */
     , (2000333,  12, True ) /* ReportCollisions */
     , (2000333,  14, True ) /* GravityStatus */
     , (2000333,  19, False) /* Attackable */
     , (2000333,  41, True ) /* ReportCollisionsAsEnvironment */
     , (2000333,  42, True ) /* AllowEdgeSlide */;

INSERT INTO `weenie_properties_float` (`object_Id`, `type`, `value`)
VALUES (2000333,  12,       0) /* Shade */
     , (2000333,  54,       3) /* UseRadius */;

INSERT INTO `weenie_properties_string` (`object_Id`, `type`, `value`)
VALUES (2000333,   1, 'Townsfolk') /* Name */;

INSERT INTO `weenie_properties_d_i_d` (`object_Id`, `type`, `value`)
VALUES (2000333,   1,   33560944) /* Setup */
     , (2000333,   2,  150995455) /* MotionTable */
     , (2000333,   3,  536870914) /* SoundTable */
     , (2000333,   6,   67108990) /* PaletteBase */
     , (2000333,   7,  268437422) /* ClothingBase */
     , (2000333,   8,  100667446) /* Icon */
     , (2000333,   9,   83890277) /* EyesTexture */
     , (2000333,  10,   83890292) /* NoseTexture */
     , (2000333,  11,   83890354) /* MouthTexture */
     , (2000333,  15,   67117068) /* HairPalette */
     , (2000333,  16,   67116854) /* EyesPalette */
     , (2000333,  17,   67116848) /* SkinPalette */;

INSERT INTO `weenie_properties_attribute` (`object_Id`, `type`, `init_Level`, `level_From_C_P`, `c_P_Spent`)
VALUES (2000333,   1, 240, 0, 0) /* Strength */
     , (2000333,   2, 200, 0, 0) /* Endurance */
     , (2000333,   3, 250, 0, 0) /* Quickness */
     , (2000333,   4, 200, 0, 0) /* Coordination */
     , (2000333,   5, 290, 0, 0) /* Focus */
     , (2000333,   6, 290, 0, 0) /* Self */;

INSERT INTO `weenie_properties_attribute_2nd` (`object_Id`, `type`, `init_Level`, `level_From_C_P`, `c_P_Spent`, `current_Level`)
VALUES (2000333,   1,     0, 0, 0, 296) /* MaxHealth */
     , (2000333,   3,     0, 0, 0, 396) /* MaxStamina */
     , (2000333,   5,     0, 0, 0, 486) /* MaxMana */;

INSERT INTO `weenie_properties_emote` (`object_Id`, `category`, `probability`, `weenie_Class_Id`, `style`, `substyle`, `quest`, `vendor_Type`, `min_Health`, `max_Health`)
VALUES (2000333,  7 /* Use */,      1, NULL, NULL, NULL, NULL, NULL, NULL, NULL);

SET @parent_id = LAST_INSERT_ID();

INSERT INTO `weenie_properties_emote_action` (`emote_Id`, `order`, `type`, `delay`, `extent`, `motion`, `message`, `test_String`, `min`, `max`, `min_64`, `max_64`, `min_Dbl`, `max_Dbl`, `stat`, `display`, `amount`, `amount_64`, `hero_X_P_64`, `percent`, `spell_Id`, `wealth_Rating`, `treasure_Class`, `treasure_Type`, `p_Script`, `sound`, `destination_Type`, `weenie_Class_Id`, `stack_Size`, `palette`, `shade`, `try_To_Bond`, `obj_Cell_Id`, `origin_X`, `origin_Y`, `origin_Z`, `angles_W`, `angles_X`, `angles_Y`, `angles_Z`)
VALUES (@parent_id,  0,  10 /* Tell */, 0.1, 1, NULL, 'I worry about the strange man with the cow fetish.', NULL, NULL, NULL, NULL, NULL, NULL, NULL, NULL, NULL, NULL, NULL, NULL, NULL, NULL, NULL, NULL, NULL, NULL, NULL, NULL, NULL, NULL, NULL, NULL, NULL, NULL, NULL, NULL, NULL, NULL, NULL, NULL, NULL);

DELETE FROM `weenie` WHERE `class_Id` = 2000334;

INSERT INTO `weenie` (`class_Id`, `class_Name`, `type`, `last_Modified`)
VALUES (2000334, 'ace2000334-townsfolk', 10, '2019-09-30 13:45:42') /* Creature */;

INSERT INTO `weenie_properties_int` (`object_Id`, `type`, `value`)
VALUES (2000334,   1,         16) /* ItemType - Creature */
     , (2000334,   2,         31) /* CreatureType - Human */
     , (2000334,   6,         -1) /* ItemsCapacity */
     , (2000334,   7,         -1) /* ContainersCapacity */
     , (2000334,   8,        120) /* Mass */
     , (2000334,  16,         32) /* ItemUseable - Remote */
     , (2000334,  25,         16) /* Level */
     , (2000334,  27,          0) /* ArmorType - None */
     , (2000334,  93,    6292504) /* PhysicsState - ReportCollisions, IgnoreCollisions, Gravity, ReportCollisionsAsEnvironment, EdgeSlide */
     , (2000334,  95,          8) /* RadarBlipColor - Yellow */
     , (2000334, 113,          2) /* Gender - Female */
     , (2000334, 133,          4) /* ShowableOnRadar - ShowAlways */
     , (2000334, 134,         16) /* PlayerKillerStatus - RubberGlue */
     , (2000334, 146,        318) /* XpOverride */
     , (2000334, 188,          1) /* HeritageGroup - Aluvian */;

INSERT INTO `weenie_properties_bool` (`object_Id`, `type`, `value`)
VALUES (2000334,   1, True ) /* Stuck */
     , (2000334,   8, True ) /* AllowGive */
     , (2000334,  11, True ) /* IgnoreCollisions */
     , (2000334,  12, True ) /* ReportCollisions */
     , (2000334,  13, False) /* Ethereal */
     , (2000334,  14, True ) /* GravityStatus */
     , (2000334,  19, False) /* Attackable */
     , (2000334,  29, True ) /* NoCorpse */
     , (2000334,  41, True ) /* ReportCollisionsAsEnvironment */
     , (2000334,  42, True ) /* AllowEdgeSlide */
     , (2000334,  52, True ) /* AiImmobile */
     , (2000334,  79, True ) /* AiAcceptEverything */;

INSERT INTO `weenie_properties_float` (`object_Id`, `type`, `value`)
VALUES (2000334,   1,       5) /* HeartbeatInterval */
     , (2000334,   2,       0) /* HeartbeatTimestamp */
     , (2000334,   3, 0.159999996423721) /* HealthRate */
     , (2000334,   4,       5) /* StaminaRate */
     , (2000334,   5,       1) /* ManaRate */
     , (2000334,  13, 0.899999976158142) /* ArmorModVsSlash */
     , (2000334,  14,       1) /* ArmorModVsPierce */
     , (2000334,  15, 1.10000002384186) /* ArmorModVsBludgeon */
     , (2000334,  16, 0.400000005960464) /* ArmorModVsCold */
     , (2000334,  17, 0.400000005960464) /* ArmorModVsFire */
     , (2000334,  18,       1) /* ArmorModVsAcid */
     , (2000334,  19, 0.600000023841858) /* ArmorModVsElectric */
     , (2000334,  54,       3) /* UseRadius */
     , (2000334,  64,       1) /* ResistSlash */
     , (2000334,  65,       1) /* ResistPierce */
     , (2000334,  66,       1) /* ResistBludgeon */
     , (2000334,  67,       1) /* ResistFire */
     , (2000334,  68,       1) /* ResistCold */
     , (2000334,  69,       1) /* ResistAcid */
     , (2000334,  70,       1) /* ResistElectric */
     , (2000334,  71,       1) /* ResistHealthBoost */
     , (2000334,  72,       1) /* ResistStaminaDrain */
     , (2000334,  73,       1) /* ResistStaminaBoost */
     , (2000334,  74,       1) /* ResistManaDrain */
     , (2000334,  75,       1) /* ResistManaBoost */
     , (2000334, 104,      10) /* ObviousRadarRange */
     , (2000334, 125,       1) /* ResistHealthDrain */;

INSERT INTO `weenie_properties_string` (`object_Id`, `type`, `value`)
VALUES (2000334,   1, 'Townsfolk') /* Name */
     , (2000334,   3, 'Female') /* Sex */
     , (2000334,   4, 'Aluvian') /* HeritageGroup */
     , (2000334,   5, 'Herald') /* Template */;

INSERT INTO `weenie_properties_d_i_d` (`object_Id`, `type`, `value`)
VALUES (2000334,   1,   33554510) /* Setup */
     , (2000334,   2,  150994945) /* MotionTable */
     , (2000334,   3,  536870914) /* SoundTable */
     , (2000334,   4,  805306368) /* CombatTable */
     , (2000334,   6,   67108990) /* PaletteBase */
     , (2000334,   8,  100667446) /* Icon */
     , (2000334,   9,   83890279) /* EyesTexture */
     , (2000334,  10,   83890302) /* NoseTexture */
     , (2000334,  11,   83890324) /* MouthTexture */
     , (2000334,  15,   67116982) /* HairPalette */
     , (2000334,  16,   67110063) /* EyesPalette */
     , (2000334,  17,   67109561) /* SkinPalette */;

INSERT INTO `weenie_properties_attribute` (`object_Id`, `type`, `init_Level`, `level_From_C_P`, `c_P_Spent`)
VALUES (2000334,   1, 120, 0, 0) /* Strength */
     , (2000334,   2, 130, 0, 0) /* Endurance */
     , (2000334,   3, 100, 0, 0) /* Quickness */
     , (2000334,   4, 115, 0, 0) /* Coordination */
     , (2000334,   5, 110, 0, 0) /* Focus */
     , (2000334,   6, 100, 0, 0) /* Self */;

INSERT INTO `weenie_properties_attribute_2nd` (`object_Id`, `type`, `init_Level`, `level_From_C_P`, `c_P_Spent`, `current_Level`)
VALUES (2000334,   1,     0, 0, 0, 65) /* MaxHealth */
     , (2000334,   3,     0, 0, 0, 130) /* MaxStamina */
     , (2000334,   5,     0, 0, 0, 100) /* MaxMana */;

INSERT INTO `weenie_properties_skill` (`object_Id`, `type`, `level_From_P_P`, `s_a_c`, `p_p`, `init_Level`, `resistance_At_Last_Check`, `last_Used_Time`)
VALUES (2000334,  6, 0, 2, 0,   1, 0, 0) /* MeleeDefense        Trained */
     , (2000334,  7, 0, 2, 0,   1, 0, 0) /* MissileDefense      Trained */
     , (2000334, 13, 0, 2, 0,   1, 0, 0) /* UnarmedCombat       Trained */;

INSERT INTO `weenie_properties_body_part` (`object_Id`, `key`, `d_Type`, `d_Val`, `d_Var`, `base_Armor`, `armor_Vs_Slash`, `armor_Vs_Pierce`, `armor_Vs_Bludgeon`, `armor_Vs_Cold`, `armor_Vs_Fire`, `armor_Vs_Acid`, `armor_Vs_Electric`, `armor_Vs_Nether`, `b_h`, `h_l_f`, `m_l_f`, `l_l_f`, `h_r_f`, `m_r_f`, `l_r_f`, `h_l_b`, `m_l_b`, `l_l_b`, `h_r_b`, `m_r_b`, `l_r_b`)
VALUES (2000334,  0,  4,  0,    0,    0,    0,    0,    0,    0,    0,    0,    0,    0, 1, 0.33,    0,    0, 0.33,    0,    0, 0.33,    0,    0, 0.33,    0,    0) /* Head */
     , (2000334,  1,  4,  0,    0,    0,    0,    0,    0,    0,    0,    0,    0,    0, 2, 0.44, 0.17,    0, 0.44, 0.17,    0, 0.44, 0.17,    0, 0.44, 0.17,    0) /* Chest */
     , (2000334,  2,  4,  0,    0,    0,    0,    0,    0,    0,    0,    0,    0,    0, 3,    0, 0.17,    0,    0, 0.17,    0,    0, 0.17,    0,    0, 0.17,    0) /* Abdomen */
     , (2000334,  3,  4,  0,    0,    0,    0,    0,    0,    0,    0,    0,    0,    0, 1, 0.23, 0.03,    0, 0.23, 0.03,    0, 0.23, 0.03,    0, 0.23, 0.03,    0) /* UpperArm */
     , (2000334,  4,  4,  0,    0,    0,    0,    0,    0,    0,    0,    0,    0,    0, 2,    0,  0.3,    0,    0,  0.3,    0,    0,  0.3,    0,    0,  0.3,    0) /* LowerArm */
     , (2000334,  5,  4,  2, 0.75,    0,    0,    0,    0,    0,    0,    0,    0,    0, 2,    0,  0.2,    0,    0,  0.2,    0,    0,  0.2,    0,    0,  0.2,    0) /* Hand */
     , (2000334,  6,  4,  0,    0,    0,    0,    0,    0,    0,    0,    0,    0,    0, 3,    0, 0.13, 0.18,    0, 0.13, 0.18,    0, 0.13, 0.18,    0, 0.13, 0.18) /* UpperLeg */
     , (2000334,  7,  4,  0,    0,    0,    0,    0,    0,    0,    0,    0,    0,    0, 3,    0,    0,  0.6,    0,    0,  0.6,    0,    0,  0.6,    0,    0,  0.6) /* LowerLeg */
     , (2000334,  8,  4,  2, 0.75,    0,    0,    0,    0,    0,    0,    0,    0,    0, 3,    0,    0, 0.22,    0,    0, 0.22,    0,    0, 0.22,    0,    0, 0.22) /* Foot */;

INSERT INTO `weenie_properties_emote` (`object_Id`, `category`, `probability`, `weenie_Class_Id`, `style`, `substyle`, `quest`, `vendor_Type`, `min_Health`, `max_Health`)
VALUES (2000334,  7 /* Use */,      1, NULL, NULL, NULL, NULL, NULL, NULL, NULL);

SET @parent_id = LAST_INSERT_ID();

INSERT INTO `weenie_properties_emote_action` (`emote_Id`, `order`, `type`, `delay`, `extent`, `motion`, `message`, `test_String`, `min`, `max`, `min_64`, `max_64`, `min_Dbl`, `max_Dbl`, `stat`, `display`, `amount`, `amount_64`, `hero_X_P_64`, `percent`, `spell_Id`, `wealth_Rating`, `treasure_Class`, `treasure_Type`, `p_Script`, `sound`, `destination_Type`, `weenie_Class_Id`, `stack_Size`, `palette`, `shade`, `try_To_Bond`, `obj_Cell_Id`, `origin_X`, `origin_Y`, `origin_Z`, `angles_W`, `angles_X`, `angles_Y`, `angles_Z`)
VALUES (@parent_id,  0,  10 /* Tell */, 0, 1, NULL, 'I keep hearing rumors of trouble in the Freehold, I hope my brother is ok.', NULL, NULL, NULL, NULL, NULL, NULL, NULL, NULL, NULL, NULL, NULL, NULL, NULL, NULL, NULL, NULL, NULL, NULL, NULL, NULL, NULL, NULL, NULL, NULL, NULL, NULL, NULL, NULL, NULL, NULL, NULL, NULL, NULL);

INSERT INTO `weenie_properties_create_list` (`object_Id`, `destination_Type`, `weenie_Class_Id`, `stack_Size`, `palette`, `shade`, `try_To_Bond`)
VALUES (2000334, 2,   121,  0, 93, 0.8, False) /* Create Gloves (121) for Wield */
     , (2000334, 2,  2596,  0, 9, 1, False) /* Create Doublet (2596) for Wield */
     , (2000334, 2,  2604,  0, 9, 1, False) /* Create Breeches (2604) for Wield */;

DELETE FROM `weenie` WHERE `class_Id` = 2000335;

INSERT INTO `weenie` (`class_Id`, `class_Name`, `type`, `last_Modified`)
VALUES (2000335, 'ace2000335-townsfolk', 10, '2019-09-30 13:45:43') /* Creature */;

INSERT INTO `weenie_properties_int` (`object_Id`, `type`, `value`)
VALUES (2000335,   1,         16) /* ItemType - Creature */
     , (2000335,   2,         22) /* CreatureType - Shadow */
     , (2000335,   3,         39) /* PaletteTemplate - Black */
     , (2000335,   6,         -1) /* ItemsCapacity */
     , (2000335,   7,         -1) /* ContainersCapacity */
     , (2000335,   8,        120) /* Mass */
     , (2000335,  16,         32) /* ItemUseable - Remote */
     , (2000335,  25,         73) /* Level */
     , (2000335,  27,          0) /* ArmorType - None */
     , (2000335,  93,    6292504) /* PhysicsState - ReportCollisions, IgnoreCollisions, Gravity, ReportCollisionsAsEnvironment, EdgeSlide */
     , (2000335,  95,          8) /* RadarBlipColor - Yellow */
     , (2000335, 133,          4) /* ShowableOnRadar - ShowAlways */
     , (2000335, 134,         16) /* PlayerKillerStatus - RubberGlue */
     , (2000335, 146,       4973) /* XpOverride */;

INSERT INTO `weenie_properties_bool` (`object_Id`, `type`, `value`)
VALUES (2000335,   1, True ) /* Stuck */
     , (2000335,   8, True ) /* AllowGive */
     , (2000335,  11, True ) /* IgnoreCollisions */
     , (2000335,  12, True ) /* ReportCollisions */
     , (2000335,  13, False) /* Ethereal */
     , (2000335,  14, True ) /* GravityStatus */
     , (2000335,  19, False) /* Attackable */
     , (2000335,  41, True ) /* ReportCollisionsAsEnvironment */
     , (2000335,  42, True ) /* AllowEdgeSlide */
     , (2000335,  52, True ) /* AiImmobile */;

INSERT INTO `weenie_properties_float` (`object_Id`, `type`, `value`)
VALUES (2000335,   1,       5) /* HeartbeatInterval */
     , (2000335,   2,       0) /* HeartbeatTimestamp */
     , (2000335,   3, 0.159999996423721) /* HealthRate */
     , (2000335,   4,       5) /* StaminaRate */
     , (2000335,   5,       1) /* ManaRate */
     , (2000335,  12,     0.5) /* Shade */
     , (2000335,  13, 0.899999976158142) /* ArmorModVsSlash */
     , (2000335,  14,       1) /* ArmorModVsPierce */
     , (2000335,  15, 1.10000002384186) /* ArmorModVsBludgeon */
     , (2000335,  16, 0.400000005960464) /* ArmorModVsCold */
     , (2000335,  17, 0.400000005960464) /* ArmorModVsFire */
     , (2000335,  18,       1) /* ArmorModVsAcid */
     , (2000335,  19, 0.600000023841858) /* ArmorModVsElectric */
     , (2000335,  54,       3) /* UseRadius */
     , (2000335,  64,       1) /* ResistSlash */
     , (2000335,  65,       1) /* ResistPierce */
     , (2000335,  66,       1) /* ResistBludgeon */
     , (2000335,  67,       1) /* ResistFire */
     , (2000335,  68,       1) /* ResistCold */
     , (2000335,  69,       1) /* ResistAcid */
     , (2000335,  70,       1) /* ResistElectric */
     , (2000335,  71,       1) /* ResistHealthBoost */
     , (2000335,  72,       1) /* ResistStaminaDrain */
     , (2000335,  73,       1) /* ResistStaminaBoost */
     , (2000335,  74,       1) /* ResistManaDrain */
     , (2000335,  75,       1) /* ResistManaBoost */
     , (2000335, 104,      10) /* ObviousRadarRange */
     , (2000335, 125,       1) /* ResistHealthDrain */;

INSERT INTO `weenie_properties_string` (`object_Id`, `type`, `value`)
VALUES (2000335,   1, 'Townsfolk') /* Name */
     , (2000335,   3, 'Male') /* Sex */
     , (2000335,   4, 'Aluvian') /* HeritageGroup */;

INSERT INTO `weenie_properties_d_i_d` (`object_Id`, `type`, `value`)
VALUES (2000335,   1,   33554433) /* Setup */
     , (2000335,   2,  150994945) /* MotionTable */
     , (2000335,   3,  536870913) /* SoundTable */
     , (2000335,   4,  805306368) /* CombatTable */
     , (2000335,   6,   67111797) /* PaletteBase */
     , (2000335,   7,  268435632) /* ClothingBase */
     , (2000335,   8,  100670397) /* Icon */;

INSERT INTO `weenie_properties_attribute` (`object_Id`, `type`, `init_Level`, `level_From_C_P`, `c_P_Spent`)
VALUES (2000335,   1, 220, 0, 0) /* Strength */
     , (2000335,   2, 235, 0, 0) /* Endurance */
     , (2000335,   3, 260, 0, 0) /* Quickness */
     , (2000335,   4, 270, 0, 0) /* Coordination */
     , (2000335,   5, 150, 0, 0) /* Focus */
     , (2000335,   6, 150, 0, 0) /* Self */;

INSERT INTO `weenie_properties_attribute_2nd` (`object_Id`, `type`, `init_Level`, `level_From_C_P`, `c_P_Spent`, `current_Level`)
VALUES (2000335,   1,     0, 0, 0, 118) /* MaxHealth */
     , (2000335,   3,     0, 0, 0, 235) /* MaxStamina */
     , (2000335,   5,     0, 0, 0, 150) /* MaxMana */;

INSERT INTO `weenie_properties_skill` (`object_Id`, `type`, `level_From_P_P`, `s_a_c`, `p_p`, `init_Level`, `resistance_At_Last_Check`, `last_Used_Time`)
VALUES (2000335,  6, 0, 2, 0,   1, 0, 0) /* MeleeDefense        Trained */
     , (2000335,  7, 0, 2, 0,   1, 0, 0) /* MissileDefense      Trained */
     , (2000335, 13, 0, 2, 0,   1, 0, 0) /* UnarmedCombat       Trained */;

INSERT INTO `weenie_properties_body_part` (`object_Id`, `key`, `d_Type`, `d_Val`, `d_Var`, `base_Armor`, `armor_Vs_Slash`, `armor_Vs_Pierce`, `armor_Vs_Bludgeon`, `armor_Vs_Cold`, `armor_Vs_Fire`, `armor_Vs_Acid`, `armor_Vs_Electric`, `armor_Vs_Nether`, `b_h`, `h_l_f`, `m_l_f`, `l_l_f`, `h_r_f`, `m_r_f`, `l_r_f`, `h_l_b`, `m_l_b`, `l_l_b`, `h_r_b`, `m_r_b`, `l_r_b`)
VALUES (2000335,  0,  4,  0,    0,    0,    0,    0,    0,    0,    0,    0,    0,    0, 1, 0.33,    0,    0, 0.33,    0,    0, 0.33,    0,    0, 0.33,    0,    0) /* Head */
     , (2000335,  1,  4,  0,    0,    0,    0,    0,    0,    0,    0,    0,    0,    0, 2, 0.44, 0.17,    0, 0.44, 0.17,    0, 0.44, 0.17,    0, 0.44, 0.17,    0) /* Chest */
     , (2000335,  2,  4,  0,    0,    0,    0,    0,    0,    0,    0,    0,    0,    0, 3,    0, 0.17,    0,    0, 0.17,    0,    0, 0.17,    0,    0, 0.17,    0) /* Abdomen */
     , (2000335,  3,  4,  0,    0,    0,    0,    0,    0,    0,    0,    0,    0,    0, 1, 0.23, 0.03,    0, 0.23, 0.03,    0, 0.23, 0.03,    0, 0.23, 0.03,    0) /* UpperArm */
     , (2000335,  4,  4,  0,    0,    0,    0,    0,    0,    0,    0,    0,    0,    0, 2,    0,  0.3,    0,    0,  0.3,    0,    0,  0.3,    0,    0,  0.3,    0) /* LowerArm */
     , (2000335,  5,  4,  2, 0.75,    0,    0,    0,    0,    0,    0,    0,    0,    0, 2,    0,  0.2,    0,    0,  0.2,    0,    0,  0.2,    0,    0,  0.2,    0) /* Hand */
     , (2000335,  6,  4,  0,    0,    0,    0,    0,    0,    0,    0,    0,    0,    0, 3,    0, 0.13, 0.18,    0, 0.13, 0.18,    0, 0.13, 0.18,    0, 0.13, 0.18) /* UpperLeg */
     , (2000335,  7,  4,  0,    0,    0,    0,    0,    0,    0,    0,    0,    0,    0, 3,    0,    0,  0.6,    0,    0,  0.6,    0,    0,  0.6,    0,    0,  0.6) /* LowerLeg */
     , (2000335,  8,  4,  2, 0.75,    0,    0,    0,    0,    0,    0,    0,    0,    0, 3,    0,    0, 0.22,    0,    0, 0.22,    0,    0, 0.22,    0,    0, 0.22) /* Foot */;

INSERT INTO `weenie_properties_emote` (`object_Id`, `category`, `probability`, `weenie_Class_Id`, `style`, `substyle`, `quest`, `vendor_Type`, `min_Health`, `max_Health`)
VALUES (2000335,  7 /* Use */,      1, NULL, NULL, NULL, NULL, NULL, NULL, NULL);

SET @parent_id = LAST_INSERT_ID();

INSERT INTO `weenie_properties_emote_action` (`emote_Id`, `order`, `type`, `delay`, `extent`, `motion`, `message`, `test_String`, `min`, `max`, `min_64`, `max_64`, `min_Dbl`, `max_Dbl`, `stat`, `display`, `amount`, `amount_64`, `hero_X_P_64`, `percent`, `spell_Id`, `wealth_Rating`, `treasure_Class`, `treasure_Type`, `p_Script`, `sound`, `destination_Type`, `weenie_Class_Id`, `stack_Size`, `palette`, `shade`, `try_To_Bond`, `obj_Cell_Id`, `origin_X`, `origin_Y`, `origin_Z`, `angles_W`, `angles_X`, `angles_Y`, `angles_Z`)
VALUES (@parent_id,  0,  12 /* TurnToTarget */, 0, 1, NULL, NULL, NULL, NULL, NULL, NULL, NULL, NULL, NULL, NULL, NULL, NULL, NULL, NULL, NULL, NULL, NULL, NULL, NULL, NULL, NULL, NULL, NULL, NULL, NULL, NULL, NULL, NULL, NULL, NULL, NULL, NULL, NULL, NULL, NULL)
     , (@parent_id,  1,  10 /* Tell */, 1, 1, NULL, 'oh my god, the beer here is strong hold on hurrrlll', NULL, NULL, NULL, NULL, NULL, NULL, NULL, NULL, NULL, NULL, NULL, NULL, NULL, NULL, NULL, NULL, NULL, NULL, NULL, NULL, NULL, NULL, NULL, NULL, NULL, NULL, NULL, NULL, NULL, NULL, NULL, NULL, NULL)
     , (@parent_id,  2,   5 /* Motion */, 0, 1, 1090519043 /* Ready */, NULL, NULL, NULL, NULL, NULL, NULL, NULL, NULL, NULL, NULL, NULL, NULL, NULL, NULL, NULL, NULL, NULL, NULL, NULL, NULL, NULL, NULL, NULL, NULL, NULL, NULL, NULL, NULL, NULL, NULL, NULL, NULL, NULL, NULL);

DELETE FROM `weenie` WHERE `class_Id` = 2000336;

INSERT INTO `weenie` (`class_Id`, `class_Name`, `type`, `last_Modified`)
VALUES (2000336, 'ace2000336-townsfolk', 10, '2019-09-30 13:45:44') /* Creature */;

INSERT INTO `weenie_properties_int` (`object_Id`, `type`, `value`)
VALUES (2000336,   1,         16) /* ItemType - Creature */
     , (2000336,   2,         31) /* CreatureType - Human */
     , (2000336,   6,         -1) /* ItemsCapacity */
     , (2000336,   7,         -1) /* ContainersCapacity */
     , (2000336,   8,        120) /* Mass */
     , (2000336,  16,         32) /* ItemUseable - Remote */
     , (2000336,  25,         16) /* Level */
     , (2000336,  27,          0) /* ArmorType - None */
     , (2000336,  93,    6292504) /* PhysicsState - ReportCollisions, IgnoreCollisions, Gravity, ReportCollisionsAsEnvironment, EdgeSlide */
     , (2000336,  95,          8) /* RadarBlipColor - Yellow */
     , (2000336, 113,          2) /* Gender - Female */
     , (2000336, 133,          4) /* ShowableOnRadar - ShowAlways */
     , (2000336, 134,         16) /* PlayerKillerStatus - RubberGlue */
     , (2000336, 146,        318) /* XpOverride */
     , (2000336, 188,          1) /* HeritageGroup - Aluvian */;

INSERT INTO `weenie_properties_bool` (`object_Id`, `type`, `value`)
VALUES (2000336,   1, True ) /* Stuck */
     , (2000336,   8, True ) /* AllowGive */
     , (2000336,  11, True ) /* IgnoreCollisions */
     , (2000336,  12, True ) /* ReportCollisions */
     , (2000336,  13, False) /* Ethereal */
     , (2000336,  14, True ) /* GravityStatus */
     , (2000336,  19, False) /* Attackable */
     , (2000336,  29, True ) /* NoCorpse */
     , (2000336,  41, True ) /* ReportCollisionsAsEnvironment */
     , (2000336,  42, True ) /* AllowEdgeSlide */
     , (2000336,  52, True ) /* AiImmobile */
     , (2000336,  79, True ) /* AiAcceptEverything */;

INSERT INTO `weenie_properties_float` (`object_Id`, `type`, `value`)
VALUES (2000336,   1,       5) /* HeartbeatInterval */
     , (2000336,   2,       0) /* HeartbeatTimestamp */
     , (2000336,   3, 0.159999996423721) /* HealthRate */
     , (2000336,   4,       5) /* StaminaRate */
     , (2000336,   5,       1) /* ManaRate */
     , (2000336,  13, 0.899999976158142) /* ArmorModVsSlash */
     , (2000336,  14,       1) /* ArmorModVsPierce */
     , (2000336,  15, 1.10000002384186) /* ArmorModVsBludgeon */
     , (2000336,  16, 0.400000005960464) /* ArmorModVsCold */
     , (2000336,  17, 0.400000005960464) /* ArmorModVsFire */
     , (2000336,  18,       1) /* ArmorModVsAcid */
     , (2000336,  19, 0.600000023841858) /* ArmorModVsElectric */
     , (2000336,  54,       3) /* UseRadius */
     , (2000336,  64,       1) /* ResistSlash */
     , (2000336,  65,       1) /* ResistPierce */
     , (2000336,  66,       1) /* ResistBludgeon */
     , (2000336,  67,       1) /* ResistFire */
     , (2000336,  68,       1) /* ResistCold */
     , (2000336,  69,       1) /* ResistAcid */
     , (2000336,  70,       1) /* ResistElectric */
     , (2000336,  71,       1) /* ResistHealthBoost */
     , (2000336,  72,       1) /* ResistStaminaDrain */
     , (2000336,  73,       1) /* ResistStaminaBoost */
     , (2000336,  74,       1) /* ResistManaDrain */
     , (2000336,  75,       1) /* ResistManaBoost */
     , (2000336, 104,      10) /* ObviousRadarRange */
     , (2000336, 125,       1) /* ResistHealthDrain */;

INSERT INTO `weenie_properties_string` (`object_Id`, `type`, `value`)
VALUES (2000336,   1, 'Townsfolk') /* Name */
     , (2000336,   3, 'Female') /* Sex */
     , (2000336,   4, 'Aluvian') /* HeritageGroup */
     , (2000336,   5, 'Herald') /* Template */;

INSERT INTO `weenie_properties_d_i_d` (`object_Id`, `type`, `value`)
VALUES (2000336,   1,   33554510) /* Setup */
     , (2000336,   2,  150994945) /* MotionTable */
     , (2000336,   3,  536870914) /* SoundTable */
     , (2000336,   4,  805306368) /* CombatTable */
     , (2000336,   6,   67108990) /* PaletteBase */
     , (2000336,   8,  100667446) /* Icon */
     , (2000336,   9,   83890279) /* EyesTexture */
     , (2000336,  10,   83890302) /* NoseTexture */
     , (2000336,  11,   83890324) /* MouthTexture */
     , (2000336,  15,   67116982) /* HairPalette */
     , (2000336,  16,   67110063) /* EyesPalette */
     , (2000336,  17,   67109561) /* SkinPalette */;

INSERT INTO `weenie_properties_attribute` (`object_Id`, `type`, `init_Level`, `level_From_C_P`, `c_P_Spent`)
VALUES (2000336,   1, 120, 0, 0) /* Strength */
     , (2000336,   2, 130, 0, 0) /* Endurance */
     , (2000336,   3, 100, 0, 0) /* Quickness */
     , (2000336,   4, 115, 0, 0) /* Coordination */
     , (2000336,   5, 110, 0, 0) /* Focus */
     , (2000336,   6, 100, 0, 0) /* Self */;

INSERT INTO `weenie_properties_attribute_2nd` (`object_Id`, `type`, `init_Level`, `level_From_C_P`, `c_P_Spent`, `current_Level`)
VALUES (2000336,   1,     0, 0, 0, 65) /* MaxHealth */
     , (2000336,   3,     0, 0, 0, 130) /* MaxStamina */
     , (2000336,   5,     0, 0, 0, 100) /* MaxMana */;

INSERT INTO `weenie_properties_skill` (`object_Id`, `type`, `level_From_P_P`, `s_a_c`, `p_p`, `init_Level`, `resistance_At_Last_Check`, `last_Used_Time`)
VALUES (2000336,  6, 0, 2, 0,   1, 0, 0) /* MeleeDefense        Trained */
     , (2000336,  7, 0, 2, 0,   1, 0, 0) /* MissileDefense      Trained */
     , (2000336, 13, 0, 2, 0,   1, 0, 0) /* UnarmedCombat       Trained */;

INSERT INTO `weenie_properties_body_part` (`object_Id`, `key`, `d_Type`, `d_Val`, `d_Var`, `base_Armor`, `armor_Vs_Slash`, `armor_Vs_Pierce`, `armor_Vs_Bludgeon`, `armor_Vs_Cold`, `armor_Vs_Fire`, `armor_Vs_Acid`, `armor_Vs_Electric`, `armor_Vs_Nether`, `b_h`, `h_l_f`, `m_l_f`, `l_l_f`, `h_r_f`, `m_r_f`, `l_r_f`, `h_l_b`, `m_l_b`, `l_l_b`, `h_r_b`, `m_r_b`, `l_r_b`)
VALUES (2000336,  0,  4,  0,    0,    0,    0,    0,    0,    0,    0,    0,    0,    0, 1, 0.33,    0,    0, 0.33,    0,    0, 0.33,    0,    0, 0.33,    0,    0) /* Head */
     , (2000336,  1,  4,  0,    0,    0,    0,    0,    0,    0,    0,    0,    0,    0, 2, 0.44, 0.17,    0, 0.44, 0.17,    0, 0.44, 0.17,    0, 0.44, 0.17,    0) /* Chest */
     , (2000336,  2,  4,  0,    0,    0,    0,    0,    0,    0,    0,    0,    0,    0, 3,    0, 0.17,    0,    0, 0.17,    0,    0, 0.17,    0,    0, 0.17,    0) /* Abdomen */
     , (2000336,  3,  4,  0,    0,    0,    0,    0,    0,    0,    0,    0,    0,    0, 1, 0.23, 0.03,    0, 0.23, 0.03,    0, 0.23, 0.03,    0, 0.23, 0.03,    0) /* UpperArm */
     , (2000336,  4,  4,  0,    0,    0,    0,    0,    0,    0,    0,    0,    0,    0, 2,    0,  0.3,    0,    0,  0.3,    0,    0,  0.3,    0,    0,  0.3,    0) /* LowerArm */
     , (2000336,  5,  4,  2, 0.75,    0,    0,    0,    0,    0,    0,    0,    0,    0, 2,    0,  0.2,    0,    0,  0.2,    0,    0,  0.2,    0,    0,  0.2,    0) /* Hand */
     , (2000336,  6,  4,  0,    0,    0,    0,    0,    0,    0,    0,    0,    0,    0, 3,    0, 0.13, 0.18,    0, 0.13, 0.18,    0, 0.13, 0.18,    0, 0.13, 0.18) /* UpperLeg */
     , (2000336,  7,  4,  0,    0,    0,    0,    0,    0,    0,    0,    0,    0,    0, 3,    0,    0,  0.6,    0,    0,  0.6,    0,    0,  0.6,    0,    0,  0.6) /* LowerLeg */
     , (2000336,  8,  4,  2, 0.75,    0,    0,    0,    0,    0,    0,    0,    0,    0, 3,    0,    0, 0.22,    0,    0, 0.22,    0,    0, 0.22,    0,    0, 0.22) /* Foot */;

INSERT INTO `weenie_properties_emote` (`object_Id`, `category`, `probability`, `weenie_Class_Id`, `style`, `substyle`, `quest`, `vendor_Type`, `min_Health`, `max_Health`)
VALUES (2000336,  7 /* Use */,      1, NULL, NULL, NULL, NULL, NULL, NULL, NULL);

SET @parent_id = LAST_INSERT_ID();

INSERT INTO `weenie_properties_emote_action` (`emote_Id`, `order`, `type`, `delay`, `extent`, `motion`, `message`, `test_String`, `min`, `max`, `min_64`, `max_64`, `min_Dbl`, `max_Dbl`, `stat`, `display`, `amount`, `amount_64`, `hero_X_P_64`, `percent`, `spell_Id`, `wealth_Rating`, `treasure_Class`, `treasure_Type`, `p_Script`, `sound`, `destination_Type`, `weenie_Class_Id`, `stack_Size`, `palette`, `shade`, `try_To_Bond`, `obj_Cell_Id`, `origin_X`, `origin_Y`, `origin_Z`, `angles_W`, `angles_X`, `angles_Y`, `angles_Z`)
VALUES (@parent_id,  0,  10 /* Tell */, 0, 1, NULL, 'I heard things are happening in Tufa now, that''s great news.', NULL, NULL, NULL, NULL, NULL, NULL, NULL, NULL, NULL, NULL, NULL, NULL, NULL, NULL, NULL, NULL, NULL, NULL, NULL, NULL, NULL, NULL, NULL, NULL, NULL, NULL, NULL, NULL, NULL, NULL, NULL, NULL, NULL);

INSERT INTO `weenie_properties_create_list` (`object_Id`, `destination_Type`, `weenie_Class_Id`, `stack_Size`, `palette`, `shade`, `try_To_Bond`)
VALUES (2000336, 2,   121,  0, 93, 0.8, False) /* Create Gloves (121) for Wield */
     , (2000336, 2, 25701,  0, 91, 1, False) /* Create Sleek Dress (25701) for Wield */
     , (2000336, 2,  2604,  0, 9, 1, False) /* Create Breeches (2604) for Wield */;

DELETE FROM `weenie` WHERE `class_Id` = 2000337;

INSERT INTO `weenie` (`class_Id`, `class_Name`, `type`, `last_Modified`)
VALUES (2000337, 'ace2000337-townsfolk', 10, '2019-09-30 13:45:45') /* Creature */;

INSERT INTO `weenie_properties_int` (`object_Id`, `type`, `value`)
VALUES (2000337,   1,         16) /* ItemType - Creature */
     , (2000337,   2,         31) /* CreatureType - Human */
     , (2000337,   6,         -1) /* ItemsCapacity */
     , (2000337,   7,         -1) /* ContainersCapacity */
     , (2000337,   8,        120) /* Mass */
     , (2000337,  16,         32) /* ItemUseable - Remote */
     , (2000337,  25,         16) /* Level */
     , (2000337,  27,          0) /* ArmorType - None */
     , (2000337,  93,    6292504) /* PhysicsState - ReportCollisions, IgnoreCollisions, Gravity, ReportCollisionsAsEnvironment, EdgeSlide */
     , (2000337,  95,          8) /* RadarBlipColor - Yellow */
     , (2000337, 113,          2) /* Gender - Female */
     , (2000337, 133,          4) /* ShowableOnRadar - ShowAlways */
     , (2000337, 134,         16) /* PlayerKillerStatus - RubberGlue */
     , (2000337, 146,        318) /* XpOverride */
     , (2000337, 188,          1) /* HeritageGroup - Aluvian */;

INSERT INTO `weenie_properties_bool` (`object_Id`, `type`, `value`)
VALUES (2000337,   1, True ) /* Stuck */
     , (2000337,   8, True ) /* AllowGive */
     , (2000337,  11, True ) /* IgnoreCollisions */
     , (2000337,  12, True ) /* ReportCollisions */
     , (2000337,  13, False) /* Ethereal */
     , (2000337,  14, True ) /* GravityStatus */
     , (2000337,  19, False) /* Attackable */
     , (2000337,  29, True ) /* NoCorpse */
     , (2000337,  41, True ) /* ReportCollisionsAsEnvironment */
     , (2000337,  42, True ) /* AllowEdgeSlide */
     , (2000337,  52, True ) /* AiImmobile */
     , (2000337,  79, True ) /* AiAcceptEverything */;

INSERT INTO `weenie_properties_float` (`object_Id`, `type`, `value`)
VALUES (2000337,   1,       5) /* HeartbeatInterval */
     , (2000337,   2,       0) /* HeartbeatTimestamp */
     , (2000337,   3, 0.159999996423721) /* HealthRate */
     , (2000337,   4,       5) /* StaminaRate */
     , (2000337,   5,       1) /* ManaRate */
     , (2000337,  13, 0.899999976158142) /* ArmorModVsSlash */
     , (2000337,  14,       1) /* ArmorModVsPierce */
     , (2000337,  15, 1.10000002384186) /* ArmorModVsBludgeon */
     , (2000337,  16, 0.400000005960464) /* ArmorModVsCold */
     , (2000337,  17, 0.400000005960464) /* ArmorModVsFire */
     , (2000337,  18,       1) /* ArmorModVsAcid */
     , (2000337,  19, 0.600000023841858) /* ArmorModVsElectric */
     , (2000337,  54,       3) /* UseRadius */
     , (2000337,  64,       1) /* ResistSlash */
     , (2000337,  65,       1) /* ResistPierce */
     , (2000337,  66,       1) /* ResistBludgeon */
     , (2000337,  67,       1) /* ResistFire */
     , (2000337,  68,       1) /* ResistCold */
     , (2000337,  69,       1) /* ResistAcid */
     , (2000337,  70,       1) /* ResistElectric */
     , (2000337,  71,       1) /* ResistHealthBoost */
     , (2000337,  72,       1) /* ResistStaminaDrain */
     , (2000337,  73,       1) /* ResistStaminaBoost */
     , (2000337,  74,       1) /* ResistManaDrain */
     , (2000337,  75,       1) /* ResistManaBoost */
     , (2000337, 104,      10) /* ObviousRadarRange */
     , (2000337, 125,       1) /* ResistHealthDrain */;

INSERT INTO `weenie_properties_string` (`object_Id`, `type`, `value`)
VALUES (2000337,   1, 'Townsfolk') /* Name */
     , (2000337,   3, 'Female') /* Sex */
     , (2000337,   4, 'Aluvian') /* HeritageGroup */
     , (2000337,   5, 'Herald') /* Template */;

INSERT INTO `weenie_properties_d_i_d` (`object_Id`, `type`, `value`)
VALUES (2000337,   1,   33554510) /* Setup */
     , (2000337,   2,  150994945) /* MotionTable */
     , (2000337,   3,  536870914) /* SoundTable */
     , (2000337,   4,  805306368) /* CombatTable */
     , (2000337,   6,   67108990) /* PaletteBase */
     , (2000337,   8,  100667446) /* Icon */
     , (2000337,   9,   83890279) /* EyesTexture */
     , (2000337,  10,   83890302) /* NoseTexture */
     , (2000337,  11,   83890324) /* MouthTexture */
     , (2000337,  15,   67116982) /* HairPalette */
     , (2000337,  16,   67110063) /* EyesPalette */
     , (2000337,  17,   67109561) /* SkinPalette */;

INSERT INTO `weenie_properties_attribute` (`object_Id`, `type`, `init_Level`, `level_From_C_P`, `c_P_Spent`)
VALUES (2000337,   1, 120, 0, 0) /* Strength */
     , (2000337,   2, 130, 0, 0) /* Endurance */
     , (2000337,   3, 100, 0, 0) /* Quickness */
     , (2000337,   4, 115, 0, 0) /* Coordination */
     , (2000337,   5, 110, 0, 0) /* Focus */
     , (2000337,   6, 100, 0, 0) /* Self */;

INSERT INTO `weenie_properties_attribute_2nd` (`object_Id`, `type`, `init_Level`, `level_From_C_P`, `c_P_Spent`, `current_Level`)
VALUES (2000337,   1,     0, 0, 0, 65) /* MaxHealth */
     , (2000337,   3,     0, 0, 0, 130) /* MaxStamina */
     , (2000337,   5,     0, 0, 0, 100) /* MaxMana */;

INSERT INTO `weenie_properties_skill` (`object_Id`, `type`, `level_From_P_P`, `s_a_c`, `p_p`, `init_Level`, `resistance_At_Last_Check`, `last_Used_Time`)
VALUES (2000337,  6, 0, 2, 0,   1, 0, 0) /* MeleeDefense        Trained */
     , (2000337,  7, 0, 2, 0,   1, 0, 0) /* MissileDefense      Trained */
     , (2000337, 13, 0, 2, 0,   1, 0, 0) /* UnarmedCombat       Trained */;

INSERT INTO `weenie_properties_body_part` (`object_Id`, `key`, `d_Type`, `d_Val`, `d_Var`, `base_Armor`, `armor_Vs_Slash`, `armor_Vs_Pierce`, `armor_Vs_Bludgeon`, `armor_Vs_Cold`, `armor_Vs_Fire`, `armor_Vs_Acid`, `armor_Vs_Electric`, `armor_Vs_Nether`, `b_h`, `h_l_f`, `m_l_f`, `l_l_f`, `h_r_f`, `m_r_f`, `l_r_f`, `h_l_b`, `m_l_b`, `l_l_b`, `h_r_b`, `m_r_b`, `l_r_b`)
VALUES (2000337,  0,  4,  0,    0,    0,    0,    0,    0,    0,    0,    0,    0,    0, 1, 0.33,    0,    0, 0.33,    0,    0, 0.33,    0,    0, 0.33,    0,    0) /* Head */
     , (2000337,  1,  4,  0,    0,    0,    0,    0,    0,    0,    0,    0,    0,    0, 2, 0.44, 0.17,    0, 0.44, 0.17,    0, 0.44, 0.17,    0, 0.44, 0.17,    0) /* Chest */
     , (2000337,  2,  4,  0,    0,    0,    0,    0,    0,    0,    0,    0,    0,    0, 3,    0, 0.17,    0,    0, 0.17,    0,    0, 0.17,    0,    0, 0.17,    0) /* Abdomen */
     , (2000337,  3,  4,  0,    0,    0,    0,    0,    0,    0,    0,    0,    0,    0, 1, 0.23, 0.03,    0, 0.23, 0.03,    0, 0.23, 0.03,    0, 0.23, 0.03,    0) /* UpperArm */
     , (2000337,  4,  4,  0,    0,    0,    0,    0,    0,    0,    0,    0,    0,    0, 2,    0,  0.3,    0,    0,  0.3,    0,    0,  0.3,    0,    0,  0.3,    0) /* LowerArm */
     , (2000337,  5,  4,  2, 0.75,    0,    0,    0,    0,    0,    0,    0,    0,    0, 2,    0,  0.2,    0,    0,  0.2,    0,    0,  0.2,    0,    0,  0.2,    0) /* Hand */
     , (2000337,  6,  4,  0,    0,    0,    0,    0,    0,    0,    0,    0,    0,    0, 3,    0, 0.13, 0.18,    0, 0.13, 0.18,    0, 0.13, 0.18,    0, 0.13, 0.18) /* UpperLeg */
     , (2000337,  7,  4,  0,    0,    0,    0,    0,    0,    0,    0,    0,    0,    0, 3,    0,    0,  0.6,    0,    0,  0.6,    0,    0,  0.6,    0,    0,  0.6) /* LowerLeg */
     , (2000337,  8,  4,  2, 0.75,    0,    0,    0,    0,    0,    0,    0,    0,    0, 3,    0,    0, 0.22,    0,    0, 0.22,    0,    0, 0.22,    0,    0, 0.22) /* Foot */;

INSERT INTO `weenie_properties_emote` (`object_Id`, `category`, `probability`, `weenie_Class_Id`, `style`, `substyle`, `quest`, `vendor_Type`, `min_Health`, `max_Health`)
VALUES (2000337,  7 /* Use */,      1, NULL, NULL, NULL, NULL, NULL, NULL, NULL);

SET @parent_id = LAST_INSERT_ID();

INSERT INTO `weenie_properties_emote_action` (`emote_Id`, `order`, `type`, `delay`, `extent`, `motion`, `message`, `test_String`, `min`, `max`, `min_64`, `max_64`, `min_Dbl`, `max_Dbl`, `stat`, `display`, `amount`, `amount_64`, `hero_X_P_64`, `percent`, `spell_Id`, `wealth_Rating`, `treasure_Class`, `treasure_Type`, `p_Script`, `sound`, `destination_Type`, `weenie_Class_Id`, `stack_Size`, `palette`, `shade`, `try_To_Bond`, `obj_Cell_Id`, `origin_X`, `origin_Y`, `origin_Z`, `angles_W`, `angles_X`, `angles_Y`, `angles_Z`)
VALUES (@parent_id,  0,  10 /* Tell */, 0, 1, NULL, 'Psst keep you''re ears open and be ready we will move against our enemies soon', NULL, NULL, NULL, NULL, NULL, NULL, NULL, NULL, NULL, NULL, NULL, NULL, NULL, NULL, NULL, NULL, NULL, NULL, NULL, NULL, NULL, NULL, NULL, NULL, NULL, NULL, NULL, NULL, NULL, NULL, NULL, NULL, NULL);

INSERT INTO `weenie_properties_create_list` (`object_Id`, `destination_Type`, `weenie_Class_Id`, `stack_Size`, `palette`, `shade`, `try_To_Bond`)
VALUES (2000337, 2,   121,  0, 93, 0.8, False) /* Create Gloves (121) for Wield */
     , (2000337, 2,  2596,  0, 89, 1, False) /* Create Doublet (2596) for Wield */
     , (2000337, 2,  2604,  0, 93, 1, False) /* Create Breeches (2604) for Wield */;

DELETE FROM `weenie` WHERE `class_Id` = 2000338;

INSERT INTO `weenie` (`class_Id`, `class_Name`, `type`, `last_Modified`)
VALUES (2000338, 'ace2000338-townsfolk', 10, '2019-09-30 13:45:47') /* Creature */;

INSERT INTO `weenie_properties_int` (`object_Id`, `type`, `value`)
VALUES (2000338,   1,         16) /* ItemType - Creature */
     , (2000338,   2,         31) /* CreatureType - Human */
     , (2000338,   6,         -1) /* ItemsCapacity */
     , (2000338,   7,         -1) /* ContainersCapacity */
     , (2000338,   8,        120) /* Mass */
     , (2000338,  16,         32) /* ItemUseable - Remote */
     , (2000338,  25,         16) /* Level */
     , (2000338,  27,          0) /* ArmorType - None */
     , (2000338,  93,    6292504) /* PhysicsState - ReportCollisions, IgnoreCollisions, Gravity, ReportCollisionsAsEnvironment, EdgeSlide */
     , (2000338,  95,          8) /* RadarBlipColor - Yellow */
     , (2000338, 113,          2) /* Gender - Female */
     , (2000338, 133,          4) /* ShowableOnRadar - ShowAlways */
     , (2000338, 134,         16) /* PlayerKillerStatus - RubberGlue */
     , (2000338, 146,        318) /* XpOverride */
     , (2000338, 188,          1) /* HeritageGroup - Aluvian */;

INSERT INTO `weenie_properties_bool` (`object_Id`, `type`, `value`)
VALUES (2000338,   1, True ) /* Stuck */
     , (2000338,   8, True ) /* AllowGive */
     , (2000338,  11, True ) /* IgnoreCollisions */
     , (2000338,  12, True ) /* ReportCollisions */
     , (2000338,  13, False) /* Ethereal */
     , (2000338,  14, True ) /* GravityStatus */
     , (2000338,  19, False) /* Attackable */
     , (2000338,  29, True ) /* NoCorpse */
     , (2000338,  41, True ) /* ReportCollisionsAsEnvironment */
     , (2000338,  42, True ) /* AllowEdgeSlide */
     , (2000338,  52, True ) /* AiImmobile */
     , (2000338,  79, True ) /* AiAcceptEverything */;

INSERT INTO `weenie_properties_float` (`object_Id`, `type`, `value`)
VALUES (2000338,   1,       5) /* HeartbeatInterval */
     , (2000338,   2,       0) /* HeartbeatTimestamp */
     , (2000338,   3, 0.159999996423721) /* HealthRate */
     , (2000338,   4,       5) /* StaminaRate */
     , (2000338,   5,       1) /* ManaRate */
     , (2000338,  13, 0.899999976158142) /* ArmorModVsSlash */
     , (2000338,  14,       1) /* ArmorModVsPierce */
     , (2000338,  15, 1.10000002384186) /* ArmorModVsBludgeon */
     , (2000338,  16, 0.400000005960464) /* ArmorModVsCold */
     , (2000338,  17, 0.400000005960464) /* ArmorModVsFire */
     , (2000338,  18,       1) /* ArmorModVsAcid */
     , (2000338,  19, 0.600000023841858) /* ArmorModVsElectric */
     , (2000338,  54,       3) /* UseRadius */
     , (2000338,  64,       1) /* ResistSlash */
     , (2000338,  65,       1) /* ResistPierce */
     , (2000338,  66,       1) /* ResistBludgeon */
     , (2000338,  67,       1) /* ResistFire */
     , (2000338,  68,       1) /* ResistCold */
     , (2000338,  69,       1) /* ResistAcid */
     , (2000338,  70,       1) /* ResistElectric */
     , (2000338,  71,       1) /* ResistHealthBoost */
     , (2000338,  72,       1) /* ResistStaminaDrain */
     , (2000338,  73,       1) /* ResistStaminaBoost */
     , (2000338,  74,       1) /* ResistManaDrain */
     , (2000338,  75,       1) /* ResistManaBoost */
     , (2000338, 104,      10) /* ObviousRadarRange */
     , (2000338, 125,       1) /* ResistHealthDrain */;

INSERT INTO `weenie_properties_string` (`object_Id`, `type`, `value`)
VALUES (2000338,   1, 'Townsfolk') /* Name */
     , (2000338,   3, 'Female') /* Sex */
     , (2000338,   4, 'Aluvian') /* HeritageGroup */
     , (2000338,   5, 'Herald') /* Template */;

INSERT INTO `weenie_properties_d_i_d` (`object_Id`, `type`, `value`)
VALUES (2000338,   1,   33554510) /* Setup */
     , (2000338,   2,  150994945) /* MotionTable */
     , (2000338,   3,  536870914) /* SoundTable */
     , (2000338,   4,  805306368) /* CombatTable */
     , (2000338,   6,   67108990) /* PaletteBase */
     , (2000338,   8,  100667446) /* Icon */
     , (2000338,   9,   83890279) /* EyesTexture */
     , (2000338,  10,   83890302) /* NoseTexture */
     , (2000338,  11,   83890324) /* MouthTexture */
     , (2000338,  15,   67116982) /* HairPalette */
     , (2000338,  16,   67110063) /* EyesPalette */
     , (2000338,  17,   67109561) /* SkinPalette */;

INSERT INTO `weenie_properties_attribute` (`object_Id`, `type`, `init_Level`, `level_From_C_P`, `c_P_Spent`)
VALUES (2000338,   1, 120, 0, 0) /* Strength */
     , (2000338,   2, 130, 0, 0) /* Endurance */
     , (2000338,   3, 100, 0, 0) /* Quickness */
     , (2000338,   4, 115, 0, 0) /* Coordination */
     , (2000338,   5, 110, 0, 0) /* Focus */
     , (2000338,   6, 100, 0, 0) /* Self */;

INSERT INTO `weenie_properties_attribute_2nd` (`object_Id`, `type`, `init_Level`, `level_From_C_P`, `c_P_Spent`, `current_Level`)
VALUES (2000338,   1,     0, 0, 0, 65) /* MaxHealth */
     , (2000338,   3,     0, 0, 0, 130) /* MaxStamina */
     , (2000338,   5,     0, 0, 0, 100) /* MaxMana */;

INSERT INTO `weenie_properties_skill` (`object_Id`, `type`, `level_From_P_P`, `s_a_c`, `p_p`, `init_Level`, `resistance_At_Last_Check`, `last_Used_Time`)
VALUES (2000338,  6, 0, 2, 0,   1, 0, 0) /* MeleeDefense        Trained */
     , (2000338,  7, 0, 2, 0,   1, 0, 0) /* MissileDefense      Trained */
     , (2000338, 13, 0, 2, 0,   1, 0, 0) /* UnarmedCombat       Trained */;

INSERT INTO `weenie_properties_body_part` (`object_Id`, `key`, `d_Type`, `d_Val`, `d_Var`, `base_Armor`, `armor_Vs_Slash`, `armor_Vs_Pierce`, `armor_Vs_Bludgeon`, `armor_Vs_Cold`, `armor_Vs_Fire`, `armor_Vs_Acid`, `armor_Vs_Electric`, `armor_Vs_Nether`, `b_h`, `h_l_f`, `m_l_f`, `l_l_f`, `h_r_f`, `m_r_f`, `l_r_f`, `h_l_b`, `m_l_b`, `l_l_b`, `h_r_b`, `m_r_b`, `l_r_b`)
VALUES (2000338,  0,  4,  0,    0,    0,    0,    0,    0,    0,    0,    0,    0,    0, 1, 0.33,    0,    0, 0.33,    0,    0, 0.33,    0,    0, 0.33,    0,    0) /* Head */
     , (2000338,  1,  4,  0,    0,    0,    0,    0,    0,    0,    0,    0,    0,    0, 2, 0.44, 0.17,    0, 0.44, 0.17,    0, 0.44, 0.17,    0, 0.44, 0.17,    0) /* Chest */
     , (2000338,  2,  4,  0,    0,    0,    0,    0,    0,    0,    0,    0,    0,    0, 3,    0, 0.17,    0,    0, 0.17,    0,    0, 0.17,    0,    0, 0.17,    0) /* Abdomen */
     , (2000338,  3,  4,  0,    0,    0,    0,    0,    0,    0,    0,    0,    0,    0, 1, 0.23, 0.03,    0, 0.23, 0.03,    0, 0.23, 0.03,    0, 0.23, 0.03,    0) /* UpperArm */
     , (2000338,  4,  4,  0,    0,    0,    0,    0,    0,    0,    0,    0,    0,    0, 2,    0,  0.3,    0,    0,  0.3,    0,    0,  0.3,    0,    0,  0.3,    0) /* LowerArm */
     , (2000338,  5,  4,  2, 0.75,    0,    0,    0,    0,    0,    0,    0,    0,    0, 2,    0,  0.2,    0,    0,  0.2,    0,    0,  0.2,    0,    0,  0.2,    0) /* Hand */
     , (2000338,  6,  4,  0,    0,    0,    0,    0,    0,    0,    0,    0,    0,    0, 3,    0, 0.13, 0.18,    0, 0.13, 0.18,    0, 0.13, 0.18,    0, 0.13, 0.18) /* UpperLeg */
     , (2000338,  7,  4,  0,    0,    0,    0,    0,    0,    0,    0,    0,    0,    0, 3,    0,    0,  0.6,    0,    0,  0.6,    0,    0,  0.6,    0,    0,  0.6) /* LowerLeg */
     , (2000338,  8,  4,  2, 0.75,    0,    0,    0,    0,    0,    0,    0,    0,    0, 3,    0,    0, 0.22,    0,    0, 0.22,    0,    0, 0.22,    0,    0, 0.22) /* Foot */;

INSERT INTO `weenie_properties_emote` (`object_Id`, `category`, `probability`, `weenie_Class_Id`, `style`, `substyle`, `quest`, `vendor_Type`, `min_Health`, `max_Health`)
VALUES (2000338,  7 /* Use */,      1, NULL, NULL, NULL, NULL, NULL, NULL, NULL);

SET @parent_id = LAST_INSERT_ID();

INSERT INTO `weenie_properties_emote_action` (`emote_Id`, `order`, `type`, `delay`, `extent`, `motion`, `message`, `test_String`, `min`, `max`, `min_64`, `max_64`, `min_Dbl`, `max_Dbl`, `stat`, `display`, `amount`, `amount_64`, `hero_X_P_64`, `percent`, `spell_Id`, `wealth_Rating`, `treasure_Class`, `treasure_Type`, `p_Script`, `sound`, `destination_Type`, `weenie_Class_Id`, `stack_Size`, `palette`, `shade`, `try_To_Bond`, `obj_Cell_Id`, `origin_X`, `origin_Y`, `origin_Z`, `angles_W`, `angles_X`, `angles_Y`, `angles_Z`)
VALUES (@parent_id,  0,  10 /* Tell */, 0, 1, NULL, 'Bastard''s kicked me out of the Bar again worthless bastards.', NULL, NULL, NULL, NULL, NULL, NULL, NULL, NULL, NULL, NULL, NULL, NULL, NULL, NULL, NULL, NULL, NULL, NULL, NULL, NULL, NULL, NULL, NULL, NULL, NULL, NULL, NULL, NULL, NULL, NULL, NULL, NULL, NULL);

INSERT INTO `weenie_properties_create_list` (`object_Id`, `destination_Type`, `weenie_Class_Id`, `stack_Size`, `palette`, `shade`, `try_To_Bond`)
VALUES (2000338, 2,   121,  0, 93, 0.8, False) /* Create Gloves (121) for Wield */
     , (2000338, 2, 25701,  0, 90, 1, False) /* Create Sleek Dress (25701) for Wield */
     , (2000338, 2,  2604,  0, 9, 1, False) /* Create Breeches (2604) for Wield */;

DELETE FROM `weenie` WHERE `class_Id` = 2000339;

INSERT INTO `weenie` (`class_Id`, `class_Name`, `type`, `last_Modified`)
VALUES (2000339, 'ace2000339-townsfolk', 10, '2019-09-30 13:45:48') /* Creature */;

INSERT INTO `weenie_properties_int` (`object_Id`, `type`, `value`)
VALUES (2000339,   1,         16) /* ItemType - Creature */
     , (2000339,   2,         22) /* CreatureType - Shadow */
     , (2000339,   3,         39) /* PaletteTemplate - Black */
     , (2000339,   6,         -1) /* ItemsCapacity */
     , (2000339,   7,         -1) /* ContainersCapacity */
     , (2000339,   8,        120) /* Mass */
     , (2000339,  16,         32) /* ItemUseable - Remote */
     , (2000339,  25,         73) /* Level */
     , (2000339,  27,          0) /* ArmorType - None */
     , (2000339,  93,    6292504) /* PhysicsState - ReportCollisions, IgnoreCollisions, Gravity, ReportCollisionsAsEnvironment, EdgeSlide */
     , (2000339,  95,          8) /* RadarBlipColor - Yellow */
     , (2000339, 133,          4) /* ShowableOnRadar - ShowAlways */
     , (2000339, 134,         16) /* PlayerKillerStatus - RubberGlue */
     , (2000339, 146,       4973) /* XpOverride */;

INSERT INTO `weenie_properties_bool` (`object_Id`, `type`, `value`)
VALUES (2000339,   1, True ) /* Stuck */
     , (2000339,   8, True ) /* AllowGive */
     , (2000339,  11, True ) /* IgnoreCollisions */
     , (2000339,  12, True ) /* ReportCollisions */
     , (2000339,  13, False) /* Ethereal */
     , (2000339,  14, True ) /* GravityStatus */
     , (2000339,  19, False) /* Attackable */
     , (2000339,  41, True ) /* ReportCollisionsAsEnvironment */
     , (2000339,  42, True ) /* AllowEdgeSlide */
     , (2000339,  52, True ) /* AiImmobile */;

INSERT INTO `weenie_properties_float` (`object_Id`, `type`, `value`)
VALUES (2000339,   1,       5) /* HeartbeatInterval */
     , (2000339,   2,       0) /* HeartbeatTimestamp */
     , (2000339,   3, 0.159999996423721) /* HealthRate */
     , (2000339,   4,       5) /* StaminaRate */
     , (2000339,   5,       1) /* ManaRate */
     , (2000339,  12,     0.5) /* Shade */
     , (2000339,  13, 0.899999976158142) /* ArmorModVsSlash */
     , (2000339,  14,       1) /* ArmorModVsPierce */
     , (2000339,  15, 1.10000002384186) /* ArmorModVsBludgeon */
     , (2000339,  16, 0.400000005960464) /* ArmorModVsCold */
     , (2000339,  17, 0.400000005960464) /* ArmorModVsFire */
     , (2000339,  18,       1) /* ArmorModVsAcid */
     , (2000339,  19, 0.600000023841858) /* ArmorModVsElectric */
     , (2000339,  54,       3) /* UseRadius */
     , (2000339,  64,       1) /* ResistSlash */
     , (2000339,  65,       1) /* ResistPierce */
     , (2000339,  66,       1) /* ResistBludgeon */
     , (2000339,  67,       1) /* ResistFire */
     , (2000339,  68,       1) /* ResistCold */
     , (2000339,  69,       1) /* ResistAcid */
     , (2000339,  70,       1) /* ResistElectric */
     , (2000339,  71,       1) /* ResistHealthBoost */
     , (2000339,  72,       1) /* ResistStaminaDrain */
     , (2000339,  73,       1) /* ResistStaminaBoost */
     , (2000339,  74,       1) /* ResistManaDrain */
     , (2000339,  75,       1) /* ResistManaBoost */
     , (2000339, 104,      10) /* ObviousRadarRange */
     , (2000339, 125,       1) /* ResistHealthDrain */;

INSERT INTO `weenie_properties_string` (`object_Id`, `type`, `value`)
VALUES (2000339,   1, 'Townsfolk') /* Name */
     , (2000339,   3, 'Male') /* Sex */
     , (2000339,   4, 'Aluvian') /* HeritageGroup */;

INSERT INTO `weenie_properties_d_i_d` (`object_Id`, `type`, `value`)
VALUES (2000339,   1,   33554433) /* Setup */
     , (2000339,   2,  150994945) /* MotionTable */
     , (2000339,   3,  536870913) /* SoundTable */
     , (2000339,   4,  805306368) /* CombatTable */
     , (2000339,   6,   67111797) /* PaletteBase */
     , (2000339,   7,  268435632) /* ClothingBase */
     , (2000339,   8,  100670397) /* Icon */;

INSERT INTO `weenie_properties_attribute` (`object_Id`, `type`, `init_Level`, `level_From_C_P`, `c_P_Spent`)
VALUES (2000339,   1, 220, 0, 0) /* Strength */
     , (2000339,   2, 235, 0, 0) /* Endurance */
     , (2000339,   3, 260, 0, 0) /* Quickness */
     , (2000339,   4, 270, 0, 0) /* Coordination */
     , (2000339,   5, 150, 0, 0) /* Focus */
     , (2000339,   6, 150, 0, 0) /* Self */;

INSERT INTO `weenie_properties_attribute_2nd` (`object_Id`, `type`, `init_Level`, `level_From_C_P`, `c_P_Spent`, `current_Level`)
VALUES (2000339,   1,     0, 0, 0, 118) /* MaxHealth */
     , (2000339,   3,     0, 0, 0, 235) /* MaxStamina */
     , (2000339,   5,     0, 0, 0, 150) /* MaxMana */;

INSERT INTO `weenie_properties_skill` (`object_Id`, `type`, `level_From_P_P`, `s_a_c`, `p_p`, `init_Level`, `resistance_At_Last_Check`, `last_Used_Time`)
VALUES (2000339,  6, 0, 2, 0,   1, 0, 0) /* MeleeDefense        Trained */
     , (2000339,  7, 0, 2, 0,   1, 0, 0) /* MissileDefense      Trained */
     , (2000339, 13, 0, 2, 0,   1, 0, 0) /* UnarmedCombat       Trained */;

INSERT INTO `weenie_properties_body_part` (`object_Id`, `key`, `d_Type`, `d_Val`, `d_Var`, `base_Armor`, `armor_Vs_Slash`, `armor_Vs_Pierce`, `armor_Vs_Bludgeon`, `armor_Vs_Cold`, `armor_Vs_Fire`, `armor_Vs_Acid`, `armor_Vs_Electric`, `armor_Vs_Nether`, `b_h`, `h_l_f`, `m_l_f`, `l_l_f`, `h_r_f`, `m_r_f`, `l_r_f`, `h_l_b`, `m_l_b`, `l_l_b`, `h_r_b`, `m_r_b`, `l_r_b`)
VALUES (2000339,  0,  4,  0,    0,    0,    0,    0,    0,    0,    0,    0,    0,    0, 1, 0.33,    0,    0, 0.33,    0,    0, 0.33,    0,    0, 0.33,    0,    0) /* Head */
     , (2000339,  1,  4,  0,    0,    0,    0,    0,    0,    0,    0,    0,    0,    0, 2, 0.44, 0.17,    0, 0.44, 0.17,    0, 0.44, 0.17,    0, 0.44, 0.17,    0) /* Chest */
     , (2000339,  2,  4,  0,    0,    0,    0,    0,    0,    0,    0,    0,    0,    0, 3,    0, 0.17,    0,    0, 0.17,    0,    0, 0.17,    0,    0, 0.17,    0) /* Abdomen */
     , (2000339,  3,  4,  0,    0,    0,    0,    0,    0,    0,    0,    0,    0,    0, 1, 0.23, 0.03,    0, 0.23, 0.03,    0, 0.23, 0.03,    0, 0.23, 0.03,    0) /* UpperArm */
     , (2000339,  4,  4,  0,    0,    0,    0,    0,    0,    0,    0,    0,    0,    0, 2,    0,  0.3,    0,    0,  0.3,    0,    0,  0.3,    0,    0,  0.3,    0) /* LowerArm */
     , (2000339,  5,  4,  2, 0.75,    0,    0,    0,    0,    0,    0,    0,    0,    0, 2,    0,  0.2,    0,    0,  0.2,    0,    0,  0.2,    0,    0,  0.2,    0) /* Hand */
     , (2000339,  6,  4,  0,    0,    0,    0,    0,    0,    0,    0,    0,    0,    0, 3,    0, 0.13, 0.18,    0, 0.13, 0.18,    0, 0.13, 0.18,    0, 0.13, 0.18) /* UpperLeg */
     , (2000339,  7,  4,  0,    0,    0,    0,    0,    0,    0,    0,    0,    0,    0, 3,    0,    0,  0.6,    0,    0,  0.6,    0,    0,  0.6,    0,    0,  0.6) /* LowerLeg */
     , (2000339,  8,  4,  2, 0.75,    0,    0,    0,    0,    0,    0,    0,    0,    0, 3,    0,    0, 0.22,    0,    0, 0.22,    0,    0, 0.22,    0,    0, 0.22) /* Foot */;

INSERT INTO `weenie_properties_emote` (`object_Id`, `category`, `probability`, `weenie_Class_Id`, `style`, `substyle`, `quest`, `vendor_Type`, `min_Health`, `max_Health`)
VALUES (2000339,  7 /* Use */,      1, NULL, NULL, NULL, NULL, NULL, NULL, NULL);

SET @parent_id = LAST_INSERT_ID();

INSERT INTO `weenie_properties_emote_action` (`emote_Id`, `order`, `type`, `delay`, `extent`, `motion`, `message`, `test_String`, `min`, `max`, `min_64`, `max_64`, `min_Dbl`, `max_Dbl`, `stat`, `display`, `amount`, `amount_64`, `hero_X_P_64`, `percent`, `spell_Id`, `wealth_Rating`, `treasure_Class`, `treasure_Type`, `p_Script`, `sound`, `destination_Type`, `weenie_Class_Id`, `stack_Size`, `palette`, `shade`, `try_To_Bond`, `obj_Cell_Id`, `origin_X`, `origin_Y`, `origin_Z`, `angles_W`, `angles_X`, `angles_Y`, `angles_Z`)
VALUES (@parent_id,  0,  12 /* TurnToTarget */, 0, 1, NULL, NULL, NULL, NULL, NULL, NULL, NULL, NULL, NULL, NULL, NULL, NULL, NULL, NULL, NULL, NULL, NULL, NULL, NULL, NULL, NULL, NULL, NULL, NULL, NULL, NULL, NULL, NULL, NULL, NULL, NULL, NULL, NULL, NULL, NULL)
     , (@parent_id,  1,  10 /* Tell */, 1, 1, NULL, 'Welcome to the new shadow Embassy here in Arwic. We welcome all into this new home for a new era?', NULL, NULL, NULL, NULL, NULL, NULL, NULL, NULL, NULL, NULL, NULL, NULL, NULL, NULL, NULL, NULL, NULL, NULL, NULL, NULL, NULL, NULL, NULL, NULL, NULL, NULL, NULL, NULL, NULL, NULL, NULL, NULL, NULL)
     , (@parent_id,  2,   5 /* Motion */, 0, 1, 1090519043 /* Ready */, NULL, NULL, NULL, NULL, NULL, NULL, NULL, NULL, NULL, NULL, NULL, NULL, NULL, NULL, NULL, NULL, NULL, NULL, NULL, NULL, NULL, NULL, NULL, NULL, NULL, NULL, NULL, NULL, NULL, NULL, NULL, NULL, NULL, NULL);

DELETE FROM `weenie` WHERE `class_Id` = 2000340;

INSERT INTO `weenie` (`class_Id`, `class_Name`, `type`, `last_Modified`)
VALUES (2000340, 'ace2000340-townsfolk', 10, '2019-09-30 13:45:49') /* Creature */;

INSERT INTO `weenie_properties_int` (`object_Id`, `type`, `value`)
VALUES (2000340,   1,         16) /* ItemType - Creature */
     , (2000340,   2,         31) /* CreatureType - Human */
     , (2000340,   6,         -1) /* ItemsCapacity */
     , (2000340,   7,         -1) /* ContainersCapacity */
     , (2000340,   8,        120) /* Mass */
     , (2000340,  16,         32) /* ItemUseable - Remote */
     , (2000340,  25,         16) /* Level */
     , (2000340,  27,          0) /* ArmorType - None */
     , (2000340,  93,    6292504) /* PhysicsState - ReportCollisions, IgnoreCollisions, Gravity, ReportCollisionsAsEnvironment, EdgeSlide */
     , (2000340,  95,          8) /* RadarBlipColor - Yellow */
     , (2000340, 113,          2) /* Gender - Female */
     , (2000340, 133,          4) /* ShowableOnRadar - ShowAlways */
     , (2000340, 134,         16) /* PlayerKillerStatus - RubberGlue */
     , (2000340, 146,        318) /* XpOverride */
     , (2000340, 188,          1) /* HeritageGroup - Aluvian */;

INSERT INTO `weenie_properties_bool` (`object_Id`, `type`, `value`)
VALUES (2000340,   1, True ) /* Stuck */
     , (2000340,   8, True ) /* AllowGive */
     , (2000340,  11, True ) /* IgnoreCollisions */
     , (2000340,  12, True ) /* ReportCollisions */
     , (2000340,  13, False) /* Ethereal */
     , (2000340,  14, True ) /* GravityStatus */
     , (2000340,  19, False) /* Attackable */
     , (2000340,  29, True ) /* NoCorpse */
     , (2000340,  41, True ) /* ReportCollisionsAsEnvironment */
     , (2000340,  42, True ) /* AllowEdgeSlide */
     , (2000340,  52, True ) /* AiImmobile */
     , (2000340,  79, True ) /* AiAcceptEverything */;

INSERT INTO `weenie_properties_float` (`object_Id`, `type`, `value`)
VALUES (2000340,   1,       5) /* HeartbeatInterval */
     , (2000340,   2,       0) /* HeartbeatTimestamp */
     , (2000340,   3, 0.159999996423721) /* HealthRate */
     , (2000340,   4,       5) /* StaminaRate */
     , (2000340,   5,       1) /* ManaRate */
     , (2000340,  13, 0.899999976158142) /* ArmorModVsSlash */
     , (2000340,  14,       1) /* ArmorModVsPierce */
     , (2000340,  15, 1.10000002384186) /* ArmorModVsBludgeon */
     , (2000340,  16, 0.400000005960464) /* ArmorModVsCold */
     , (2000340,  17, 0.400000005960464) /* ArmorModVsFire */
     , (2000340,  18,       1) /* ArmorModVsAcid */
     , (2000340,  19, 0.600000023841858) /* ArmorModVsElectric */
     , (2000340,  54,       3) /* UseRadius */
     , (2000340,  64,       1) /* ResistSlash */
     , (2000340,  65,       1) /* ResistPierce */
     , (2000340,  66,       1) /* ResistBludgeon */
     , (2000340,  67,       1) /* ResistFire */
     , (2000340,  68,       1) /* ResistCold */
     , (2000340,  69,       1) /* ResistAcid */
     , (2000340,  70,       1) /* ResistElectric */
     , (2000340,  71,       1) /* ResistHealthBoost */
     , (2000340,  72,       1) /* ResistStaminaDrain */
     , (2000340,  73,       1) /* ResistStaminaBoost */
     , (2000340,  74,       1) /* ResistManaDrain */
     , (2000340,  75,       1) /* ResistManaBoost */
     , (2000340, 104,      10) /* ObviousRadarRange */
     , (2000340, 125,       1) /* ResistHealthDrain */;

INSERT INTO `weenie_properties_string` (`object_Id`, `type`, `value`)
VALUES (2000340,   1, 'Townsfolk') /* Name */
     , (2000340,   3, 'Female') /* Sex */
     , (2000340,   4, 'Aluvian') /* HeritageGroup */
     , (2000340,   5, 'Herald') /* Template */;

INSERT INTO `weenie_properties_d_i_d` (`object_Id`, `type`, `value`)
VALUES (2000340,   1,   33554510) /* Setup */
     , (2000340,   2,  150994945) /* MotionTable */
     , (2000340,   3,  536870914) /* SoundTable */
     , (2000340,   4,  805306368) /* CombatTable */
     , (2000340,   6,   67108990) /* PaletteBase */
     , (2000340,   8,  100667446) /* Icon */
     , (2000340,   9,   83890279) /* EyesTexture */
     , (2000340,  10,   83890302) /* NoseTexture */
     , (2000340,  11,   83890324) /* MouthTexture */
     , (2000340,  15,   67116982) /* HairPalette */
     , (2000340,  16,   67110063) /* EyesPalette */
     , (2000340,  17,   67109561) /* SkinPalette */;

INSERT INTO `weenie_properties_attribute` (`object_Id`, `type`, `init_Level`, `level_From_C_P`, `c_P_Spent`)
VALUES (2000340,   1, 120, 0, 0) /* Strength */
     , (2000340,   2, 130, 0, 0) /* Endurance */
     , (2000340,   3, 100, 0, 0) /* Quickness */
     , (2000340,   4, 115, 0, 0) /* Coordination */
     , (2000340,   5, 110, 0, 0) /* Focus */
     , (2000340,   6, 100, 0, 0) /* Self */;

INSERT INTO `weenie_properties_attribute_2nd` (`object_Id`, `type`, `init_Level`, `level_From_C_P`, `c_P_Spent`, `current_Level`)
VALUES (2000340,   1,     0, 0, 0, 65) /* MaxHealth */
     , (2000340,   3,     0, 0, 0, 130) /* MaxStamina */
     , (2000340,   5,     0, 0, 0, 100) /* MaxMana */;

INSERT INTO `weenie_properties_skill` (`object_Id`, `type`, `level_From_P_P`, `s_a_c`, `p_p`, `init_Level`, `resistance_At_Last_Check`, `last_Used_Time`)
VALUES (2000340,  6, 0, 2, 0,   1, 0, 0) /* MeleeDefense        Trained */
     , (2000340,  7, 0, 2, 0,   1, 0, 0) /* MissileDefense      Trained */
     , (2000340, 13, 0, 2, 0,   1, 0, 0) /* UnarmedCombat       Trained */;

INSERT INTO `weenie_properties_body_part` (`object_Id`, `key`, `d_Type`, `d_Val`, `d_Var`, `base_Armor`, `armor_Vs_Slash`, `armor_Vs_Pierce`, `armor_Vs_Bludgeon`, `armor_Vs_Cold`, `armor_Vs_Fire`, `armor_Vs_Acid`, `armor_Vs_Electric`, `armor_Vs_Nether`, `b_h`, `h_l_f`, `m_l_f`, `l_l_f`, `h_r_f`, `m_r_f`, `l_r_f`, `h_l_b`, `m_l_b`, `l_l_b`, `h_r_b`, `m_r_b`, `l_r_b`)
VALUES (2000340,  0,  4,  0,    0,    0,    0,    0,    0,    0,    0,    0,    0,    0, 1, 0.33,    0,    0, 0.33,    0,    0, 0.33,    0,    0, 0.33,    0,    0) /* Head */
     , (2000340,  1,  4,  0,    0,    0,    0,    0,    0,    0,    0,    0,    0,    0, 2, 0.44, 0.17,    0, 0.44, 0.17,    0, 0.44, 0.17,    0, 0.44, 0.17,    0) /* Chest */
     , (2000340,  2,  4,  0,    0,    0,    0,    0,    0,    0,    0,    0,    0,    0, 3,    0, 0.17,    0,    0, 0.17,    0,    0, 0.17,    0,    0, 0.17,    0) /* Abdomen */
     , (2000340,  3,  4,  0,    0,    0,    0,    0,    0,    0,    0,    0,    0,    0, 1, 0.23, 0.03,    0, 0.23, 0.03,    0, 0.23, 0.03,    0, 0.23, 0.03,    0) /* UpperArm */
     , (2000340,  4,  4,  0,    0,    0,    0,    0,    0,    0,    0,    0,    0,    0, 2,    0,  0.3,    0,    0,  0.3,    0,    0,  0.3,    0,    0,  0.3,    0) /* LowerArm */
     , (2000340,  5,  4,  2, 0.75,    0,    0,    0,    0,    0,    0,    0,    0,    0, 2,    0,  0.2,    0,    0,  0.2,    0,    0,  0.2,    0,    0,  0.2,    0) /* Hand */
     , (2000340,  6,  4,  0,    0,    0,    0,    0,    0,    0,    0,    0,    0,    0, 3,    0, 0.13, 0.18,    0, 0.13, 0.18,    0, 0.13, 0.18,    0, 0.13, 0.18) /* UpperLeg */
     , (2000340,  7,  4,  0,    0,    0,    0,    0,    0,    0,    0,    0,    0,    0, 3,    0,    0,  0.6,    0,    0,  0.6,    0,    0,  0.6,    0,    0,  0.6) /* LowerLeg */
     , (2000340,  8,  4,  2, 0.75,    0,    0,    0,    0,    0,    0,    0,    0,    0, 3,    0,    0, 0.22,    0,    0, 0.22,    0,    0, 0.22,    0,    0, 0.22) /* Foot */;

INSERT INTO `weenie_properties_emote` (`object_Id`, `category`, `probability`, `weenie_Class_Id`, `style`, `substyle`, `quest`, `vendor_Type`, `min_Health`, `max_Health`)
VALUES (2000340,  7 /* Use */,      1, NULL, NULL, NULL, NULL, NULL, NULL, NULL);

SET @parent_id = LAST_INSERT_ID();

INSERT INTO `weenie_properties_emote_action` (`emote_Id`, `order`, `type`, `delay`, `extent`, `motion`, `message`, `test_String`, `min`, `max`, `min_64`, `max_64`, `min_Dbl`, `max_Dbl`, `stat`, `display`, `amount`, `amount_64`, `hero_X_P_64`, `percent`, `spell_Id`, `wealth_Rating`, `treasure_Class`, `treasure_Type`, `p_Script`, `sound`, `destination_Type`, `weenie_Class_Id`, `stack_Size`, `palette`, `shade`, `try_To_Bond`, `obj_Cell_Id`, `origin_X`, `origin_Y`, `origin_Z`, `angles_W`, `angles_X`, `angles_Y`, `angles_Z`)
VALUES (@parent_id,  0,  10 /* Tell */, 0, 1, NULL, 'Nice to see some support coming to this town, finally!', NULL, NULL, NULL, NULL, NULL, NULL, NULL, NULL, NULL, NULL, NULL, NULL, NULL, NULL, NULL, NULL, NULL, NULL, NULL, NULL, NULL, NULL, NULL, NULL, NULL, NULL, NULL, NULL, NULL, NULL, NULL, NULL, NULL);

INSERT INTO `weenie_properties_create_list` (`object_Id`, `destination_Type`, `weenie_Class_Id`, `stack_Size`, `palette`, `shade`, `try_To_Bond`)
VALUES (2000340, 2,   121,  0, 93, 0.8, False) /* Create Gloves (121) for Wield */
     , (2000340, 2, 25701,  0, 88, 1, False) /* Create Sleek Dress (25701) for Wield */
     , (2000340, 2,  2604,  0, 9, 1, False) /* Create Breeches (2604) for Wield */;

DELETE FROM `weenie` WHERE `class_Id` = 2000341;

INSERT INTO `weenie` (`class_Id`, `class_Name`, `type`, `last_Modified`)
VALUES (2000341, 'ace2000341-townsfolk', 10, '2019-09-30 13:45:51') /* Creature */;

INSERT INTO `weenie_properties_int` (`object_Id`, `type`, `value`)
VALUES (2000341,   1,         16) /* ItemType - Creature */
     , (2000341,   2,         31) /* CreatureType - Human */
     , (2000341,   6,         -1) /* ItemsCapacity */
     , (2000341,   7,         -1) /* ContainersCapacity */
     , (2000341,   8,        120) /* Mass */
     , (2000341,  16,         32) /* ItemUseable - Remote */
     , (2000341,  25,         16) /* Level */
     , (2000341,  27,          0) /* ArmorType - None */
     , (2000341,  93,    6292504) /* PhysicsState - ReportCollisions, IgnoreCollisions, Gravity, ReportCollisionsAsEnvironment, EdgeSlide */
     , (2000341,  95,          8) /* RadarBlipColor - Yellow */
     , (2000341, 113,          2) /* Gender - Female */
     , (2000341, 133,          4) /* ShowableOnRadar - ShowAlways */
     , (2000341, 134,         16) /* PlayerKillerStatus - RubberGlue */
     , (2000341, 146,        318) /* XpOverride */
     , (2000341, 188,          1) /* HeritageGroup - Aluvian */;

INSERT INTO `weenie_properties_bool` (`object_Id`, `type`, `value`)
VALUES (2000341,   1, True ) /* Stuck */
     , (2000341,   8, True ) /* AllowGive */
     , (2000341,  11, True ) /* IgnoreCollisions */
     , (2000341,  12, True ) /* ReportCollisions */
     , (2000341,  13, False) /* Ethereal */
     , (2000341,  14, True ) /* GravityStatus */
     , (2000341,  19, False) /* Attackable */
     , (2000341,  29, True ) /* NoCorpse */
     , (2000341,  41, True ) /* ReportCollisionsAsEnvironment */
     , (2000341,  42, True ) /* AllowEdgeSlide */
     , (2000341,  52, True ) /* AiImmobile */
     , (2000341,  79, True ) /* AiAcceptEverything */;

INSERT INTO `weenie_properties_float` (`object_Id`, `type`, `value`)
VALUES (2000341,   1,       5) /* HeartbeatInterval */
     , (2000341,   2,       0) /* HeartbeatTimestamp */
     , (2000341,   3, 0.159999996423721) /* HealthRate */
     , (2000341,   4,       5) /* StaminaRate */
     , (2000341,   5,       1) /* ManaRate */
     , (2000341,  13, 0.899999976158142) /* ArmorModVsSlash */
     , (2000341,  14,       1) /* ArmorModVsPierce */
     , (2000341,  15, 1.10000002384186) /* ArmorModVsBludgeon */
     , (2000341,  16, 0.400000005960464) /* ArmorModVsCold */
     , (2000341,  17, 0.400000005960464) /* ArmorModVsFire */
     , (2000341,  18,       1) /* ArmorModVsAcid */
     , (2000341,  19, 0.600000023841858) /* ArmorModVsElectric */
     , (2000341,  54,       3) /* UseRadius */
     , (2000341,  64,       1) /* ResistSlash */
     , (2000341,  65,       1) /* ResistPierce */
     , (2000341,  66,       1) /* ResistBludgeon */
     , (2000341,  67,       1) /* ResistFire */
     , (2000341,  68,       1) /* ResistCold */
     , (2000341,  69,       1) /* ResistAcid */
     , (2000341,  70,       1) /* ResistElectric */
     , (2000341,  71,       1) /* ResistHealthBoost */
     , (2000341,  72,       1) /* ResistStaminaDrain */
     , (2000341,  73,       1) /* ResistStaminaBoost */
     , (2000341,  74,       1) /* ResistManaDrain */
     , (2000341,  75,       1) /* ResistManaBoost */
     , (2000341, 104,      10) /* ObviousRadarRange */
     , (2000341, 125,       1) /* ResistHealthDrain */;

INSERT INTO `weenie_properties_string` (`object_Id`, `type`, `value`)
VALUES (2000341,   1, 'Townsfolk') /* Name */
     , (2000341,   3, 'Female') /* Sex */
     , (2000341,   4, 'Aluvian') /* HeritageGroup */
     , (2000341,   5, 'Herald') /* Template */;

INSERT INTO `weenie_properties_d_i_d` (`object_Id`, `type`, `value`)
VALUES (2000341,   1,   33554510) /* Setup */
     , (2000341,   2,  150994945) /* MotionTable */
     , (2000341,   3,  536870914) /* SoundTable */
     , (2000341,   4,  805306368) /* CombatTable */
     , (2000341,   6,   67108990) /* PaletteBase */
     , (2000341,   8,  100667446) /* Icon */
     , (2000341,   9,   83890279) /* EyesTexture */
     , (2000341,  10,   83890302) /* NoseTexture */
     , (2000341,  11,   83890324) /* MouthTexture */
     , (2000341,  15,   67116982) /* HairPalette */
     , (2000341,  16,   67110063) /* EyesPalette */
     , (2000341,  17,   67109561) /* SkinPalette */;

INSERT INTO `weenie_properties_attribute` (`object_Id`, `type`, `init_Level`, `level_From_C_P`, `c_P_Spent`)
VALUES (2000341,   1, 120, 0, 0) /* Strength */
     , (2000341,   2, 130, 0, 0) /* Endurance */
     , (2000341,   3, 100, 0, 0) /* Quickness */
     , (2000341,   4, 115, 0, 0) /* Coordination */
     , (2000341,   5, 110, 0, 0) /* Focus */
     , (2000341,   6, 100, 0, 0) /* Self */;

INSERT INTO `weenie_properties_attribute_2nd` (`object_Id`, `type`, `init_Level`, `level_From_C_P`, `c_P_Spent`, `current_Level`)
VALUES (2000341,   1,     0, 0, 0, 65) /* MaxHealth */
     , (2000341,   3,     0, 0, 0, 130) /* MaxStamina */
     , (2000341,   5,     0, 0, 0, 100) /* MaxMana */;

INSERT INTO `weenie_properties_skill` (`object_Id`, `type`, `level_From_P_P`, `s_a_c`, `p_p`, `init_Level`, `resistance_At_Last_Check`, `last_Used_Time`)
VALUES (2000341,  6, 0, 2, 0,   1, 0, 0) /* MeleeDefense        Trained */
     , (2000341,  7, 0, 2, 0,   1, 0, 0) /* MissileDefense      Trained */
     , (2000341, 13, 0, 2, 0,   1, 0, 0) /* UnarmedCombat       Trained */;

INSERT INTO `weenie_properties_body_part` (`object_Id`, `key`, `d_Type`, `d_Val`, `d_Var`, `base_Armor`, `armor_Vs_Slash`, `armor_Vs_Pierce`, `armor_Vs_Bludgeon`, `armor_Vs_Cold`, `armor_Vs_Fire`, `armor_Vs_Acid`, `armor_Vs_Electric`, `armor_Vs_Nether`, `b_h`, `h_l_f`, `m_l_f`, `l_l_f`, `h_r_f`, `m_r_f`, `l_r_f`, `h_l_b`, `m_l_b`, `l_l_b`, `h_r_b`, `m_r_b`, `l_r_b`)
VALUES (2000341,  0,  4,  0,    0,    0,    0,    0,    0,    0,    0,    0,    0,    0, 1, 0.33,    0,    0, 0.33,    0,    0, 0.33,    0,    0, 0.33,    0,    0) /* Head */
     , (2000341,  1,  4,  0,    0,    0,    0,    0,    0,    0,    0,    0,    0,    0, 2, 0.44, 0.17,    0, 0.44, 0.17,    0, 0.44, 0.17,    0, 0.44, 0.17,    0) /* Chest */
     , (2000341,  2,  4,  0,    0,    0,    0,    0,    0,    0,    0,    0,    0,    0, 3,    0, 0.17,    0,    0, 0.17,    0,    0, 0.17,    0,    0, 0.17,    0) /* Abdomen */
     , (2000341,  3,  4,  0,    0,    0,    0,    0,    0,    0,    0,    0,    0,    0, 1, 0.23, 0.03,    0, 0.23, 0.03,    0, 0.23, 0.03,    0, 0.23, 0.03,    0) /* UpperArm */
     , (2000341,  4,  4,  0,    0,    0,    0,    0,    0,    0,    0,    0,    0,    0, 2,    0,  0.3,    0,    0,  0.3,    0,    0,  0.3,    0,    0,  0.3,    0) /* LowerArm */
     , (2000341,  5,  4,  2, 0.75,    0,    0,    0,    0,    0,    0,    0,    0,    0, 2,    0,  0.2,    0,    0,  0.2,    0,    0,  0.2,    0,    0,  0.2,    0) /* Hand */
     , (2000341,  6,  4,  0,    0,    0,    0,    0,    0,    0,    0,    0,    0,    0, 3,    0, 0.13, 0.18,    0, 0.13, 0.18,    0, 0.13, 0.18,    0, 0.13, 0.18) /* UpperLeg */
     , (2000341,  7,  4,  0,    0,    0,    0,    0,    0,    0,    0,    0,    0,    0, 3,    0,    0,  0.6,    0,    0,  0.6,    0,    0,  0.6,    0,    0,  0.6) /* LowerLeg */
     , (2000341,  8,  4,  2, 0.75,    0,    0,    0,    0,    0,    0,    0,    0,    0, 3,    0,    0, 0.22,    0,    0, 0.22,    0,    0, 0.22,    0,    0, 0.22) /* Foot */;

INSERT INTO `weenie_properties_emote` (`object_Id`, `category`, `probability`, `weenie_Class_Id`, `style`, `substyle`, `quest`, `vendor_Type`, `min_Health`, `max_Health`)
VALUES (2000341,  7 /* Use */,      1, NULL, NULL, NULL, NULL, NULL, NULL, NULL);

SET @parent_id = LAST_INSERT_ID();

INSERT INTO `weenie_properties_emote_action` (`emote_Id`, `order`, `type`, `delay`, `extent`, `motion`, `message`, `test_String`, `min`, `max`, `min_64`, `max_64`, `min_Dbl`, `max_Dbl`, `stat`, `display`, `amount`, `amount_64`, `hero_X_P_64`, `percent`, `spell_Id`, `wealth_Rating`, `treasure_Class`, `treasure_Type`, `p_Script`, `sound`, `destination_Type`, `weenie_Class_Id`, `stack_Size`, `palette`, `shade`, `try_To_Bond`, `obj_Cell_Id`, `origin_X`, `origin_Y`, `origin_Z`, `angles_W`, `angles_X`, `angles_Y`, `angles_Z`)
VALUES (@parent_id,  0,  10 /* Tell */, 0, 1, NULL, 'To think one day we will no longe have to keep our families behind these locked gates.', NULL, NULL, NULL, NULL, NULL, NULL, NULL, NULL, NULL, NULL, NULL, NULL, NULL, NULL, NULL, NULL, NULL, NULL, NULL, NULL, NULL, NULL, NULL, NULL, NULL, NULL, NULL, NULL, NULL, NULL, NULL, NULL, NULL);

INSERT INTO `weenie_properties_create_list` (`object_Id`, `destination_Type`, `weenie_Class_Id`, `stack_Size`, `palette`, `shade`, `try_To_Bond`)
VALUES (2000341, 2,   121,  0, 90, 0.8, False) /* Create Gloves (121) for Wield */
     , (2000341, 2,  2596,  0, 90, 1, False) /* Create Doublet (2596) for Wield */
     , (2000341, 2,  2604,  0, 91, 1, False) /* Create Breeches (2604) for Wield */;

DELETE FROM `weenie` WHERE `class_Id` = 2000342;

INSERT INTO `weenie` (`class_Id`, `class_Name`, `type`, `last_Modified`)
VALUES (2000342, 'ace2000342-townfolk', 10, '2019-09-30 13:45:52') /* Creature */;

INSERT INTO `weenie_properties_int` (`object_Id`, `type`, `value`)
VALUES (2000342,   1,         16) /* ItemType - Creature */
     , (2000342,   2,         57) /* CreatureType - AunTumerok */
     , (2000342,   6,         -1) /* ItemsCapacity */
     , (2000342,   7,         -1) /* ContainersCapacity */
     , (2000342,  16,         32) /* ItemUseable - Remote */
     , (2000342,  25,         72) /* Level */
     , (2000342,  93,    6292504) /* PhysicsState - ReportCollisions, IgnoreCollisions, Gravity, ReportCollisionsAsEnvironment, EdgeSlide */
     , (2000342,  95,          8) /* RadarBlipColor - Yellow */
     , (2000342, 133,          4) /* ShowableOnRadar - ShowAlways */
     , (2000342, 134,         16) /* PlayerKillerStatus - RubberGlue */;

INSERT INTO `weenie_properties_bool` (`object_Id`, `type`, `value`)
VALUES (2000342,   1, True ) /* Stuck */
     , (2000342,  11, True ) /* IgnoreCollisions */
     , (2000342,  12, True ) /* ReportCollisions */
     , (2000342,  14, True ) /* GravityStatus */
     , (2000342,  19, False) /* Attackable */
     , (2000342,  41, True ) /* ReportCollisionsAsEnvironment */
     , (2000342,  42, True ) /* AllowEdgeSlide */;

INSERT INTO `weenie_properties_float` (`object_Id`, `type`, `value`)
VALUES (2000342,  54,       3) /* UseRadius */;

INSERT INTO `weenie_properties_string` (`object_Id`, `type`, `value`)
VALUES (2000342,   1, 'Townfolk') /* Name */
     , (2000342,   5, 'Portal Warden') /* Template */;

INSERT INTO `weenie_properties_d_i_d` (`object_Id`, `type`, `value`)
VALUES (2000342,   1,   33557117) /* Setup */
     , (2000342,   2,  150994945) /* MotionTable */
     , (2000342,   3,  536870931) /* SoundTable */
     , (2000342,   6,   67113280) /* PaletteBase */
     , (2000342,   8,  100671756) /* Icon */;

INSERT INTO `weenie_properties_attribute` (`object_Id`, `type`, `init_Level`, `level_From_C_P`, `c_P_Spent`)
VALUES (2000342,   1, 180, 0, 0) /* Strength */
     , (2000342,   2, 190, 0, 0) /* Endurance */
     , (2000342,   3, 165, 0, 0) /* Quickness */
     , (2000342,   4, 175, 0, 0) /* Coordination */
     , (2000342,   5, 150, 0, 0) /* Focus */
     , (2000342,   6, 160, 0, 0) /* Self */;

INSERT INTO `weenie_properties_attribute_2nd` (`object_Id`, `type`, `init_Level`, `level_From_C_P`, `c_P_Spent`, `current_Level`)
VALUES (2000342,   1,   100, 0, 0, 195) /* MaxHealth */
     , (2000342,   3,   100, 0, 0, 290) /* MaxStamina */
     , (2000342,   5,   100, 0, 0, 260) /* MaxMana */;

INSERT INTO `weenie_properties_skill` (`object_Id`, `type`, `level_From_P_P`, `s_a_c`, `p_p`, `init_Level`, `resistance_At_Last_Check`, `last_Used_Time`)
VALUES (2000342,  6, 0, 3, 0, 410, 0, 0) /* MeleeDefense        Specialized */;

INSERT INTO `weenie_properties_body_part` (`object_Id`, `key`, `d_Type`, `d_Val`, `d_Var`, `base_Armor`, `armor_Vs_Slash`, `armor_Vs_Pierce`, `armor_Vs_Bludgeon`, `armor_Vs_Cold`, `armor_Vs_Fire`, `armor_Vs_Acid`, `armor_Vs_Electric`, `armor_Vs_Nether`, `b_h`, `h_l_f`, `m_l_f`, `l_l_f`, `h_r_f`, `m_r_f`, `l_r_f`, `h_l_b`, `m_l_b`, `l_l_b`, `h_r_b`, `m_r_b`, `l_r_b`)
VALUES (2000342,  0,  4,  0,    0,    0,    0,    0,    0,    0,    0,    0,    0,    0, 1, 0.33,    0,    0, 0.33,    0,    0, 0.33,    0,    0, 0.33,    0,    0) /* Head */
     , (2000342,  1,  4,  0,    0,    0,    0,    0,    0,    0,    0,    0,    0,    0, 2, 0.44, 0.17,    0, 0.44, 0.17,    0, 0.44, 0.17,    0, 0.44, 0.17,    0) /* Chest */
     , (2000342,  2,  4,  0,    0,    0,    0,    0,    0,    0,    0,    0,    0,    0, 3,    0, 0.17,    0,    0, 0.17,    0,    0, 0.17,    0,    0, 0.17,    0) /* Abdomen */
     , (2000342,  3,  4,  0,    0,    0,    0,    0,    0,    0,    0,    0,    0,    0, 1, 0.23, 0.03,    0, 0.23, 0.03,    0, 0.23, 0.03,    0, 0.23, 0.03,    0) /* UpperArm */
     , (2000342,  4,  4,  0,    0,    0,    0,    0,    0,    0,    0,    0,    0,    0, 2,    0,  0.3,    0,    0,  0.3,    0,    0,  0.3,    0,    0,  0.3,    0) /* LowerArm */
     , (2000342,  5,  4,  2, 0.75,    0,    0,    0,    0,    0,    0,    0,    0,    0, 2,    0,  0.2,    0,    0,  0.2,    0,    0,  0.2,    0,    0,  0.2,    0) /* Hand */
     , (2000342,  6,  4,  0,    0,    0,    0,    0,    0,    0,    0,    0,    0,    0, 3,    0, 0.13, 0.18,    0, 0.13, 0.18,    0, 0.13, 0.18,    0, 0.13, 0.18) /* UpperLeg */
     , (2000342,  7,  4,  0,    0,    0,    0,    0,    0,    0,    0,    0,    0,    0, 3,    0,    0,  0.6,    0,    0,  0.6,    0,    0,  0.6,    0,    0,  0.6) /* LowerLeg */
     , (2000342,  8,  4,  2, 0.75,    0,    0,    0,    0,    0,    0,    0,    0,    0, 3,    0,    0, 0.22,    0,    0, 0.22,    0,    0, 0.22,    0,    0, 0.22) /* Foot */;

INSERT INTO `weenie_properties_emote` (`object_Id`, `category`, `probability`, `weenie_Class_Id`, `style`, `substyle`, `quest`, `vendor_Type`, `min_Health`, `max_Health`)
VALUES (2000342,  7 /* Use */,      1, NULL, NULL, NULL, NULL, NULL, NULL, NULL);

SET @parent_id = LAST_INSERT_ID();

INSERT INTO `weenie_properties_emote_action` (`emote_Id`, `order`, `type`, `delay`, `extent`, `motion`, `message`, `test_String`, `min`, `max`, `min_64`, `max_64`, `min_Dbl`, `max_Dbl`, `stat`, `display`, `amount`, `amount_64`, `hero_X_P_64`, `percent`, `spell_Id`, `wealth_Rating`, `treasure_Class`, `treasure_Type`, `p_Script`, `sound`, `destination_Type`, `weenie_Class_Id`, `stack_Size`, `palette`, `shade`, `try_To_Bond`, `obj_Cell_Id`, `origin_X`, `origin_Y`, `origin_Z`, `angles_W`, `angles_X`, `angles_Y`, `angles_Z`)
VALUES (@parent_id,  0,  10 /* Tell */, 1, 1, NULL, 'We are one with the world my four legged friend I will see you free', NULL, NULL, NULL, NULL, NULL, NULL, NULL, NULL, NULL, NULL, NULL, NULL, NULL, NULL, NULL, NULL, NULL, NULL, NULL, NULL, NULL, NULL, NULL, NULL, NULL, NULL, NULL, NULL, NULL, NULL, NULL, NULL, NULL);

DELETE FROM `weenie` WHERE `class_Id` = 2000343;

INSERT INTO `weenie` (`class_Id`, `class_Name`, `type`, `last_Modified`)
VALUES (2000343, 'ace2000343-townsfolk', 10, '2019-09-30 13:45:53') /* Creature */;

INSERT INTO `weenie_properties_int` (`object_Id`, `type`, `value`)
VALUES (2000343,   1,         16) /* ItemType - Creature */
     , (2000343,   2,         31) /* CreatureType - Human */
     , (2000343,   6,         -1) /* ItemsCapacity */
     , (2000343,   7,         -1) /* ContainersCapacity */
     , (2000343,   8,        120) /* Mass */
     , (2000343,  16,         32) /* ItemUseable - Remote */
     , (2000343,  25,         16) /* Level */
     , (2000343,  27,          0) /* ArmorType - None */
     , (2000343,  93,    6292504) /* PhysicsState - ReportCollisions, IgnoreCollisions, Gravity, ReportCollisionsAsEnvironment, EdgeSlide */
     , (2000343,  95,          8) /* RadarBlipColor - Yellow */
     , (2000343, 113,          2) /* Gender - Female */
     , (2000343, 133,          4) /* ShowableOnRadar - ShowAlways */
     , (2000343, 134,         16) /* PlayerKillerStatus - RubberGlue */
     , (2000343, 146,        318) /* XpOverride */
     , (2000343, 188,          1) /* HeritageGroup - Aluvian */;

INSERT INTO `weenie_properties_bool` (`object_Id`, `type`, `value`)
VALUES (2000343,   1, True ) /* Stuck */
     , (2000343,   8, True ) /* AllowGive */
     , (2000343,  11, True ) /* IgnoreCollisions */
     , (2000343,  12, True ) /* ReportCollisions */
     , (2000343,  13, False) /* Ethereal */
     , (2000343,  14, True ) /* GravityStatus */
     , (2000343,  19, False) /* Attackable */
     , (2000343,  29, True ) /* NoCorpse */
     , (2000343,  41, True ) /* ReportCollisionsAsEnvironment */
     , (2000343,  42, True ) /* AllowEdgeSlide */
     , (2000343,  52, True ) /* AiImmobile */
     , (2000343,  79, True ) /* AiAcceptEverything */;

INSERT INTO `weenie_properties_float` (`object_Id`, `type`, `value`)
VALUES (2000343,   1,       5) /* HeartbeatInterval */
     , (2000343,   2,       0) /* HeartbeatTimestamp */
     , (2000343,   3, 0.159999996423721) /* HealthRate */
     , (2000343,   4,       5) /* StaminaRate */
     , (2000343,   5,       1) /* ManaRate */
     , (2000343,  13, 0.899999976158142) /* ArmorModVsSlash */
     , (2000343,  14,       1) /* ArmorModVsPierce */
     , (2000343,  15, 1.10000002384186) /* ArmorModVsBludgeon */
     , (2000343,  16, 0.400000005960464) /* ArmorModVsCold */
     , (2000343,  17, 0.400000005960464) /* ArmorModVsFire */
     , (2000343,  18,       1) /* ArmorModVsAcid */
     , (2000343,  19, 0.600000023841858) /* ArmorModVsElectric */
     , (2000343,  54,       3) /* UseRadius */
     , (2000343,  64,       1) /* ResistSlash */
     , (2000343,  65,       1) /* ResistPierce */
     , (2000343,  66,       1) /* ResistBludgeon */
     , (2000343,  67,       1) /* ResistFire */
     , (2000343,  68,       1) /* ResistCold */
     , (2000343,  69,       1) /* ResistAcid */
     , (2000343,  70,       1) /* ResistElectric */
     , (2000343,  71,       1) /* ResistHealthBoost */
     , (2000343,  72,       1) /* ResistStaminaDrain */
     , (2000343,  73,       1) /* ResistStaminaBoost */
     , (2000343,  74,       1) /* ResistManaDrain */
     , (2000343,  75,       1) /* ResistManaBoost */
     , (2000343, 104,      10) /* ObviousRadarRange */
     , (2000343, 125,       1) /* ResistHealthDrain */;

INSERT INTO `weenie_properties_string` (`object_Id`, `type`, `value`)
VALUES (2000343,   1, 'Townsfolk') /* Name */
     , (2000343,   3, 'Female') /* Sex */
     , (2000343,   4, 'Aluvian') /* HeritageGroup */
     , (2000343,   5, 'Herald') /* Template */;

INSERT INTO `weenie_properties_d_i_d` (`object_Id`, `type`, `value`)
VALUES (2000343,   1,   33554510) /* Setup */
     , (2000343,   2,  150994945) /* MotionTable */
     , (2000343,   3,  536870914) /* SoundTable */
     , (2000343,   4,  805306368) /* CombatTable */
     , (2000343,   6,   67108990) /* PaletteBase */
     , (2000343,   8,  100667446) /* Icon */
     , (2000343,   9,   83890279) /* EyesTexture */
     , (2000343,  10,   83890302) /* NoseTexture */
     , (2000343,  11,   83890324) /* MouthTexture */
     , (2000343,  15,   67116982) /* HairPalette */
     , (2000343,  16,   67110063) /* EyesPalette */
     , (2000343,  17,   67109561) /* SkinPalette */;

INSERT INTO `weenie_properties_attribute` (`object_Id`, `type`, `init_Level`, `level_From_C_P`, `c_P_Spent`)
VALUES (2000343,   1, 120, 0, 0) /* Strength */
     , (2000343,   2, 130, 0, 0) /* Endurance */
     , (2000343,   3, 100, 0, 0) /* Quickness */
     , (2000343,   4, 115, 0, 0) /* Coordination */
     , (2000343,   5, 110, 0, 0) /* Focus */
     , (2000343,   6, 100, 0, 0) /* Self */;

INSERT INTO `weenie_properties_attribute_2nd` (`object_Id`, `type`, `init_Level`, `level_From_C_P`, `c_P_Spent`, `current_Level`)
VALUES (2000343,   1,     0, 0, 0, 65) /* MaxHealth */
     , (2000343,   3,     0, 0, 0, 130) /* MaxStamina */
     , (2000343,   5,     0, 0, 0, 100) /* MaxMana */;

INSERT INTO `weenie_properties_skill` (`object_Id`, `type`, `level_From_P_P`, `s_a_c`, `p_p`, `init_Level`, `resistance_At_Last_Check`, `last_Used_Time`)
VALUES (2000343,  6, 0, 2, 0,   1, 0, 0) /* MeleeDefense        Trained */
     , (2000343,  7, 0, 2, 0,   1, 0, 0) /* MissileDefense      Trained */
     , (2000343, 13, 0, 2, 0,   1, 0, 0) /* UnarmedCombat       Trained */;

INSERT INTO `weenie_properties_body_part` (`object_Id`, `key`, `d_Type`, `d_Val`, `d_Var`, `base_Armor`, `armor_Vs_Slash`, `armor_Vs_Pierce`, `armor_Vs_Bludgeon`, `armor_Vs_Cold`, `armor_Vs_Fire`, `armor_Vs_Acid`, `armor_Vs_Electric`, `armor_Vs_Nether`, `b_h`, `h_l_f`, `m_l_f`, `l_l_f`, `h_r_f`, `m_r_f`, `l_r_f`, `h_l_b`, `m_l_b`, `l_l_b`, `h_r_b`, `m_r_b`, `l_r_b`)
VALUES (2000343,  0,  4,  0,    0,    0,    0,    0,    0,    0,    0,    0,    0,    0, 1, 0.33,    0,    0, 0.33,    0,    0, 0.33,    0,    0, 0.33,    0,    0) /* Head */
     , (2000343,  1,  4,  0,    0,    0,    0,    0,    0,    0,    0,    0,    0,    0, 2, 0.44, 0.17,    0, 0.44, 0.17,    0, 0.44, 0.17,    0, 0.44, 0.17,    0) /* Chest */
     , (2000343,  2,  4,  0,    0,    0,    0,    0,    0,    0,    0,    0,    0,    0, 3,    0, 0.17,    0,    0, 0.17,    0,    0, 0.17,    0,    0, 0.17,    0) /* Abdomen */
     , (2000343,  3,  4,  0,    0,    0,    0,    0,    0,    0,    0,    0,    0,    0, 1, 0.23, 0.03,    0, 0.23, 0.03,    0, 0.23, 0.03,    0, 0.23, 0.03,    0) /* UpperArm */
     , (2000343,  4,  4,  0,    0,    0,    0,    0,    0,    0,    0,    0,    0,    0, 2,    0,  0.3,    0,    0,  0.3,    0,    0,  0.3,    0,    0,  0.3,    0) /* LowerArm */
     , (2000343,  5,  4,  2, 0.75,    0,    0,    0,    0,    0,    0,    0,    0,    0, 2,    0,  0.2,    0,    0,  0.2,    0,    0,  0.2,    0,    0,  0.2,    0) /* Hand */
     , (2000343,  6,  4,  0,    0,    0,    0,    0,    0,    0,    0,    0,    0,    0, 3,    0, 0.13, 0.18,    0, 0.13, 0.18,    0, 0.13, 0.18,    0, 0.13, 0.18) /* UpperLeg */
     , (2000343,  7,  4,  0,    0,    0,    0,    0,    0,    0,    0,    0,    0,    0, 3,    0,    0,  0.6,    0,    0,  0.6,    0,    0,  0.6,    0,    0,  0.6) /* LowerLeg */
     , (2000343,  8,  4,  2, 0.75,    0,    0,    0,    0,    0,    0,    0,    0,    0, 3,    0,    0, 0.22,    0,    0, 0.22,    0,    0, 0.22,    0,    0, 0.22) /* Foot */;

INSERT INTO `weenie_properties_emote` (`object_Id`, `category`, `probability`, `weenie_Class_Id`, `style`, `substyle`, `quest`, `vendor_Type`, `min_Health`, `max_Health`)
VALUES (2000343,  7 /* Use */,      1, NULL, NULL, NULL, NULL, NULL, NULL, NULL);

SET @parent_id = LAST_INSERT_ID();

INSERT INTO `weenie_properties_emote_action` (`emote_Id`, `order`, `type`, `delay`, `extent`, `motion`, `message`, `test_String`, `min`, `max`, `min_64`, `max_64`, `min_Dbl`, `max_Dbl`, `stat`, `display`, `amount`, `amount_64`, `hero_X_P_64`, `percent`, `spell_Id`, `wealth_Rating`, `treasure_Class`, `treasure_Type`, `p_Script`, `sound`, `destination_Type`, `weenie_Class_Id`, `stack_Size`, `palette`, `shade`, `try_To_Bond`, `obj_Cell_Id`, `origin_X`, `origin_Y`, `origin_Z`, `angles_W`, `angles_X`, `angles_Y`, `angles_Z`)
VALUES (@parent_id,  0,  10 /* Tell */, 0, 1, NULL, 'Did you hear there is a new Virindi with claude in Ayan? What is going on with that town?', NULL, NULL, NULL, NULL, NULL, NULL, NULL, NULL, NULL, NULL, NULL, NULL, NULL, NULL, NULL, NULL, NULL, NULL, NULL, NULL, NULL, NULL, NULL, NULL, NULL, NULL, NULL, NULL, NULL, NULL, NULL, NULL, NULL);

INSERT INTO `weenie_properties_create_list` (`object_Id`, `destination_Type`, `weenie_Class_Id`, `stack_Size`, `palette`, `shade`, `try_To_Bond`)
VALUES (2000343, 2,   121,  0, 90, 0.8, False) /* Create Gloves (121) for Wield */
     , (2000343, 2,  2596,  0, 90, 1, False) /* Create Doublet (2596) for Wield */
     , (2000343, 2,  2604,  0, 91, 1, False) /* Create Breeches (2604) for Wield */;

DELETE FROM `weenie` WHERE `class_Id` = 2000344;

INSERT INTO `weenie` (`class_Id`, `class_Name`, `type`, `last_Modified`)
VALUES (2000344, 'ace2000344-townfolk', 10, '2019-09-30 13:45:54') /* Creature */;

INSERT INTO `weenie_properties_int` (`object_Id`, `type`, `value`)
VALUES (2000344,   1,         16) /* ItemType - Creature */
     , (2000344,   2,          5) /* CreatureType - Lugian */
     , (2000344,   3,         17) /* PaletteTemplate - Yellow */
     , (2000344,   6,         -1) /* ItemsCapacity */
     , (2000344,   7,         -1) /* ContainersCapacity */
     , (2000344,   8,        120) /* Mass */
     , (2000344,  16,         32) /* ItemUseable - Remote */
     , (2000344,  25,        155) /* Level */
     , (2000344,  27,          0) /* ArmorType - None */
     , (2000344,  93,    6292504) /* PhysicsState - ReportCollisions, IgnoreCollisions, Gravity, ReportCollisionsAsEnvironment, EdgeSlide */
     , (2000344,  95,          8) /* RadarBlipColor - Yellow */
     , (2000344, 133,          4) /* ShowableOnRadar - ShowAlways */
     , (2000344, 134,         16) /* PlayerKillerStatus - RubberGlue */
     , (2000344, 146,      17763) /* XpOverride */;

INSERT INTO `weenie_properties_bool` (`object_Id`, `type`, `value`)
VALUES (2000344,   1, True ) /* Stuck */
     , (2000344,   8, True ) /* AllowGive */
     , (2000344,  12, True ) /* ReportCollisions */
     , (2000344,  13, False) /* Ethereal */
     , (2000344,  19, False) /* Attackable */
     , (2000344,  41, True ) /* ReportCollisionsAsEnvironment */
     , (2000344,  42, True ) /* AllowEdgeSlide */
     , (2000344,  52, True ) /* AiImmobile */;

INSERT INTO `weenie_properties_float` (`object_Id`, `type`, `value`)
VALUES (2000344,   1,       5) /* HeartbeatInterval */
     , (2000344,   2,       0) /* HeartbeatTimestamp */
     , (2000344,   3, 0.159999996423721) /* HealthRate */
     , (2000344,   4,       5) /* StaminaRate */
     , (2000344,   5,       1) /* ManaRate */
     , (2000344,  12,     0.5) /* Shade */
     , (2000344,  13, 0.899999976158142) /* ArmorModVsSlash */
     , (2000344,  14,       1) /* ArmorModVsPierce */
     , (2000344,  15, 1.10000002384186) /* ArmorModVsBludgeon */
     , (2000344,  16, 0.400000005960464) /* ArmorModVsCold */
     , (2000344,  17, 0.400000005960464) /* ArmorModVsFire */
     , (2000344,  18,       1) /* ArmorModVsAcid */
     , (2000344,  19, 0.600000023841858) /* ArmorModVsElectric */
     , (2000344,  54,       3) /* UseRadius */
     , (2000344,  64,       1) /* ResistSlash */
     , (2000344,  65,       1) /* ResistPierce */
     , (2000344,  66,       1) /* ResistBludgeon */
     , (2000344,  67,       1) /* ResistFire */
     , (2000344,  68,       1) /* ResistCold */
     , (2000344,  69,       1) /* ResistAcid */
     , (2000344,  70,       1) /* ResistElectric */
     , (2000344,  71,       1) /* ResistHealthBoost */
     , (2000344,  72,       1) /* ResistStaminaDrain */
     , (2000344,  73,       1) /* ResistStaminaBoost */
     , (2000344,  74,       1) /* ResistManaDrain */
     , (2000344,  75,       1) /* ResistManaBoost */
     , (2000344, 104,      10) /* ObviousRadarRange */
     , (2000344, 125,       1) /* ResistHealthDrain */;

INSERT INTO `weenie_properties_string` (`object_Id`, `type`, `value`)
VALUES (2000344,   1, 'Townfolk') /* Name */;

INSERT INTO `weenie_properties_d_i_d` (`object_Id`, `type`, `value`)
VALUES (2000344,   1,   33557003) /* Setup */
     , (2000344,   2,  150994950) /* MotionTable */
     , (2000344,   3,  536870922) /* SoundTable */
     , (2000344,   4,  805306371) /* CombatTable */
     , (2000344,   6,   67113158) /* PaletteBase */
     , (2000344,   7,  268436632) /* ClothingBase */
     , (2000344,   8,  100667447) /* Icon */;

INSERT INTO `weenie_properties_attribute` (`object_Id`, `type`, `init_Level`, `level_From_C_P`, `c_P_Spent`)
VALUES (2000344,   1, 400, 0, 0) /* Strength */
     , (2000344,   2, 360, 0, 0) /* Endurance */
     , (2000344,   3, 350, 0, 0) /* Quickness */
     , (2000344,   4, 420, 0, 0) /* Coordination */
     , (2000344,   5, 250, 0, 0) /* Focus */
     , (2000344,   6, 270, 0, 0) /* Self */;

INSERT INTO `weenie_properties_attribute_2nd` (`object_Id`, `type`, `init_Level`, `level_From_C_P`, `c_P_Spent`, `current_Level`)
VALUES (2000344,   1,   200, 0, 0, 380) /* MaxHealth */
     , (2000344,   3,   100, 0, 0, 460) /* MaxStamina */
     , (2000344,   5,    40, 0, 0, 310) /* MaxMana */;

INSERT INTO `weenie_properties_skill` (`object_Id`, `type`, `level_From_P_P`, `s_a_c`, `p_p`, `init_Level`, `resistance_At_Last_Check`, `last_Used_Time`)
VALUES (2000344,  6, 0, 2, 0,   2, 0, 0) /* MeleeDefense        Trained */
     , (2000344,  7, 0, 2, 0,   2, 0, 0) /* MissileDefense      Trained */
     , (2000344, 13, 0, 2, 0,   2, 0, 0) /* UnarmedCombat       Trained */;

INSERT INTO `weenie_properties_body_part` (`object_Id`, `key`, `d_Type`, `d_Val`, `d_Var`, `base_Armor`, `armor_Vs_Slash`, `armor_Vs_Pierce`, `armor_Vs_Bludgeon`, `armor_Vs_Cold`, `armor_Vs_Fire`, `armor_Vs_Acid`, `armor_Vs_Electric`, `armor_Vs_Nether`, `b_h`, `h_l_f`, `m_l_f`, `l_l_f`, `h_r_f`, `m_r_f`, `l_r_f`, `h_l_b`, `m_l_b`, `l_l_b`, `h_r_b`, `m_r_b`, `l_r_b`)
VALUES (2000344,  0,  4,  0,    0,    0,    0,    0,    0,    0,    0,    0,    0,    0, 1, 0.33,    0,    0, 0.33,    0,    0, 0.33,    0,    0, 0.33,    0,    0) /* Head */
     , (2000344,  1,  4,  0,    0,    0,    0,    0,    0,    0,    0,    0,    0,    0, 2, 0.44, 0.17,    0, 0.44, 0.17,    0, 0.44, 0.17,    0, 0.44, 0.17,    0) /* Chest */
     , (2000344,  2,  4,  0,    0,    0,    0,    0,    0,    0,    0,    0,    0,    0, 3,    0, 0.17,    0,    0, 0.17,    0,    0, 0.17,    0,    0, 0.17,    0) /* Abdomen */
     , (2000344,  3,  4,  0,    0,    0,    0,    0,    0,    0,    0,    0,    0,    0, 1, 0.23, 0.03,    0, 0.23, 0.03,    0, 0.23, 0.03,    0, 0.23, 0.03,    0) /* UpperArm */
     , (2000344,  4,  4,  0,    0,    0,    0,    0,    0,    0,    0,    0,    0,    0, 2,    0,  0.3,    0,    0,  0.3,    0,    0,  0.3,    0,    0,  0.3,    0) /* LowerArm */
     , (2000344,  5,  4,  2, 0.75,    0,    0,    0,    0,    0,    0,    0,    0,    0, 2,    0,  0.2,    0,    0,  0.2,    0,    0,  0.2,    0,    0,  0.2,    0) /* Hand */
     , (2000344,  6,  4,  0,    0,    0,    0,    0,    0,    0,    0,    0,    0,    0, 3,    0, 0.13, 0.18,    0, 0.13, 0.18,    0, 0.13, 0.18,    0, 0.13, 0.18) /* UpperLeg */
     , (2000344,  7,  4,  0,    0,    0,    0,    0,    0,    0,    0,    0,    0,    0, 3,    0,    0,  0.6,    0,    0,  0.6,    0,    0,  0.6,    0,    0,  0.6) /* LowerLeg */
     , (2000344,  8,  4,  2, 0.75,    0,    0,    0,    0,    0,    0,    0,    0,    0, 3,    0,    0, 0.22,    0,    0, 0.22,    0,    0, 0.22,    0,    0, 0.22) /* Foot */;

INSERT INTO `weenie_properties_emote` (`object_Id`, `category`, `probability`, `weenie_Class_Id`, `style`, `substyle`, `quest`, `vendor_Type`, `min_Health`, `max_Health`)
VALUES (2000344,  7 /* Use */,      1, NULL, NULL, NULL, NULL, NULL, NULL, NULL);

SET @parent_id = LAST_INSERT_ID();

INSERT INTO `weenie_properties_emote_action` (`emote_Id`, `order`, `type`, `delay`, `extent`, `motion`, `message`, `test_String`, `min`, `max`, `min_64`, `max_64`, `min_Dbl`, `max_Dbl`, `stat`, `display`, `amount`, `amount_64`, `hero_X_P_64`, `percent`, `spell_Id`, `wealth_Rating`, `treasure_Class`, `treasure_Type`, `p_Script`, `sound`, `destination_Type`, `weenie_Class_Id`, `stack_Size`, `palette`, `shade`, `try_To_Bond`, `obj_Cell_Id`, `origin_X`, `origin_Y`, `origin_Z`, `angles_W`, `angles_X`, `angles_Y`, `angles_Z`)
VALUES (@parent_id,  0,  10 /* Tell */, 1, 1, NULL, 'It''s Just so open here I can''t believe my eyes.', NULL, NULL, NULL, NULL, NULL, NULL, NULL, NULL, NULL, NULL, NULL, NULL, NULL, NULL, NULL, NULL, NULL, NULL, NULL, NULL, NULL, NULL, NULL, NULL, NULL, NULL, NULL, NULL, NULL, NULL, NULL, NULL, NULL);

DELETE FROM `weenie` WHERE `class_Id` = 2000345;

INSERT INTO `weenie` (`class_Id`, `class_Name`, `type`, `last_Modified`)
VALUES (2000345, 'ace2000345-townsfolk', 10, '2019-09-30 13:45:56') /* Creature */;

INSERT INTO `weenie_properties_int` (`object_Id`, `type`, `value`)
VALUES (2000345,   1,         16) /* ItemType - Creature */
     , (2000345,   2,         31) /* CreatureType - Human */
     , (2000345,   6,         -1) /* ItemsCapacity */
     , (2000345,   7,         -1) /* ContainersCapacity */
     , (2000345,   8,        120) /* Mass */
     , (2000345,  16,         32) /* ItemUseable - Remote */
     , (2000345,  25,         16) /* Level */
     , (2000345,  27,          0) /* ArmorType - None */
     , (2000345,  93,    6292504) /* PhysicsState - ReportCollisions, IgnoreCollisions, Gravity, ReportCollisionsAsEnvironment, EdgeSlide */
     , (2000345,  95,          8) /* RadarBlipColor - Yellow */
     , (2000345, 113,          2) /* Gender - Female */
     , (2000345, 133,          4) /* ShowableOnRadar - ShowAlways */
     , (2000345, 134,         16) /* PlayerKillerStatus - RubberGlue */
     , (2000345, 146,        318) /* XpOverride */
     , (2000345, 188,          1) /* HeritageGroup - Aluvian */;

INSERT INTO `weenie_properties_bool` (`object_Id`, `type`, `value`)
VALUES (2000345,   1, True ) /* Stuck */
     , (2000345,   8, True ) /* AllowGive */
     , (2000345,  11, True ) /* IgnoreCollisions */
     , (2000345,  12, True ) /* ReportCollisions */
     , (2000345,  13, False) /* Ethereal */
     , (2000345,  14, True ) /* GravityStatus */
     , (2000345,  19, False) /* Attackable */
     , (2000345,  29, True ) /* NoCorpse */
     , (2000345,  41, True ) /* ReportCollisionsAsEnvironment */
     , (2000345,  42, True ) /* AllowEdgeSlide */
     , (2000345,  52, True ) /* AiImmobile */
     , (2000345,  79, True ) /* AiAcceptEverything */;

INSERT INTO `weenie_properties_float` (`object_Id`, `type`, `value`)
VALUES (2000345,   1,       5) /* HeartbeatInterval */
     , (2000345,   2,       0) /* HeartbeatTimestamp */
     , (2000345,   3, 0.159999996423721) /* HealthRate */
     , (2000345,   4,       5) /* StaminaRate */
     , (2000345,   5,       1) /* ManaRate */
     , (2000345,  13, 0.899999976158142) /* ArmorModVsSlash */
     , (2000345,  14,       1) /* ArmorModVsPierce */
     , (2000345,  15, 1.10000002384186) /* ArmorModVsBludgeon */
     , (2000345,  16, 0.400000005960464) /* ArmorModVsCold */
     , (2000345,  17, 0.400000005960464) /* ArmorModVsFire */
     , (2000345,  18,       1) /* ArmorModVsAcid */
     , (2000345,  19, 0.600000023841858) /* ArmorModVsElectric */
     , (2000345,  54,       3) /* UseRadius */
     , (2000345,  64,       1) /* ResistSlash */
     , (2000345,  65,       1) /* ResistPierce */
     , (2000345,  66,       1) /* ResistBludgeon */
     , (2000345,  67,       1) /* ResistFire */
     , (2000345,  68,       1) /* ResistCold */
     , (2000345,  69,       1) /* ResistAcid */
     , (2000345,  70,       1) /* ResistElectric */
     , (2000345,  71,       1) /* ResistHealthBoost */
     , (2000345,  72,       1) /* ResistStaminaDrain */
     , (2000345,  73,       1) /* ResistStaminaBoost */
     , (2000345,  74,       1) /* ResistManaDrain */
     , (2000345,  75,       1) /* ResistManaBoost */
     , (2000345, 104,      10) /* ObviousRadarRange */
     , (2000345, 125,       1) /* ResistHealthDrain */;

INSERT INTO `weenie_properties_string` (`object_Id`, `type`, `value`)
VALUES (2000345,   1, 'Townsfolk') /* Name */
     , (2000345,   3, 'Female') /* Sex */
     , (2000345,   4, 'Aluvian') /* HeritageGroup */
     , (2000345,   5, 'Herald') /* Template */;

INSERT INTO `weenie_properties_d_i_d` (`object_Id`, `type`, `value`)
VALUES (2000345,   1,   33554510) /* Setup */
     , (2000345,   2,  150994945) /* MotionTable */
     , (2000345,   3,  536870914) /* SoundTable */
     , (2000345,   4,  805306368) /* CombatTable */
     , (2000345,   6,   67108990) /* PaletteBase */
     , (2000345,   8,  100667446) /* Icon */
     , (2000345,   9,   83890279) /* EyesTexture */
     , (2000345,  10,   83890302) /* NoseTexture */
     , (2000345,  11,   83890324) /* MouthTexture */
     , (2000345,  15,   67116982) /* HairPalette */
     , (2000345,  16,   67110063) /* EyesPalette */
     , (2000345,  17,   67109561) /* SkinPalette */;

INSERT INTO `weenie_properties_attribute` (`object_Id`, `type`, `init_Level`, `level_From_C_P`, `c_P_Spent`)
VALUES (2000345,   1, 120, 0, 0) /* Strength */
     , (2000345,   2, 130, 0, 0) /* Endurance */
     , (2000345,   3, 100, 0, 0) /* Quickness */
     , (2000345,   4, 115, 0, 0) /* Coordination */
     , (2000345,   5, 110, 0, 0) /* Focus */
     , (2000345,   6, 100, 0, 0) /* Self */;

INSERT INTO `weenie_properties_attribute_2nd` (`object_Id`, `type`, `init_Level`, `level_From_C_P`, `c_P_Spent`, `current_Level`)
VALUES (2000345,   1,     0, 0, 0, 65) /* MaxHealth */
     , (2000345,   3,     0, 0, 0, 130) /* MaxStamina */
     , (2000345,   5,     0, 0, 0, 100) /* MaxMana */;

INSERT INTO `weenie_properties_skill` (`object_Id`, `type`, `level_From_P_P`, `s_a_c`, `p_p`, `init_Level`, `resistance_At_Last_Check`, `last_Used_Time`)
VALUES (2000345,  6, 0, 2, 0,   1, 0, 0) /* MeleeDefense        Trained */
     , (2000345,  7, 0, 2, 0,   1, 0, 0) /* MissileDefense      Trained */
     , (2000345, 13, 0, 2, 0,   1, 0, 0) /* UnarmedCombat       Trained */;

INSERT INTO `weenie_properties_body_part` (`object_Id`, `key`, `d_Type`, `d_Val`, `d_Var`, `base_Armor`, `armor_Vs_Slash`, `armor_Vs_Pierce`, `armor_Vs_Bludgeon`, `armor_Vs_Cold`, `armor_Vs_Fire`, `armor_Vs_Acid`, `armor_Vs_Electric`, `armor_Vs_Nether`, `b_h`, `h_l_f`, `m_l_f`, `l_l_f`, `h_r_f`, `m_r_f`, `l_r_f`, `h_l_b`, `m_l_b`, `l_l_b`, `h_r_b`, `m_r_b`, `l_r_b`)
VALUES (2000345,  0,  4,  0,    0,    0,    0,    0,    0,    0,    0,    0,    0,    0, 1, 0.33,    0,    0, 0.33,    0,    0, 0.33,    0,    0, 0.33,    0,    0) /* Head */
     , (2000345,  1,  4,  0,    0,    0,    0,    0,    0,    0,    0,    0,    0,    0, 2, 0.44, 0.17,    0, 0.44, 0.17,    0, 0.44, 0.17,    0, 0.44, 0.17,    0) /* Chest */
     , (2000345,  2,  4,  0,    0,    0,    0,    0,    0,    0,    0,    0,    0,    0, 3,    0, 0.17,    0,    0, 0.17,    0,    0, 0.17,    0,    0, 0.17,    0) /* Abdomen */
     , (2000345,  3,  4,  0,    0,    0,    0,    0,    0,    0,    0,    0,    0,    0, 1, 0.23, 0.03,    0, 0.23, 0.03,    0, 0.23, 0.03,    0, 0.23, 0.03,    0) /* UpperArm */
     , (2000345,  4,  4,  0,    0,    0,    0,    0,    0,    0,    0,    0,    0,    0, 2,    0,  0.3,    0,    0,  0.3,    0,    0,  0.3,    0,    0,  0.3,    0) /* LowerArm */
     , (2000345,  5,  4,  2, 0.75,    0,    0,    0,    0,    0,    0,    0,    0,    0, 2,    0,  0.2,    0,    0,  0.2,    0,    0,  0.2,    0,    0,  0.2,    0) /* Hand */
     , (2000345,  6,  4,  0,    0,    0,    0,    0,    0,    0,    0,    0,    0,    0, 3,    0, 0.13, 0.18,    0, 0.13, 0.18,    0, 0.13, 0.18,    0, 0.13, 0.18) /* UpperLeg */
     , (2000345,  7,  4,  0,    0,    0,    0,    0,    0,    0,    0,    0,    0,    0, 3,    0,    0,  0.6,    0,    0,  0.6,    0,    0,  0.6,    0,    0,  0.6) /* LowerLeg */
     , (2000345,  8,  4,  2, 0.75,    0,    0,    0,    0,    0,    0,    0,    0,    0, 3,    0,    0, 0.22,    0,    0, 0.22,    0,    0, 0.22,    0,    0, 0.22) /* Foot */;

INSERT INTO `weenie_properties_emote` (`object_Id`, `category`, `probability`, `weenie_Class_Id`, `style`, `substyle`, `quest`, `vendor_Type`, `min_Health`, `max_Health`)
VALUES (2000345,  7 /* Use */,      1, NULL, NULL, NULL, NULL, NULL, NULL, NULL);

SET @parent_id = LAST_INSERT_ID();

INSERT INTO `weenie_properties_emote_action` (`emote_Id`, `order`, `type`, `delay`, `extent`, `motion`, `message`, `test_String`, `min`, `max`, `min_64`, `max_64`, `min_Dbl`, `max_Dbl`, `stat`, `display`, `amount`, `amount_64`, `hero_X_P_64`, `percent`, `spell_Id`, `wealth_Rating`, `treasure_Class`, `treasure_Type`, `p_Script`, `sound`, `destination_Type`, `weenie_Class_Id`, `stack_Size`, `palette`, `shade`, `try_To_Bond`, `obj_Cell_Id`, `origin_X`, `origin_Y`, `origin_Z`, `angles_W`, `angles_X`, `angles_Y`, `angles_Z`)
VALUES (@parent_id,  0,  10 /* Tell */, 0, 1, NULL, 'Greedy damn shopkeep!', NULL, NULL, NULL, NULL, NULL, NULL, NULL, NULL, NULL, NULL, NULL, NULL, NULL, NULL, NULL, NULL, NULL, NULL, NULL, NULL, NULL, NULL, NULL, NULL, NULL, NULL, NULL, NULL, NULL, NULL, NULL, NULL, NULL);

INSERT INTO `weenie_properties_create_list` (`object_Id`, `destination_Type`, `weenie_Class_Id`, `stack_Size`, `palette`, `shade`, `try_To_Bond`)
VALUES (2000345, 2,   121,  0, 90, 0.8, False) /* Create Gloves (121) for Wield */
     , (2000345, 2,  2596,  0, 88, 1, False) /* Create Doublet (2596) for Wield */
     , (2000345, 2,  2604,  0, 87, 1, False) /* Create Breeches (2604) for Wield */;

DELETE FROM `weenie` WHERE `class_Id` = 2000346;

INSERT INTO `weenie` (`class_Id`, `class_Name`, `type`, `last_Modified`)
VALUES (2000346, 'ace2000346-townsfolk', 10, '2019-09-30 13:45:57') /* Creature */;

INSERT INTO `weenie_properties_int` (`object_Id`, `type`, `value`)
VALUES (2000346,   1,         16) /* ItemType - Creature */
     , (2000346,   2,         31) /* CreatureType - Human */
     , (2000346,   6,         -1) /* ItemsCapacity */
     , (2000346,   7,         -1) /* ContainersCapacity */
     , (2000346,   8,        120) /* Mass */
     , (2000346,  16,         32) /* ItemUseable - Remote */
     , (2000346,  25,         16) /* Level */
     , (2000346,  27,          0) /* ArmorType - None */
     , (2000346,  93,    6292504) /* PhysicsState - ReportCollisions, IgnoreCollisions, Gravity, ReportCollisionsAsEnvironment, EdgeSlide */
     , (2000346,  95,          8) /* RadarBlipColor - Yellow */
     , (2000346, 113,          2) /* Gender - Female */
     , (2000346, 133,          4) /* ShowableOnRadar - ShowAlways */
     , (2000346, 134,         16) /* PlayerKillerStatus - RubberGlue */
     , (2000346, 146,        318) /* XpOverride */
     , (2000346, 188,          1) /* HeritageGroup - Aluvian */;

INSERT INTO `weenie_properties_bool` (`object_Id`, `type`, `value`)
VALUES (2000346,   1, True ) /* Stuck */
     , (2000346,   8, True ) /* AllowGive */
     , (2000346,  11, True ) /* IgnoreCollisions */
     , (2000346,  12, True ) /* ReportCollisions */
     , (2000346,  13, False) /* Ethereal */
     , (2000346,  14, True ) /* GravityStatus */
     , (2000346,  19, False) /* Attackable */
     , (2000346,  29, True ) /* NoCorpse */
     , (2000346,  41, True ) /* ReportCollisionsAsEnvironment */
     , (2000346,  42, True ) /* AllowEdgeSlide */
     , (2000346,  52, True ) /* AiImmobile */
     , (2000346,  79, True ) /* AiAcceptEverything */;

INSERT INTO `weenie_properties_float` (`object_Id`, `type`, `value`)
VALUES (2000346,   1,       5) /* HeartbeatInterval */
     , (2000346,   2,       0) /* HeartbeatTimestamp */
     , (2000346,   3, 0.159999996423721) /* HealthRate */
     , (2000346,   4,       5) /* StaminaRate */
     , (2000346,   5,       1) /* ManaRate */
     , (2000346,  13, 0.899999976158142) /* ArmorModVsSlash */
     , (2000346,  14,       1) /* ArmorModVsPierce */
     , (2000346,  15, 1.10000002384186) /* ArmorModVsBludgeon */
     , (2000346,  16, 0.400000005960464) /* ArmorModVsCold */
     , (2000346,  17, 0.400000005960464) /* ArmorModVsFire */
     , (2000346,  18,       1) /* ArmorModVsAcid */
     , (2000346,  19, 0.600000023841858) /* ArmorModVsElectric */
     , (2000346,  54,       3) /* UseRadius */
     , (2000346,  64,       1) /* ResistSlash */
     , (2000346,  65,       1) /* ResistPierce */
     , (2000346,  66,       1) /* ResistBludgeon */
     , (2000346,  67,       1) /* ResistFire */
     , (2000346,  68,       1) /* ResistCold */
     , (2000346,  69,       1) /* ResistAcid */
     , (2000346,  70,       1) /* ResistElectric */
     , (2000346,  71,       1) /* ResistHealthBoost */
     , (2000346,  72,       1) /* ResistStaminaDrain */
     , (2000346,  73,       1) /* ResistStaminaBoost */
     , (2000346,  74,       1) /* ResistManaDrain */
     , (2000346,  75,       1) /* ResistManaBoost */
     , (2000346, 104,      10) /* ObviousRadarRange */
     , (2000346, 125,       1) /* ResistHealthDrain */;

INSERT INTO `weenie_properties_string` (`object_Id`, `type`, `value`)
VALUES (2000346,   1, 'Townsfolk') /* Name */
     , (2000346,   3, 'Female') /* Sex */
     , (2000346,   4, 'Aluvian') /* HeritageGroup */
     , (2000346,   5, 'Herald') /* Template */;

INSERT INTO `weenie_properties_d_i_d` (`object_Id`, `type`, `value`)
VALUES (2000346,   1,   33554510) /* Setup */
     , (2000346,   2,  150994945) /* MotionTable */
     , (2000346,   3,  536870914) /* SoundTable */
     , (2000346,   4,  805306368) /* CombatTable */
     , (2000346,   6,   67108990) /* PaletteBase */
     , (2000346,   8,  100667446) /* Icon */
     , (2000346,   9,   83890279) /* EyesTexture */
     , (2000346,  10,   83890302) /* NoseTexture */
     , (2000346,  11,   83890324) /* MouthTexture */
     , (2000346,  15,   67116982) /* HairPalette */
     , (2000346,  16,   67110063) /* EyesPalette */
     , (2000346,  17,   67109561) /* SkinPalette */;

INSERT INTO `weenie_properties_attribute` (`object_Id`, `type`, `init_Level`, `level_From_C_P`, `c_P_Spent`)
VALUES (2000346,   1, 120, 0, 0) /* Strength */
     , (2000346,   2, 130, 0, 0) /* Endurance */
     , (2000346,   3, 100, 0, 0) /* Quickness */
     , (2000346,   4, 115, 0, 0) /* Coordination */
     , (2000346,   5, 110, 0, 0) /* Focus */
     , (2000346,   6, 100, 0, 0) /* Self */;

INSERT INTO `weenie_properties_attribute_2nd` (`object_Id`, `type`, `init_Level`, `level_From_C_P`, `c_P_Spent`, `current_Level`)
VALUES (2000346,   1,     0, 0, 0, 65) /* MaxHealth */
     , (2000346,   3,     0, 0, 0, 130) /* MaxStamina */
     , (2000346,   5,     0, 0, 0, 100) /* MaxMana */;

INSERT INTO `weenie_properties_skill` (`object_Id`, `type`, `level_From_P_P`, `s_a_c`, `p_p`, `init_Level`, `resistance_At_Last_Check`, `last_Used_Time`)
VALUES (2000346,  6, 0, 2, 0,   1, 0, 0) /* MeleeDefense        Trained */
     , (2000346,  7, 0, 2, 0,   1, 0, 0) /* MissileDefense      Trained */
     , (2000346, 13, 0, 2, 0,   1, 0, 0) /* UnarmedCombat       Trained */;

INSERT INTO `weenie_properties_body_part` (`object_Id`, `key`, `d_Type`, `d_Val`, `d_Var`, `base_Armor`, `armor_Vs_Slash`, `armor_Vs_Pierce`, `armor_Vs_Bludgeon`, `armor_Vs_Cold`, `armor_Vs_Fire`, `armor_Vs_Acid`, `armor_Vs_Electric`, `armor_Vs_Nether`, `b_h`, `h_l_f`, `m_l_f`, `l_l_f`, `h_r_f`, `m_r_f`, `l_r_f`, `h_l_b`, `m_l_b`, `l_l_b`, `h_r_b`, `m_r_b`, `l_r_b`)
VALUES (2000346,  0,  4,  0,    0,    0,    0,    0,    0,    0,    0,    0,    0,    0, 1, 0.33,    0,    0, 0.33,    0,    0, 0.33,    0,    0, 0.33,    0,    0) /* Head */
     , (2000346,  1,  4,  0,    0,    0,    0,    0,    0,    0,    0,    0,    0,    0, 2, 0.44, 0.17,    0, 0.44, 0.17,    0, 0.44, 0.17,    0, 0.44, 0.17,    0) /* Chest */
     , (2000346,  2,  4,  0,    0,    0,    0,    0,    0,    0,    0,    0,    0,    0, 3,    0, 0.17,    0,    0, 0.17,    0,    0, 0.17,    0,    0, 0.17,    0) /* Abdomen */
     , (2000346,  3,  4,  0,    0,    0,    0,    0,    0,    0,    0,    0,    0,    0, 1, 0.23, 0.03,    0, 0.23, 0.03,    0, 0.23, 0.03,    0, 0.23, 0.03,    0) /* UpperArm */
     , (2000346,  4,  4,  0,    0,    0,    0,    0,    0,    0,    0,    0,    0,    0, 2,    0,  0.3,    0,    0,  0.3,    0,    0,  0.3,    0,    0,  0.3,    0) /* LowerArm */
     , (2000346,  5,  4,  2, 0.75,    0,    0,    0,    0,    0,    0,    0,    0,    0, 2,    0,  0.2,    0,    0,  0.2,    0,    0,  0.2,    0,    0,  0.2,    0) /* Hand */
     , (2000346,  6,  4,  0,    0,    0,    0,    0,    0,    0,    0,    0,    0,    0, 3,    0, 0.13, 0.18,    0, 0.13, 0.18,    0, 0.13, 0.18,    0, 0.13, 0.18) /* UpperLeg */
     , (2000346,  7,  4,  0,    0,    0,    0,    0,    0,    0,    0,    0,    0,    0, 3,    0,    0,  0.6,    0,    0,  0.6,    0,    0,  0.6,    0,    0,  0.6) /* LowerLeg */
     , (2000346,  8,  4,  2, 0.75,    0,    0,    0,    0,    0,    0,    0,    0,    0, 3,    0,    0, 0.22,    0,    0, 0.22,    0,    0, 0.22,    0,    0, 0.22) /* Foot */;

INSERT INTO `weenie_properties_emote` (`object_Id`, `category`, `probability`, `weenie_Class_Id`, `style`, `substyle`, `quest`, `vendor_Type`, `min_Health`, `max_Health`)
VALUES (2000346,  7 /* Use */,      1, NULL, NULL, NULL, NULL, NULL, NULL, NULL);

SET @parent_id = LAST_INSERT_ID();

INSERT INTO `weenie_properties_emote_action` (`emote_Id`, `order`, `type`, `delay`, `extent`, `motion`, `message`, `test_String`, `min`, `max`, `min_64`, `max_64`, `min_Dbl`, `max_Dbl`, `stat`, `display`, `amount`, `amount_64`, `hero_X_P_64`, `percent`, `spell_Id`, `wealth_Rating`, `treasure_Class`, `treasure_Type`, `p_Script`, `sound`, `destination_Type`, `weenie_Class_Id`, `stack_Size`, `palette`, `shade`, `try_To_Bond`, `obj_Cell_Id`, `origin_X`, `origin_Y`, `origin_Z`, `angles_W`, `angles_X`, `angles_Y`, `angles_Z`)
VALUES (@parent_id,  0,  10 /* Tell */, 0, 1, NULL, 'And when Teth dies, the rats may have the body and the Devil the soul I mean Hi! How are you?', NULL, NULL, NULL, NULL, NULL, NULL, NULL, NULL, NULL, NULL, NULL, NULL, NULL, NULL, NULL, NULL, NULL, NULL, NULL, NULL, NULL, NULL, NULL, NULL, NULL, NULL, NULL, NULL, NULL, NULL, NULL, NULL, NULL);

INSERT INTO `weenie_properties_create_list` (`object_Id`, `destination_Type`, `weenie_Class_Id`, `stack_Size`, `palette`, `shade`, `try_To_Bond`)
VALUES (2000346, 2,   121,  0, 90, 0.8, False) /* Create Gloves (121) for Wield */
     , (2000346, 2,  8372,  0, 90, 1, False) /* Create Yifan Dress (8372) for Wield */
     , (2000346, 2,  2604,  0, 91, 1, False) /* Create Breeches (2604) for Wield */;

DELETE FROM `weenie` WHERE `class_Id` = 2000347;

INSERT INTO `weenie` (`class_Id`, `class_Name`, `type`, `last_Modified`)
VALUES (2000347, 'ace2000347-townfolk', 10, '2019-09-30 13:45:58') /* Creature */;

INSERT INTO `weenie_properties_int` (`object_Id`, `type`, `value`)
VALUES (2000347,   1,         16) /* ItemType - Creature */
     , (2000347,   2,          5) /* CreatureType - Lugian */
     , (2000347,   3,         17) /* PaletteTemplate - Yellow */
     , (2000347,   6,         -1) /* ItemsCapacity */
     , (2000347,   7,         -1) /* ContainersCapacity */
     , (2000347,   8,        120) /* Mass */
     , (2000347,  16,         32) /* ItemUseable - Remote */
     , (2000347,  25,        155) /* Level */
     , (2000347,  27,          0) /* ArmorType - None */
     , (2000347,  93,    6292504) /* PhysicsState - ReportCollisions, IgnoreCollisions, Gravity, ReportCollisionsAsEnvironment, EdgeSlide */
     , (2000347,  95,          8) /* RadarBlipColor - Yellow */
     , (2000347, 133,          4) /* ShowableOnRadar - ShowAlways */
     , (2000347, 134,         16) /* PlayerKillerStatus - RubberGlue */
     , (2000347, 146,      17763) /* XpOverride */;

INSERT INTO `weenie_properties_bool` (`object_Id`, `type`, `value`)
VALUES (2000347,   1, True ) /* Stuck */
     , (2000347,   8, True ) /* AllowGive */
     , (2000347,  12, True ) /* ReportCollisions */
     , (2000347,  13, False) /* Ethereal */
     , (2000347,  19, False) /* Attackable */
     , (2000347,  41, True ) /* ReportCollisionsAsEnvironment */
     , (2000347,  42, True ) /* AllowEdgeSlide */
     , (2000347,  52, True ) /* AiImmobile */;

INSERT INTO `weenie_properties_float` (`object_Id`, `type`, `value`)
VALUES (2000347,   1,       5) /* HeartbeatInterval */
     , (2000347,   2,       0) /* HeartbeatTimestamp */
     , (2000347,   3, 0.159999996423721) /* HealthRate */
     , (2000347,   4,       5) /* StaminaRate */
     , (2000347,   5,       1) /* ManaRate */
     , (2000347,  12,     0.5) /* Shade */
     , (2000347,  13, 0.899999976158142) /* ArmorModVsSlash */
     , (2000347,  14,       1) /* ArmorModVsPierce */
     , (2000347,  15, 1.10000002384186) /* ArmorModVsBludgeon */
     , (2000347,  16, 0.400000005960464) /* ArmorModVsCold */
     , (2000347,  17, 0.400000005960464) /* ArmorModVsFire */
     , (2000347,  18,       1) /* ArmorModVsAcid */
     , (2000347,  19, 0.600000023841858) /* ArmorModVsElectric */
     , (2000347,  54,       3) /* UseRadius */
     , (2000347,  64,       1) /* ResistSlash */
     , (2000347,  65,       1) /* ResistPierce */
     , (2000347,  66,       1) /* ResistBludgeon */
     , (2000347,  67,       1) /* ResistFire */
     , (2000347,  68,       1) /* ResistCold */
     , (2000347,  69,       1) /* ResistAcid */
     , (2000347,  70,       1) /* ResistElectric */
     , (2000347,  71,       1) /* ResistHealthBoost */
     , (2000347,  72,       1) /* ResistStaminaDrain */
     , (2000347,  73,       1) /* ResistStaminaBoost */
     , (2000347,  74,       1) /* ResistManaDrain */
     , (2000347,  75,       1) /* ResistManaBoost */
     , (2000347, 104,      10) /* ObviousRadarRange */
     , (2000347, 125,       1) /* ResistHealthDrain */;

INSERT INTO `weenie_properties_string` (`object_Id`, `type`, `value`)
VALUES (2000347,   1, 'Townfolk') /* Name */;

INSERT INTO `weenie_properties_d_i_d` (`object_Id`, `type`, `value`)
VALUES (2000347,   1,   33557003) /* Setup */
     , (2000347,   2,  150994950) /* MotionTable */
     , (2000347,   3,  536870922) /* SoundTable */
     , (2000347,   4,  805306371) /* CombatTable */
     , (2000347,   6,   67113158) /* PaletteBase */
     , (2000347,   7,  268436632) /* ClothingBase */
     , (2000347,   8,  100667447) /* Icon */;

INSERT INTO `weenie_properties_attribute` (`object_Id`, `type`, `init_Level`, `level_From_C_P`, `c_P_Spent`)
VALUES (2000347,   1, 400, 0, 0) /* Strength */
     , (2000347,   2, 360, 0, 0) /* Endurance */
     , (2000347,   3, 350, 0, 0) /* Quickness */
     , (2000347,   4, 420, 0, 0) /* Coordination */
     , (2000347,   5, 250, 0, 0) /* Focus */
     , (2000347,   6, 270, 0, 0) /* Self */;

INSERT INTO `weenie_properties_attribute_2nd` (`object_Id`, `type`, `init_Level`, `level_From_C_P`, `c_P_Spent`, `current_Level`)
VALUES (2000347,   1,   200, 0, 0, 380) /* MaxHealth */
     , (2000347,   3,   100, 0, 0, 460) /* MaxStamina */
     , (2000347,   5,    40, 0, 0, 310) /* MaxMana */;

INSERT INTO `weenie_properties_skill` (`object_Id`, `type`, `level_From_P_P`, `s_a_c`, `p_p`, `init_Level`, `resistance_At_Last_Check`, `last_Used_Time`)
VALUES (2000347,  6, 0, 2, 0,   2, 0, 0) /* MeleeDefense        Trained */
     , (2000347,  7, 0, 2, 0,   2, 0, 0) /* MissileDefense      Trained */
     , (2000347, 13, 0, 2, 0,   2, 0, 0) /* UnarmedCombat       Trained */;

INSERT INTO `weenie_properties_body_part` (`object_Id`, `key`, `d_Type`, `d_Val`, `d_Var`, `base_Armor`, `armor_Vs_Slash`, `armor_Vs_Pierce`, `armor_Vs_Bludgeon`, `armor_Vs_Cold`, `armor_Vs_Fire`, `armor_Vs_Acid`, `armor_Vs_Electric`, `armor_Vs_Nether`, `b_h`, `h_l_f`, `m_l_f`, `l_l_f`, `h_r_f`, `m_r_f`, `l_r_f`, `h_l_b`, `m_l_b`, `l_l_b`, `h_r_b`, `m_r_b`, `l_r_b`)
VALUES (2000347,  0,  4,  0,    0,    0,    0,    0,    0,    0,    0,    0,    0,    0, 1, 0.33,    0,    0, 0.33,    0,    0, 0.33,    0,    0, 0.33,    0,    0) /* Head */
     , (2000347,  1,  4,  0,    0,    0,    0,    0,    0,    0,    0,    0,    0,    0, 2, 0.44, 0.17,    0, 0.44, 0.17,    0, 0.44, 0.17,    0, 0.44, 0.17,    0) /* Chest */
     , (2000347,  2,  4,  0,    0,    0,    0,    0,    0,    0,    0,    0,    0,    0, 3,    0, 0.17,    0,    0, 0.17,    0,    0, 0.17,    0,    0, 0.17,    0) /* Abdomen */
     , (2000347,  3,  4,  0,    0,    0,    0,    0,    0,    0,    0,    0,    0,    0, 1, 0.23, 0.03,    0, 0.23, 0.03,    0, 0.23, 0.03,    0, 0.23, 0.03,    0) /* UpperArm */
     , (2000347,  4,  4,  0,    0,    0,    0,    0,    0,    0,    0,    0,    0,    0, 2,    0,  0.3,    0,    0,  0.3,    0,    0,  0.3,    0,    0,  0.3,    0) /* LowerArm */
     , (2000347,  5,  4,  2, 0.75,    0,    0,    0,    0,    0,    0,    0,    0,    0, 2,    0,  0.2,    0,    0,  0.2,    0,    0,  0.2,    0,    0,  0.2,    0) /* Hand */
     , (2000347,  6,  4,  0,    0,    0,    0,    0,    0,    0,    0,    0,    0,    0, 3,    0, 0.13, 0.18,    0, 0.13, 0.18,    0, 0.13, 0.18,    0, 0.13, 0.18) /* UpperLeg */
     , (2000347,  7,  4,  0,    0,    0,    0,    0,    0,    0,    0,    0,    0,    0, 3,    0,    0,  0.6,    0,    0,  0.6,    0,    0,  0.6,    0,    0,  0.6) /* LowerLeg */
     , (2000347,  8,  4,  2, 0.75,    0,    0,    0,    0,    0,    0,    0,    0,    0, 3,    0,    0, 0.22,    0,    0, 0.22,    0,    0, 0.22,    0,    0, 0.22) /* Foot */;

INSERT INTO `weenie_properties_emote` (`object_Id`, `category`, `probability`, `weenie_Class_Id`, `style`, `substyle`, `quest`, `vendor_Type`, `min_Health`, `max_Health`)
VALUES (2000347,  7 /* Use */,      1, NULL, NULL, NULL, NULL, NULL, NULL, NULL);

SET @parent_id = LAST_INSERT_ID();

INSERT INTO `weenie_properties_emote_action` (`emote_Id`, `order`, `type`, `delay`, `extent`, `motion`, `message`, `test_String`, `min`, `max`, `min_64`, `max_64`, `min_Dbl`, `max_Dbl`, `stat`, `display`, `amount`, `amount_64`, `hero_X_P_64`, `percent`, `spell_Id`, `wealth_Rating`, `treasure_Class`, `treasure_Type`, `p_Script`, `sound`, `destination_Type`, `weenie_Class_Id`, `stack_Size`, `palette`, `shade`, `try_To_Bond`, `obj_Cell_Id`, `origin_X`, `origin_Y`, `origin_Z`, `angles_W`, `angles_X`, `angles_Y`, `angles_Z`)
VALUES (@parent_id,  0,  10 /* Tell */, 1, 1, NULL, 'This, town, this town is worthy of my strength Yes I can stay here a while.', NULL, NULL, NULL, NULL, NULL, NULL, NULL, NULL, NULL, NULL, NULL, NULL, NULL, NULL, NULL, NULL, NULL, NULL, NULL, NULL, NULL, NULL, NULL, NULL, NULL, NULL, NULL, NULL, NULL, NULL, NULL, NULL, NULL);

DELETE FROM `weenie` WHERE `class_Id` = 2000348;

INSERT INTO `weenie` (`class_Id`, `class_Name`, `type`, `last_Modified`)
VALUES (2000348, 'ace2000348-townsfolk', 10, '2019-09-30 13:45:59') /* Creature */;

INSERT INTO `weenie_properties_int` (`object_Id`, `type`, `value`)
VALUES (2000348,   1,         16) /* ItemType - Creature */
     , (2000348,   2,         31) /* CreatureType - Human */
     , (2000348,   6,         -1) /* ItemsCapacity */
     , (2000348,   7,         -1) /* ContainersCapacity */
     , (2000348,   8,        120) /* Mass */
     , (2000348,  16,         32) /* ItemUseable - Remote */
     , (2000348,  25,         16) /* Level */
     , (2000348,  27,          0) /* ArmorType - None */
     , (2000348,  93,    6292504) /* PhysicsState - ReportCollisions, IgnoreCollisions, Gravity, ReportCollisionsAsEnvironment, EdgeSlide */
     , (2000348,  95,          8) /* RadarBlipColor - Yellow */
     , (2000348, 113,          2) /* Gender - Female */
     , (2000348, 133,          4) /* ShowableOnRadar - ShowAlways */
     , (2000348, 134,         16) /* PlayerKillerStatus - RubberGlue */
     , (2000348, 146,        318) /* XpOverride */
     , (2000348, 188,          1) /* HeritageGroup - Aluvian */;

INSERT INTO `weenie_properties_bool` (`object_Id`, `type`, `value`)
VALUES (2000348,   1, True ) /* Stuck */
     , (2000348,   8, True ) /* AllowGive */
     , (2000348,  11, True ) /* IgnoreCollisions */
     , (2000348,  12, True ) /* ReportCollisions */
     , (2000348,  13, False) /* Ethereal */
     , (2000348,  14, True ) /* GravityStatus */
     , (2000348,  19, False) /* Attackable */
     , (2000348,  29, True ) /* NoCorpse */
     , (2000348,  41, True ) /* ReportCollisionsAsEnvironment */
     , (2000348,  42, True ) /* AllowEdgeSlide */
     , (2000348,  52, True ) /* AiImmobile */
     , (2000348,  79, True ) /* AiAcceptEverything */;

INSERT INTO `weenie_properties_float` (`object_Id`, `type`, `value`)
VALUES (2000348,   1,       5) /* HeartbeatInterval */
     , (2000348,   2,       0) /* HeartbeatTimestamp */
     , (2000348,   3, 0.159999996423721) /* HealthRate */
     , (2000348,   4,       5) /* StaminaRate */
     , (2000348,   5,       1) /* ManaRate */
     , (2000348,  13, 0.899999976158142) /* ArmorModVsSlash */
     , (2000348,  14,       1) /* ArmorModVsPierce */
     , (2000348,  15, 1.10000002384186) /* ArmorModVsBludgeon */
     , (2000348,  16, 0.400000005960464) /* ArmorModVsCold */
     , (2000348,  17, 0.400000005960464) /* ArmorModVsFire */
     , (2000348,  18,       1) /* ArmorModVsAcid */
     , (2000348,  19, 0.600000023841858) /* ArmorModVsElectric */
     , (2000348,  54,       3) /* UseRadius */
     , (2000348,  64,       1) /* ResistSlash */
     , (2000348,  65,       1) /* ResistPierce */
     , (2000348,  66,       1) /* ResistBludgeon */
     , (2000348,  67,       1) /* ResistFire */
     , (2000348,  68,       1) /* ResistCold */
     , (2000348,  69,       1) /* ResistAcid */
     , (2000348,  70,       1) /* ResistElectric */
     , (2000348,  71,       1) /* ResistHealthBoost */
     , (2000348,  72,       1) /* ResistStaminaDrain */
     , (2000348,  73,       1) /* ResistStaminaBoost */
     , (2000348,  74,       1) /* ResistManaDrain */
     , (2000348,  75,       1) /* ResistManaBoost */
     , (2000348, 104,      10) /* ObviousRadarRange */
     , (2000348, 125,       1) /* ResistHealthDrain */;

INSERT INTO `weenie_properties_string` (`object_Id`, `type`, `value`)
VALUES (2000348,   1, 'Townsfolk') /* Name */
     , (2000348,   3, 'Female') /* Sex */
     , (2000348,   4, 'Aluvian') /* HeritageGroup */
     , (2000348,   5, 'Herald') /* Template */;

INSERT INTO `weenie_properties_d_i_d` (`object_Id`, `type`, `value`)
VALUES (2000348,   1,   33554510) /* Setup */
     , (2000348,   2,  150994945) /* MotionTable */
     , (2000348,   3,  536870914) /* SoundTable */
     , (2000348,   4,  805306368) /* CombatTable */
     , (2000348,   6,   67108990) /* PaletteBase */
     , (2000348,   8,  100667446) /* Icon */
     , (2000348,   9,   83890279) /* EyesTexture */
     , (2000348,  10,   83890302) /* NoseTexture */
     , (2000348,  11,   83890324) /* MouthTexture */
     , (2000348,  15,   67116982) /* HairPalette */
     , (2000348,  16,   67110063) /* EyesPalette */
     , (2000348,  17,   67109561) /* SkinPalette */;

INSERT INTO `weenie_properties_attribute` (`object_Id`, `type`, `init_Level`, `level_From_C_P`, `c_P_Spent`)
VALUES (2000348,   1, 120, 0, 0) /* Strength */
     , (2000348,   2, 130, 0, 0) /* Endurance */
     , (2000348,   3, 100, 0, 0) /* Quickness */
     , (2000348,   4, 115, 0, 0) /* Coordination */
     , (2000348,   5, 110, 0, 0) /* Focus */
     , (2000348,   6, 100, 0, 0) /* Self */;

INSERT INTO `weenie_properties_attribute_2nd` (`object_Id`, `type`, `init_Level`, `level_From_C_P`, `c_P_Spent`, `current_Level`)
VALUES (2000348,   1,     0, 0, 0, 65) /* MaxHealth */
     , (2000348,   3,     0, 0, 0, 130) /* MaxStamina */
     , (2000348,   5,     0, 0, 0, 100) /* MaxMana */;

INSERT INTO `weenie_properties_skill` (`object_Id`, `type`, `level_From_P_P`, `s_a_c`, `p_p`, `init_Level`, `resistance_At_Last_Check`, `last_Used_Time`)
VALUES (2000348,  6, 0, 2, 0,   1, 0, 0) /* MeleeDefense        Trained */
     , (2000348,  7, 0, 2, 0,   1, 0, 0) /* MissileDefense      Trained */
     , (2000348, 13, 0, 2, 0,   1, 0, 0) /* UnarmedCombat       Trained */;

INSERT INTO `weenie_properties_body_part` (`object_Id`, `key`, `d_Type`, `d_Val`, `d_Var`, `base_Armor`, `armor_Vs_Slash`, `armor_Vs_Pierce`, `armor_Vs_Bludgeon`, `armor_Vs_Cold`, `armor_Vs_Fire`, `armor_Vs_Acid`, `armor_Vs_Electric`, `armor_Vs_Nether`, `b_h`, `h_l_f`, `m_l_f`, `l_l_f`, `h_r_f`, `m_r_f`, `l_r_f`, `h_l_b`, `m_l_b`, `l_l_b`, `h_r_b`, `m_r_b`, `l_r_b`)
VALUES (2000348,  0,  4,  0,    0,    0,    0,    0,    0,    0,    0,    0,    0,    0, 1, 0.33,    0,    0, 0.33,    0,    0, 0.33,    0,    0, 0.33,    0,    0) /* Head */
     , (2000348,  1,  4,  0,    0,    0,    0,    0,    0,    0,    0,    0,    0,    0, 2, 0.44, 0.17,    0, 0.44, 0.17,    0, 0.44, 0.17,    0, 0.44, 0.17,    0) /* Chest */
     , (2000348,  2,  4,  0,    0,    0,    0,    0,    0,    0,    0,    0,    0,    0, 3,    0, 0.17,    0,    0, 0.17,    0,    0, 0.17,    0,    0, 0.17,    0) /* Abdomen */
     , (2000348,  3,  4,  0,    0,    0,    0,    0,    0,    0,    0,    0,    0,    0, 1, 0.23, 0.03,    0, 0.23, 0.03,    0, 0.23, 0.03,    0, 0.23, 0.03,    0) /* UpperArm */
     , (2000348,  4,  4,  0,    0,    0,    0,    0,    0,    0,    0,    0,    0,    0, 2,    0,  0.3,    0,    0,  0.3,    0,    0,  0.3,    0,    0,  0.3,    0) /* LowerArm */
     , (2000348,  5,  4,  2, 0.75,    0,    0,    0,    0,    0,    0,    0,    0,    0, 2,    0,  0.2,    0,    0,  0.2,    0,    0,  0.2,    0,    0,  0.2,    0) /* Hand */
     , (2000348,  6,  4,  0,    0,    0,    0,    0,    0,    0,    0,    0,    0,    0, 3,    0, 0.13, 0.18,    0, 0.13, 0.18,    0, 0.13, 0.18,    0, 0.13, 0.18) /* UpperLeg */
     , (2000348,  7,  4,  0,    0,    0,    0,    0,    0,    0,    0,    0,    0,    0, 3,    0,    0,  0.6,    0,    0,  0.6,    0,    0,  0.6,    0,    0,  0.6) /* LowerLeg */
     , (2000348,  8,  4,  2, 0.75,    0,    0,    0,    0,    0,    0,    0,    0,    0, 3,    0,    0, 0.22,    0,    0, 0.22,    0,    0, 0.22,    0,    0, 0.22) /* Foot */;

INSERT INTO `weenie_properties_emote` (`object_Id`, `category`, `probability`, `weenie_Class_Id`, `style`, `substyle`, `quest`, `vendor_Type`, `min_Health`, `max_Health`)
VALUES (2000348,  7 /* Use */,      1, NULL, NULL, NULL, NULL, NULL, NULL, NULL);

SET @parent_id = LAST_INSERT_ID();

INSERT INTO `weenie_properties_emote_action` (`emote_Id`, `order`, `type`, `delay`, `extent`, `motion`, `message`, `test_String`, `min`, `max`, `min_64`, `max_64`, `min_Dbl`, `max_Dbl`, `stat`, `display`, `amount`, `amount_64`, `hero_X_P_64`, `percent`, `spell_Id`, `wealth_Rating`, `treasure_Class`, `treasure_Type`, `p_Script`, `sound`, `destination_Type`, `weenie_Class_Id`, `stack_Size`, `palette`, `shade`, `try_To_Bond`, `obj_Cell_Id`, `origin_X`, `origin_Y`, `origin_Z`, `angles_W`, `angles_X`, `angles_Y`, `angles_Z`)
VALUES (@parent_id,  0,  10 /* Tell */, 0, 1, NULL, 'Will the snow ever go away?', NULL, NULL, NULL, NULL, NULL, NULL, NULL, NULL, NULL, NULL, NULL, NULL, NULL, NULL, NULL, NULL, NULL, NULL, NULL, NULL, NULL, NULL, NULL, NULL, NULL, NULL, NULL, NULL, NULL, NULL, NULL, NULL, NULL);

INSERT INTO `weenie_properties_create_list` (`object_Id`, `destination_Type`, `weenie_Class_Id`, `stack_Size`, `palette`, `shade`, `try_To_Bond`)
VALUES (2000348, 2,   121,  0, 90, 0.8, False) /* Create Gloves (121) for Wield */
     , (2000348, 2,  8372,  0, 91, 1, False) /* Create Yifan Dress (8372) for Wield */
     , (2000348, 2,  2604,  0, 91, 1, False) /* Create Breeches (2604) for Wield */;

DELETE FROM `weenie` WHERE `class_Id` = 2000349;

INSERT INTO `weenie` (`class_Id`, `class_Name`, `type`, `last_Modified`)
VALUES (2000349, 'ace2000349-townsfolk', 10, '2019-09-30 13:46:01') /* Creature */;

INSERT INTO `weenie_properties_int` (`object_Id`, `type`, `value`)
VALUES (2000349,   1,         16) /* ItemType - Creature */
     , (2000349,   2,         31) /* CreatureType - Human */
     , (2000349,   6,         -1) /* ItemsCapacity */
     , (2000349,   7,         -1) /* ContainersCapacity */
     , (2000349,   8,        120) /* Mass */
     , (2000349,  16,         32) /* ItemUseable - Remote */
     , (2000349,  25,         16) /* Level */
     , (2000349,  27,          0) /* ArmorType - None */
     , (2000349,  93,    6292504) /* PhysicsState - ReportCollisions, IgnoreCollisions, Gravity, ReportCollisionsAsEnvironment, EdgeSlide */
     , (2000349,  95,          8) /* RadarBlipColor - Yellow */
     , (2000349, 113,          2) /* Gender - Female */
     , (2000349, 133,          4) /* ShowableOnRadar - ShowAlways */
     , (2000349, 134,         16) /* PlayerKillerStatus - RubberGlue */
     , (2000349, 146,        318) /* XpOverride */
     , (2000349, 188,          1) /* HeritageGroup - Aluvian */;

INSERT INTO `weenie_properties_bool` (`object_Id`, `type`, `value`)
VALUES (2000349,   1, True ) /* Stuck */
     , (2000349,   8, True ) /* AllowGive */
     , (2000349,  11, True ) /* IgnoreCollisions */
     , (2000349,  12, True ) /* ReportCollisions */
     , (2000349,  13, False) /* Ethereal */
     , (2000349,  14, True ) /* GravityStatus */
     , (2000349,  19, False) /* Attackable */
     , (2000349,  29, True ) /* NoCorpse */
     , (2000349,  41, True ) /* ReportCollisionsAsEnvironment */
     , (2000349,  42, True ) /* AllowEdgeSlide */
     , (2000349,  52, True ) /* AiImmobile */
     , (2000349,  79, True ) /* AiAcceptEverything */;

INSERT INTO `weenie_properties_float` (`object_Id`, `type`, `value`)
VALUES (2000349,   1,       5) /* HeartbeatInterval */
     , (2000349,   2,       0) /* HeartbeatTimestamp */
     , (2000349,   3, 0.159999996423721) /* HealthRate */
     , (2000349,   4,       5) /* StaminaRate */
     , (2000349,   5,       1) /* ManaRate */
     , (2000349,  13, 0.899999976158142) /* ArmorModVsSlash */
     , (2000349,  14,       1) /* ArmorModVsPierce */
     , (2000349,  15, 1.10000002384186) /* ArmorModVsBludgeon */
     , (2000349,  16, 0.400000005960464) /* ArmorModVsCold */
     , (2000349,  17, 0.400000005960464) /* ArmorModVsFire */
     , (2000349,  18,       1) /* ArmorModVsAcid */
     , (2000349,  19, 0.600000023841858) /* ArmorModVsElectric */
     , (2000349,  54,       3) /* UseRadius */
     , (2000349,  64,       1) /* ResistSlash */
     , (2000349,  65,       1) /* ResistPierce */
     , (2000349,  66,       1) /* ResistBludgeon */
     , (2000349,  67,       1) /* ResistFire */
     , (2000349,  68,       1) /* ResistCold */
     , (2000349,  69,       1) /* ResistAcid */
     , (2000349,  70,       1) /* ResistElectric */
     , (2000349,  71,       1) /* ResistHealthBoost */
     , (2000349,  72,       1) /* ResistStaminaDrain */
     , (2000349,  73,       1) /* ResistStaminaBoost */
     , (2000349,  74,       1) /* ResistManaDrain */
     , (2000349,  75,       1) /* ResistManaBoost */
     , (2000349, 104,      10) /* ObviousRadarRange */
     , (2000349, 125,       1) /* ResistHealthDrain */;

INSERT INTO `weenie_properties_string` (`object_Id`, `type`, `value`)
VALUES (2000349,   1, 'Townsfolk') /* Name */
     , (2000349,   3, 'Female') /* Sex */
     , (2000349,   4, 'Aluvian') /* HeritageGroup */
     , (2000349,   5, 'Herald') /* Template */;

INSERT INTO `weenie_properties_d_i_d` (`object_Id`, `type`, `value`)
VALUES (2000349,   1,   33554510) /* Setup */
     , (2000349,   2,  150994945) /* MotionTable */
     , (2000349,   3,  536870914) /* SoundTable */
     , (2000349,   4,  805306368) /* CombatTable */
     , (2000349,   6,   67108990) /* PaletteBase */
     , (2000349,   8,  100667446) /* Icon */
     , (2000349,   9,   83890279) /* EyesTexture */
     , (2000349,  10,   83890302) /* NoseTexture */
     , (2000349,  11,   83890324) /* MouthTexture */
     , (2000349,  15,   67116982) /* HairPalette */
     , (2000349,  16,   67110063) /* EyesPalette */
     , (2000349,  17,   67109561) /* SkinPalette */;

INSERT INTO `weenie_properties_attribute` (`object_Id`, `type`, `init_Level`, `level_From_C_P`, `c_P_Spent`)
VALUES (2000349,   1, 120, 0, 0) /* Strength */
     , (2000349,   2, 130, 0, 0) /* Endurance */
     , (2000349,   3, 100, 0, 0) /* Quickness */
     , (2000349,   4, 115, 0, 0) /* Coordination */
     , (2000349,   5, 110, 0, 0) /* Focus */
     , (2000349,   6, 100, 0, 0) /* Self */;

INSERT INTO `weenie_properties_attribute_2nd` (`object_Id`, `type`, `init_Level`, `level_From_C_P`, `c_P_Spent`, `current_Level`)
VALUES (2000349,   1,     0, 0, 0, 65) /* MaxHealth */
     , (2000349,   3,     0, 0, 0, 130) /* MaxStamina */
     , (2000349,   5,     0, 0, 0, 100) /* MaxMana */;

INSERT INTO `weenie_properties_skill` (`object_Id`, `type`, `level_From_P_P`, `s_a_c`, `p_p`, `init_Level`, `resistance_At_Last_Check`, `last_Used_Time`)
VALUES (2000349,  6, 0, 2, 0,   1, 0, 0) /* MeleeDefense        Trained */
     , (2000349,  7, 0, 2, 0,   1, 0, 0) /* MissileDefense      Trained */
     , (2000349, 13, 0, 2, 0,   1, 0, 0) /* UnarmedCombat       Trained */;

INSERT INTO `weenie_properties_body_part` (`object_Id`, `key`, `d_Type`, `d_Val`, `d_Var`, `base_Armor`, `armor_Vs_Slash`, `armor_Vs_Pierce`, `armor_Vs_Bludgeon`, `armor_Vs_Cold`, `armor_Vs_Fire`, `armor_Vs_Acid`, `armor_Vs_Electric`, `armor_Vs_Nether`, `b_h`, `h_l_f`, `m_l_f`, `l_l_f`, `h_r_f`, `m_r_f`, `l_r_f`, `h_l_b`, `m_l_b`, `l_l_b`, `h_r_b`, `m_r_b`, `l_r_b`)
VALUES (2000349,  0,  4,  0,    0,    0,    0,    0,    0,    0,    0,    0,    0,    0, 1, 0.33,    0,    0, 0.33,    0,    0, 0.33,    0,    0, 0.33,    0,    0) /* Head */
     , (2000349,  1,  4,  0,    0,    0,    0,    0,    0,    0,    0,    0,    0,    0, 2, 0.44, 0.17,    0, 0.44, 0.17,    0, 0.44, 0.17,    0, 0.44, 0.17,    0) /* Chest */
     , (2000349,  2,  4,  0,    0,    0,    0,    0,    0,    0,    0,    0,    0,    0, 3,    0, 0.17,    0,    0, 0.17,    0,    0, 0.17,    0,    0, 0.17,    0) /* Abdomen */
     , (2000349,  3,  4,  0,    0,    0,    0,    0,    0,    0,    0,    0,    0,    0, 1, 0.23, 0.03,    0, 0.23, 0.03,    0, 0.23, 0.03,    0, 0.23, 0.03,    0) /* UpperArm */
     , (2000349,  4,  4,  0,    0,    0,    0,    0,    0,    0,    0,    0,    0,    0, 2,    0,  0.3,    0,    0,  0.3,    0,    0,  0.3,    0,    0,  0.3,    0) /* LowerArm */
     , (2000349,  5,  4,  2, 0.75,    0,    0,    0,    0,    0,    0,    0,    0,    0, 2,    0,  0.2,    0,    0,  0.2,    0,    0,  0.2,    0,    0,  0.2,    0) /* Hand */
     , (2000349,  6,  4,  0,    0,    0,    0,    0,    0,    0,    0,    0,    0,    0, 3,    0, 0.13, 0.18,    0, 0.13, 0.18,    0, 0.13, 0.18,    0, 0.13, 0.18) /* UpperLeg */
     , (2000349,  7,  4,  0,    0,    0,    0,    0,    0,    0,    0,    0,    0,    0, 3,    0,    0,  0.6,    0,    0,  0.6,    0,    0,  0.6,    0,    0,  0.6) /* LowerLeg */
     , (2000349,  8,  4,  2, 0.75,    0,    0,    0,    0,    0,    0,    0,    0,    0, 3,    0,    0, 0.22,    0,    0, 0.22,    0,    0, 0.22,    0,    0, 0.22) /* Foot */;

INSERT INTO `weenie_properties_emote` (`object_Id`, `category`, `probability`, `weenie_Class_Id`, `style`, `substyle`, `quest`, `vendor_Type`, `min_Health`, `max_Health`)
VALUES (2000349,  7 /* Use */,      1, NULL, NULL, NULL, NULL, NULL, NULL, NULL);

SET @parent_id = LAST_INSERT_ID();

INSERT INTO `weenie_properties_emote_action` (`emote_Id`, `order`, `type`, `delay`, `extent`, `motion`, `message`, `test_String`, `min`, `max`, `min_64`, `max_64`, `min_Dbl`, `max_Dbl`, `stat`, `display`, `amount`, `amount_64`, `hero_X_P_64`, `percent`, `spell_Id`, `wealth_Rating`, `treasure_Class`, `treasure_Type`, `p_Script`, `sound`, `destination_Type`, `weenie_Class_Id`, `stack_Size`, `palette`, `shade`, `try_To_Bond`, `obj_Cell_Id`, `origin_X`, `origin_Y`, `origin_Z`, `angles_W`, `angles_X`, `angles_Y`, `angles_Z`)
VALUES (@parent_id,  0,  10 /* Tell */, 0, 1, NULL, 'remembering the tragedies gives me purpose. That''s why I send supplies to Tufa, so we can all rebuild.', NULL, NULL, NULL, NULL, NULL, NULL, NULL, NULL, NULL, NULL, NULL, NULL, NULL, NULL, NULL, NULL, NULL, NULL, NULL, NULL, NULL, NULL, NULL, NULL, NULL, NULL, NULL, NULL, NULL, NULL, NULL, NULL, NULL);

INSERT INTO `weenie_properties_create_list` (`object_Id`, `destination_Type`, `weenie_Class_Id`, `stack_Size`, `palette`, `shade`, `try_To_Bond`)
VALUES (2000349, 2,   121,  0, 90, 0.8, False) /* Create Gloves (121) for Wield */
     , (2000349, 2,  8372,  0, 92, 1, False) /* Create Yifan Dress (8372) for Wield */
     , (2000349, 2,  2604,  0, 91, 1, False) /* Create Breeches (2604) for Wield */;

DELETE FROM `weenie` WHERE `class_Id` = 2000350;

INSERT INTO `weenie` (`class_Id`, `class_Name`, `type`, `last_Modified`)
VALUES (2000350, 'ace2000350-townsfolk', 10, '2019-09-30 13:46:02') /* Creature */;

INSERT INTO `weenie_properties_int` (`object_Id`, `type`, `value`)
VALUES (2000350,   1,         16) /* ItemType - Creature */
     , (2000350,   2,         31) /* CreatureType - Human */
     , (2000350,   6,         -1) /* ItemsCapacity */
     , (2000350,   7,         -1) /* ContainersCapacity */
     , (2000350,   8,        120) /* Mass */
     , (2000350,  16,         32) /* ItemUseable - Remote */
     , (2000350,  25,         16) /* Level */
     , (2000350,  27,          0) /* ArmorType - None */
     , (2000350,  93,    6292504) /* PhysicsState - ReportCollisions, IgnoreCollisions, Gravity, ReportCollisionsAsEnvironment, EdgeSlide */
     , (2000350,  95,          8) /* RadarBlipColor - Yellow */
     , (2000350, 113,          2) /* Gender - Female */
     , (2000350, 133,          4) /* ShowableOnRadar - ShowAlways */
     , (2000350, 134,         16) /* PlayerKillerStatus - RubberGlue */
     , (2000350, 146,        318) /* XpOverride */
     , (2000350, 188,          1) /* HeritageGroup - Aluvian */;

INSERT INTO `weenie_properties_bool` (`object_Id`, `type`, `value`)
VALUES (2000350,   1, True ) /* Stuck */
     , (2000350,   8, True ) /* AllowGive */
     , (2000350,  11, True ) /* IgnoreCollisions */
     , (2000350,  12, True ) /* ReportCollisions */
     , (2000350,  13, False) /* Ethereal */
     , (2000350,  14, True ) /* GravityStatus */
     , (2000350,  19, False) /* Attackable */
     , (2000350,  29, True ) /* NoCorpse */
     , (2000350,  41, True ) /* ReportCollisionsAsEnvironment */
     , (2000350,  42, True ) /* AllowEdgeSlide */
     , (2000350,  52, True ) /* AiImmobile */
     , (2000350,  79, True ) /* AiAcceptEverything */;

INSERT INTO `weenie_properties_float` (`object_Id`, `type`, `value`)
VALUES (2000350,   1,       5) /* HeartbeatInterval */
     , (2000350,   2,       0) /* HeartbeatTimestamp */
     , (2000350,   3, 0.159999996423721) /* HealthRate */
     , (2000350,   4,       5) /* StaminaRate */
     , (2000350,   5,       1) /* ManaRate */
     , (2000350,  13, 0.899999976158142) /* ArmorModVsSlash */
     , (2000350,  14,       1) /* ArmorModVsPierce */
     , (2000350,  15, 1.10000002384186) /* ArmorModVsBludgeon */
     , (2000350,  16, 0.400000005960464) /* ArmorModVsCold */
     , (2000350,  17, 0.400000005960464) /* ArmorModVsFire */
     , (2000350,  18,       1) /* ArmorModVsAcid */
     , (2000350,  19, 0.600000023841858) /* ArmorModVsElectric */
     , (2000350,  54,       3) /* UseRadius */
     , (2000350,  64,       1) /* ResistSlash */
     , (2000350,  65,       1) /* ResistPierce */
     , (2000350,  66,       1) /* ResistBludgeon */
     , (2000350,  67,       1) /* ResistFire */
     , (2000350,  68,       1) /* ResistCold */
     , (2000350,  69,       1) /* ResistAcid */
     , (2000350,  70,       1) /* ResistElectric */
     , (2000350,  71,       1) /* ResistHealthBoost */
     , (2000350,  72,       1) /* ResistStaminaDrain */
     , (2000350,  73,       1) /* ResistStaminaBoost */
     , (2000350,  74,       1) /* ResistManaDrain */
     , (2000350,  75,       1) /* ResistManaBoost */
     , (2000350, 104,      10) /* ObviousRadarRange */
     , (2000350, 125,       1) /* ResistHealthDrain */;

INSERT INTO `weenie_properties_string` (`object_Id`, `type`, `value`)
VALUES (2000350,   1, 'Townsfolk') /* Name */
     , (2000350,   3, 'Female') /* Sex */
     , (2000350,   4, 'Aluvian') /* HeritageGroup */
     , (2000350,   5, 'Herald') /* Template */;

INSERT INTO `weenie_properties_d_i_d` (`object_Id`, `type`, `value`)
VALUES (2000350,   1,   33554510) /* Setup */
     , (2000350,   2,  150994945) /* MotionTable */
     , (2000350,   3,  536870914) /* SoundTable */
     , (2000350,   4,  805306368) /* CombatTable */
     , (2000350,   6,   67108990) /* PaletteBase */
     , (2000350,   8,  100667446) /* Icon */
     , (2000350,   9,   83890279) /* EyesTexture */
     , (2000350,  10,   83890302) /* NoseTexture */
     , (2000350,  11,   83890324) /* MouthTexture */
     , (2000350,  15,   67116982) /* HairPalette */
     , (2000350,  16,   67110063) /* EyesPalette */
     , (2000350,  17,   67109561) /* SkinPalette */;

INSERT INTO `weenie_properties_attribute` (`object_Id`, `type`, `init_Level`, `level_From_C_P`, `c_P_Spent`)
VALUES (2000350,   1, 120, 0, 0) /* Strength */
     , (2000350,   2, 130, 0, 0) /* Endurance */
     , (2000350,   3, 100, 0, 0) /* Quickness */
     , (2000350,   4, 115, 0, 0) /* Coordination */
     , (2000350,   5, 110, 0, 0) /* Focus */
     , (2000350,   6, 100, 0, 0) /* Self */;

INSERT INTO `weenie_properties_attribute_2nd` (`object_Id`, `type`, `init_Level`, `level_From_C_P`, `c_P_Spent`, `current_Level`)
VALUES (2000350,   1,     0, 0, 0, 65) /* MaxHealth */
     , (2000350,   3,     0, 0, 0, 130) /* MaxStamina */
     , (2000350,   5,     0, 0, 0, 100) /* MaxMana */;

INSERT INTO `weenie_properties_skill` (`object_Id`, `type`, `level_From_P_P`, `s_a_c`, `p_p`, `init_Level`, `resistance_At_Last_Check`, `last_Used_Time`)
VALUES (2000350,  6, 0, 2, 0,   1, 0, 0) /* MeleeDefense        Trained */
     , (2000350,  7, 0, 2, 0,   1, 0, 0) /* MissileDefense      Trained */
     , (2000350, 13, 0, 2, 0,   1, 0, 0) /* UnarmedCombat       Trained */;

INSERT INTO `weenie_properties_body_part` (`object_Id`, `key`, `d_Type`, `d_Val`, `d_Var`, `base_Armor`, `armor_Vs_Slash`, `armor_Vs_Pierce`, `armor_Vs_Bludgeon`, `armor_Vs_Cold`, `armor_Vs_Fire`, `armor_Vs_Acid`, `armor_Vs_Electric`, `armor_Vs_Nether`, `b_h`, `h_l_f`, `m_l_f`, `l_l_f`, `h_r_f`, `m_r_f`, `l_r_f`, `h_l_b`, `m_l_b`, `l_l_b`, `h_r_b`, `m_r_b`, `l_r_b`)
VALUES (2000350,  0,  4,  0,    0,    0,    0,    0,    0,    0,    0,    0,    0,    0, 1, 0.33,    0,    0, 0.33,    0,    0, 0.33,    0,    0, 0.33,    0,    0) /* Head */
     , (2000350,  1,  4,  0,    0,    0,    0,    0,    0,    0,    0,    0,    0,    0, 2, 0.44, 0.17,    0, 0.44, 0.17,    0, 0.44, 0.17,    0, 0.44, 0.17,    0) /* Chest */
     , (2000350,  2,  4,  0,    0,    0,    0,    0,    0,    0,    0,    0,    0,    0, 3,    0, 0.17,    0,    0, 0.17,    0,    0, 0.17,    0,    0, 0.17,    0) /* Abdomen */
     , (2000350,  3,  4,  0,    0,    0,    0,    0,    0,    0,    0,    0,    0,    0, 1, 0.23, 0.03,    0, 0.23, 0.03,    0, 0.23, 0.03,    0, 0.23, 0.03,    0) /* UpperArm */
     , (2000350,  4,  4,  0,    0,    0,    0,    0,    0,    0,    0,    0,    0,    0, 2,    0,  0.3,    0,    0,  0.3,    0,    0,  0.3,    0,    0,  0.3,    0) /* LowerArm */
     , (2000350,  5,  4,  2, 0.75,    0,    0,    0,    0,    0,    0,    0,    0,    0, 2,    0,  0.2,    0,    0,  0.2,    0,    0,  0.2,    0,    0,  0.2,    0) /* Hand */
     , (2000350,  6,  4,  0,    0,    0,    0,    0,    0,    0,    0,    0,    0,    0, 3,    0, 0.13, 0.18,    0, 0.13, 0.18,    0, 0.13, 0.18,    0, 0.13, 0.18) /* UpperLeg */
     , (2000350,  7,  4,  0,    0,    0,    0,    0,    0,    0,    0,    0,    0,    0, 3,    0,    0,  0.6,    0,    0,  0.6,    0,    0,  0.6,    0,    0,  0.6) /* LowerLeg */
     , (2000350,  8,  4,  2, 0.75,    0,    0,    0,    0,    0,    0,    0,    0,    0, 3,    0,    0, 0.22,    0,    0, 0.22,    0,    0, 0.22,    0,    0, 0.22) /* Foot */;

INSERT INTO `weenie_properties_emote` (`object_Id`, `category`, `probability`, `weenie_Class_Id`, `style`, `substyle`, `quest`, `vendor_Type`, `min_Health`, `max_Health`)
VALUES (2000350,  7 /* Use */,      1, NULL, NULL, NULL, NULL, NULL, NULL, NULL);

SET @parent_id = LAST_INSERT_ID();

INSERT INTO `weenie_properties_emote_action` (`emote_Id`, `order`, `type`, `delay`, `extent`, `motion`, `message`, `test_String`, `min`, `max`, `min_64`, `max_64`, `min_Dbl`, `max_Dbl`, `stat`, `display`, `amount`, `amount_64`, `hero_X_P_64`, `percent`, `spell_Id`, `wealth_Rating`, `treasure_Class`, `treasure_Type`, `p_Script`, `sound`, `destination_Type`, `weenie_Class_Id`, `stack_Size`, `palette`, `shade`, `try_To_Bond`, `obj_Cell_Id`, `origin_X`, `origin_Y`, `origin_Z`, `angles_W`, `angles_X`, `angles_Y`, `angles_Z`)
VALUES (@parent_id,  0,  10 /* Tell */, 0, 1, NULL, 'I saw a banderling the other day that was almost trying to talk to me.. Then he just walked off.', NULL, NULL, NULL, NULL, NULL, NULL, NULL, NULL, NULL, NULL, NULL, NULL, NULL, NULL, NULL, NULL, NULL, NULL, NULL, NULL, NULL, NULL, NULL, NULL, NULL, NULL, NULL, NULL, NULL, NULL, NULL, NULL, NULL);

INSERT INTO `weenie_properties_create_list` (`object_Id`, `destination_Type`, `weenie_Class_Id`, `stack_Size`, `palette`, `shade`, `try_To_Bond`)
VALUES (2000350, 2,   121,  0, 90, 0.8, False) /* Create Gloves (121) for Wield */
     , (2000350, 2,  2032,  0, 92, 1, False) /* Create Branith's Shirt (2032) for Wield */
     , (2000350, 2,  2604,  0, 91, 1, False) /* Create Breeches (2604) for Wield */;

DELETE FROM `weenie` WHERE `class_Id` = 2000351;

INSERT INTO `weenie` (`class_Id`, `class_Name`, `type`, `last_Modified`)
VALUES (2000351, 'ace2000351-townsfolk', 10, '2019-09-30 13:46:03') /* Creature */;

INSERT INTO `weenie_properties_int` (`object_Id`, `type`, `value`)
VALUES (2000351,   1,         16) /* ItemType - Creature */
     , (2000351,   2,         31) /* CreatureType - Human */
     , (2000351,   6,         -1) /* ItemsCapacity */
     , (2000351,   7,         -1) /* ContainersCapacity */
     , (2000351,   8,        120) /* Mass */
     , (2000351,  16,         32) /* ItemUseable - Remote */
     , (2000351,  25,         16) /* Level */
     , (2000351,  27,          0) /* ArmorType - None */
     , (2000351,  93,    6292504) /* PhysicsState - ReportCollisions, IgnoreCollisions, Gravity, ReportCollisionsAsEnvironment, EdgeSlide */
     , (2000351,  95,          8) /* RadarBlipColor - Yellow */
     , (2000351, 113,          2) /* Gender - Female */
     , (2000351, 133,          4) /* ShowableOnRadar - ShowAlways */
     , (2000351, 134,         16) /* PlayerKillerStatus - RubberGlue */
     , (2000351, 146,        318) /* XpOverride */
     , (2000351, 188,          1) /* HeritageGroup - Aluvian */;

INSERT INTO `weenie_properties_bool` (`object_Id`, `type`, `value`)
VALUES (2000351,   1, True ) /* Stuck */
     , (2000351,   8, True ) /* AllowGive */
     , (2000351,  11, True ) /* IgnoreCollisions */
     , (2000351,  12, True ) /* ReportCollisions */
     , (2000351,  13, False) /* Ethereal */
     , (2000351,  14, True ) /* GravityStatus */
     , (2000351,  19, False) /* Attackable */
     , (2000351,  29, True ) /* NoCorpse */
     , (2000351,  41, True ) /* ReportCollisionsAsEnvironment */
     , (2000351,  42, True ) /* AllowEdgeSlide */
     , (2000351,  52, True ) /* AiImmobile */
     , (2000351,  79, True ) /* AiAcceptEverything */;

INSERT INTO `weenie_properties_float` (`object_Id`, `type`, `value`)
VALUES (2000351,   1,       5) /* HeartbeatInterval */
     , (2000351,   2,       0) /* HeartbeatTimestamp */
     , (2000351,   3, 0.159999996423721) /* HealthRate */
     , (2000351,   4,       5) /* StaminaRate */
     , (2000351,   5,       1) /* ManaRate */
     , (2000351,  13, 0.899999976158142) /* ArmorModVsSlash */
     , (2000351,  14,       1) /* ArmorModVsPierce */
     , (2000351,  15, 1.10000002384186) /* ArmorModVsBludgeon */
     , (2000351,  16, 0.400000005960464) /* ArmorModVsCold */
     , (2000351,  17, 0.400000005960464) /* ArmorModVsFire */
     , (2000351,  18,       1) /* ArmorModVsAcid */
     , (2000351,  19, 0.600000023841858) /* ArmorModVsElectric */
     , (2000351,  54,       3) /* UseRadius */
     , (2000351,  64,       1) /* ResistSlash */
     , (2000351,  65,       1) /* ResistPierce */
     , (2000351,  66,       1) /* ResistBludgeon */
     , (2000351,  67,       1) /* ResistFire */
     , (2000351,  68,       1) /* ResistCold */
     , (2000351,  69,       1) /* ResistAcid */
     , (2000351,  70,       1) /* ResistElectric */
     , (2000351,  71,       1) /* ResistHealthBoost */
     , (2000351,  72,       1) /* ResistStaminaDrain */
     , (2000351,  73,       1) /* ResistStaminaBoost */
     , (2000351,  74,       1) /* ResistManaDrain */
     , (2000351,  75,       1) /* ResistManaBoost */
     , (2000351, 104,      10) /* ObviousRadarRange */
     , (2000351, 125,       1) /* ResistHealthDrain */;

INSERT INTO `weenie_properties_string` (`object_Id`, `type`, `value`)
VALUES (2000351,   1, 'Townsfolk') /* Name */
     , (2000351,   3, 'Female') /* Sex */
     , (2000351,   4, 'Aluvian') /* HeritageGroup */
     , (2000351,   5, 'Herald') /* Template */;

INSERT INTO `weenie_properties_d_i_d` (`object_Id`, `type`, `value`)
VALUES (2000351,   1,   33554510) /* Setup */
     , (2000351,   2,  150994945) /* MotionTable */
     , (2000351,   3,  536870914) /* SoundTable */
     , (2000351,   4,  805306368) /* CombatTable */
     , (2000351,   6,   67108990) /* PaletteBase */
     , (2000351,   8,  100667446) /* Icon */
     , (2000351,   9,   83890279) /* EyesTexture */
     , (2000351,  10,   83890302) /* NoseTexture */
     , (2000351,  11,   83890324) /* MouthTexture */
     , (2000351,  15,   67116982) /* HairPalette */
     , (2000351,  16,   67110063) /* EyesPalette */
     , (2000351,  17,   67109561) /* SkinPalette */;

INSERT INTO `weenie_properties_attribute` (`object_Id`, `type`, `init_Level`, `level_From_C_P`, `c_P_Spent`)
VALUES (2000351,   1, 120, 0, 0) /* Strength */
     , (2000351,   2, 130, 0, 0) /* Endurance */
     , (2000351,   3, 100, 0, 0) /* Quickness */
     , (2000351,   4, 115, 0, 0) /* Coordination */
     , (2000351,   5, 110, 0, 0) /* Focus */
     , (2000351,   6, 100, 0, 0) /* Self */;

INSERT INTO `weenie_properties_attribute_2nd` (`object_Id`, `type`, `init_Level`, `level_From_C_P`, `c_P_Spent`, `current_Level`)
VALUES (2000351,   1,     0, 0, 0, 65) /* MaxHealth */
     , (2000351,   3,     0, 0, 0, 130) /* MaxStamina */
     , (2000351,   5,     0, 0, 0, 100) /* MaxMana */;

INSERT INTO `weenie_properties_skill` (`object_Id`, `type`, `level_From_P_P`, `s_a_c`, `p_p`, `init_Level`, `resistance_At_Last_Check`, `last_Used_Time`)
VALUES (2000351,  6, 0, 2, 0,   1, 0, 0) /* MeleeDefense        Trained */
     , (2000351,  7, 0, 2, 0,   1, 0, 0) /* MissileDefense      Trained */
     , (2000351, 13, 0, 2, 0,   1, 0, 0) /* UnarmedCombat       Trained */;

INSERT INTO `weenie_properties_body_part` (`object_Id`, `key`, `d_Type`, `d_Val`, `d_Var`, `base_Armor`, `armor_Vs_Slash`, `armor_Vs_Pierce`, `armor_Vs_Bludgeon`, `armor_Vs_Cold`, `armor_Vs_Fire`, `armor_Vs_Acid`, `armor_Vs_Electric`, `armor_Vs_Nether`, `b_h`, `h_l_f`, `m_l_f`, `l_l_f`, `h_r_f`, `m_r_f`, `l_r_f`, `h_l_b`, `m_l_b`, `l_l_b`, `h_r_b`, `m_r_b`, `l_r_b`)
VALUES (2000351,  0,  4,  0,    0,    0,    0,    0,    0,    0,    0,    0,    0,    0, 1, 0.33,    0,    0, 0.33,    0,    0, 0.33,    0,    0, 0.33,    0,    0) /* Head */
     , (2000351,  1,  4,  0,    0,    0,    0,    0,    0,    0,    0,    0,    0,    0, 2, 0.44, 0.17,    0, 0.44, 0.17,    0, 0.44, 0.17,    0, 0.44, 0.17,    0) /* Chest */
     , (2000351,  2,  4,  0,    0,    0,    0,    0,    0,    0,    0,    0,    0,    0, 3,    0, 0.17,    0,    0, 0.17,    0,    0, 0.17,    0,    0, 0.17,    0) /* Abdomen */
     , (2000351,  3,  4,  0,    0,    0,    0,    0,    0,    0,    0,    0,    0,    0, 1, 0.23, 0.03,    0, 0.23, 0.03,    0, 0.23, 0.03,    0, 0.23, 0.03,    0) /* UpperArm */
     , (2000351,  4,  4,  0,    0,    0,    0,    0,    0,    0,    0,    0,    0,    0, 2,    0,  0.3,    0,    0,  0.3,    0,    0,  0.3,    0,    0,  0.3,    0) /* LowerArm */
     , (2000351,  5,  4,  2, 0.75,    0,    0,    0,    0,    0,    0,    0,    0,    0, 2,    0,  0.2,    0,    0,  0.2,    0,    0,  0.2,    0,    0,  0.2,    0) /* Hand */
     , (2000351,  6,  4,  0,    0,    0,    0,    0,    0,    0,    0,    0,    0,    0, 3,    0, 0.13, 0.18,    0, 0.13, 0.18,    0, 0.13, 0.18,    0, 0.13, 0.18) /* UpperLeg */
     , (2000351,  7,  4,  0,    0,    0,    0,    0,    0,    0,    0,    0,    0,    0, 3,    0,    0,  0.6,    0,    0,  0.6,    0,    0,  0.6,    0,    0,  0.6) /* LowerLeg */
     , (2000351,  8,  4,  2, 0.75,    0,    0,    0,    0,    0,    0,    0,    0,    0, 3,    0,    0, 0.22,    0,    0, 0.22,    0,    0, 0.22,    0,    0, 0.22) /* Foot */;

INSERT INTO `weenie_properties_emote` (`object_Id`, `category`, `probability`, `weenie_Class_Id`, `style`, `substyle`, `quest`, `vendor_Type`, `min_Health`, `max_Health`)
VALUES (2000351,  7 /* Use */,      1, NULL, NULL, NULL, NULL, NULL, NULL, NULL);

SET @parent_id = LAST_INSERT_ID();

INSERT INTO `weenie_properties_emote_action` (`emote_Id`, `order`, `type`, `delay`, `extent`, `motion`, `message`, `test_String`, `min`, `max`, `min_64`, `max_64`, `min_Dbl`, `max_Dbl`, `stat`, `display`, `amount`, `amount_64`, `hero_X_P_64`, `percent`, `spell_Id`, `wealth_Rating`, `treasure_Class`, `treasure_Type`, `p_Script`, `sound`, `destination_Type`, `weenie_Class_Id`, `stack_Size`, `palette`, `shade`, `try_To_Bond`, `obj_Cell_Id`, `origin_X`, `origin_Y`, `origin_Z`, `angles_W`, `angles_X`, `angles_Y`, `angles_Z`)
VALUES (@parent_id,  0,  10 /* Tell */, 0, 1, NULL, 'Isn''t he darling?', NULL, NULL, NULL, NULL, NULL, NULL, NULL, NULL, NULL, NULL, NULL, NULL, NULL, NULL, NULL, NULL, NULL, NULL, NULL, NULL, NULL, NULL, NULL, NULL, NULL, NULL, NULL, NULL, NULL, NULL, NULL, NULL, NULL);

INSERT INTO `weenie_properties_create_list` (`object_Id`, `destination_Type`, `weenie_Class_Id`, `stack_Size`, `palette`, `shade`, `try_To_Bond`)
VALUES (2000351, 2,   121,  0, 90, 0.8, False) /* Create Gloves (121) for Wield */
     , (2000351, 2,  2032,  0, 92, 1, False) /* Create Branith's Shirt (2032) for Wield */
     , (2000351, 2,  2604,  0, 91, 1, False) /* Create Breeches (2604) for Wield */;

DELETE FROM `weenie` WHERE `class_Id` = 2000352;

INSERT INTO `weenie` (`class_Id`, `class_Name`, `type`, `last_Modified`)
VALUES (2000352, 'ace2000352-townfolk', 10, '2019-09-30 13:46:05') /* Creature */;

INSERT INTO `weenie_properties_int` (`object_Id`, `type`, `value`)
VALUES (2000352,   1,         16) /* ItemType - Creature */
     , (2000352,   2,         57) /* CreatureType - AunTumerok */
     , (2000352,   6,         -1) /* ItemsCapacity */
     , (2000352,   7,         -1) /* ContainersCapacity */
     , (2000352,  16,         32) /* ItemUseable - Remote */
     , (2000352,  25,         72) /* Level */
     , (2000352,  93,    6292504) /* PhysicsState - ReportCollisions, IgnoreCollisions, Gravity, ReportCollisionsAsEnvironment, EdgeSlide */
     , (2000352,  95,          8) /* RadarBlipColor - Yellow */
     , (2000352, 133,          4) /* ShowableOnRadar - ShowAlways */
     , (2000352, 134,         16) /* PlayerKillerStatus - RubberGlue */;

INSERT INTO `weenie_properties_bool` (`object_Id`, `type`, `value`)
VALUES (2000352,   1, True ) /* Stuck */
     , (2000352,  11, True ) /* IgnoreCollisions */
     , (2000352,  12, True ) /* ReportCollisions */
     , (2000352,  14, True ) /* GravityStatus */
     , (2000352,  19, False) /* Attackable */
     , (2000352,  41, True ) /* ReportCollisionsAsEnvironment */
     , (2000352,  42, True ) /* AllowEdgeSlide */;

INSERT INTO `weenie_properties_float` (`object_Id`, `type`, `value`)
VALUES (2000352,  54,       3) /* UseRadius */;

INSERT INTO `weenie_properties_string` (`object_Id`, `type`, `value`)
VALUES (2000352,   1, 'Townfolk') /* Name */
     , (2000352,   5, 'Portal Warden') /* Template */;

INSERT INTO `weenie_properties_d_i_d` (`object_Id`, `type`, `value`)
VALUES (2000352,   1,   33557117) /* Setup */
     , (2000352,   2,  150994945) /* MotionTable */
     , (2000352,   3,  536870931) /* SoundTable */
     , (2000352,   6,   67113280) /* PaletteBase */
     , (2000352,   8,  100671756) /* Icon */;

INSERT INTO `weenie_properties_attribute` (`object_Id`, `type`, `init_Level`, `level_From_C_P`, `c_P_Spent`)
VALUES (2000352,   1, 180, 0, 0) /* Strength */
     , (2000352,   2, 190, 0, 0) /* Endurance */
     , (2000352,   3, 165, 0, 0) /* Quickness */
     , (2000352,   4, 175, 0, 0) /* Coordination */
     , (2000352,   5, 150, 0, 0) /* Focus */
     , (2000352,   6, 160, 0, 0) /* Self */;

INSERT INTO `weenie_properties_attribute_2nd` (`object_Id`, `type`, `init_Level`, `level_From_C_P`, `c_P_Spent`, `current_Level`)
VALUES (2000352,   1,   100, 0, 0, 195) /* MaxHealth */
     , (2000352,   3,   100, 0, 0, 290) /* MaxStamina */
     , (2000352,   5,   100, 0, 0, 260) /* MaxMana */;

INSERT INTO `weenie_properties_skill` (`object_Id`, `type`, `level_From_P_P`, `s_a_c`, `p_p`, `init_Level`, `resistance_At_Last_Check`, `last_Used_Time`)
VALUES (2000352,  6, 0, 3, 0, 410, 0, 0) /* MeleeDefense        Specialized */;

INSERT INTO `weenie_properties_body_part` (`object_Id`, `key`, `d_Type`, `d_Val`, `d_Var`, `base_Armor`, `armor_Vs_Slash`, `armor_Vs_Pierce`, `armor_Vs_Bludgeon`, `armor_Vs_Cold`, `armor_Vs_Fire`, `armor_Vs_Acid`, `armor_Vs_Electric`, `armor_Vs_Nether`, `b_h`, `h_l_f`, `m_l_f`, `l_l_f`, `h_r_f`, `m_r_f`, `l_r_f`, `h_l_b`, `m_l_b`, `l_l_b`, `h_r_b`, `m_r_b`, `l_r_b`)
VALUES (2000352,  0,  4,  0,    0,    0,    0,    0,    0,    0,    0,    0,    0,    0, 1, 0.33,    0,    0, 0.33,    0,    0, 0.33,    0,    0, 0.33,    0,    0) /* Head */
     , (2000352,  1,  4,  0,    0,    0,    0,    0,    0,    0,    0,    0,    0,    0, 2, 0.44, 0.17,    0, 0.44, 0.17,    0, 0.44, 0.17,    0, 0.44, 0.17,    0) /* Chest */
     , (2000352,  2,  4,  0,    0,    0,    0,    0,    0,    0,    0,    0,    0,    0, 3,    0, 0.17,    0,    0, 0.17,    0,    0, 0.17,    0,    0, 0.17,    0) /* Abdomen */
     , (2000352,  3,  4,  0,    0,    0,    0,    0,    0,    0,    0,    0,    0,    0, 1, 0.23, 0.03,    0, 0.23, 0.03,    0, 0.23, 0.03,    0, 0.23, 0.03,    0) /* UpperArm */
     , (2000352,  4,  4,  0,    0,    0,    0,    0,    0,    0,    0,    0,    0,    0, 2,    0,  0.3,    0,    0,  0.3,    0,    0,  0.3,    0,    0,  0.3,    0) /* LowerArm */
     , (2000352,  5,  4,  2, 0.75,    0,    0,    0,    0,    0,    0,    0,    0,    0, 2,    0,  0.2,    0,    0,  0.2,    0,    0,  0.2,    0,    0,  0.2,    0) /* Hand */
     , (2000352,  6,  4,  0,    0,    0,    0,    0,    0,    0,    0,    0,    0,    0, 3,    0, 0.13, 0.18,    0, 0.13, 0.18,    0, 0.13, 0.18,    0, 0.13, 0.18) /* UpperLeg */
     , (2000352,  7,  4,  0,    0,    0,    0,    0,    0,    0,    0,    0,    0,    0, 3,    0,    0,  0.6,    0,    0,  0.6,    0,    0,  0.6,    0,    0,  0.6) /* LowerLeg */
     , (2000352,  8,  4,  2, 0.75,    0,    0,    0,    0,    0,    0,    0,    0,    0, 3,    0,    0, 0.22,    0,    0, 0.22,    0,    0, 0.22,    0,    0, 0.22) /* Foot */;

INSERT INTO `weenie_properties_emote` (`object_Id`, `category`, `probability`, `weenie_Class_Id`, `style`, `substyle`, `quest`, `vendor_Type`, `min_Health`, `max_Health`)
VALUES (2000352,  7 /* Use */,      1, NULL, NULL, NULL, NULL, NULL, NULL, NULL);

SET @parent_id = LAST_INSERT_ID();

INSERT INTO `weenie_properties_emote_action` (`emote_Id`, `order`, `type`, `delay`, `extent`, `motion`, `message`, `test_String`, `min`, `max`, `min_64`, `max_64`, `min_Dbl`, `max_Dbl`, `stat`, `display`, `amount`, `amount_64`, `hero_X_P_64`, `percent`, `spell_Id`, `wealth_Rating`, `treasure_Class`, `treasure_Type`, `p_Script`, `sound`, `destination_Type`, `weenie_Class_Id`, `stack_Size`, `palette`, `shade`, `try_To_Bond`, `obj_Cell_Id`, `origin_X`, `origin_Y`, `origin_Z`, `angles_W`, `angles_X`, `angles_Y`, `angles_Z`)
VALUES (@parent_id,  0,  10 /* Tell */, 1, 1, NULL, 'Your human offspring are. Difficult...', NULL, NULL, NULL, NULL, NULL, NULL, NULL, NULL, NULL, NULL, NULL, NULL, NULL, NULL, NULL, NULL, NULL, NULL, NULL, NULL, NULL, NULL, NULL, NULL, NULL, NULL, NULL, NULL, NULL, NULL, NULL, NULL, NULL);

DELETE FROM `weenie` WHERE `class_Id` = 2000353;

INSERT INTO `weenie` (`class_Id`, `class_Name`, `type`, `last_Modified`)
VALUES (2000353, 'ace2000353-townsfolk', 10, '2019-09-30 13:46:06') /* Creature */;

INSERT INTO `weenie_properties_int` (`object_Id`, `type`, `value`)
VALUES (2000353,   1,         16) /* ItemType - Creature */
     , (2000353,   2,         31) /* CreatureType - Human */
     , (2000353,   6,         -1) /* ItemsCapacity */
     , (2000353,   7,         -1) /* ContainersCapacity */
     , (2000353,   8,        120) /* Mass */
     , (2000353,  16,         32) /* ItemUseable - Remote */
     , (2000353,  25,         16) /* Level */
     , (2000353,  27,          0) /* ArmorType - None */
     , (2000353,  93,    6292504) /* PhysicsState - ReportCollisions, IgnoreCollisions, Gravity, ReportCollisionsAsEnvironment, EdgeSlide */
     , (2000353,  95,          8) /* RadarBlipColor - Yellow */
     , (2000353, 113,          2) /* Gender - Female */
     , (2000353, 133,          4) /* ShowableOnRadar - ShowAlways */
     , (2000353, 134,         16) /* PlayerKillerStatus - RubberGlue */
     , (2000353, 146,        318) /* XpOverride */
     , (2000353, 188,          1) /* HeritageGroup - Aluvian */;

INSERT INTO `weenie_properties_bool` (`object_Id`, `type`, `value`)
VALUES (2000353,   1, True ) /* Stuck */
     , (2000353,   8, True ) /* AllowGive */
     , (2000353,  11, True ) /* IgnoreCollisions */
     , (2000353,  12, True ) /* ReportCollisions */
     , (2000353,  13, False) /* Ethereal */
     , (2000353,  14, True ) /* GravityStatus */
     , (2000353,  19, False) /* Attackable */
     , (2000353,  29, True ) /* NoCorpse */
     , (2000353,  41, True ) /* ReportCollisionsAsEnvironment */
     , (2000353,  42, True ) /* AllowEdgeSlide */
     , (2000353,  52, True ) /* AiImmobile */
     , (2000353,  79, True ) /* AiAcceptEverything */;

INSERT INTO `weenie_properties_float` (`object_Id`, `type`, `value`)
VALUES (2000353,   1,       5) /* HeartbeatInterval */
     , (2000353,   2,       0) /* HeartbeatTimestamp */
     , (2000353,   3, 0.159999996423721) /* HealthRate */
     , (2000353,   4,       5) /* StaminaRate */
     , (2000353,   5,       1) /* ManaRate */
     , (2000353,  13, 0.899999976158142) /* ArmorModVsSlash */
     , (2000353,  14,       1) /* ArmorModVsPierce */
     , (2000353,  15, 1.10000002384186) /* ArmorModVsBludgeon */
     , (2000353,  16, 0.400000005960464) /* ArmorModVsCold */
     , (2000353,  17, 0.400000005960464) /* ArmorModVsFire */
     , (2000353,  18,       1) /* ArmorModVsAcid */
     , (2000353,  19, 0.600000023841858) /* ArmorModVsElectric */
     , (2000353,  54,       3) /* UseRadius */
     , (2000353,  64,       1) /* ResistSlash */
     , (2000353,  65,       1) /* ResistPierce */
     , (2000353,  66,       1) /* ResistBludgeon */
     , (2000353,  67,       1) /* ResistFire */
     , (2000353,  68,       1) /* ResistCold */
     , (2000353,  69,       1) /* ResistAcid */
     , (2000353,  70,       1) /* ResistElectric */
     , (2000353,  71,       1) /* ResistHealthBoost */
     , (2000353,  72,       1) /* ResistStaminaDrain */
     , (2000353,  73,       1) /* ResistStaminaBoost */
     , (2000353,  74,       1) /* ResistManaDrain */
     , (2000353,  75,       1) /* ResistManaBoost */
     , (2000353, 104,      10) /* ObviousRadarRange */
     , (2000353, 125,       1) /* ResistHealthDrain */;

INSERT INTO `weenie_properties_string` (`object_Id`, `type`, `value`)
VALUES (2000353,   1, 'Townsfolk') /* Name */
     , (2000353,   3, 'Female') /* Sex */
     , (2000353,   4, 'Aluvian') /* HeritageGroup */
     , (2000353,   5, 'Herald') /* Template */;

INSERT INTO `weenie_properties_d_i_d` (`object_Id`, `type`, `value`)
VALUES (2000353,   1,   33554510) /* Setup */
     , (2000353,   2,  150994945) /* MotionTable */
     , (2000353,   3,  536870914) /* SoundTable */
     , (2000353,   4,  805306368) /* CombatTable */
     , (2000353,   6,   67108990) /* PaletteBase */
     , (2000353,   8,  100667446) /* Icon */
     , (2000353,   9,   83890279) /* EyesTexture */
     , (2000353,  10,   83890302) /* NoseTexture */
     , (2000353,  11,   83890324) /* MouthTexture */
     , (2000353,  15,   67116982) /* HairPalette */
     , (2000353,  16,   67110063) /* EyesPalette */
     , (2000353,  17,   67109561) /* SkinPalette */;

INSERT INTO `weenie_properties_attribute` (`object_Id`, `type`, `init_Level`, `level_From_C_P`, `c_P_Spent`)
VALUES (2000353,   1, 120, 0, 0) /* Strength */
     , (2000353,   2, 130, 0, 0) /* Endurance */
     , (2000353,   3, 100, 0, 0) /* Quickness */
     , (2000353,   4, 115, 0, 0) /* Coordination */
     , (2000353,   5, 110, 0, 0) /* Focus */
     , (2000353,   6, 100, 0, 0) /* Self */;

INSERT INTO `weenie_properties_attribute_2nd` (`object_Id`, `type`, `init_Level`, `level_From_C_P`, `c_P_Spent`, `current_Level`)
VALUES (2000353,   1,     0, 0, 0, 65) /* MaxHealth */
     , (2000353,   3,     0, 0, 0, 130) /* MaxStamina */
     , (2000353,   5,     0, 0, 0, 100) /* MaxMana */;

INSERT INTO `weenie_properties_skill` (`object_Id`, `type`, `level_From_P_P`, `s_a_c`, `p_p`, `init_Level`, `resistance_At_Last_Check`, `last_Used_Time`)
VALUES (2000353,  6, 0, 2, 0,   1, 0, 0) /* MeleeDefense        Trained */
     , (2000353,  7, 0, 2, 0,   1, 0, 0) /* MissileDefense      Trained */
     , (2000353, 13, 0, 2, 0,   1, 0, 0) /* UnarmedCombat       Trained */;

INSERT INTO `weenie_properties_body_part` (`object_Id`, `key`, `d_Type`, `d_Val`, `d_Var`, `base_Armor`, `armor_Vs_Slash`, `armor_Vs_Pierce`, `armor_Vs_Bludgeon`, `armor_Vs_Cold`, `armor_Vs_Fire`, `armor_Vs_Acid`, `armor_Vs_Electric`, `armor_Vs_Nether`, `b_h`, `h_l_f`, `m_l_f`, `l_l_f`, `h_r_f`, `m_r_f`, `l_r_f`, `h_l_b`, `m_l_b`, `l_l_b`, `h_r_b`, `m_r_b`, `l_r_b`)
VALUES (2000353,  0,  4,  0,    0,    0,    0,    0,    0,    0,    0,    0,    0,    0, 1, 0.33,    0,    0, 0.33,    0,    0, 0.33,    0,    0, 0.33,    0,    0) /* Head */
     , (2000353,  1,  4,  0,    0,    0,    0,    0,    0,    0,    0,    0,    0,    0, 2, 0.44, 0.17,    0, 0.44, 0.17,    0, 0.44, 0.17,    0, 0.44, 0.17,    0) /* Chest */
     , (2000353,  2,  4,  0,    0,    0,    0,    0,    0,    0,    0,    0,    0,    0, 3,    0, 0.17,    0,    0, 0.17,    0,    0, 0.17,    0,    0, 0.17,    0) /* Abdomen */
     , (2000353,  3,  4,  0,    0,    0,    0,    0,    0,    0,    0,    0,    0,    0, 1, 0.23, 0.03,    0, 0.23, 0.03,    0, 0.23, 0.03,    0, 0.23, 0.03,    0) /* UpperArm */
     , (2000353,  4,  4,  0,    0,    0,    0,    0,    0,    0,    0,    0,    0,    0, 2,    0,  0.3,    0,    0,  0.3,    0,    0,  0.3,    0,    0,  0.3,    0) /* LowerArm */
     , (2000353,  5,  4,  2, 0.75,    0,    0,    0,    0,    0,    0,    0,    0,    0, 2,    0,  0.2,    0,    0,  0.2,    0,    0,  0.2,    0,    0,  0.2,    0) /* Hand */
     , (2000353,  6,  4,  0,    0,    0,    0,    0,    0,    0,    0,    0,    0,    0, 3,    0, 0.13, 0.18,    0, 0.13, 0.18,    0, 0.13, 0.18,    0, 0.13, 0.18) /* UpperLeg */
     , (2000353,  7,  4,  0,    0,    0,    0,    0,    0,    0,    0,    0,    0,    0, 3,    0,    0,  0.6,    0,    0,  0.6,    0,    0,  0.6,    0,    0,  0.6) /* LowerLeg */
     , (2000353,  8,  4,  2, 0.75,    0,    0,    0,    0,    0,    0,    0,    0,    0, 3,    0,    0, 0.22,    0,    0, 0.22,    0,    0, 0.22,    0,    0, 0.22) /* Foot */;

INSERT INTO `weenie_properties_emote` (`object_Id`, `category`, `probability`, `weenie_Class_Id`, `style`, `substyle`, `quest`, `vendor_Type`, `min_Health`, `max_Health`)
VALUES (2000353,  7 /* Use */,      1, NULL, NULL, NULL, NULL, NULL, NULL, NULL);

SET @parent_id = LAST_INSERT_ID();

INSERT INTO `weenie_properties_emote_action` (`emote_Id`, `order`, `type`, `delay`, `extent`, `motion`, `message`, `test_String`, `min`, `max`, `min_64`, `max_64`, `min_Dbl`, `max_Dbl`, `stat`, `display`, `amount`, `amount_64`, `hero_X_P_64`, `percent`, `spell_Id`, `wealth_Rating`, `treasure_Class`, `treasure_Type`, `p_Script`, `sound`, `destination_Type`, `weenie_Class_Id`, `stack_Size`, `palette`, `shade`, `try_To_Bond`, `obj_Cell_Id`, `origin_X`, `origin_Y`, `origin_Z`, `angles_W`, `angles_X`, `angles_Y`, `angles_Z`)
VALUES (@parent_id,  0,  10 /* Tell */, 0, 1, NULL, 'It''s one drink to the early morning, and One for the morning Dew, One for the man who will stand his ground and four for the love of you!', NULL, NULL, NULL, NULL, NULL, NULL, NULL, NULL, NULL, NULL, NULL, NULL, NULL, NULL, NULL, NULL, NULL, NULL, NULL, NULL, NULL, NULL, NULL, NULL, NULL, NULL, NULL, NULL, NULL, NULL, NULL, NULL, NULL);

INSERT INTO `weenie_properties_create_list` (`object_Id`, `destination_Type`, `weenie_Class_Id`, `stack_Size`, `palette`, `shade`, `try_To_Bond`)
VALUES (2000353, 2,   121,  0, 87, 0.8, False) /* Create Gloves (121) for Wield */
     , (2000353, 2,  8372,  0, 92, 1, False) /* Create Yifan Dress (8372) for Wield */
     , (2000353, 2,  2604,  0, 91, 1, False) /* Create Breeches (2604) for Wield */;

DELETE FROM `weenie` WHERE `class_Id` = 2000354;

INSERT INTO `weenie` (`class_Id`, `class_Name`, `type`, `last_Modified`)
VALUES (2000354, 'ace2000354-townsfolk', 10, '2019-09-30 13:46:07') /* Creature */;

INSERT INTO `weenie_properties_int` (`object_Id`, `type`, `value`)
VALUES (2000354,   1,         16) /* ItemType - Creature */
     , (2000354,   2,         31) /* CreatureType - Human */
     , (2000354,   6,         -1) /* ItemsCapacity */
     , (2000354,   7,         -1) /* ContainersCapacity */
     , (2000354,   8,        120) /* Mass */
     , (2000354,  16,         32) /* ItemUseable - Remote */
     , (2000354,  25,         16) /* Level */
     , (2000354,  27,          0) /* ArmorType - None */
     , (2000354,  93,    6292504) /* PhysicsState - ReportCollisions, IgnoreCollisions, Gravity, ReportCollisionsAsEnvironment, EdgeSlide */
     , (2000354,  95,          8) /* RadarBlipColor - Yellow */
     , (2000354, 113,          2) /* Gender - Female */
     , (2000354, 133,          4) /* ShowableOnRadar - ShowAlways */
     , (2000354, 134,         16) /* PlayerKillerStatus - RubberGlue */
     , (2000354, 146,        318) /* XpOverride */
     , (2000354, 188,          1) /* HeritageGroup - Aluvian */;

INSERT INTO `weenie_properties_bool` (`object_Id`, `type`, `value`)
VALUES (2000354,   1, True ) /* Stuck */
     , (2000354,   8, True ) /* AllowGive */
     , (2000354,  11, True ) /* IgnoreCollisions */
     , (2000354,  12, True ) /* ReportCollisions */
     , (2000354,  13, False) /* Ethereal */
     , (2000354,  14, True ) /* GravityStatus */
     , (2000354,  19, False) /* Attackable */
     , (2000354,  29, True ) /* NoCorpse */
     , (2000354,  41, True ) /* ReportCollisionsAsEnvironment */
     , (2000354,  42, True ) /* AllowEdgeSlide */
     , (2000354,  52, True ) /* AiImmobile */
     , (2000354,  79, True ) /* AiAcceptEverything */;

INSERT INTO `weenie_properties_float` (`object_Id`, `type`, `value`)
VALUES (2000354,   1,       5) /* HeartbeatInterval */
     , (2000354,   2,       0) /* HeartbeatTimestamp */
     , (2000354,   3, 0.159999996423721) /* HealthRate */
     , (2000354,   4,       5) /* StaminaRate */
     , (2000354,   5,       1) /* ManaRate */
     , (2000354,  13, 0.899999976158142) /* ArmorModVsSlash */
     , (2000354,  14,       1) /* ArmorModVsPierce */
     , (2000354,  15, 1.10000002384186) /* ArmorModVsBludgeon */
     , (2000354,  16, 0.400000005960464) /* ArmorModVsCold */
     , (2000354,  17, 0.400000005960464) /* ArmorModVsFire */
     , (2000354,  18,       1) /* ArmorModVsAcid */
     , (2000354,  19, 0.600000023841858) /* ArmorModVsElectric */
     , (2000354,  54,       3) /* UseRadius */
     , (2000354,  64,       1) /* ResistSlash */
     , (2000354,  65,       1) /* ResistPierce */
     , (2000354,  66,       1) /* ResistBludgeon */
     , (2000354,  67,       1) /* ResistFire */
     , (2000354,  68,       1) /* ResistCold */
     , (2000354,  69,       1) /* ResistAcid */
     , (2000354,  70,       1) /* ResistElectric */
     , (2000354,  71,       1) /* ResistHealthBoost */
     , (2000354,  72,       1) /* ResistStaminaDrain */
     , (2000354,  73,       1) /* ResistStaminaBoost */
     , (2000354,  74,       1) /* ResistManaDrain */
     , (2000354,  75,       1) /* ResistManaBoost */
     , (2000354, 104,      10) /* ObviousRadarRange */
     , (2000354, 125,       1) /* ResistHealthDrain */;

INSERT INTO `weenie_properties_string` (`object_Id`, `type`, `value`)
VALUES (2000354,   1, 'Townsfolk') /* Name */
     , (2000354,   3, 'Female') /* Sex */
     , (2000354,   4, 'Aluvian') /* HeritageGroup */
     , (2000354,   5, 'Herald') /* Template */;

INSERT INTO `weenie_properties_d_i_d` (`object_Id`, `type`, `value`)
VALUES (2000354,   1,   33554510) /* Setup */
     , (2000354,   2,  150994945) /* MotionTable */
     , (2000354,   3,  536870914) /* SoundTable */
     , (2000354,   4,  805306368) /* CombatTable */
     , (2000354,   6,   67108990) /* PaletteBase */
     , (2000354,   8,  100667446) /* Icon */
     , (2000354,   9,   83890279) /* EyesTexture */
     , (2000354,  10,   83890302) /* NoseTexture */
     , (2000354,  11,   83890324) /* MouthTexture */
     , (2000354,  15,   67116982) /* HairPalette */
     , (2000354,  16,   67110063) /* EyesPalette */
     , (2000354,  17,   67109561) /* SkinPalette */;

INSERT INTO `weenie_properties_attribute` (`object_Id`, `type`, `init_Level`, `level_From_C_P`, `c_P_Spent`)
VALUES (2000354,   1, 120, 0, 0) /* Strength */
     , (2000354,   2, 130, 0, 0) /* Endurance */
     , (2000354,   3, 100, 0, 0) /* Quickness */
     , (2000354,   4, 115, 0, 0) /* Coordination */
     , (2000354,   5, 110, 0, 0) /* Focus */
     , (2000354,   6, 100, 0, 0) /* Self */;

INSERT INTO `weenie_properties_attribute_2nd` (`object_Id`, `type`, `init_Level`, `level_From_C_P`, `c_P_Spent`, `current_Level`)
VALUES (2000354,   1,     0, 0, 0, 65) /* MaxHealth */
     , (2000354,   3,     0, 0, 0, 130) /* MaxStamina */
     , (2000354,   5,     0, 0, 0, 100) /* MaxMana */;

INSERT INTO `weenie_properties_skill` (`object_Id`, `type`, `level_From_P_P`, `s_a_c`, `p_p`, `init_Level`, `resistance_At_Last_Check`, `last_Used_Time`)
VALUES (2000354,  6, 0, 2, 0,   1, 0, 0) /* MeleeDefense        Trained */
     , (2000354,  7, 0, 2, 0,   1, 0, 0) /* MissileDefense      Trained */
     , (2000354, 13, 0, 2, 0,   1, 0, 0) /* UnarmedCombat       Trained */;

INSERT INTO `weenie_properties_body_part` (`object_Id`, `key`, `d_Type`, `d_Val`, `d_Var`, `base_Armor`, `armor_Vs_Slash`, `armor_Vs_Pierce`, `armor_Vs_Bludgeon`, `armor_Vs_Cold`, `armor_Vs_Fire`, `armor_Vs_Acid`, `armor_Vs_Electric`, `armor_Vs_Nether`, `b_h`, `h_l_f`, `m_l_f`, `l_l_f`, `h_r_f`, `m_r_f`, `l_r_f`, `h_l_b`, `m_l_b`, `l_l_b`, `h_r_b`, `m_r_b`, `l_r_b`)
VALUES (2000354,  0,  4,  0,    0,    0,    0,    0,    0,    0,    0,    0,    0,    0, 1, 0.33,    0,    0, 0.33,    0,    0, 0.33,    0,    0, 0.33,    0,    0) /* Head */
     , (2000354,  1,  4,  0,    0,    0,    0,    0,    0,    0,    0,    0,    0,    0, 2, 0.44, 0.17,    0, 0.44, 0.17,    0, 0.44, 0.17,    0, 0.44, 0.17,    0) /* Chest */
     , (2000354,  2,  4,  0,    0,    0,    0,    0,    0,    0,    0,    0,    0,    0, 3,    0, 0.17,    0,    0, 0.17,    0,    0, 0.17,    0,    0, 0.17,    0) /* Abdomen */
     , (2000354,  3,  4,  0,    0,    0,    0,    0,    0,    0,    0,    0,    0,    0, 1, 0.23, 0.03,    0, 0.23, 0.03,    0, 0.23, 0.03,    0, 0.23, 0.03,    0) /* UpperArm */
     , (2000354,  4,  4,  0,    0,    0,    0,    0,    0,    0,    0,    0,    0,    0, 2,    0,  0.3,    0,    0,  0.3,    0,    0,  0.3,    0,    0,  0.3,    0) /* LowerArm */
     , (2000354,  5,  4,  2, 0.75,    0,    0,    0,    0,    0,    0,    0,    0,    0, 2,    0,  0.2,    0,    0,  0.2,    0,    0,  0.2,    0,    0,  0.2,    0) /* Hand */
     , (2000354,  6,  4,  0,    0,    0,    0,    0,    0,    0,    0,    0,    0,    0, 3,    0, 0.13, 0.18,    0, 0.13, 0.18,    0, 0.13, 0.18,    0, 0.13, 0.18) /* UpperLeg */
     , (2000354,  7,  4,  0,    0,    0,    0,    0,    0,    0,    0,    0,    0,    0, 3,    0,    0,  0.6,    0,    0,  0.6,    0,    0,  0.6,    0,    0,  0.6) /* LowerLeg */
     , (2000354,  8,  4,  2, 0.75,    0,    0,    0,    0,    0,    0,    0,    0,    0, 3,    0,    0, 0.22,    0,    0, 0.22,    0,    0, 0.22,    0,    0, 0.22) /* Foot */;

INSERT INTO `weenie_properties_emote` (`object_Id`, `category`, `probability`, `weenie_Class_Id`, `style`, `substyle`, `quest`, `vendor_Type`, `min_Health`, `max_Health`)
VALUES (2000354,  7 /* Use */,      1, NULL, NULL, NULL, NULL, NULL, NULL, NULL);

SET @parent_id = LAST_INSERT_ID();

INSERT INTO `weenie_properties_emote_action` (`emote_Id`, `order`, `type`, `delay`, `extent`, `motion`, `message`, `test_String`, `min`, `max`, `min_64`, `max_64`, `min_Dbl`, `max_Dbl`, `stat`, `display`, `amount`, `amount_64`, `hero_X_P_64`, `percent`, `spell_Id`, `wealth_Rating`, `treasure_Class`, `treasure_Type`, `p_Script`, `sound`, `destination_Type`, `weenie_Class_Id`, `stack_Size`, `palette`, `shade`, `try_To_Bond`, `obj_Cell_Id`, `origin_X`, `origin_Y`, `origin_Z`, `angles_W`, `angles_X`, `angles_Y`, `angles_Z`)
VALUES (@parent_id,  0,  10 /* Tell */, 0, 1, NULL, 'I like the quiet simple life.', NULL, NULL, NULL, NULL, NULL, NULL, NULL, NULL, NULL, NULL, NULL, NULL, NULL, NULL, NULL, NULL, NULL, NULL, NULL, NULL, NULL, NULL, NULL, NULL, NULL, NULL, NULL, NULL, NULL, NULL, NULL, NULL, NULL);

INSERT INTO `weenie_properties_create_list` (`object_Id`, `destination_Type`, `weenie_Class_Id`, `stack_Size`, `palette`, `shade`, `try_To_Bond`)
VALUES (2000354, 2,   121,  0, 90, 0.8, False) /* Create Gloves (121) for Wield */
     , (2000354, 2,  2032,  0, 88, 1, False) /* Create Branith's Shirt (2032) for Wield */
     , (2000354, 2,  2604,  0, 91, 1, False) /* Create Breeches (2604) for Wield */;

DELETE FROM `weenie` WHERE `class_Id` = 2000355;

INSERT INTO `weenie` (`class_Id`, `class_Name`, `type`, `last_Modified`)
VALUES (2000355, 'ace2000355-townsfolk', 10, '2019-09-30 13:46:08') /* Creature */;

INSERT INTO `weenie_properties_int` (`object_Id`, `type`, `value`)
VALUES (2000355,   1,         16) /* ItemType - Creature */
     , (2000355,   2,         31) /* CreatureType - Human */
     , (2000355,   6,         -1) /* ItemsCapacity */
     , (2000355,   7,         -1) /* ContainersCapacity */
     , (2000355,   8,        120) /* Mass */
     , (2000355,  16,         32) /* ItemUseable - Remote */
     , (2000355,  25,         16) /* Level */
     , (2000355,  27,          0) /* ArmorType - None */
     , (2000355,  93,    6292504) /* PhysicsState - ReportCollisions, IgnoreCollisions, Gravity, ReportCollisionsAsEnvironment, EdgeSlide */
     , (2000355,  95,          8) /* RadarBlipColor - Yellow */
     , (2000355, 113,          2) /* Gender - Female */
     , (2000355, 133,          4) /* ShowableOnRadar - ShowAlways */
     , (2000355, 134,         16) /* PlayerKillerStatus - RubberGlue */
     , (2000355, 146,        318) /* XpOverride */
     , (2000355, 188,          1) /* HeritageGroup - Aluvian */;

INSERT INTO `weenie_properties_bool` (`object_Id`, `type`, `value`)
VALUES (2000355,   1, True ) /* Stuck */
     , (2000355,   8, True ) /* AllowGive */
     , (2000355,  11, True ) /* IgnoreCollisions */
     , (2000355,  12, True ) /* ReportCollisions */
     , (2000355,  13, False) /* Ethereal */
     , (2000355,  14, True ) /* GravityStatus */
     , (2000355,  19, False) /* Attackable */
     , (2000355,  29, True ) /* NoCorpse */
     , (2000355,  41, True ) /* ReportCollisionsAsEnvironment */
     , (2000355,  42, True ) /* AllowEdgeSlide */
     , (2000355,  52, True ) /* AiImmobile */
     , (2000355,  79, True ) /* AiAcceptEverything */;

INSERT INTO `weenie_properties_float` (`object_Id`, `type`, `value`)
VALUES (2000355,   1,       5) /* HeartbeatInterval */
     , (2000355,   2,       0) /* HeartbeatTimestamp */
     , (2000355,   3, 0.159999996423721) /* HealthRate */
     , (2000355,   4,       5) /* StaminaRate */
     , (2000355,   5,       1) /* ManaRate */
     , (2000355,  13, 0.899999976158142) /* ArmorModVsSlash */
     , (2000355,  14,       1) /* ArmorModVsPierce */
     , (2000355,  15, 1.10000002384186) /* ArmorModVsBludgeon */
     , (2000355,  16, 0.400000005960464) /* ArmorModVsCold */
     , (2000355,  17, 0.400000005960464) /* ArmorModVsFire */
     , (2000355,  18,       1) /* ArmorModVsAcid */
     , (2000355,  19, 0.600000023841858) /* ArmorModVsElectric */
     , (2000355,  54,       3) /* UseRadius */
     , (2000355,  64,       1) /* ResistSlash */
     , (2000355,  65,       1) /* ResistPierce */
     , (2000355,  66,       1) /* ResistBludgeon */
     , (2000355,  67,       1) /* ResistFire */
     , (2000355,  68,       1) /* ResistCold */
     , (2000355,  69,       1) /* ResistAcid */
     , (2000355,  70,       1) /* ResistElectric */
     , (2000355,  71,       1) /* ResistHealthBoost */
     , (2000355,  72,       1) /* ResistStaminaDrain */
     , (2000355,  73,       1) /* ResistStaminaBoost */
     , (2000355,  74,       1) /* ResistManaDrain */
     , (2000355,  75,       1) /* ResistManaBoost */
     , (2000355, 104,      10) /* ObviousRadarRange */
     , (2000355, 125,       1) /* ResistHealthDrain */;

INSERT INTO `weenie_properties_string` (`object_Id`, `type`, `value`)
VALUES (2000355,   1, 'Townsfolk') /* Name */
     , (2000355,   3, 'Female') /* Sex */
     , (2000355,   4, 'Aluvian') /* HeritageGroup */
     , (2000355,   5, 'Herald') /* Template */;

INSERT INTO `weenie_properties_d_i_d` (`object_Id`, `type`, `value`)
VALUES (2000355,   1,   33554510) /* Setup */
     , (2000355,   2,  150994945) /* MotionTable */
     , (2000355,   3,  536870914) /* SoundTable */
     , (2000355,   4,  805306368) /* CombatTable */
     , (2000355,   6,   67108990) /* PaletteBase */
     , (2000355,   8,  100667446) /* Icon */
     , (2000355,   9,   83890279) /* EyesTexture */
     , (2000355,  10,   83890302) /* NoseTexture */
     , (2000355,  11,   83890324) /* MouthTexture */
     , (2000355,  15,   67116982) /* HairPalette */
     , (2000355,  16,   67110063) /* EyesPalette */
     , (2000355,  17,   67109561) /* SkinPalette */;

INSERT INTO `weenie_properties_attribute` (`object_Id`, `type`, `init_Level`, `level_From_C_P`, `c_P_Spent`)
VALUES (2000355,   1, 120, 0, 0) /* Strength */
     , (2000355,   2, 130, 0, 0) /* Endurance */
     , (2000355,   3, 100, 0, 0) /* Quickness */
     , (2000355,   4, 115, 0, 0) /* Coordination */
     , (2000355,   5, 110, 0, 0) /* Focus */
     , (2000355,   6, 100, 0, 0) /* Self */;

INSERT INTO `weenie_properties_attribute_2nd` (`object_Id`, `type`, `init_Level`, `level_From_C_P`, `c_P_Spent`, `current_Level`)
VALUES (2000355,   1,     0, 0, 0, 65) /* MaxHealth */
     , (2000355,   3,     0, 0, 0, 130) /* MaxStamina */
     , (2000355,   5,     0, 0, 0, 100) /* MaxMana */;

INSERT INTO `weenie_properties_skill` (`object_Id`, `type`, `level_From_P_P`, `s_a_c`, `p_p`, `init_Level`, `resistance_At_Last_Check`, `last_Used_Time`)
VALUES (2000355,  6, 0, 2, 0,   1, 0, 0) /* MeleeDefense        Trained */
     , (2000355,  7, 0, 2, 0,   1, 0, 0) /* MissileDefense      Trained */
     , (2000355, 13, 0, 2, 0,   1, 0, 0) /* UnarmedCombat       Trained */;

INSERT INTO `weenie_properties_body_part` (`object_Id`, `key`, `d_Type`, `d_Val`, `d_Var`, `base_Armor`, `armor_Vs_Slash`, `armor_Vs_Pierce`, `armor_Vs_Bludgeon`, `armor_Vs_Cold`, `armor_Vs_Fire`, `armor_Vs_Acid`, `armor_Vs_Electric`, `armor_Vs_Nether`, `b_h`, `h_l_f`, `m_l_f`, `l_l_f`, `h_r_f`, `m_r_f`, `l_r_f`, `h_l_b`, `m_l_b`, `l_l_b`, `h_r_b`, `m_r_b`, `l_r_b`)
VALUES (2000355,  0,  4,  0,    0,    0,    0,    0,    0,    0,    0,    0,    0,    0, 1, 0.33,    0,    0, 0.33,    0,    0, 0.33,    0,    0, 0.33,    0,    0) /* Head */
     , (2000355,  1,  4,  0,    0,    0,    0,    0,    0,    0,    0,    0,    0,    0, 2, 0.44, 0.17,    0, 0.44, 0.17,    0, 0.44, 0.17,    0, 0.44, 0.17,    0) /* Chest */
     , (2000355,  2,  4,  0,    0,    0,    0,    0,    0,    0,    0,    0,    0,    0, 3,    0, 0.17,    0,    0, 0.17,    0,    0, 0.17,    0,    0, 0.17,    0) /* Abdomen */
     , (2000355,  3,  4,  0,    0,    0,    0,    0,    0,    0,    0,    0,    0,    0, 1, 0.23, 0.03,    0, 0.23, 0.03,    0, 0.23, 0.03,    0, 0.23, 0.03,    0) /* UpperArm */
     , (2000355,  4,  4,  0,    0,    0,    0,    0,    0,    0,    0,    0,    0,    0, 2,    0,  0.3,    0,    0,  0.3,    0,    0,  0.3,    0,    0,  0.3,    0) /* LowerArm */
     , (2000355,  5,  4,  2, 0.75,    0,    0,    0,    0,    0,    0,    0,    0,    0, 2,    0,  0.2,    0,    0,  0.2,    0,    0,  0.2,    0,    0,  0.2,    0) /* Hand */
     , (2000355,  6,  4,  0,    0,    0,    0,    0,    0,    0,    0,    0,    0,    0, 3,    0, 0.13, 0.18,    0, 0.13, 0.18,    0, 0.13, 0.18,    0, 0.13, 0.18) /* UpperLeg */
     , (2000355,  7,  4,  0,    0,    0,    0,    0,    0,    0,    0,    0,    0,    0, 3,    0,    0,  0.6,    0,    0,  0.6,    0,    0,  0.6,    0,    0,  0.6) /* LowerLeg */
     , (2000355,  8,  4,  2, 0.75,    0,    0,    0,    0,    0,    0,    0,    0,    0, 3,    0,    0, 0.22,    0,    0, 0.22,    0,    0, 0.22,    0,    0, 0.22) /* Foot */;

INSERT INTO `weenie_properties_emote` (`object_Id`, `category`, `probability`, `weenie_Class_Id`, `style`, `substyle`, `quest`, `vendor_Type`, `min_Health`, `max_Health`)
VALUES (2000355,  7 /* Use */,      1, NULL, NULL, NULL, NULL, NULL, NULL, NULL);

SET @parent_id = LAST_INSERT_ID();

INSERT INTO `weenie_properties_emote_action` (`emote_Id`, `order`, `type`, `delay`, `extent`, `motion`, `message`, `test_String`, `min`, `max`, `min_64`, `max_64`, `min_Dbl`, `max_Dbl`, `stat`, `display`, `amount`, `amount_64`, `hero_X_P_64`, `percent`, `spell_Id`, `wealth_Rating`, `treasure_Class`, `treasure_Type`, `p_Script`, `sound`, `destination_Type`, `weenie_Class_Id`, `stack_Size`, `palette`, `shade`, `try_To_Bond`, `obj_Cell_Id`, `origin_X`, `origin_Y`, `origin_Z`, `angles_W`, `angles_X`, `angles_Y`, `angles_Z`)
VALUES (@parent_id,  0,  10 /* Tell */, 0, 1, NULL, 'Spent a whole day fishing and all I got was throwing fish? What good is that?', NULL, NULL, NULL, NULL, NULL, NULL, NULL, NULL, NULL, NULL, NULL, NULL, NULL, NULL, NULL, NULL, NULL, NULL, NULL, NULL, NULL, NULL, NULL, NULL, NULL, NULL, NULL, NULL, NULL, NULL, NULL, NULL, NULL);

INSERT INTO `weenie_properties_create_list` (`object_Id`, `destination_Type`, `weenie_Class_Id`, `stack_Size`, `palette`, `shade`, `try_To_Bond`)
VALUES (2000355, 2,   121,  0, 90, 0.8, False) /* Create Gloves (121) for Wield */
     , (2000355, 2,  8372,  0, 92, 1, False) /* Create Yifan Dress (8372) for Wield */
     , (2000355, 2,  2604,  0, 91, 1, False) /* Create Breeches (2604) for Wield */;

DELETE FROM `weenie` WHERE `class_Id` = 2000356;

INSERT INTO `weenie` (`class_Id`, `class_Name`, `type`, `last_Modified`)
VALUES (2000356, 'ace2000356-townsfolk', 10, '2019-09-30 13:46:10') /* Creature */;

INSERT INTO `weenie_properties_int` (`object_Id`, `type`, `value`)
VALUES (2000356,   1,         16) /* ItemType - Creature */
     , (2000356,   2,         31) /* CreatureType - Human */
     , (2000356,   6,         -1) /* ItemsCapacity */
     , (2000356,   7,         -1) /* ContainersCapacity */
     , (2000356,   8,        120) /* Mass */
     , (2000356,  16,         32) /* ItemUseable - Remote */
     , (2000356,  25,         16) /* Level */
     , (2000356,  27,          0) /* ArmorType - None */
     , (2000356,  93,    6292504) /* PhysicsState - ReportCollisions, IgnoreCollisions, Gravity, ReportCollisionsAsEnvironment, EdgeSlide */
     , (2000356,  95,          8) /* RadarBlipColor - Yellow */
     , (2000356, 113,          2) /* Gender - Female */
     , (2000356, 133,          4) /* ShowableOnRadar - ShowAlways */
     , (2000356, 134,         16) /* PlayerKillerStatus - RubberGlue */
     , (2000356, 146,        318) /* XpOverride */
     , (2000356, 188,          1) /* HeritageGroup - Aluvian */;

INSERT INTO `weenie_properties_bool` (`object_Id`, `type`, `value`)
VALUES (2000356,   1, True ) /* Stuck */
     , (2000356,   8, True ) /* AllowGive */
     , (2000356,  11, True ) /* IgnoreCollisions */
     , (2000356,  12, True ) /* ReportCollisions */
     , (2000356,  13, False) /* Ethereal */
     , (2000356,  14, True ) /* GravityStatus */
     , (2000356,  19, False) /* Attackable */
     , (2000356,  29, True ) /* NoCorpse */
     , (2000356,  41, True ) /* ReportCollisionsAsEnvironment */
     , (2000356,  42, True ) /* AllowEdgeSlide */
     , (2000356,  52, True ) /* AiImmobile */
     , (2000356,  79, True ) /* AiAcceptEverything */;

INSERT INTO `weenie_properties_float` (`object_Id`, `type`, `value`)
VALUES (2000356,   1,       5) /* HeartbeatInterval */
     , (2000356,   2,       0) /* HeartbeatTimestamp */
     , (2000356,   3, 0.159999996423721) /* HealthRate */
     , (2000356,   4,       5) /* StaminaRate */
     , (2000356,   5,       1) /* ManaRate */
     , (2000356,  13, 0.899999976158142) /* ArmorModVsSlash */
     , (2000356,  14,       1) /* ArmorModVsPierce */
     , (2000356,  15, 1.10000002384186) /* ArmorModVsBludgeon */
     , (2000356,  16, 0.400000005960464) /* ArmorModVsCold */
     , (2000356,  17, 0.400000005960464) /* ArmorModVsFire */
     , (2000356,  18,       1) /* ArmorModVsAcid */
     , (2000356,  19, 0.600000023841858) /* ArmorModVsElectric */
     , (2000356,  54,       3) /* UseRadius */
     , (2000356,  64,       1) /* ResistSlash */
     , (2000356,  65,       1) /* ResistPierce */
     , (2000356,  66,       1) /* ResistBludgeon */
     , (2000356,  67,       1) /* ResistFire */
     , (2000356,  68,       1) /* ResistCold */
     , (2000356,  69,       1) /* ResistAcid */
     , (2000356,  70,       1) /* ResistElectric */
     , (2000356,  71,       1) /* ResistHealthBoost */
     , (2000356,  72,       1) /* ResistStaminaDrain */
     , (2000356,  73,       1) /* ResistStaminaBoost */
     , (2000356,  74,       1) /* ResistManaDrain */
     , (2000356,  75,       1) /* ResistManaBoost */
     , (2000356, 104,      10) /* ObviousRadarRange */
     , (2000356, 125,       1) /* ResistHealthDrain */;

INSERT INTO `weenie_properties_string` (`object_Id`, `type`, `value`)
VALUES (2000356,   1, 'Townsfolk') /* Name */
     , (2000356,   3, 'Female') /* Sex */
     , (2000356,   4, 'Aluvian') /* HeritageGroup */
     , (2000356,   5, 'Herald') /* Template */;

INSERT INTO `weenie_properties_d_i_d` (`object_Id`, `type`, `value`)
VALUES (2000356,   1,   33554510) /* Setup */
     , (2000356,   2,  150994945) /* MotionTable */
     , (2000356,   3,  536870914) /* SoundTable */
     , (2000356,   4,  805306368) /* CombatTable */
     , (2000356,   6,   67108990) /* PaletteBase */
     , (2000356,   8,  100667446) /* Icon */
     , (2000356,   9,   83890279) /* EyesTexture */
     , (2000356,  10,   83890302) /* NoseTexture */
     , (2000356,  11,   83890324) /* MouthTexture */
     , (2000356,  15,   67116982) /* HairPalette */
     , (2000356,  16,   67110063) /* EyesPalette */
     , (2000356,  17,   67109561) /* SkinPalette */;

INSERT INTO `weenie_properties_attribute` (`object_Id`, `type`, `init_Level`, `level_From_C_P`, `c_P_Spent`)
VALUES (2000356,   1, 120, 0, 0) /* Strength */
     , (2000356,   2, 130, 0, 0) /* Endurance */
     , (2000356,   3, 100, 0, 0) /* Quickness */
     , (2000356,   4, 115, 0, 0) /* Coordination */
     , (2000356,   5, 110, 0, 0) /* Focus */
     , (2000356,   6, 100, 0, 0) /* Self */;

INSERT INTO `weenie_properties_attribute_2nd` (`object_Id`, `type`, `init_Level`, `level_From_C_P`, `c_P_Spent`, `current_Level`)
VALUES (2000356,   1,     0, 0, 0, 65) /* MaxHealth */
     , (2000356,   3,     0, 0, 0, 130) /* MaxStamina */
     , (2000356,   5,     0, 0, 0, 100) /* MaxMana */;

INSERT INTO `weenie_properties_skill` (`object_Id`, `type`, `level_From_P_P`, `s_a_c`, `p_p`, `init_Level`, `resistance_At_Last_Check`, `last_Used_Time`)
VALUES (2000356,  6, 0, 2, 0,   1, 0, 0) /* MeleeDefense        Trained */
     , (2000356,  7, 0, 2, 0,   1, 0, 0) /* MissileDefense      Trained */
     , (2000356, 13, 0, 2, 0,   1, 0, 0) /* UnarmedCombat       Trained */;

INSERT INTO `weenie_properties_body_part` (`object_Id`, `key`, `d_Type`, `d_Val`, `d_Var`, `base_Armor`, `armor_Vs_Slash`, `armor_Vs_Pierce`, `armor_Vs_Bludgeon`, `armor_Vs_Cold`, `armor_Vs_Fire`, `armor_Vs_Acid`, `armor_Vs_Electric`, `armor_Vs_Nether`, `b_h`, `h_l_f`, `m_l_f`, `l_l_f`, `h_r_f`, `m_r_f`, `l_r_f`, `h_l_b`, `m_l_b`, `l_l_b`, `h_r_b`, `m_r_b`, `l_r_b`)
VALUES (2000356,  0,  4,  0,    0,    0,    0,    0,    0,    0,    0,    0,    0,    0, 1, 0.33,    0,    0, 0.33,    0,    0, 0.33,    0,    0, 0.33,    0,    0) /* Head */
     , (2000356,  1,  4,  0,    0,    0,    0,    0,    0,    0,    0,    0,    0,    0, 2, 0.44, 0.17,    0, 0.44, 0.17,    0, 0.44, 0.17,    0, 0.44, 0.17,    0) /* Chest */
     , (2000356,  2,  4,  0,    0,    0,    0,    0,    0,    0,    0,    0,    0,    0, 3,    0, 0.17,    0,    0, 0.17,    0,    0, 0.17,    0,    0, 0.17,    0) /* Abdomen */
     , (2000356,  3,  4,  0,    0,    0,    0,    0,    0,    0,    0,    0,    0,    0, 1, 0.23, 0.03,    0, 0.23, 0.03,    0, 0.23, 0.03,    0, 0.23, 0.03,    0) /* UpperArm */
     , (2000356,  4,  4,  0,    0,    0,    0,    0,    0,    0,    0,    0,    0,    0, 2,    0,  0.3,    0,    0,  0.3,    0,    0,  0.3,    0,    0,  0.3,    0) /* LowerArm */
     , (2000356,  5,  4,  2, 0.75,    0,    0,    0,    0,    0,    0,    0,    0,    0, 2,    0,  0.2,    0,    0,  0.2,    0,    0,  0.2,    0,    0,  0.2,    0) /* Hand */
     , (2000356,  6,  4,  0,    0,    0,    0,    0,    0,    0,    0,    0,    0,    0, 3,    0, 0.13, 0.18,    0, 0.13, 0.18,    0, 0.13, 0.18,    0, 0.13, 0.18) /* UpperLeg */
     , (2000356,  7,  4,  0,    0,    0,    0,    0,    0,    0,    0,    0,    0,    0, 3,    0,    0,  0.6,    0,    0,  0.6,    0,    0,  0.6,    0,    0,  0.6) /* LowerLeg */
     , (2000356,  8,  4,  2, 0.75,    0,    0,    0,    0,    0,    0,    0,    0,    0, 3,    0,    0, 0.22,    0,    0, 0.22,    0,    0, 0.22,    0,    0, 0.22) /* Foot */;

INSERT INTO `weenie_properties_emote` (`object_Id`, `category`, `probability`, `weenie_Class_Id`, `style`, `substyle`, `quest`, `vendor_Type`, `min_Health`, `max_Health`)
VALUES (2000356,  7 /* Use */,      1, NULL, NULL, NULL, NULL, NULL, NULL, NULL);

SET @parent_id = LAST_INSERT_ID();

INSERT INTO `weenie_properties_emote_action` (`emote_Id`, `order`, `type`, `delay`, `extent`, `motion`, `message`, `test_String`, `min`, `max`, `min_64`, `max_64`, `min_Dbl`, `max_Dbl`, `stat`, `display`, `amount`, `amount_64`, `hero_X_P_64`, `percent`, `spell_Id`, `wealth_Rating`, `treasure_Class`, `treasure_Type`, `p_Script`, `sound`, `destination_Type`, `weenie_Class_Id`, `stack_Size`, `palette`, `shade`, `try_To_Bond`, `obj_Cell_Id`, `origin_X`, `origin_Y`, `origin_Z`, `angles_W`, `angles_X`, `angles_Y`, `angles_Z`)
VALUES (@parent_id,  0,  10 /* Tell */, 0, 1, NULL, 'Welcome to Rithwic', NULL, NULL, NULL, NULL, NULL, NULL, NULL, NULL, NULL, NULL, NULL, NULL, NULL, NULL, NULL, NULL, NULL, NULL, NULL, NULL, NULL, NULL, NULL, NULL, NULL, NULL, NULL, NULL, NULL, NULL, NULL, NULL, NULL);

INSERT INTO `weenie_properties_create_list` (`object_Id`, `destination_Type`, `weenie_Class_Id`, `stack_Size`, `palette`, `shade`, `try_To_Bond`)
VALUES (2000356, 2,   121,  0, 90, 0.8, False) /* Create Gloves (121) for Wield */
     , (2000356, 2,  8372,  0, 89, 1, False) /* Create Yifan Dress (8372) for Wield */
     , (2000356, 2,  2604,  0, 91, 1, False) /* Create Breeches (2604) for Wield */;

DELETE FROM `weenie` WHERE `class_Id` = 2000357;

INSERT INTO `weenie` (`class_Id`, `class_Name`, `type`, `last_Modified`)
VALUES (2000357, 'ace2000357-townsfolk', 10, '2019-09-30 13:46:11') /* Creature */;

INSERT INTO `weenie_properties_int` (`object_Id`, `type`, `value`)
VALUES (2000357,   1,         16) /* ItemType - Creature */
     , (2000357,   2,         22) /* CreatureType - Shadow */
     , (2000357,   3,         39) /* PaletteTemplate - Black */
     , (2000357,   6,         -1) /* ItemsCapacity */
     , (2000357,   7,         -1) /* ContainersCapacity */
     , (2000357,   8,        120) /* Mass */
     , (2000357,  16,         32) /* ItemUseable - Remote */
     , (2000357,  25,         73) /* Level */
     , (2000357,  27,          0) /* ArmorType - None */
     , (2000357,  93,    6292504) /* PhysicsState - ReportCollisions, IgnoreCollisions, Gravity, ReportCollisionsAsEnvironment, EdgeSlide */
     , (2000357,  95,          8) /* RadarBlipColor - Yellow */
     , (2000357, 133,          4) /* ShowableOnRadar - ShowAlways */
     , (2000357, 134,         16) /* PlayerKillerStatus - RubberGlue */
     , (2000357, 146,       4973) /* XpOverride */;

INSERT INTO `weenie_properties_bool` (`object_Id`, `type`, `value`)
VALUES (2000357,   1, True ) /* Stuck */
     , (2000357,   8, True ) /* AllowGive */
     , (2000357,  11, True ) /* IgnoreCollisions */
     , (2000357,  12, True ) /* ReportCollisions */
     , (2000357,  13, False) /* Ethereal */
     , (2000357,  14, True ) /* GravityStatus */
     , (2000357,  19, False) /* Attackable */
     , (2000357,  41, True ) /* ReportCollisionsAsEnvironment */
     , (2000357,  42, True ) /* AllowEdgeSlide */
     , (2000357,  52, True ) /* AiImmobile */;

INSERT INTO `weenie_properties_float` (`object_Id`, `type`, `value`)
VALUES (2000357,   1,       5) /* HeartbeatInterval */
     , (2000357,   2,       0) /* HeartbeatTimestamp */
     , (2000357,   3, 0.159999996423721) /* HealthRate */
     , (2000357,   4,       5) /* StaminaRate */
     , (2000357,   5,       1) /* ManaRate */
     , (2000357,  12,     0.5) /* Shade */
     , (2000357,  13, 0.899999976158142) /* ArmorModVsSlash */
     , (2000357,  14,       1) /* ArmorModVsPierce */
     , (2000357,  15, 1.10000002384186) /* ArmorModVsBludgeon */
     , (2000357,  16, 0.400000005960464) /* ArmorModVsCold */
     , (2000357,  17, 0.400000005960464) /* ArmorModVsFire */
     , (2000357,  18,       1) /* ArmorModVsAcid */
     , (2000357,  19, 0.600000023841858) /* ArmorModVsElectric */
     , (2000357,  54,       3) /* UseRadius */
     , (2000357,  64,       1) /* ResistSlash */
     , (2000357,  65,       1) /* ResistPierce */
     , (2000357,  66,       1) /* ResistBludgeon */
     , (2000357,  67,       1) /* ResistFire */
     , (2000357,  68,       1) /* ResistCold */
     , (2000357,  69,       1) /* ResistAcid */
     , (2000357,  70,       1) /* ResistElectric */
     , (2000357,  71,       1) /* ResistHealthBoost */
     , (2000357,  72,       1) /* ResistStaminaDrain */
     , (2000357,  73,       1) /* ResistStaminaBoost */
     , (2000357,  74,       1) /* ResistManaDrain */
     , (2000357,  75,       1) /* ResistManaBoost */
     , (2000357, 104,      10) /* ObviousRadarRange */
     , (2000357, 125,       1) /* ResistHealthDrain */;

INSERT INTO `weenie_properties_string` (`object_Id`, `type`, `value`)
VALUES (2000357,   1, 'Townsfolk') /* Name */
     , (2000357,   3, 'Male') /* Sex */
     , (2000357,   4, 'Aluvian') /* HeritageGroup */;

INSERT INTO `weenie_properties_d_i_d` (`object_Id`, `type`, `value`)
VALUES (2000357,   1,   33554433) /* Setup */
     , (2000357,   2,  150994945) /* MotionTable */
     , (2000357,   3,  536870913) /* SoundTable */
     , (2000357,   4,  805306368) /* CombatTable */
     , (2000357,   6,   67111797) /* PaletteBase */
     , (2000357,   7,  268435632) /* ClothingBase */
     , (2000357,   8,  100670397) /* Icon */;

INSERT INTO `weenie_properties_attribute` (`object_Id`, `type`, `init_Level`, `level_From_C_P`, `c_P_Spent`)
VALUES (2000357,   1, 220, 0, 0) /* Strength */
     , (2000357,   2, 235, 0, 0) /* Endurance */
     , (2000357,   3, 260, 0, 0) /* Quickness */
     , (2000357,   4, 270, 0, 0) /* Coordination */
     , (2000357,   5, 150, 0, 0) /* Focus */
     , (2000357,   6, 150, 0, 0) /* Self */;

INSERT INTO `weenie_properties_attribute_2nd` (`object_Id`, `type`, `init_Level`, `level_From_C_P`, `c_P_Spent`, `current_Level`)
VALUES (2000357,   1,     0, 0, 0, 118) /* MaxHealth */
     , (2000357,   3,     0, 0, 0, 235) /* MaxStamina */
     , (2000357,   5,     0, 0, 0, 150) /* MaxMana */;

INSERT INTO `weenie_properties_skill` (`object_Id`, `type`, `level_From_P_P`, `s_a_c`, `p_p`, `init_Level`, `resistance_At_Last_Check`, `last_Used_Time`)
VALUES (2000357,  6, 0, 2, 0,   1, 0, 0) /* MeleeDefense        Trained */
     , (2000357,  7, 0, 2, 0,   1, 0, 0) /* MissileDefense      Trained */
     , (2000357, 13, 0, 2, 0,   1, 0, 0) /* UnarmedCombat       Trained */;

INSERT INTO `weenie_properties_body_part` (`object_Id`, `key`, `d_Type`, `d_Val`, `d_Var`, `base_Armor`, `armor_Vs_Slash`, `armor_Vs_Pierce`, `armor_Vs_Bludgeon`, `armor_Vs_Cold`, `armor_Vs_Fire`, `armor_Vs_Acid`, `armor_Vs_Electric`, `armor_Vs_Nether`, `b_h`, `h_l_f`, `m_l_f`, `l_l_f`, `h_r_f`, `m_r_f`, `l_r_f`, `h_l_b`, `m_l_b`, `l_l_b`, `h_r_b`, `m_r_b`, `l_r_b`)
VALUES (2000357,  0,  4,  0,    0,    0,    0,    0,    0,    0,    0,    0,    0,    0, 1, 0.33,    0,    0, 0.33,    0,    0, 0.33,    0,    0, 0.33,    0,    0) /* Head */
     , (2000357,  1,  4,  0,    0,    0,    0,    0,    0,    0,    0,    0,    0,    0, 2, 0.44, 0.17,    0, 0.44, 0.17,    0, 0.44, 0.17,    0, 0.44, 0.17,    0) /* Chest */
     , (2000357,  2,  4,  0,    0,    0,    0,    0,    0,    0,    0,    0,    0,    0, 3,    0, 0.17,    0,    0, 0.17,    0,    0, 0.17,    0,    0, 0.17,    0) /* Abdomen */
     , (2000357,  3,  4,  0,    0,    0,    0,    0,    0,    0,    0,    0,    0,    0, 1, 0.23, 0.03,    0, 0.23, 0.03,    0, 0.23, 0.03,    0, 0.23, 0.03,    0) /* UpperArm */
     , (2000357,  4,  4,  0,    0,    0,    0,    0,    0,    0,    0,    0,    0,    0, 2,    0,  0.3,    0,    0,  0.3,    0,    0,  0.3,    0,    0,  0.3,    0) /* LowerArm */
     , (2000357,  5,  4,  2, 0.75,    0,    0,    0,    0,    0,    0,    0,    0,    0, 2,    0,  0.2,    0,    0,  0.2,    0,    0,  0.2,    0,    0,  0.2,    0) /* Hand */
     , (2000357,  6,  4,  0,    0,    0,    0,    0,    0,    0,    0,    0,    0,    0, 3,    0, 0.13, 0.18,    0, 0.13, 0.18,    0, 0.13, 0.18,    0, 0.13, 0.18) /* UpperLeg */
     , (2000357,  7,  4,  0,    0,    0,    0,    0,    0,    0,    0,    0,    0,    0, 3,    0,    0,  0.6,    0,    0,  0.6,    0,    0,  0.6,    0,    0,  0.6) /* LowerLeg */
     , (2000357,  8,  4,  2, 0.75,    0,    0,    0,    0,    0,    0,    0,    0,    0, 3,    0,    0, 0.22,    0,    0, 0.22,    0,    0, 0.22,    0,    0, 0.22) /* Foot */;

INSERT INTO `weenie_properties_emote` (`object_Id`, `category`, `probability`, `weenie_Class_Id`, `style`, `substyle`, `quest`, `vendor_Type`, `min_Health`, `max_Health`)
VALUES (2000357,  7 /* Use */,      1, NULL, NULL, NULL, NULL, NULL, NULL, NULL);

SET @parent_id = LAST_INSERT_ID();

INSERT INTO `weenie_properties_emote_action` (`emote_Id`, `order`, `type`, `delay`, `extent`, `motion`, `message`, `test_String`, `min`, `max`, `min_64`, `max_64`, `min_Dbl`, `max_Dbl`, `stat`, `display`, `amount`, `amount_64`, `hero_X_P_64`, `percent`, `spell_Id`, `wealth_Rating`, `treasure_Class`, `treasure_Type`, `p_Script`, `sound`, `destination_Type`, `weenie_Class_Id`, `stack_Size`, `palette`, `shade`, `try_To_Bond`, `obj_Cell_Id`, `origin_X`, `origin_Y`, `origin_Z`, `angles_W`, `angles_X`, `angles_Y`, `angles_Z`)
VALUES (@parent_id,  0,  12 /* TurnToTarget */, 0, 1, NULL, NULL, NULL, NULL, NULL, NULL, NULL, NULL, NULL, NULL, NULL, NULL, NULL, NULL, NULL, NULL, NULL, NULL, NULL, NULL, NULL, NULL, NULL, NULL, NULL, NULL, NULL, NULL, NULL, NULL, NULL, NULL, NULL, NULL, NULL)
     , (@parent_id,  1,  10 /* Tell */, 1, 1, NULL, 'I feel like something is coming this way', NULL, NULL, NULL, NULL, NULL, NULL, NULL, NULL, NULL, NULL, NULL, NULL, NULL, NULL, NULL, NULL, NULL, NULL, NULL, NULL, NULL, NULL, NULL, NULL, NULL, NULL, NULL, NULL, NULL, NULL, NULL, NULL, NULL)
     , (@parent_id,  2,   5 /* Motion */, 0, 1, 1090519043 /* Ready */, NULL, NULL, NULL, NULL, NULL, NULL, NULL, NULL, NULL, NULL, NULL, NULL, NULL, NULL, NULL, NULL, NULL, NULL, NULL, NULL, NULL, NULL, NULL, NULL, NULL, NULL, NULL, NULL, NULL, NULL, NULL, NULL, NULL, NULL);

DELETE FROM `weenie` WHERE `class_Id` = 2000358;

INSERT INTO `weenie` (`class_Id`, `class_Name`, `type`, `last_Modified`)
VALUES (2000358, 'ace2000358-townsfolk', 10, '2019-09-30 13:46:12') /* Creature */;

INSERT INTO `weenie_properties_int` (`object_Id`, `type`, `value`)
VALUES (2000358,   1,         16) /* ItemType - Creature */
     , (2000358,   2,         31) /* CreatureType - Human */
     , (2000358,   6,         -1) /* ItemsCapacity */
     , (2000358,   7,         -1) /* ContainersCapacity */
     , (2000358,   8,        120) /* Mass */
     , (2000358,  16,         32) /* ItemUseable - Remote */
     , (2000358,  25,         16) /* Level */
     , (2000358,  27,          0) /* ArmorType - None */
     , (2000358,  93,    6292504) /* PhysicsState - ReportCollisions, IgnoreCollisions, Gravity, ReportCollisionsAsEnvironment, EdgeSlide */
     , (2000358,  95,          8) /* RadarBlipColor - Yellow */
     , (2000358, 113,          2) /* Gender - Female */
     , (2000358, 133,          4) /* ShowableOnRadar - ShowAlways */
     , (2000358, 134,         16) /* PlayerKillerStatus - RubberGlue */
     , (2000358, 146,        318) /* XpOverride */
     , (2000358, 188,          1) /* HeritageGroup - Aluvian */;

INSERT INTO `weenie_properties_bool` (`object_Id`, `type`, `value`)
VALUES (2000358,   1, True ) /* Stuck */
     , (2000358,   8, True ) /* AllowGive */
     , (2000358,  11, True ) /* IgnoreCollisions */
     , (2000358,  12, True ) /* ReportCollisions */
     , (2000358,  13, False) /* Ethereal */
     , (2000358,  14, True ) /* GravityStatus */
     , (2000358,  19, False) /* Attackable */
     , (2000358,  29, True ) /* NoCorpse */
     , (2000358,  41, True ) /* ReportCollisionsAsEnvironment */
     , (2000358,  42, True ) /* AllowEdgeSlide */
     , (2000358,  52, True ) /* AiImmobile */
     , (2000358,  79, True ) /* AiAcceptEverything */;

INSERT INTO `weenie_properties_float` (`object_Id`, `type`, `value`)
VALUES (2000358,   1,       5) /* HeartbeatInterval */
     , (2000358,   2,       0) /* HeartbeatTimestamp */
     , (2000358,   3, 0.159999996423721) /* HealthRate */
     , (2000358,   4,       5) /* StaminaRate */
     , (2000358,   5,       1) /* ManaRate */
     , (2000358,  13, 0.899999976158142) /* ArmorModVsSlash */
     , (2000358,  14,       1) /* ArmorModVsPierce */
     , (2000358,  15, 1.10000002384186) /* ArmorModVsBludgeon */
     , (2000358,  16, 0.400000005960464) /* ArmorModVsCold */
     , (2000358,  17, 0.400000005960464) /* ArmorModVsFire */
     , (2000358,  18,       1) /* ArmorModVsAcid */
     , (2000358,  19, 0.600000023841858) /* ArmorModVsElectric */
     , (2000358,  54,       3) /* UseRadius */
     , (2000358,  64,       1) /* ResistSlash */
     , (2000358,  65,       1) /* ResistPierce */
     , (2000358,  66,       1) /* ResistBludgeon */
     , (2000358,  67,       1) /* ResistFire */
     , (2000358,  68,       1) /* ResistCold */
     , (2000358,  69,       1) /* ResistAcid */
     , (2000358,  70,       1) /* ResistElectric */
     , (2000358,  71,       1) /* ResistHealthBoost */
     , (2000358,  72,       1) /* ResistStaminaDrain */
     , (2000358,  73,       1) /* ResistStaminaBoost */
     , (2000358,  74,       1) /* ResistManaDrain */
     , (2000358,  75,       1) /* ResistManaBoost */
     , (2000358, 104,      10) /* ObviousRadarRange */
     , (2000358, 125,       1) /* ResistHealthDrain */;

INSERT INTO `weenie_properties_string` (`object_Id`, `type`, `value`)
VALUES (2000358,   1, 'Townsfolk') /* Name */
     , (2000358,   3, 'Female') /* Sex */
     , (2000358,   4, 'Aluvian') /* HeritageGroup */
     , (2000358,   5, 'Herald') /* Template */;

INSERT INTO `weenie_properties_d_i_d` (`object_Id`, `type`, `value`)
VALUES (2000358,   1,   33554510) /* Setup */
     , (2000358,   2,  150994945) /* MotionTable */
     , (2000358,   3,  536870914) /* SoundTable */
     , (2000358,   4,  805306368) /* CombatTable */
     , (2000358,   6,   67108990) /* PaletteBase */
     , (2000358,   8,  100667446) /* Icon */
     , (2000358,   9,   83890279) /* EyesTexture */
     , (2000358,  10,   83890302) /* NoseTexture */
     , (2000358,  11,   83890324) /* MouthTexture */
     , (2000358,  15,   67116982) /* HairPalette */
     , (2000358,  16,   67110063) /* EyesPalette */
     , (2000358,  17,   67109561) /* SkinPalette */;

INSERT INTO `weenie_properties_attribute` (`object_Id`, `type`, `init_Level`, `level_From_C_P`, `c_P_Spent`)
VALUES (2000358,   1, 120, 0, 0) /* Strength */
     , (2000358,   2, 130, 0, 0) /* Endurance */
     , (2000358,   3, 100, 0, 0) /* Quickness */
     , (2000358,   4, 115, 0, 0) /* Coordination */
     , (2000358,   5, 110, 0, 0) /* Focus */
     , (2000358,   6, 100, 0, 0) /* Self */;

INSERT INTO `weenie_properties_attribute_2nd` (`object_Id`, `type`, `init_Level`, `level_From_C_P`, `c_P_Spent`, `current_Level`)
VALUES (2000358,   1,     0, 0, 0, 65) /* MaxHealth */
     , (2000358,   3,     0, 0, 0, 130) /* MaxStamina */
     , (2000358,   5,     0, 0, 0, 100) /* MaxMana */;

INSERT INTO `weenie_properties_skill` (`object_Id`, `type`, `level_From_P_P`, `s_a_c`, `p_p`, `init_Level`, `resistance_At_Last_Check`, `last_Used_Time`)
VALUES (2000358,  6, 0, 2, 0,   1, 0, 0) /* MeleeDefense        Trained */
     , (2000358,  7, 0, 2, 0,   1, 0, 0) /* MissileDefense      Trained */
     , (2000358, 13, 0, 2, 0,   1, 0, 0) /* UnarmedCombat       Trained */;

INSERT INTO `weenie_properties_body_part` (`object_Id`, `key`, `d_Type`, `d_Val`, `d_Var`, `base_Armor`, `armor_Vs_Slash`, `armor_Vs_Pierce`, `armor_Vs_Bludgeon`, `armor_Vs_Cold`, `armor_Vs_Fire`, `armor_Vs_Acid`, `armor_Vs_Electric`, `armor_Vs_Nether`, `b_h`, `h_l_f`, `m_l_f`, `l_l_f`, `h_r_f`, `m_r_f`, `l_r_f`, `h_l_b`, `m_l_b`, `l_l_b`, `h_r_b`, `m_r_b`, `l_r_b`)
VALUES (2000358,  0,  4,  0,    0,    0,    0,    0,    0,    0,    0,    0,    0,    0, 1, 0.33,    0,    0, 0.33,    0,    0, 0.33,    0,    0, 0.33,    0,    0) /* Head */
     , (2000358,  1,  4,  0,    0,    0,    0,    0,    0,    0,    0,    0,    0,    0, 2, 0.44, 0.17,    0, 0.44, 0.17,    0, 0.44, 0.17,    0, 0.44, 0.17,    0) /* Chest */
     , (2000358,  2,  4,  0,    0,    0,    0,    0,    0,    0,    0,    0,    0,    0, 3,    0, 0.17,    0,    0, 0.17,    0,    0, 0.17,    0,    0, 0.17,    0) /* Abdomen */
     , (2000358,  3,  4,  0,    0,    0,    0,    0,    0,    0,    0,    0,    0,    0, 1, 0.23, 0.03,    0, 0.23, 0.03,    0, 0.23, 0.03,    0, 0.23, 0.03,    0) /* UpperArm */
     , (2000358,  4,  4,  0,    0,    0,    0,    0,    0,    0,    0,    0,    0,    0, 2,    0,  0.3,    0,    0,  0.3,    0,    0,  0.3,    0,    0,  0.3,    0) /* LowerArm */
     , (2000358,  5,  4,  2, 0.75,    0,    0,    0,    0,    0,    0,    0,    0,    0, 2,    0,  0.2,    0,    0,  0.2,    0,    0,  0.2,    0,    0,  0.2,    0) /* Hand */
     , (2000358,  6,  4,  0,    0,    0,    0,    0,    0,    0,    0,    0,    0,    0, 3,    0, 0.13, 0.18,    0, 0.13, 0.18,    0, 0.13, 0.18,    0, 0.13, 0.18) /* UpperLeg */
     , (2000358,  7,  4,  0,    0,    0,    0,    0,    0,    0,    0,    0,    0,    0, 3,    0,    0,  0.6,    0,    0,  0.6,    0,    0,  0.6,    0,    0,  0.6) /* LowerLeg */
     , (2000358,  8,  4,  2, 0.75,    0,    0,    0,    0,    0,    0,    0,    0,    0, 3,    0,    0, 0.22,    0,    0, 0.22,    0,    0, 0.22,    0,    0, 0.22) /* Foot */;

INSERT INTO `weenie_properties_emote` (`object_Id`, `category`, `probability`, `weenie_Class_Id`, `style`, `substyle`, `quest`, `vendor_Type`, `min_Health`, `max_Health`)
VALUES (2000358,  7 /* Use */,      1, NULL, NULL, NULL, NULL, NULL, NULL, NULL);

SET @parent_id = LAST_INSERT_ID();

INSERT INTO `weenie_properties_emote_action` (`emote_Id`, `order`, `type`, `delay`, `extent`, `motion`, `message`, `test_String`, `min`, `max`, `min_64`, `max_64`, `min_Dbl`, `max_Dbl`, `stat`, `display`, `amount`, `amount_64`, `hero_X_P_64`, `percent`, `spell_Id`, `wealth_Rating`, `treasure_Class`, `treasure_Type`, `p_Script`, `sound`, `destination_Type`, `weenie_Class_Id`, `stack_Size`, `palette`, `shade`, `try_To_Bond`, `obj_Cell_Id`, `origin_X`, `origin_Y`, `origin_Z`, `angles_W`, `angles_X`, `angles_Y`, `angles_Z`)
VALUES (@parent_id,  0,  10 /* Tell */, 0, 1, NULL, 'I heard about Asheron, a Tragedy if there ever was one.', NULL, NULL, NULL, NULL, NULL, NULL, NULL, NULL, NULL, NULL, NULL, NULL, NULL, NULL, NULL, NULL, NULL, NULL, NULL, NULL, NULL, NULL, NULL, NULL, NULL, NULL, NULL, NULL, NULL, NULL, NULL, NULL, NULL);

INSERT INTO `weenie_properties_create_list` (`object_Id`, `destination_Type`, `weenie_Class_Id`, `stack_Size`, `palette`, `shade`, `try_To_Bond`)
VALUES (2000358, 2,   121,  0, 90, 0.8, False) /* Create Gloves (121) for Wield */
     , (2000358, 2,  8372,  0, 93, 1, False) /* Create Yifan Dress (8372) for Wield */
     , (2000358, 2,  2604,  0, 91, 1, False) /* Create Breeches (2604) for Wield */;

DELETE FROM `weenie` WHERE `class_Id` = 2000359;

INSERT INTO `weenie` (`class_Id`, `class_Name`, `type`, `last_Modified`)
VALUES (2000359, 'ace2000359-townsfolk', 10, '2019-09-30 13:46:13') /* Creature */;

INSERT INTO `weenie_properties_int` (`object_Id`, `type`, `value`)
VALUES (2000359,   1,         16) /* ItemType - Creature */
     , (2000359,   2,         31) /* CreatureType - Human */
     , (2000359,   6,         -1) /* ItemsCapacity */
     , (2000359,   7,         -1) /* ContainersCapacity */
     , (2000359,   8,        120) /* Mass */
     , (2000359,  16,         32) /* ItemUseable - Remote */
     , (2000359,  25,         16) /* Level */
     , (2000359,  27,          0) /* ArmorType - None */
     , (2000359,  93,    6292504) /* PhysicsState - ReportCollisions, IgnoreCollisions, Gravity, ReportCollisionsAsEnvironment, EdgeSlide */
     , (2000359,  95,          8) /* RadarBlipColor - Yellow */
     , (2000359, 113,          2) /* Gender - Female */
     , (2000359, 133,          4) /* ShowableOnRadar - ShowAlways */
     , (2000359, 134,         16) /* PlayerKillerStatus - RubberGlue */
     , (2000359, 146,        318) /* XpOverride */
     , (2000359, 188,          1) /* HeritageGroup - Aluvian */;

INSERT INTO `weenie_properties_bool` (`object_Id`, `type`, `value`)
VALUES (2000359,   1, True ) /* Stuck */
     , (2000359,   8, True ) /* AllowGive */
     , (2000359,  11, True ) /* IgnoreCollisions */
     , (2000359,  12, True ) /* ReportCollisions */
     , (2000359,  13, False) /* Ethereal */
     , (2000359,  14, True ) /* GravityStatus */
     , (2000359,  19, False) /* Attackable */
     , (2000359,  29, True ) /* NoCorpse */
     , (2000359,  41, True ) /* ReportCollisionsAsEnvironment */
     , (2000359,  42, True ) /* AllowEdgeSlide */
     , (2000359,  52, True ) /* AiImmobile */
     , (2000359,  79, True ) /* AiAcceptEverything */;

INSERT INTO `weenie_properties_float` (`object_Id`, `type`, `value`)
VALUES (2000359,   1,       5) /* HeartbeatInterval */
     , (2000359,   2,       0) /* HeartbeatTimestamp */
     , (2000359,   3, 0.159999996423721) /* HealthRate */
     , (2000359,   4,       5) /* StaminaRate */
     , (2000359,   5,       1) /* ManaRate */
     , (2000359,  13, 0.899999976158142) /* ArmorModVsSlash */
     , (2000359,  14,       1) /* ArmorModVsPierce */
     , (2000359,  15, 1.10000002384186) /* ArmorModVsBludgeon */
     , (2000359,  16, 0.400000005960464) /* ArmorModVsCold */
     , (2000359,  17, 0.400000005960464) /* ArmorModVsFire */
     , (2000359,  18,       1) /* ArmorModVsAcid */
     , (2000359,  19, 0.600000023841858) /* ArmorModVsElectric */
     , (2000359,  54,       3) /* UseRadius */
     , (2000359,  64,       1) /* ResistSlash */
     , (2000359,  65,       1) /* ResistPierce */
     , (2000359,  66,       1) /* ResistBludgeon */
     , (2000359,  67,       1) /* ResistFire */
     , (2000359,  68,       1) /* ResistCold */
     , (2000359,  69,       1) /* ResistAcid */
     , (2000359,  70,       1) /* ResistElectric */
     , (2000359,  71,       1) /* ResistHealthBoost */
     , (2000359,  72,       1) /* ResistStaminaDrain */
     , (2000359,  73,       1) /* ResistStaminaBoost */
     , (2000359,  74,       1) /* ResistManaDrain */
     , (2000359,  75,       1) /* ResistManaBoost */
     , (2000359, 104,      10) /* ObviousRadarRange */
     , (2000359, 125,       1) /* ResistHealthDrain */;

INSERT INTO `weenie_properties_string` (`object_Id`, `type`, `value`)
VALUES (2000359,   1, 'Townsfolk') /* Name */
     , (2000359,   3, 'Female') /* Sex */
     , (2000359,   4, 'Aluvian') /* HeritageGroup */
     , (2000359,   5, 'Herald') /* Template */;

INSERT INTO `weenie_properties_d_i_d` (`object_Id`, `type`, `value`)
VALUES (2000359,   1,   33554510) /* Setup */
     , (2000359,   2,  150994945) /* MotionTable */
     , (2000359,   3,  536870914) /* SoundTable */
     , (2000359,   4,  805306368) /* CombatTable */
     , (2000359,   6,   67108990) /* PaletteBase */
     , (2000359,   8,  100667446) /* Icon */
     , (2000359,   9,   83890279) /* EyesTexture */
     , (2000359,  10,   83890302) /* NoseTexture */
     , (2000359,  11,   83890324) /* MouthTexture */
     , (2000359,  15,   67116982) /* HairPalette */
     , (2000359,  16,   67110063) /* EyesPalette */
     , (2000359,  17,   67109561) /* SkinPalette */;

INSERT INTO `weenie_properties_attribute` (`object_Id`, `type`, `init_Level`, `level_From_C_P`, `c_P_Spent`)
VALUES (2000359,   1, 120, 0, 0) /* Strength */
     , (2000359,   2, 130, 0, 0) /* Endurance */
     , (2000359,   3, 100, 0, 0) /* Quickness */
     , (2000359,   4, 115, 0, 0) /* Coordination */
     , (2000359,   5, 110, 0, 0) /* Focus */
     , (2000359,   6, 100, 0, 0) /* Self */;

INSERT INTO `weenie_properties_attribute_2nd` (`object_Id`, `type`, `init_Level`, `level_From_C_P`, `c_P_Spent`, `current_Level`)
VALUES (2000359,   1,     0, 0, 0, 65) /* MaxHealth */
     , (2000359,   3,     0, 0, 0, 130) /* MaxStamina */
     , (2000359,   5,     0, 0, 0, 100) /* MaxMana */;

INSERT INTO `weenie_properties_skill` (`object_Id`, `type`, `level_From_P_P`, `s_a_c`, `p_p`, `init_Level`, `resistance_At_Last_Check`, `last_Used_Time`)
VALUES (2000359,  6, 0, 2, 0,   1, 0, 0) /* MeleeDefense        Trained */
     , (2000359,  7, 0, 2, 0,   1, 0, 0) /* MissileDefense      Trained */
     , (2000359, 13, 0, 2, 0,   1, 0, 0) /* UnarmedCombat       Trained */;

INSERT INTO `weenie_properties_body_part` (`object_Id`, `key`, `d_Type`, `d_Val`, `d_Var`, `base_Armor`, `armor_Vs_Slash`, `armor_Vs_Pierce`, `armor_Vs_Bludgeon`, `armor_Vs_Cold`, `armor_Vs_Fire`, `armor_Vs_Acid`, `armor_Vs_Electric`, `armor_Vs_Nether`, `b_h`, `h_l_f`, `m_l_f`, `l_l_f`, `h_r_f`, `m_r_f`, `l_r_f`, `h_l_b`, `m_l_b`, `l_l_b`, `h_r_b`, `m_r_b`, `l_r_b`)
VALUES (2000359,  0,  4,  0,    0,    0,    0,    0,    0,    0,    0,    0,    0,    0, 1, 0.33,    0,    0, 0.33,    0,    0, 0.33,    0,    0, 0.33,    0,    0) /* Head */
     , (2000359,  1,  4,  0,    0,    0,    0,    0,    0,    0,    0,    0,    0,    0, 2, 0.44, 0.17,    0, 0.44, 0.17,    0, 0.44, 0.17,    0, 0.44, 0.17,    0) /* Chest */
     , (2000359,  2,  4,  0,    0,    0,    0,    0,    0,    0,    0,    0,    0,    0, 3,    0, 0.17,    0,    0, 0.17,    0,    0, 0.17,    0,    0, 0.17,    0) /* Abdomen */
     , (2000359,  3,  4,  0,    0,    0,    0,    0,    0,    0,    0,    0,    0,    0, 1, 0.23, 0.03,    0, 0.23, 0.03,    0, 0.23, 0.03,    0, 0.23, 0.03,    0) /* UpperArm */
     , (2000359,  4,  4,  0,    0,    0,    0,    0,    0,    0,    0,    0,    0,    0, 2,    0,  0.3,    0,    0,  0.3,    0,    0,  0.3,    0,    0,  0.3,    0) /* LowerArm */
     , (2000359,  5,  4,  2, 0.75,    0,    0,    0,    0,    0,    0,    0,    0,    0, 2,    0,  0.2,    0,    0,  0.2,    0,    0,  0.2,    0,    0,  0.2,    0) /* Hand */
     , (2000359,  6,  4,  0,    0,    0,    0,    0,    0,    0,    0,    0,    0,    0, 3,    0, 0.13, 0.18,    0, 0.13, 0.18,    0, 0.13, 0.18,    0, 0.13, 0.18) /* UpperLeg */
     , (2000359,  7,  4,  0,    0,    0,    0,    0,    0,    0,    0,    0,    0,    0, 3,    0,    0,  0.6,    0,    0,  0.6,    0,    0,  0.6,    0,    0,  0.6) /* LowerLeg */
     , (2000359,  8,  4,  2, 0.75,    0,    0,    0,    0,    0,    0,    0,    0,    0, 3,    0,    0, 0.22,    0,    0, 0.22,    0,    0, 0.22,    0,    0, 0.22) /* Foot */;

INSERT INTO `weenie_properties_emote` (`object_Id`, `category`, `probability`, `weenie_Class_Id`, `style`, `substyle`, `quest`, `vendor_Type`, `min_Health`, `max_Health`)
VALUES (2000359,  7 /* Use */,      1, NULL, NULL, NULL, NULL, NULL, NULL, NULL);

SET @parent_id = LAST_INSERT_ID();

INSERT INTO `weenie_properties_emote_action` (`emote_Id`, `order`, `type`, `delay`, `extent`, `motion`, `message`, `test_String`, `min`, `max`, `min_64`, `max_64`, `min_Dbl`, `max_Dbl`, `stat`, `display`, `amount`, `amount_64`, `hero_X_P_64`, `percent`, `spell_Id`, `wealth_Rating`, `treasure_Class`, `treasure_Type`, `p_Script`, `sound`, `destination_Type`, `weenie_Class_Id`, `stack_Size`, `palette`, `shade`, `try_To_Bond`, `obj_Cell_Id`, `origin_X`, `origin_Y`, `origin_Z`, `angles_W`, `angles_X`, `angles_Y`, `angles_Z`)
VALUES (@parent_id,  0,  10 /* Tell */, 0, 1, NULL, 'It is nice to be here, away from the bustle of Arwic.', NULL, NULL, NULL, NULL, NULL, NULL, NULL, NULL, NULL, NULL, NULL, NULL, NULL, NULL, NULL, NULL, NULL, NULL, NULL, NULL, NULL, NULL, NULL, NULL, NULL, NULL, NULL, NULL, NULL, NULL, NULL, NULL, NULL);

INSERT INTO `weenie_properties_create_list` (`object_Id`, `destination_Type`, `weenie_Class_Id`, `stack_Size`, `palette`, `shade`, `try_To_Bond`)
VALUES (2000359, 2,   121,  0, 90, 0.8, False) /* Create Gloves (121) for Wield */
     , (2000359, 2,  8372,  0, 92, 1, False) /* Create Yifan Dress (8372) for Wield */
     , (2000359, 2,  2604,  0, 91, 1, False) /* Create Breeches (2604) for Wield */;

DELETE FROM `weenie` WHERE `class_Id` = 2000360;

INSERT INTO `weenie` (`class_Id`, `class_Name`, `type`, `last_Modified`)
VALUES (2000360, 'ace2000360-townsfolk', 10, '2019-09-30 13:46:14') /* Creature */;

INSERT INTO `weenie_properties_int` (`object_Id`, `type`, `value`)
VALUES (2000360,   1,         16) /* ItemType - Creature */
     , (2000360,   2,         31) /* CreatureType - Human */
     , (2000360,   6,         -1) /* ItemsCapacity */
     , (2000360,   7,         -1) /* ContainersCapacity */
     , (2000360,   8,        120) /* Mass */
     , (2000360,  16,         32) /* ItemUseable - Remote */
     , (2000360,  25,         16) /* Level */
     , (2000360,  27,          0) /* ArmorType - None */
     , (2000360,  93,    6292504) /* PhysicsState - ReportCollisions, IgnoreCollisions, Gravity, ReportCollisionsAsEnvironment, EdgeSlide */
     , (2000360,  95,          8) /* RadarBlipColor - Yellow */
     , (2000360, 113,          2) /* Gender - Female */
     , (2000360, 133,          4) /* ShowableOnRadar - ShowAlways */
     , (2000360, 134,         16) /* PlayerKillerStatus - RubberGlue */
     , (2000360, 146,        318) /* XpOverride */
     , (2000360, 188,          1) /* HeritageGroup - Aluvian */;

INSERT INTO `weenie_properties_bool` (`object_Id`, `type`, `value`)
VALUES (2000360,   1, True ) /* Stuck */
     , (2000360,   8, True ) /* AllowGive */
     , (2000360,  11, True ) /* IgnoreCollisions */
     , (2000360,  12, True ) /* ReportCollisions */
     , (2000360,  13, False) /* Ethereal */
     , (2000360,  14, True ) /* GravityStatus */
     , (2000360,  19, False) /* Attackable */
     , (2000360,  29, True ) /* NoCorpse */
     , (2000360,  41, True ) /* ReportCollisionsAsEnvironment */
     , (2000360,  42, True ) /* AllowEdgeSlide */
     , (2000360,  52, True ) /* AiImmobile */
     , (2000360,  79, True ) /* AiAcceptEverything */;

INSERT INTO `weenie_properties_float` (`object_Id`, `type`, `value`)
VALUES (2000360,   1,       5) /* HeartbeatInterval */
     , (2000360,   2,       0) /* HeartbeatTimestamp */
     , (2000360,   3, 0.159999996423721) /* HealthRate */
     , (2000360,   4,       5) /* StaminaRate */
     , (2000360,   5,       1) /* ManaRate */
     , (2000360,  13, 0.899999976158142) /* ArmorModVsSlash */
     , (2000360,  14,       1) /* ArmorModVsPierce */
     , (2000360,  15, 1.10000002384186) /* ArmorModVsBludgeon */
     , (2000360,  16, 0.400000005960464) /* ArmorModVsCold */
     , (2000360,  17, 0.400000005960464) /* ArmorModVsFire */
     , (2000360,  18,       1) /* ArmorModVsAcid */
     , (2000360,  19, 0.600000023841858) /* ArmorModVsElectric */
     , (2000360,  54,       3) /* UseRadius */
     , (2000360,  64,       1) /* ResistSlash */
     , (2000360,  65,       1) /* ResistPierce */
     , (2000360,  66,       1) /* ResistBludgeon */
     , (2000360,  67,       1) /* ResistFire */
     , (2000360,  68,       1) /* ResistCold */
     , (2000360,  69,       1) /* ResistAcid */
     , (2000360,  70,       1) /* ResistElectric */
     , (2000360,  71,       1) /* ResistHealthBoost */
     , (2000360,  72,       1) /* ResistStaminaDrain */
     , (2000360,  73,       1) /* ResistStaminaBoost */
     , (2000360,  74,       1) /* ResistManaDrain */
     , (2000360,  75,       1) /* ResistManaBoost */
     , (2000360, 104,      10) /* ObviousRadarRange */
     , (2000360, 125,       1) /* ResistHealthDrain */;

INSERT INTO `weenie_properties_string` (`object_Id`, `type`, `value`)
VALUES (2000360,   1, 'Townsfolk') /* Name */
     , (2000360,   3, 'Female') /* Sex */
     , (2000360,   4, 'Aluvian') /* HeritageGroup */
     , (2000360,   5, 'Herald') /* Template */;

INSERT INTO `weenie_properties_d_i_d` (`object_Id`, `type`, `value`)
VALUES (2000360,   1,   33554510) /* Setup */
     , (2000360,   2,  150994945) /* MotionTable */
     , (2000360,   3,  536870914) /* SoundTable */
     , (2000360,   4,  805306368) /* CombatTable */
     , (2000360,   6,   67108990) /* PaletteBase */
     , (2000360,   8,  100667446) /* Icon */
     , (2000360,   9,   83890279) /* EyesTexture */
     , (2000360,  10,   83890302) /* NoseTexture */
     , (2000360,  11,   83890324) /* MouthTexture */
     , (2000360,  15,   67116982) /* HairPalette */
     , (2000360,  16,   67110063) /* EyesPalette */
     , (2000360,  17,   67109561) /* SkinPalette */;

INSERT INTO `weenie_properties_attribute` (`object_Id`, `type`, `init_Level`, `level_From_C_P`, `c_P_Spent`)
VALUES (2000360,   1, 120, 0, 0) /* Strength */
     , (2000360,   2, 130, 0, 0) /* Endurance */
     , (2000360,   3, 100, 0, 0) /* Quickness */
     , (2000360,   4, 115, 0, 0) /* Coordination */
     , (2000360,   5, 110, 0, 0) /* Focus */
     , (2000360,   6, 100, 0, 0) /* Self */;

INSERT INTO `weenie_properties_attribute_2nd` (`object_Id`, `type`, `init_Level`, `level_From_C_P`, `c_P_Spent`, `current_Level`)
VALUES (2000360,   1,     0, 0, 0, 65) /* MaxHealth */
     , (2000360,   3,     0, 0, 0, 130) /* MaxStamina */
     , (2000360,   5,     0, 0, 0, 100) /* MaxMana */;

INSERT INTO `weenie_properties_skill` (`object_Id`, `type`, `level_From_P_P`, `s_a_c`, `p_p`, `init_Level`, `resistance_At_Last_Check`, `last_Used_Time`)
VALUES (2000360,  6, 0, 2, 0,   1, 0, 0) /* MeleeDefense        Trained */
     , (2000360,  7, 0, 2, 0,   1, 0, 0) /* MissileDefense      Trained */
     , (2000360, 13, 0, 2, 0,   1, 0, 0) /* UnarmedCombat       Trained */;

INSERT INTO `weenie_properties_body_part` (`object_Id`, `key`, `d_Type`, `d_Val`, `d_Var`, `base_Armor`, `armor_Vs_Slash`, `armor_Vs_Pierce`, `armor_Vs_Bludgeon`, `armor_Vs_Cold`, `armor_Vs_Fire`, `armor_Vs_Acid`, `armor_Vs_Electric`, `armor_Vs_Nether`, `b_h`, `h_l_f`, `m_l_f`, `l_l_f`, `h_r_f`, `m_r_f`, `l_r_f`, `h_l_b`, `m_l_b`, `l_l_b`, `h_r_b`, `m_r_b`, `l_r_b`)
VALUES (2000360,  0,  4,  0,    0,    0,    0,    0,    0,    0,    0,    0,    0,    0, 1, 0.33,    0,    0, 0.33,    0,    0, 0.33,    0,    0, 0.33,    0,    0) /* Head */
     , (2000360,  1,  4,  0,    0,    0,    0,    0,    0,    0,    0,    0,    0,    0, 2, 0.44, 0.17,    0, 0.44, 0.17,    0, 0.44, 0.17,    0, 0.44, 0.17,    0) /* Chest */
     , (2000360,  2,  4,  0,    0,    0,    0,    0,    0,    0,    0,    0,    0,    0, 3,    0, 0.17,    0,    0, 0.17,    0,    0, 0.17,    0,    0, 0.17,    0) /* Abdomen */
     , (2000360,  3,  4,  0,    0,    0,    0,    0,    0,    0,    0,    0,    0,    0, 1, 0.23, 0.03,    0, 0.23, 0.03,    0, 0.23, 0.03,    0, 0.23, 0.03,    0) /* UpperArm */
     , (2000360,  4,  4,  0,    0,    0,    0,    0,    0,    0,    0,    0,    0,    0, 2,    0,  0.3,    0,    0,  0.3,    0,    0,  0.3,    0,    0,  0.3,    0) /* LowerArm */
     , (2000360,  5,  4,  2, 0.75,    0,    0,    0,    0,    0,    0,    0,    0,    0, 2,    0,  0.2,    0,    0,  0.2,    0,    0,  0.2,    0,    0,  0.2,    0) /* Hand */
     , (2000360,  6,  4,  0,    0,    0,    0,    0,    0,    0,    0,    0,    0,    0, 3,    0, 0.13, 0.18,    0, 0.13, 0.18,    0, 0.13, 0.18,    0, 0.13, 0.18) /* UpperLeg */
     , (2000360,  7,  4,  0,    0,    0,    0,    0,    0,    0,    0,    0,    0,    0, 3,    0,    0,  0.6,    0,    0,  0.6,    0,    0,  0.6,    0,    0,  0.6) /* LowerLeg */
     , (2000360,  8,  4,  2, 0.75,    0,    0,    0,    0,    0,    0,    0,    0,    0, 3,    0,    0, 0.22,    0,    0, 0.22,    0,    0, 0.22,    0,    0, 0.22) /* Foot */;

INSERT INTO `weenie_properties_emote` (`object_Id`, `category`, `probability`, `weenie_Class_Id`, `style`, `substyle`, `quest`, `vendor_Type`, `min_Health`, `max_Health`)
VALUES (2000360,  7 /* Use */,      1, NULL, NULL, NULL, NULL, NULL, NULL, NULL);

SET @parent_id = LAST_INSERT_ID();

INSERT INTO `weenie_properties_emote_action` (`emote_Id`, `order`, `type`, `delay`, `extent`, `motion`, `message`, `test_String`, `min`, `max`, `min_64`, `max_64`, `min_Dbl`, `max_Dbl`, `stat`, `display`, `amount`, `amount_64`, `hero_X_P_64`, `percent`, `spell_Id`, `wealth_Rating`, `treasure_Class`, `treasure_Type`, `p_Script`, `sound`, `destination_Type`, `weenie_Class_Id`, `stack_Size`, `palette`, `shade`, `try_To_Bond`, `obj_Cell_Id`, `origin_X`, `origin_Y`, `origin_Z`, `angles_W`, `angles_X`, `angles_Y`, `angles_Z`)
VALUES (@parent_id,  0,  10 /* Tell */, 0, 1, NULL, 'Hello there, I was just meeting our new addition to town.', NULL, NULL, NULL, NULL, NULL, NULL, NULL, NULL, NULL, NULL, NULL, NULL, NULL, NULL, NULL, NULL, NULL, NULL, NULL, NULL, NULL, NULL, NULL, NULL, NULL, NULL, NULL, NULL, NULL, NULL, NULL, NULL, NULL);

INSERT INTO `weenie_properties_create_list` (`object_Id`, `destination_Type`, `weenie_Class_Id`, `stack_Size`, `palette`, `shade`, `try_To_Bond`)
VALUES (2000360, 2,   121,  0, 90, 0.8, False) /* Create Gloves (121) for Wield */
     , (2000360, 2,  2032,  0, 91, 1, False) /* Create Branith's Shirt (2032) for Wield */
     , (2000360, 2,  2604,  0, 92, 1, False) /* Create Breeches (2604) for Wield */;

DELETE FROM `weenie` WHERE `class_Id` = 2000361;

INSERT INTO `weenie` (`class_Id`, `class_Name`, `type`, `last_Modified`)
VALUES (2000361, 'ace2000361-townfolk', 10, '2019-09-30 13:46:16') /* Creature */;

INSERT INTO `weenie_properties_int` (`object_Id`, `type`, `value`)
VALUES (2000361,   1,         16) /* ItemType - Creature */
     , (2000361,   2,          5) /* CreatureType - Lugian */
     , (2000361,   3,         17) /* PaletteTemplate - Yellow */
     , (2000361,   6,         -1) /* ItemsCapacity */
     , (2000361,   7,         -1) /* ContainersCapacity */
     , (2000361,   8,        120) /* Mass */
     , (2000361,  16,         32) /* ItemUseable - Remote */
     , (2000361,  25,        155) /* Level */
     , (2000361,  27,          0) /* ArmorType - None */
     , (2000361,  93,    6292504) /* PhysicsState - ReportCollisions, IgnoreCollisions, Gravity, ReportCollisionsAsEnvironment, EdgeSlide */
     , (2000361,  95,          8) /* RadarBlipColor - Yellow */
     , (2000361, 133,          4) /* ShowableOnRadar - ShowAlways */
     , (2000361, 134,         16) /* PlayerKillerStatus - RubberGlue */
     , (2000361, 146,      17763) /* XpOverride */;

INSERT INTO `weenie_properties_bool` (`object_Id`, `type`, `value`)
VALUES (2000361,   1, True ) /* Stuck */
     , (2000361,   8, True ) /* AllowGive */
     , (2000361,  12, True ) /* ReportCollisions */
     , (2000361,  13, False) /* Ethereal */
     , (2000361,  19, False) /* Attackable */
     , (2000361,  41, True ) /* ReportCollisionsAsEnvironment */
     , (2000361,  42, True ) /* AllowEdgeSlide */
     , (2000361,  52, True ) /* AiImmobile */;

INSERT INTO `weenie_properties_float` (`object_Id`, `type`, `value`)
VALUES (2000361,   1,       5) /* HeartbeatInterval */
     , (2000361,   2,       0) /* HeartbeatTimestamp */
     , (2000361,   3, 0.159999996423721) /* HealthRate */
     , (2000361,   4,       5) /* StaminaRate */
     , (2000361,   5,       1) /* ManaRate */
     , (2000361,  12,     0.5) /* Shade */
     , (2000361,  13, 0.899999976158142) /* ArmorModVsSlash */
     , (2000361,  14,       1) /* ArmorModVsPierce */
     , (2000361,  15, 1.10000002384186) /* ArmorModVsBludgeon */
     , (2000361,  16, 0.400000005960464) /* ArmorModVsCold */
     , (2000361,  17, 0.400000005960464) /* ArmorModVsFire */
     , (2000361,  18,       1) /* ArmorModVsAcid */
     , (2000361,  19, 0.600000023841858) /* ArmorModVsElectric */
     , (2000361,  54,       3) /* UseRadius */
     , (2000361,  64,       1) /* ResistSlash */
     , (2000361,  65,       1) /* ResistPierce */
     , (2000361,  66,       1) /* ResistBludgeon */
     , (2000361,  67,       1) /* ResistFire */
     , (2000361,  68,       1) /* ResistCold */
     , (2000361,  69,       1) /* ResistAcid */
     , (2000361,  70,       1) /* ResistElectric */
     , (2000361,  71,       1) /* ResistHealthBoost */
     , (2000361,  72,       1) /* ResistStaminaDrain */
     , (2000361,  73,       1) /* ResistStaminaBoost */
     , (2000361,  74,       1) /* ResistManaDrain */
     , (2000361,  75,       1) /* ResistManaBoost */
     , (2000361, 104,      10) /* ObviousRadarRange */
     , (2000361, 125,       1) /* ResistHealthDrain */;

INSERT INTO `weenie_properties_string` (`object_Id`, `type`, `value`)
VALUES (2000361,   1, 'Townfolk') /* Name */;

INSERT INTO `weenie_properties_d_i_d` (`object_Id`, `type`, `value`)
VALUES (2000361,   1,   33557003) /* Setup */
     , (2000361,   2,  150994950) /* MotionTable */
     , (2000361,   3,  536870922) /* SoundTable */
     , (2000361,   4,  805306371) /* CombatTable */
     , (2000361,   6,   67113158) /* PaletteBase */
     , (2000361,   7,  268436632) /* ClothingBase */
     , (2000361,   8,  100667447) /* Icon */;

INSERT INTO `weenie_properties_attribute` (`object_Id`, `type`, `init_Level`, `level_From_C_P`, `c_P_Spent`)
VALUES (2000361,   1, 400, 0, 0) /* Strength */
     , (2000361,   2, 360, 0, 0) /* Endurance */
     , (2000361,   3, 350, 0, 0) /* Quickness */
     , (2000361,   4, 420, 0, 0) /* Coordination */
     , (2000361,   5, 250, 0, 0) /* Focus */
     , (2000361,   6, 270, 0, 0) /* Self */;

INSERT INTO `weenie_properties_attribute_2nd` (`object_Id`, `type`, `init_Level`, `level_From_C_P`, `c_P_Spent`, `current_Level`)
VALUES (2000361,   1,   200, 0, 0, 380) /* MaxHealth */
     , (2000361,   3,   100, 0, 0, 460) /* MaxStamina */
     , (2000361,   5,    40, 0, 0, 310) /* MaxMana */;

INSERT INTO `weenie_properties_skill` (`object_Id`, `type`, `level_From_P_P`, `s_a_c`, `p_p`, `init_Level`, `resistance_At_Last_Check`, `last_Used_Time`)
VALUES (2000361,  6, 0, 2, 0,   2, 0, 0) /* MeleeDefense        Trained */
     , (2000361,  7, 0, 2, 0,   2, 0, 0) /* MissileDefense      Trained */
     , (2000361, 13, 0, 2, 0,   2, 0, 0) /* UnarmedCombat       Trained */;

INSERT INTO `weenie_properties_body_part` (`object_Id`, `key`, `d_Type`, `d_Val`, `d_Var`, `base_Armor`, `armor_Vs_Slash`, `armor_Vs_Pierce`, `armor_Vs_Bludgeon`, `armor_Vs_Cold`, `armor_Vs_Fire`, `armor_Vs_Acid`, `armor_Vs_Electric`, `armor_Vs_Nether`, `b_h`, `h_l_f`, `m_l_f`, `l_l_f`, `h_r_f`, `m_r_f`, `l_r_f`, `h_l_b`, `m_l_b`, `l_l_b`, `h_r_b`, `m_r_b`, `l_r_b`)
VALUES (2000361,  0,  4,  0,    0,    0,    0,    0,    0,    0,    0,    0,    0,    0, 1, 0.33,    0,    0, 0.33,    0,    0, 0.33,    0,    0, 0.33,    0,    0) /* Head */
     , (2000361,  1,  4,  0,    0,    0,    0,    0,    0,    0,    0,    0,    0,    0, 2, 0.44, 0.17,    0, 0.44, 0.17,    0, 0.44, 0.17,    0, 0.44, 0.17,    0) /* Chest */
     , (2000361,  2,  4,  0,    0,    0,    0,    0,    0,    0,    0,    0,    0,    0, 3,    0, 0.17,    0,    0, 0.17,    0,    0, 0.17,    0,    0, 0.17,    0) /* Abdomen */
     , (2000361,  3,  4,  0,    0,    0,    0,    0,    0,    0,    0,    0,    0,    0, 1, 0.23, 0.03,    0, 0.23, 0.03,    0, 0.23, 0.03,    0, 0.23, 0.03,    0) /* UpperArm */
     , (2000361,  4,  4,  0,    0,    0,    0,    0,    0,    0,    0,    0,    0,    0, 2,    0,  0.3,    0,    0,  0.3,    0,    0,  0.3,    0,    0,  0.3,    0) /* LowerArm */
     , (2000361,  5,  4,  2, 0.75,    0,    0,    0,    0,    0,    0,    0,    0,    0, 2,    0,  0.2,    0,    0,  0.2,    0,    0,  0.2,    0,    0,  0.2,    0) /* Hand */
     , (2000361,  6,  4,  0,    0,    0,    0,    0,    0,    0,    0,    0,    0,    0, 3,    0, 0.13, 0.18,    0, 0.13, 0.18,    0, 0.13, 0.18,    0, 0.13, 0.18) /* UpperLeg */
     , (2000361,  7,  4,  0,    0,    0,    0,    0,    0,    0,    0,    0,    0,    0, 3,    0,    0,  0.6,    0,    0,  0.6,    0,    0,  0.6,    0,    0,  0.6) /* LowerLeg */
     , (2000361,  8,  4,  2, 0.75,    0,    0,    0,    0,    0,    0,    0,    0,    0, 3,    0,    0, 0.22,    0,    0, 0.22,    0,    0, 0.22,    0,    0, 0.22) /* Foot */;

INSERT INTO `weenie_properties_emote` (`object_Id`, `category`, `probability`, `weenie_Class_Id`, `style`, `substyle`, `quest`, `vendor_Type`, `min_Health`, `max_Health`)
VALUES (2000361,  7 /* Use */,      1, NULL, NULL, NULL, NULL, NULL, NULL, NULL);

SET @parent_id = LAST_INSERT_ID();

INSERT INTO `weenie_properties_emote_action` (`emote_Id`, `order`, `type`, `delay`, `extent`, `motion`, `message`, `test_String`, `min`, `max`, `min_64`, `max_64`, `min_Dbl`, `max_Dbl`, `stat`, `display`, `amount`, `amount_64`, `hero_X_P_64`, `percent`, `spell_Id`, `wealth_Rating`, `treasure_Class`, `treasure_Type`, `p_Script`, `sound`, `destination_Type`, `weenie_Class_Id`, `stack_Size`, `palette`, `shade`, `try_To_Bond`, `obj_Cell_Id`, `origin_X`, `origin_Y`, `origin_Z`, `angles_W`, `angles_X`, `angles_Y`, `angles_Z`)
VALUES (@parent_id,  0,  10 /* Tell */, 1, 1, NULL, 'I am new to this area, it is interesting to see your customs.', NULL, NULL, NULL, NULL, NULL, NULL, NULL, NULL, NULL, NULL, NULL, NULL, NULL, NULL, NULL, NULL, NULL, NULL, NULL, NULL, NULL, NULL, NULL, NULL, NULL, NULL, NULL, NULL, NULL, NULL, NULL, NULL, NULL);

DELETE FROM `weenie` WHERE `class_Id` = 2000362;

INSERT INTO `weenie` (`class_Id`, `class_Name`, `type`, `last_Modified`)
VALUES (2000362, 'ace2000362-townsfolk', 10, '2019-09-30 13:46:17') /* Creature */;

INSERT INTO `weenie_properties_int` (`object_Id`, `type`, `value`)
VALUES (2000362,   1,         16) /* ItemType - Creature */
     , (2000362,   2,         31) /* CreatureType - Human */
     , (2000362,   6,         -1) /* ItemsCapacity */
     , (2000362,   7,         -1) /* ContainersCapacity */
     , (2000362,   8,        120) /* Mass */
     , (2000362,  16,         32) /* ItemUseable - Remote */
     , (2000362,  25,         16) /* Level */
     , (2000362,  27,          0) /* ArmorType - None */
     , (2000362,  93,    6292504) /* PhysicsState - ReportCollisions, IgnoreCollisions, Gravity, ReportCollisionsAsEnvironment, EdgeSlide */
     , (2000362,  95,          8) /* RadarBlipColor - Yellow */
     , (2000362, 113,          2) /* Gender - Female */
     , (2000362, 133,          4) /* ShowableOnRadar - ShowAlways */
     , (2000362, 134,         16) /* PlayerKillerStatus - RubberGlue */
     , (2000362, 146,        318) /* XpOverride */
     , (2000362, 188,          1) /* HeritageGroup - Aluvian */;

INSERT INTO `weenie_properties_bool` (`object_Id`, `type`, `value`)
VALUES (2000362,   1, True ) /* Stuck */
     , (2000362,   8, True ) /* AllowGive */
     , (2000362,  11, True ) /* IgnoreCollisions */
     , (2000362,  12, True ) /* ReportCollisions */
     , (2000362,  13, False) /* Ethereal */
     , (2000362,  14, True ) /* GravityStatus */
     , (2000362,  19, False) /* Attackable */
     , (2000362,  29, True ) /* NoCorpse */
     , (2000362,  41, True ) /* ReportCollisionsAsEnvironment */
     , (2000362,  42, True ) /* AllowEdgeSlide */
     , (2000362,  52, True ) /* AiImmobile */
     , (2000362,  79, True ) /* AiAcceptEverything */;

INSERT INTO `weenie_properties_float` (`object_Id`, `type`, `value`)
VALUES (2000362,   1,       5) /* HeartbeatInterval */
     , (2000362,   2,       0) /* HeartbeatTimestamp */
     , (2000362,   3, 0.159999996423721) /* HealthRate */
     , (2000362,   4,       5) /* StaminaRate */
     , (2000362,   5,       1) /* ManaRate */
     , (2000362,  13, 0.899999976158142) /* ArmorModVsSlash */
     , (2000362,  14,       1) /* ArmorModVsPierce */
     , (2000362,  15, 1.10000002384186) /* ArmorModVsBludgeon */
     , (2000362,  16, 0.400000005960464) /* ArmorModVsCold */
     , (2000362,  17, 0.400000005960464) /* ArmorModVsFire */
     , (2000362,  18,       1) /* ArmorModVsAcid */
     , (2000362,  19, 0.600000023841858) /* ArmorModVsElectric */
     , (2000362,  54,       3) /* UseRadius */
     , (2000362,  64,       1) /* ResistSlash */
     , (2000362,  65,       1) /* ResistPierce */
     , (2000362,  66,       1) /* ResistBludgeon */
     , (2000362,  67,       1) /* ResistFire */
     , (2000362,  68,       1) /* ResistCold */
     , (2000362,  69,       1) /* ResistAcid */
     , (2000362,  70,       1) /* ResistElectric */
     , (2000362,  71,       1) /* ResistHealthBoost */
     , (2000362,  72,       1) /* ResistStaminaDrain */
     , (2000362,  73,       1) /* ResistStaminaBoost */
     , (2000362,  74,       1) /* ResistManaDrain */
     , (2000362,  75,       1) /* ResistManaBoost */
     , (2000362, 104,      10) /* ObviousRadarRange */
     , (2000362, 125,       1) /* ResistHealthDrain */;

INSERT INTO `weenie_properties_string` (`object_Id`, `type`, `value`)
VALUES (2000362,   1, 'Townsfolk') /* Name */
     , (2000362,   3, 'Female') /* Sex */
     , (2000362,   4, 'Aluvian') /* HeritageGroup */
     , (2000362,   5, 'Herald') /* Template */;

INSERT INTO `weenie_properties_d_i_d` (`object_Id`, `type`, `value`)
VALUES (2000362,   1,   33554510) /* Setup */
     , (2000362,   2,  150994945) /* MotionTable */
     , (2000362,   3,  536870914) /* SoundTable */
     , (2000362,   4,  805306368) /* CombatTable */
     , (2000362,   6,   67108990) /* PaletteBase */
     , (2000362,   8,  100667446) /* Icon */
     , (2000362,   9,   83890279) /* EyesTexture */
     , (2000362,  10,   83890302) /* NoseTexture */
     , (2000362,  11,   83890324) /* MouthTexture */
     , (2000362,  15,   67116982) /* HairPalette */
     , (2000362,  16,   67110063) /* EyesPalette */
     , (2000362,  17,   67109561) /* SkinPalette */;

INSERT INTO `weenie_properties_attribute` (`object_Id`, `type`, `init_Level`, `level_From_C_P`, `c_P_Spent`)
VALUES (2000362,   1, 120, 0, 0) /* Strength */
     , (2000362,   2, 130, 0, 0) /* Endurance */
     , (2000362,   3, 100, 0, 0) /* Quickness */
     , (2000362,   4, 115, 0, 0) /* Coordination */
     , (2000362,   5, 110, 0, 0) /* Focus */
     , (2000362,   6, 100, 0, 0) /* Self */;

INSERT INTO `weenie_properties_attribute_2nd` (`object_Id`, `type`, `init_Level`, `level_From_C_P`, `c_P_Spent`, `current_Level`)
VALUES (2000362,   1,     0, 0, 0, 65) /* MaxHealth */
     , (2000362,   3,     0, 0, 0, 130) /* MaxStamina */
     , (2000362,   5,     0, 0, 0, 100) /* MaxMana */;

INSERT INTO `weenie_properties_skill` (`object_Id`, `type`, `level_From_P_P`, `s_a_c`, `p_p`, `init_Level`, `resistance_At_Last_Check`, `last_Used_Time`)
VALUES (2000362,  6, 0, 2, 0,   1, 0, 0) /* MeleeDefense        Trained */
     , (2000362,  7, 0, 2, 0,   1, 0, 0) /* MissileDefense      Trained */
     , (2000362, 13, 0, 2, 0,   1, 0, 0) /* UnarmedCombat       Trained */;

INSERT INTO `weenie_properties_body_part` (`object_Id`, `key`, `d_Type`, `d_Val`, `d_Var`, `base_Armor`, `armor_Vs_Slash`, `armor_Vs_Pierce`, `armor_Vs_Bludgeon`, `armor_Vs_Cold`, `armor_Vs_Fire`, `armor_Vs_Acid`, `armor_Vs_Electric`, `armor_Vs_Nether`, `b_h`, `h_l_f`, `m_l_f`, `l_l_f`, `h_r_f`, `m_r_f`, `l_r_f`, `h_l_b`, `m_l_b`, `l_l_b`, `h_r_b`, `m_r_b`, `l_r_b`)
VALUES (2000362,  0,  4,  0,    0,    0,    0,    0,    0,    0,    0,    0,    0,    0, 1, 0.33,    0,    0, 0.33,    0,    0, 0.33,    0,    0, 0.33,    0,    0) /* Head */
     , (2000362,  1,  4,  0,    0,    0,    0,    0,    0,    0,    0,    0,    0,    0, 2, 0.44, 0.17,    0, 0.44, 0.17,    0, 0.44, 0.17,    0, 0.44, 0.17,    0) /* Chest */
     , (2000362,  2,  4,  0,    0,    0,    0,    0,    0,    0,    0,    0,    0,    0, 3,    0, 0.17,    0,    0, 0.17,    0,    0, 0.17,    0,    0, 0.17,    0) /* Abdomen */
     , (2000362,  3,  4,  0,    0,    0,    0,    0,    0,    0,    0,    0,    0,    0, 1, 0.23, 0.03,    0, 0.23, 0.03,    0, 0.23, 0.03,    0, 0.23, 0.03,    0) /* UpperArm */
     , (2000362,  4,  4,  0,    0,    0,    0,    0,    0,    0,    0,    0,    0,    0, 2,    0,  0.3,    0,    0,  0.3,    0,    0,  0.3,    0,    0,  0.3,    0) /* LowerArm */
     , (2000362,  5,  4,  2, 0.75,    0,    0,    0,    0,    0,    0,    0,    0,    0, 2,    0,  0.2,    0,    0,  0.2,    0,    0,  0.2,    0,    0,  0.2,    0) /* Hand */
     , (2000362,  6,  4,  0,    0,    0,    0,    0,    0,    0,    0,    0,    0,    0, 3,    0, 0.13, 0.18,    0, 0.13, 0.18,    0, 0.13, 0.18,    0, 0.13, 0.18) /* UpperLeg */
     , (2000362,  7,  4,  0,    0,    0,    0,    0,    0,    0,    0,    0,    0,    0, 3,    0,    0,  0.6,    0,    0,  0.6,    0,    0,  0.6,    0,    0,  0.6) /* LowerLeg */
     , (2000362,  8,  4,  2, 0.75,    0,    0,    0,    0,    0,    0,    0,    0,    0, 3,    0,    0, 0.22,    0,    0, 0.22,    0,    0, 0.22,    0,    0, 0.22) /* Foot */;

INSERT INTO `weenie_properties_emote` (`object_Id`, `category`, `probability`, `weenie_Class_Id`, `style`, `substyle`, `quest`, `vendor_Type`, `min_Health`, `max_Health`)
VALUES (2000362,  7 /* Use */,      1, NULL, NULL, NULL, NULL, NULL, NULL, NULL);

SET @parent_id = LAST_INSERT_ID();

INSERT INTO `weenie_properties_emote_action` (`emote_Id`, `order`, `type`, `delay`, `extent`, `motion`, `message`, `test_String`, `min`, `max`, `min_64`, `max_64`, `min_Dbl`, `max_Dbl`, `stat`, `display`, `amount`, `amount_64`, `hero_X_P_64`, `percent`, `spell_Id`, `wealth_Rating`, `treasure_Class`, `treasure_Type`, `p_Script`, `sound`, `destination_Type`, `weenie_Class_Id`, `stack_Size`, `palette`, `shade`, `try_To_Bond`, `obj_Cell_Id`, `origin_X`, `origin_Y`, `origin_Z`, `angles_W`, `angles_X`, `angles_Y`, `angles_Z`)
VALUES (@parent_id,  0,  10 /* Tell */, 0, 1, NULL, 'No, I don''t have a crush on Hiro that''s just silly.', NULL, NULL, NULL, NULL, NULL, NULL, NULL, NULL, NULL, NULL, NULL, NULL, NULL, NULL, NULL, NULL, NULL, NULL, NULL, NULL, NULL, NULL, NULL, NULL, NULL, NULL, NULL, NULL, NULL, NULL, NULL, NULL, NULL);

INSERT INTO `weenie_properties_create_list` (`object_Id`, `destination_Type`, `weenie_Class_Id`, `stack_Size`, `palette`, `shade`, `try_To_Bond`)
VALUES (2000362, 2,   121,  0, 90, 0.8, False) /* Create Gloves (121) for Wield */
     , (2000362, 2,  2032,  0, 87, 1, False) /* Create Branith's Shirt (2032) for Wield */
     , (2000362, 2,  2604,  0, 92, 1, False) /* Create Breeches (2604) for Wield */;

DELETE FROM `weenie` WHERE `class_Id` = 2000363;

INSERT INTO `weenie` (`class_Id`, `class_Name`, `type`, `last_Modified`)
VALUES (2000363, 'ace2000363-townsfolk', 10, '2019-09-30 13:46:19') /* Creature */;

INSERT INTO `weenie_properties_int` (`object_Id`, `type`, `value`)
VALUES (2000363,   1,         16) /* ItemType - Creature */
     , (2000363,   2,         31) /* CreatureType - Human */
     , (2000363,   6,         -1) /* ItemsCapacity */
     , (2000363,   7,         -1) /* ContainersCapacity */
     , (2000363,   8,        120) /* Mass */
     , (2000363,  16,         32) /* ItemUseable - Remote */
     , (2000363,  25,         16) /* Level */
     , (2000363,  27,          0) /* ArmorType - None */
     , (2000363,  93,    6292504) /* PhysicsState - ReportCollisions, IgnoreCollisions, Gravity, ReportCollisionsAsEnvironment, EdgeSlide */
     , (2000363,  95,          8) /* RadarBlipColor - Yellow */
     , (2000363, 113,          2) /* Gender - Female */
     , (2000363, 133,          4) /* ShowableOnRadar - ShowAlways */
     , (2000363, 134,         16) /* PlayerKillerStatus - RubberGlue */
     , (2000363, 146,        318) /* XpOverride */
     , (2000363, 188,          1) /* HeritageGroup - Aluvian */;

INSERT INTO `weenie_properties_bool` (`object_Id`, `type`, `value`)
VALUES (2000363,   1, True ) /* Stuck */
     , (2000363,   8, True ) /* AllowGive */
     , (2000363,  11, True ) /* IgnoreCollisions */
     , (2000363,  12, True ) /* ReportCollisions */
     , (2000363,  13, False) /* Ethereal */
     , (2000363,  14, True ) /* GravityStatus */
     , (2000363,  19, False) /* Attackable */
     , (2000363,  29, True ) /* NoCorpse */
     , (2000363,  41, True ) /* ReportCollisionsAsEnvironment */
     , (2000363,  42, True ) /* AllowEdgeSlide */
     , (2000363,  52, True ) /* AiImmobile */
     , (2000363,  79, True ) /* AiAcceptEverything */;

INSERT INTO `weenie_properties_float` (`object_Id`, `type`, `value`)
VALUES (2000363,   1,       5) /* HeartbeatInterval */
     , (2000363,   2,       0) /* HeartbeatTimestamp */
     , (2000363,   3, 0.159999996423721) /* HealthRate */
     , (2000363,   4,       5) /* StaminaRate */
     , (2000363,   5,       1) /* ManaRate */
     , (2000363,  13, 0.899999976158142) /* ArmorModVsSlash */
     , (2000363,  14,       1) /* ArmorModVsPierce */
     , (2000363,  15, 1.10000002384186) /* ArmorModVsBludgeon */
     , (2000363,  16, 0.400000005960464) /* ArmorModVsCold */
     , (2000363,  17, 0.400000005960464) /* ArmorModVsFire */
     , (2000363,  18,       1) /* ArmorModVsAcid */
     , (2000363,  19, 0.600000023841858) /* ArmorModVsElectric */
     , (2000363,  54,       3) /* UseRadius */
     , (2000363,  64,       1) /* ResistSlash */
     , (2000363,  65,       1) /* ResistPierce */
     , (2000363,  66,       1) /* ResistBludgeon */
     , (2000363,  67,       1) /* ResistFire */
     , (2000363,  68,       1) /* ResistCold */
     , (2000363,  69,       1) /* ResistAcid */
     , (2000363,  70,       1) /* ResistElectric */
     , (2000363,  71,       1) /* ResistHealthBoost */
     , (2000363,  72,       1) /* ResistStaminaDrain */
     , (2000363,  73,       1) /* ResistStaminaBoost */
     , (2000363,  74,       1) /* ResistManaDrain */
     , (2000363,  75,       1) /* ResistManaBoost */
     , (2000363, 104,      10) /* ObviousRadarRange */
     , (2000363, 125,       1) /* ResistHealthDrain */;

INSERT INTO `weenie_properties_string` (`object_Id`, `type`, `value`)
VALUES (2000363,   1, 'Townsfolk') /* Name */
     , (2000363,   3, 'Female') /* Sex */
     , (2000363,   4, 'Aluvian') /* HeritageGroup */
     , (2000363,   5, 'Herald') /* Template */;

INSERT INTO `weenie_properties_d_i_d` (`object_Id`, `type`, `value`)
VALUES (2000363,   1,   33554510) /* Setup */
     , (2000363,   2,  150994945) /* MotionTable */
     , (2000363,   3,  536870914) /* SoundTable */
     , (2000363,   4,  805306368) /* CombatTable */
     , (2000363,   6,   67108990) /* PaletteBase */
     , (2000363,   8,  100667446) /* Icon */
     , (2000363,   9,   83890279) /* EyesTexture */
     , (2000363,  10,   83890302) /* NoseTexture */
     , (2000363,  11,   83890324) /* MouthTexture */
     , (2000363,  15,   67116982) /* HairPalette */
     , (2000363,  16,   67110063) /* EyesPalette */
     , (2000363,  17,   67109561) /* SkinPalette */;

INSERT INTO `weenie_properties_attribute` (`object_Id`, `type`, `init_Level`, `level_From_C_P`, `c_P_Spent`)
VALUES (2000363,   1, 120, 0, 0) /* Strength */
     , (2000363,   2, 130, 0, 0) /* Endurance */
     , (2000363,   3, 100, 0, 0) /* Quickness */
     , (2000363,   4, 115, 0, 0) /* Coordination */
     , (2000363,   5, 110, 0, 0) /* Focus */
     , (2000363,   6, 100, 0, 0) /* Self */;

INSERT INTO `weenie_properties_attribute_2nd` (`object_Id`, `type`, `init_Level`, `level_From_C_P`, `c_P_Spent`, `current_Level`)
VALUES (2000363,   1,     0, 0, 0, 65) /* MaxHealth */
     , (2000363,   3,     0, 0, 0, 130) /* MaxStamina */
     , (2000363,   5,     0, 0, 0, 100) /* MaxMana */;

INSERT INTO `weenie_properties_skill` (`object_Id`, `type`, `level_From_P_P`, `s_a_c`, `p_p`, `init_Level`, `resistance_At_Last_Check`, `last_Used_Time`)
VALUES (2000363,  6, 0, 2, 0,   1, 0, 0) /* MeleeDefense        Trained */
     , (2000363,  7, 0, 2, 0,   1, 0, 0) /* MissileDefense      Trained */
     , (2000363, 13, 0, 2, 0,   1, 0, 0) /* UnarmedCombat       Trained */;

INSERT INTO `weenie_properties_body_part` (`object_Id`, `key`, `d_Type`, `d_Val`, `d_Var`, `base_Armor`, `armor_Vs_Slash`, `armor_Vs_Pierce`, `armor_Vs_Bludgeon`, `armor_Vs_Cold`, `armor_Vs_Fire`, `armor_Vs_Acid`, `armor_Vs_Electric`, `armor_Vs_Nether`, `b_h`, `h_l_f`, `m_l_f`, `l_l_f`, `h_r_f`, `m_r_f`, `l_r_f`, `h_l_b`, `m_l_b`, `l_l_b`, `h_r_b`, `m_r_b`, `l_r_b`)
VALUES (2000363,  0,  4,  0,    0,    0,    0,    0,    0,    0,    0,    0,    0,    0, 1, 0.33,    0,    0, 0.33,    0,    0, 0.33,    0,    0, 0.33,    0,    0) /* Head */
     , (2000363,  1,  4,  0,    0,    0,    0,    0,    0,    0,    0,    0,    0,    0, 2, 0.44, 0.17,    0, 0.44, 0.17,    0, 0.44, 0.17,    0, 0.44, 0.17,    0) /* Chest */
     , (2000363,  2,  4,  0,    0,    0,    0,    0,    0,    0,    0,    0,    0,    0, 3,    0, 0.17,    0,    0, 0.17,    0,    0, 0.17,    0,    0, 0.17,    0) /* Abdomen */
     , (2000363,  3,  4,  0,    0,    0,    0,    0,    0,    0,    0,    0,    0,    0, 1, 0.23, 0.03,    0, 0.23, 0.03,    0, 0.23, 0.03,    0, 0.23, 0.03,    0) /* UpperArm */
     , (2000363,  4,  4,  0,    0,    0,    0,    0,    0,    0,    0,    0,    0,    0, 2,    0,  0.3,    0,    0,  0.3,    0,    0,  0.3,    0,    0,  0.3,    0) /* LowerArm */
     , (2000363,  5,  4,  2, 0.75,    0,    0,    0,    0,    0,    0,    0,    0,    0, 2,    0,  0.2,    0,    0,  0.2,    0,    0,  0.2,    0,    0,  0.2,    0) /* Hand */
     , (2000363,  6,  4,  0,    0,    0,    0,    0,    0,    0,    0,    0,    0,    0, 3,    0, 0.13, 0.18,    0, 0.13, 0.18,    0, 0.13, 0.18,    0, 0.13, 0.18) /* UpperLeg */
     , (2000363,  7,  4,  0,    0,    0,    0,    0,    0,    0,    0,    0,    0,    0, 3,    0,    0,  0.6,    0,    0,  0.6,    0,    0,  0.6,    0,    0,  0.6) /* LowerLeg */
     , (2000363,  8,  4,  2, 0.75,    0,    0,    0,    0,    0,    0,    0,    0,    0, 3,    0,    0, 0.22,    0,    0, 0.22,    0,    0, 0.22,    0,    0, 0.22) /* Foot */;

INSERT INTO `weenie_properties_emote` (`object_Id`, `category`, `probability`, `weenie_Class_Id`, `style`, `substyle`, `quest`, `vendor_Type`, `min_Health`, `max_Health`)
VALUES (2000363,  7 /* Use */,      1, NULL, NULL, NULL, NULL, NULL, NULL, NULL);

SET @parent_id = LAST_INSERT_ID();

INSERT INTO `weenie_properties_emote_action` (`emote_Id`, `order`, `type`, `delay`, `extent`, `motion`, `message`, `test_String`, `min`, `max`, `min_64`, `max_64`, `min_Dbl`, `max_Dbl`, `stat`, `display`, `amount`, `amount_64`, `hero_X_P_64`, `percent`, `spell_Id`, `wealth_Rating`, `treasure_Class`, `treasure_Type`, `p_Script`, `sound`, `destination_Type`, `weenie_Class_Id`, `stack_Size`, `palette`, `shade`, `try_To_Bond`, `obj_Cell_Id`, `origin_X`, `origin_Y`, `origin_Z`, `angles_W`, `angles_X`, `angles_Y`, `angles_Z`)
VALUES (@parent_id,  0,  10 /* Tell */, 0, 1, NULL, 'Did you hear about the drudges who killed that poor man''s wife in Cragstone?', NULL, NULL, NULL, NULL, NULL, NULL, NULL, NULL, NULL, NULL, NULL, NULL, NULL, NULL, NULL, NULL, NULL, NULL, NULL, NULL, NULL, NULL, NULL, NULL, NULL, NULL, NULL, NULL, NULL, NULL, NULL, NULL, NULL);

INSERT INTO `weenie_properties_create_list` (`object_Id`, `destination_Type`, `weenie_Class_Id`, `stack_Size`, `palette`, `shade`, `try_To_Bond`)
VALUES (2000363, 2,   121,  0, 90, 0.8, False) /* Create Gloves (121) for Wield */
     , (2000363, 2, 25701,  0, 87, 1, False) /* Create Sleek Dress (25701) for Wield */
     , (2000363, 2,  2604,  0, 92, 1, False) /* Create Breeches (2604) for Wield */;

DELETE FROM `weenie` WHERE `class_Id` = 2000364;

INSERT INTO `weenie` (`class_Id`, `class_Name`, `type`, `last_Modified`)
VALUES (2000364, 'ace2000364-townsfolk', 10, '2019-09-30 13:46:20') /* Creature */;

INSERT INTO `weenie_properties_int` (`object_Id`, `type`, `value`)
VALUES (2000364,   1,         16) /* ItemType - Creature */
     , (2000364,   2,         22) /* CreatureType - Shadow */
     , (2000364,   3,         39) /* PaletteTemplate - Black */
     , (2000364,   6,         -1) /* ItemsCapacity */
     , (2000364,   7,         -1) /* ContainersCapacity */
     , (2000364,   8,        120) /* Mass */
     , (2000364,  16,         32) /* ItemUseable - Remote */
     , (2000364,  25,         73) /* Level */
     , (2000364,  27,          0) /* ArmorType - None */
     , (2000364,  93,    6292504) /* PhysicsState - ReportCollisions, IgnoreCollisions, Gravity, ReportCollisionsAsEnvironment, EdgeSlide */
     , (2000364,  95,          8) /* RadarBlipColor - Yellow */
     , (2000364, 133,          4) /* ShowableOnRadar - ShowAlways */
     , (2000364, 134,         16) /* PlayerKillerStatus - RubberGlue */
     , (2000364, 146,       4973) /* XpOverride */;

INSERT INTO `weenie_properties_bool` (`object_Id`, `type`, `value`)
VALUES (2000364,   1, True ) /* Stuck */
     , (2000364,   8, True ) /* AllowGive */
     , (2000364,  11, True ) /* IgnoreCollisions */
     , (2000364,  12, True ) /* ReportCollisions */
     , (2000364,  13, False) /* Ethereal */
     , (2000364,  14, True ) /* GravityStatus */
     , (2000364,  19, False) /* Attackable */
     , (2000364,  41, True ) /* ReportCollisionsAsEnvironment */
     , (2000364,  42, True ) /* AllowEdgeSlide */
     , (2000364,  52, True ) /* AiImmobile */;

INSERT INTO `weenie_properties_float` (`object_Id`, `type`, `value`)
VALUES (2000364,   1,       5) /* HeartbeatInterval */
     , (2000364,   2,       0) /* HeartbeatTimestamp */
     , (2000364,   3, 0.159999996423721) /* HealthRate */
     , (2000364,   4,       5) /* StaminaRate */
     , (2000364,   5,       1) /* ManaRate */
     , (2000364,  12,     0.5) /* Shade */
     , (2000364,  13, 0.899999976158142) /* ArmorModVsSlash */
     , (2000364,  14,       1) /* ArmorModVsPierce */
     , (2000364,  15, 1.10000002384186) /* ArmorModVsBludgeon */
     , (2000364,  16, 0.400000005960464) /* ArmorModVsCold */
     , (2000364,  17, 0.400000005960464) /* ArmorModVsFire */
     , (2000364,  18,       1) /* ArmorModVsAcid */
     , (2000364,  19, 0.600000023841858) /* ArmorModVsElectric */
     , (2000364,  54,       3) /* UseRadius */
     , (2000364,  64,       1) /* ResistSlash */
     , (2000364,  65,       1) /* ResistPierce */
     , (2000364,  66,       1) /* ResistBludgeon */
     , (2000364,  67,       1) /* ResistFire */
     , (2000364,  68,       1) /* ResistCold */
     , (2000364,  69,       1) /* ResistAcid */
     , (2000364,  70,       1) /* ResistElectric */
     , (2000364,  71,       1) /* ResistHealthBoost */
     , (2000364,  72,       1) /* ResistStaminaDrain */
     , (2000364,  73,       1) /* ResistStaminaBoost */
     , (2000364,  74,       1) /* ResistManaDrain */
     , (2000364,  75,       1) /* ResistManaBoost */
     , (2000364, 104,      10) /* ObviousRadarRange */
     , (2000364, 125,       1) /* ResistHealthDrain */;

INSERT INTO `weenie_properties_string` (`object_Id`, `type`, `value`)
VALUES (2000364,   1, 'Townsfolk') /* Name */
     , (2000364,   3, 'Male') /* Sex */
     , (2000364,   4, 'Aluvian') /* HeritageGroup */;

INSERT INTO `weenie_properties_d_i_d` (`object_Id`, `type`, `value`)
VALUES (2000364,   1,   33554433) /* Setup */
     , (2000364,   2,  150994945) /* MotionTable */
     , (2000364,   3,  536870913) /* SoundTable */
     , (2000364,   4,  805306368) /* CombatTable */
     , (2000364,   6,   67111797) /* PaletteBase */
     , (2000364,   7,  268435632) /* ClothingBase */
     , (2000364,   8,  100670397) /* Icon */;

INSERT INTO `weenie_properties_attribute` (`object_Id`, `type`, `init_Level`, `level_From_C_P`, `c_P_Spent`)
VALUES (2000364,   1, 220, 0, 0) /* Strength */
     , (2000364,   2, 235, 0, 0) /* Endurance */
     , (2000364,   3, 260, 0, 0) /* Quickness */
     , (2000364,   4, 270, 0, 0) /* Coordination */
     , (2000364,   5, 150, 0, 0) /* Focus */
     , (2000364,   6, 150, 0, 0) /* Self */;

INSERT INTO `weenie_properties_attribute_2nd` (`object_Id`, `type`, `init_Level`, `level_From_C_P`, `c_P_Spent`, `current_Level`)
VALUES (2000364,   1,     0, 0, 0, 118) /* MaxHealth */
     , (2000364,   3,     0, 0, 0, 235) /* MaxStamina */
     , (2000364,   5,     0, 0, 0, 150) /* MaxMana */;

INSERT INTO `weenie_properties_skill` (`object_Id`, `type`, `level_From_P_P`, `s_a_c`, `p_p`, `init_Level`, `resistance_At_Last_Check`, `last_Used_Time`)
VALUES (2000364,  6, 0, 2, 0,   1, 0, 0) /* MeleeDefense        Trained */
     , (2000364,  7, 0, 2, 0,   1, 0, 0) /* MissileDefense      Trained */
     , (2000364, 13, 0, 2, 0,   1, 0, 0) /* UnarmedCombat       Trained */;

INSERT INTO `weenie_properties_body_part` (`object_Id`, `key`, `d_Type`, `d_Val`, `d_Var`, `base_Armor`, `armor_Vs_Slash`, `armor_Vs_Pierce`, `armor_Vs_Bludgeon`, `armor_Vs_Cold`, `armor_Vs_Fire`, `armor_Vs_Acid`, `armor_Vs_Electric`, `armor_Vs_Nether`, `b_h`, `h_l_f`, `m_l_f`, `l_l_f`, `h_r_f`, `m_r_f`, `l_r_f`, `h_l_b`, `m_l_b`, `l_l_b`, `h_r_b`, `m_r_b`, `l_r_b`)
VALUES (2000364,  0,  4,  0,    0,    0,    0,    0,    0,    0,    0,    0,    0,    0, 1, 0.33,    0,    0, 0.33,    0,    0, 0.33,    0,    0, 0.33,    0,    0) /* Head */
     , (2000364,  1,  4,  0,    0,    0,    0,    0,    0,    0,    0,    0,    0,    0, 2, 0.44, 0.17,    0, 0.44, 0.17,    0, 0.44, 0.17,    0, 0.44, 0.17,    0) /* Chest */
     , (2000364,  2,  4,  0,    0,    0,    0,    0,    0,    0,    0,    0,    0,    0, 3,    0, 0.17,    0,    0, 0.17,    0,    0, 0.17,    0,    0, 0.17,    0) /* Abdomen */
     , (2000364,  3,  4,  0,    0,    0,    0,    0,    0,    0,    0,    0,    0,    0, 1, 0.23, 0.03,    0, 0.23, 0.03,    0, 0.23, 0.03,    0, 0.23, 0.03,    0) /* UpperArm */
     , (2000364,  4,  4,  0,    0,    0,    0,    0,    0,    0,    0,    0,    0,    0, 2,    0,  0.3,    0,    0,  0.3,    0,    0,  0.3,    0,    0,  0.3,    0) /* LowerArm */
     , (2000364,  5,  4,  2, 0.75,    0,    0,    0,    0,    0,    0,    0,    0,    0, 2,    0,  0.2,    0,    0,  0.2,    0,    0,  0.2,    0,    0,  0.2,    0) /* Hand */
     , (2000364,  6,  4,  0,    0,    0,    0,    0,    0,    0,    0,    0,    0,    0, 3,    0, 0.13, 0.18,    0, 0.13, 0.18,    0, 0.13, 0.18,    0, 0.13, 0.18) /* UpperLeg */
     , (2000364,  7,  4,  0,    0,    0,    0,    0,    0,    0,    0,    0,    0,    0, 3,    0,    0,  0.6,    0,    0,  0.6,    0,    0,  0.6,    0,    0,  0.6) /* LowerLeg */
     , (2000364,  8,  4,  2, 0.75,    0,    0,    0,    0,    0,    0,    0,    0,    0, 3,    0,    0, 0.22,    0,    0, 0.22,    0,    0, 0.22,    0,    0, 0.22) /* Foot */;

INSERT INTO `weenie_properties_emote` (`object_Id`, `category`, `probability`, `weenie_Class_Id`, `style`, `substyle`, `quest`, `vendor_Type`, `min_Health`, `max_Health`)
VALUES (2000364,  7 /* Use */,      1, NULL, NULL, NULL, NULL, NULL, NULL, NULL);

SET @parent_id = LAST_INSERT_ID();

INSERT INTO `weenie_properties_emote_action` (`emote_Id`, `order`, `type`, `delay`, `extent`, `motion`, `message`, `test_String`, `min`, `max`, `min_64`, `max_64`, `min_Dbl`, `max_Dbl`, `stat`, `display`, `amount`, `amount_64`, `hero_X_P_64`, `percent`, `spell_Id`, `wealth_Rating`, `treasure_Class`, `treasure_Type`, `p_Script`, `sound`, `destination_Type`, `weenie_Class_Id`, `stack_Size`, `palette`, `shade`, `try_To_Bond`, `obj_Cell_Id`, `origin_X`, `origin_Y`, `origin_Z`, `angles_W`, `angles_X`, `angles_Y`, `angles_Z`)
VALUES (@parent_id,  0,  12 /* TurnToTarget */, 0, 1, NULL, NULL, NULL, NULL, NULL, NULL, NULL, NULL, NULL, NULL, NULL, NULL, NULL, NULL, NULL, NULL, NULL, NULL, NULL, NULL, NULL, NULL, NULL, NULL, NULL, NULL, NULL, NULL, NULL, NULL, NULL, NULL, NULL, NULL, NULL)
     , (@parent_id,  1,  10 /* Tell */, 1, 1, NULL, 'This may be my favorite town after traveling so far across Dereth.', NULL, NULL, NULL, NULL, NULL, NULL, NULL, NULL, NULL, NULL, NULL, NULL, NULL, NULL, NULL, NULL, NULL, NULL, NULL, NULL, NULL, NULL, NULL, NULL, NULL, NULL, NULL, NULL, NULL, NULL, NULL, NULL, NULL)
     , (@parent_id,  2,   5 /* Motion */, 0, 1, 1090519043 /* Ready */, NULL, NULL, NULL, NULL, NULL, NULL, NULL, NULL, NULL, NULL, NULL, NULL, NULL, NULL, NULL, NULL, NULL, NULL, NULL, NULL, NULL, NULL, NULL, NULL, NULL, NULL, NULL, NULL, NULL, NULL, NULL, NULL, NULL, NULL);

DELETE FROM `weenie` WHERE `class_Id` = 2000365;

INSERT INTO `weenie` (`class_Id`, `class_Name`, `type`, `last_Modified`)
VALUES (2000365, 'ace2000365-townsfolk', 10, '2019-09-30 13:46:21') /* Creature */;

INSERT INTO `weenie_properties_int` (`object_Id`, `type`, `value`)
VALUES (2000365,   1,         16) /* ItemType - Creature */
     , (2000365,   2,         31) /* CreatureType - Human */
     , (2000365,   6,         -1) /* ItemsCapacity */
     , (2000365,   7,         -1) /* ContainersCapacity */
     , (2000365,   8,        120) /* Mass */
     , (2000365,  16,         32) /* ItemUseable - Remote */
     , (2000365,  25,         16) /* Level */
     , (2000365,  27,          0) /* ArmorType - None */
     , (2000365,  93,    6292504) /* PhysicsState - ReportCollisions, IgnoreCollisions, Gravity, ReportCollisionsAsEnvironment, EdgeSlide */
     , (2000365,  95,          8) /* RadarBlipColor - Yellow */
     , (2000365, 113,          2) /* Gender - Female */
     , (2000365, 133,          4) /* ShowableOnRadar - ShowAlways */
     , (2000365, 134,         16) /* PlayerKillerStatus - RubberGlue */
     , (2000365, 146,        318) /* XpOverride */
     , (2000365, 188,          1) /* HeritageGroup - Aluvian */;

INSERT INTO `weenie_properties_bool` (`object_Id`, `type`, `value`)
VALUES (2000365,   1, True ) /* Stuck */
     , (2000365,   8, True ) /* AllowGive */
     , (2000365,  11, True ) /* IgnoreCollisions */
     , (2000365,  12, True ) /* ReportCollisions */
     , (2000365,  13, False) /* Ethereal */
     , (2000365,  14, True ) /* GravityStatus */
     , (2000365,  19, False) /* Attackable */
     , (2000365,  29, True ) /* NoCorpse */
     , (2000365,  41, True ) /* ReportCollisionsAsEnvironment */
     , (2000365,  42, True ) /* AllowEdgeSlide */
     , (2000365,  52, True ) /* AiImmobile */
     , (2000365,  79, True ) /* AiAcceptEverything */;

INSERT INTO `weenie_properties_float` (`object_Id`, `type`, `value`)
VALUES (2000365,   1,       5) /* HeartbeatInterval */
     , (2000365,   2,       0) /* HeartbeatTimestamp */
     , (2000365,   3, 0.159999996423721) /* HealthRate */
     , (2000365,   4,       5) /* StaminaRate */
     , (2000365,   5,       1) /* ManaRate */
     , (2000365,  13, 0.899999976158142) /* ArmorModVsSlash */
     , (2000365,  14,       1) /* ArmorModVsPierce */
     , (2000365,  15, 1.10000002384186) /* ArmorModVsBludgeon */
     , (2000365,  16, 0.400000005960464) /* ArmorModVsCold */
     , (2000365,  17, 0.400000005960464) /* ArmorModVsFire */
     , (2000365,  18,       1) /* ArmorModVsAcid */
     , (2000365,  19, 0.600000023841858) /* ArmorModVsElectric */
     , (2000365,  54,       3) /* UseRadius */
     , (2000365,  64,       1) /* ResistSlash */
     , (2000365,  65,       1) /* ResistPierce */
     , (2000365,  66,       1) /* ResistBludgeon */
     , (2000365,  67,       1) /* ResistFire */
     , (2000365,  68,       1) /* ResistCold */
     , (2000365,  69,       1) /* ResistAcid */
     , (2000365,  70,       1) /* ResistElectric */
     , (2000365,  71,       1) /* ResistHealthBoost */
     , (2000365,  72,       1) /* ResistStaminaDrain */
     , (2000365,  73,       1) /* ResistStaminaBoost */
     , (2000365,  74,       1) /* ResistManaDrain */
     , (2000365,  75,       1) /* ResistManaBoost */
     , (2000365, 104,      10) /* ObviousRadarRange */
     , (2000365, 125,       1) /* ResistHealthDrain */;

INSERT INTO `weenie_properties_string` (`object_Id`, `type`, `value`)
VALUES (2000365,   1, 'Townsfolk') /* Name */
     , (2000365,   3, 'Female') /* Sex */
     , (2000365,   4, 'Aluvian') /* HeritageGroup */
     , (2000365,   5, 'Herald') /* Template */;

INSERT INTO `weenie_properties_d_i_d` (`object_Id`, `type`, `value`)
VALUES (2000365,   1,   33554510) /* Setup */
     , (2000365,   2,  150994945) /* MotionTable */
     , (2000365,   3,  536870914) /* SoundTable */
     , (2000365,   4,  805306368) /* CombatTable */
     , (2000365,   6,   67108990) /* PaletteBase */
     , (2000365,   8,  100667446) /* Icon */
     , (2000365,   9,   83890279) /* EyesTexture */
     , (2000365,  10,   83890302) /* NoseTexture */
     , (2000365,  11,   83890324) /* MouthTexture */
     , (2000365,  15,   67116982) /* HairPalette */
     , (2000365,  16,   67110063) /* EyesPalette */
     , (2000365,  17,   67109561) /* SkinPalette */;

INSERT INTO `weenie_properties_attribute` (`object_Id`, `type`, `init_Level`, `level_From_C_P`, `c_P_Spent`)
VALUES (2000365,   1, 120, 0, 0) /* Strength */
     , (2000365,   2, 130, 0, 0) /* Endurance */
     , (2000365,   3, 100, 0, 0) /* Quickness */
     , (2000365,   4, 115, 0, 0) /* Coordination */
     , (2000365,   5, 110, 0, 0) /* Focus */
     , (2000365,   6, 100, 0, 0) /* Self */;

INSERT INTO `weenie_properties_attribute_2nd` (`object_Id`, `type`, `init_Level`, `level_From_C_P`, `c_P_Spent`, `current_Level`)
VALUES (2000365,   1,     0, 0, 0, 65) /* MaxHealth */
     , (2000365,   3,     0, 0, 0, 130) /* MaxStamina */
     , (2000365,   5,     0, 0, 0, 100) /* MaxMana */;

INSERT INTO `weenie_properties_skill` (`object_Id`, `type`, `level_From_P_P`, `s_a_c`, `p_p`, `init_Level`, `resistance_At_Last_Check`, `last_Used_Time`)
VALUES (2000365,  6, 0, 2, 0,   1, 0, 0) /* MeleeDefense        Trained */
     , (2000365,  7, 0, 2, 0,   1, 0, 0) /* MissileDefense      Trained */
     , (2000365, 13, 0, 2, 0,   1, 0, 0) /* UnarmedCombat       Trained */;

INSERT INTO `weenie_properties_body_part` (`object_Id`, `key`, `d_Type`, `d_Val`, `d_Var`, `base_Armor`, `armor_Vs_Slash`, `armor_Vs_Pierce`, `armor_Vs_Bludgeon`, `armor_Vs_Cold`, `armor_Vs_Fire`, `armor_Vs_Acid`, `armor_Vs_Electric`, `armor_Vs_Nether`, `b_h`, `h_l_f`, `m_l_f`, `l_l_f`, `h_r_f`, `m_r_f`, `l_r_f`, `h_l_b`, `m_l_b`, `l_l_b`, `h_r_b`, `m_r_b`, `l_r_b`)
VALUES (2000365,  0,  4,  0,    0,    0,    0,    0,    0,    0,    0,    0,    0,    0, 1, 0.33,    0,    0, 0.33,    0,    0, 0.33,    0,    0, 0.33,    0,    0) /* Head */
     , (2000365,  1,  4,  0,    0,    0,    0,    0,    0,    0,    0,    0,    0,    0, 2, 0.44, 0.17,    0, 0.44, 0.17,    0, 0.44, 0.17,    0, 0.44, 0.17,    0) /* Chest */
     , (2000365,  2,  4,  0,    0,    0,    0,    0,    0,    0,    0,    0,    0,    0, 3,    0, 0.17,    0,    0, 0.17,    0,    0, 0.17,    0,    0, 0.17,    0) /* Abdomen */
     , (2000365,  3,  4,  0,    0,    0,    0,    0,    0,    0,    0,    0,    0,    0, 1, 0.23, 0.03,    0, 0.23, 0.03,    0, 0.23, 0.03,    0, 0.23, 0.03,    0) /* UpperArm */
     , (2000365,  4,  4,  0,    0,    0,    0,    0,    0,    0,    0,    0,    0,    0, 2,    0,  0.3,    0,    0,  0.3,    0,    0,  0.3,    0,    0,  0.3,    0) /* LowerArm */
     , (2000365,  5,  4,  2, 0.75,    0,    0,    0,    0,    0,    0,    0,    0,    0, 2,    0,  0.2,    0,    0,  0.2,    0,    0,  0.2,    0,    0,  0.2,    0) /* Hand */
     , (2000365,  6,  4,  0,    0,    0,    0,    0,    0,    0,    0,    0,    0,    0, 3,    0, 0.13, 0.18,    0, 0.13, 0.18,    0, 0.13, 0.18,    0, 0.13, 0.18) /* UpperLeg */
     , (2000365,  7,  4,  0,    0,    0,    0,    0,    0,    0,    0,    0,    0,    0, 3,    0,    0,  0.6,    0,    0,  0.6,    0,    0,  0.6,    0,    0,  0.6) /* LowerLeg */
     , (2000365,  8,  4,  2, 0.75,    0,    0,    0,    0,    0,    0,    0,    0,    0, 3,    0,    0, 0.22,    0,    0, 0.22,    0,    0, 0.22,    0,    0, 0.22) /* Foot */;

INSERT INTO `weenie_properties_emote` (`object_Id`, `category`, `probability`, `weenie_Class_Id`, `style`, `substyle`, `quest`, `vendor_Type`, `min_Health`, `max_Health`)
VALUES (2000365,  7 /* Use */,      1, NULL, NULL, NULL, NULL, NULL, NULL, NULL);

SET @parent_id = LAST_INSERT_ID();

INSERT INTO `weenie_properties_emote_action` (`emote_Id`, `order`, `type`, `delay`, `extent`, `motion`, `message`, `test_String`, `min`, `max`, `min_64`, `max_64`, `min_Dbl`, `max_Dbl`, `stat`, `display`, `amount`, `amount_64`, `hero_X_P_64`, `percent`, `spell_Id`, `wealth_Rating`, `treasure_Class`, `treasure_Type`, `p_Script`, `sound`, `destination_Type`, `weenie_Class_Id`, `stack_Size`, `palette`, `shade`, `try_To_Bond`, `obj_Cell_Id`, `origin_X`, `origin_Y`, `origin_Z`, `angles_W`, `angles_X`, `angles_Y`, `angles_Z`)
VALUES (@parent_id,  0,  10 /* Tell */, 0, 1, NULL, 'I heard of troubles way out in Candeth Keep.', NULL, NULL, NULL, NULL, NULL, NULL, NULL, NULL, NULL, NULL, NULL, NULL, NULL, NULL, NULL, NULL, NULL, NULL, NULL, NULL, NULL, NULL, NULL, NULL, NULL, NULL, NULL, NULL, NULL, NULL, NULL, NULL, NULL);

INSERT INTO `weenie_properties_create_list` (`object_Id`, `destination_Type`, `weenie_Class_Id`, `stack_Size`, `palette`, `shade`, `try_To_Bond`)
VALUES (2000365, 2,   121,  0, 90, 0.8, False) /* Create Gloves (121) for Wield */
     , (2000365, 2,  2588,  0, 89, 1, False) /* Create Shirt (2588) for Wield */
     , (2000365, 2,  2604,  0, 91, 1, False) /* Create Breeches (2604) for Wield */;

DELETE FROM `weenie` WHERE `class_Id` = 2000366;

INSERT INTO `weenie` (`class_Id`, `class_Name`, `type`, `last_Modified`)
VALUES (2000366, 'ace2000366-townsfolk', 10, '2019-09-30 13:46:22') /* Creature */;

INSERT INTO `weenie_properties_int` (`object_Id`, `type`, `value`)
VALUES (2000366,   1,         16) /* ItemType - Creature */
     , (2000366,   2,         31) /* CreatureType - Human */
     , (2000366,   6,         -1) /* ItemsCapacity */
     , (2000366,   7,         -1) /* ContainersCapacity */
     , (2000366,   8,        120) /* Mass */
     , (2000366,  16,         32) /* ItemUseable - Remote */
     , (2000366,  25,         16) /* Level */
     , (2000366,  27,          0) /* ArmorType - None */
     , (2000366,  93,    6292504) /* PhysicsState - ReportCollisions, IgnoreCollisions, Gravity, ReportCollisionsAsEnvironment, EdgeSlide */
     , (2000366,  95,          8) /* RadarBlipColor - Yellow */
     , (2000366, 113,          2) /* Gender - Female */
     , (2000366, 133,          4) /* ShowableOnRadar - ShowAlways */
     , (2000366, 134,         16) /* PlayerKillerStatus - RubberGlue */
     , (2000366, 146,        318) /* XpOverride */
     , (2000366, 188,          1) /* HeritageGroup - Aluvian */;

INSERT INTO `weenie_properties_bool` (`object_Id`, `type`, `value`)
VALUES (2000366,   1, True ) /* Stuck */
     , (2000366,   8, True ) /* AllowGive */
     , (2000366,  11, True ) /* IgnoreCollisions */
     , (2000366,  12, True ) /* ReportCollisions */
     , (2000366,  13, False) /* Ethereal */
     , (2000366,  14, True ) /* GravityStatus */
     , (2000366,  19, False) /* Attackable */
     , (2000366,  29, True ) /* NoCorpse */
     , (2000366,  41, True ) /* ReportCollisionsAsEnvironment */
     , (2000366,  42, True ) /* AllowEdgeSlide */
     , (2000366,  52, True ) /* AiImmobile */
     , (2000366,  79, True ) /* AiAcceptEverything */;

INSERT INTO `weenie_properties_float` (`object_Id`, `type`, `value`)
VALUES (2000366,   1,       5) /* HeartbeatInterval */
     , (2000366,   2,       0) /* HeartbeatTimestamp */
     , (2000366,   3, 0.159999996423721) /* HealthRate */
     , (2000366,   4,       5) /* StaminaRate */
     , (2000366,   5,       1) /* ManaRate */
     , (2000366,  13, 0.899999976158142) /* ArmorModVsSlash */
     , (2000366,  14,       1) /* ArmorModVsPierce */
     , (2000366,  15, 1.10000002384186) /* ArmorModVsBludgeon */
     , (2000366,  16, 0.400000005960464) /* ArmorModVsCold */
     , (2000366,  17, 0.400000005960464) /* ArmorModVsFire */
     , (2000366,  18,       1) /* ArmorModVsAcid */
     , (2000366,  19, 0.600000023841858) /* ArmorModVsElectric */
     , (2000366,  54,       3) /* UseRadius */
     , (2000366,  64,       1) /* ResistSlash */
     , (2000366,  65,       1) /* ResistPierce */
     , (2000366,  66,       1) /* ResistBludgeon */
     , (2000366,  67,       1) /* ResistFire */
     , (2000366,  68,       1) /* ResistCold */
     , (2000366,  69,       1) /* ResistAcid */
     , (2000366,  70,       1) /* ResistElectric */
     , (2000366,  71,       1) /* ResistHealthBoost */
     , (2000366,  72,       1) /* ResistStaminaDrain */
     , (2000366,  73,       1) /* ResistStaminaBoost */
     , (2000366,  74,       1) /* ResistManaDrain */
     , (2000366,  75,       1) /* ResistManaBoost */
     , (2000366, 104,      10) /* ObviousRadarRange */
     , (2000366, 125,       1) /* ResistHealthDrain */;

INSERT INTO `weenie_properties_string` (`object_Id`, `type`, `value`)
VALUES (2000366,   1, 'Townsfolk') /* Name */
     , (2000366,   3, 'Female') /* Sex */
     , (2000366,   4, 'Aluvian') /* HeritageGroup */
     , (2000366,   5, 'Herald') /* Template */;

INSERT INTO `weenie_properties_d_i_d` (`object_Id`, `type`, `value`)
VALUES (2000366,   1,   33554510) /* Setup */
     , (2000366,   2,  150994945) /* MotionTable */
     , (2000366,   3,  536870914) /* SoundTable */
     , (2000366,   4,  805306368) /* CombatTable */
     , (2000366,   6,   67108990) /* PaletteBase */
     , (2000366,   8,  100667446) /* Icon */
     , (2000366,   9,   83890279) /* EyesTexture */
     , (2000366,  10,   83890302) /* NoseTexture */
     , (2000366,  11,   83890324) /* MouthTexture */
     , (2000366,  15,   67116982) /* HairPalette */
     , (2000366,  16,   67110063) /* EyesPalette */
     , (2000366,  17,   67109561) /* SkinPalette */;

INSERT INTO `weenie_properties_attribute` (`object_Id`, `type`, `init_Level`, `level_From_C_P`, `c_P_Spent`)
VALUES (2000366,   1, 120, 0, 0) /* Strength */
     , (2000366,   2, 130, 0, 0) /* Endurance */
     , (2000366,   3, 100, 0, 0) /* Quickness */
     , (2000366,   4, 115, 0, 0) /* Coordination */
     , (2000366,   5, 110, 0, 0) /* Focus */
     , (2000366,   6, 100, 0, 0) /* Self */;

INSERT INTO `weenie_properties_attribute_2nd` (`object_Id`, `type`, `init_Level`, `level_From_C_P`, `c_P_Spent`, `current_Level`)
VALUES (2000366,   1,     0, 0, 0, 65) /* MaxHealth */
     , (2000366,   3,     0, 0, 0, 130) /* MaxStamina */
     , (2000366,   5,     0, 0, 0, 100) /* MaxMana */;

INSERT INTO `weenie_properties_skill` (`object_Id`, `type`, `level_From_P_P`, `s_a_c`, `p_p`, `init_Level`, `resistance_At_Last_Check`, `last_Used_Time`)
VALUES (2000366,  6, 0, 2, 0,   1, 0, 0) /* MeleeDefense        Trained */
     , (2000366,  7, 0, 2, 0,   1, 0, 0) /* MissileDefense      Trained */
     , (2000366, 13, 0, 2, 0,   1, 0, 0) /* UnarmedCombat       Trained */;

INSERT INTO `weenie_properties_body_part` (`object_Id`, `key`, `d_Type`, `d_Val`, `d_Var`, `base_Armor`, `armor_Vs_Slash`, `armor_Vs_Pierce`, `armor_Vs_Bludgeon`, `armor_Vs_Cold`, `armor_Vs_Fire`, `armor_Vs_Acid`, `armor_Vs_Electric`, `armor_Vs_Nether`, `b_h`, `h_l_f`, `m_l_f`, `l_l_f`, `h_r_f`, `m_r_f`, `l_r_f`, `h_l_b`, `m_l_b`, `l_l_b`, `h_r_b`, `m_r_b`, `l_r_b`)
VALUES (2000366,  0,  4,  0,    0,    0,    0,    0,    0,    0,    0,    0,    0,    0, 1, 0.33,    0,    0, 0.33,    0,    0, 0.33,    0,    0, 0.33,    0,    0) /* Head */
     , (2000366,  1,  4,  0,    0,    0,    0,    0,    0,    0,    0,    0,    0,    0, 2, 0.44, 0.17,    0, 0.44, 0.17,    0, 0.44, 0.17,    0, 0.44, 0.17,    0) /* Chest */
     , (2000366,  2,  4,  0,    0,    0,    0,    0,    0,    0,    0,    0,    0,    0, 3,    0, 0.17,    0,    0, 0.17,    0,    0, 0.17,    0,    0, 0.17,    0) /* Abdomen */
     , (2000366,  3,  4,  0,    0,    0,    0,    0,    0,    0,    0,    0,    0,    0, 1, 0.23, 0.03,    0, 0.23, 0.03,    0, 0.23, 0.03,    0, 0.23, 0.03,    0) /* UpperArm */
     , (2000366,  4,  4,  0,    0,    0,    0,    0,    0,    0,    0,    0,    0,    0, 2,    0,  0.3,    0,    0,  0.3,    0,    0,  0.3,    0,    0,  0.3,    0) /* LowerArm */
     , (2000366,  5,  4,  2, 0.75,    0,    0,    0,    0,    0,    0,    0,    0,    0, 2,    0,  0.2,    0,    0,  0.2,    0,    0,  0.2,    0,    0,  0.2,    0) /* Hand */
     , (2000366,  6,  4,  0,    0,    0,    0,    0,    0,    0,    0,    0,    0,    0, 3,    0, 0.13, 0.18,    0, 0.13, 0.18,    0, 0.13, 0.18,    0, 0.13, 0.18) /* UpperLeg */
     , (2000366,  7,  4,  0,    0,    0,    0,    0,    0,    0,    0,    0,    0,    0, 3,    0,    0,  0.6,    0,    0,  0.6,    0,    0,  0.6,    0,    0,  0.6) /* LowerLeg */
     , (2000366,  8,  4,  2, 0.75,    0,    0,    0,    0,    0,    0,    0,    0,    0, 3,    0,    0, 0.22,    0,    0, 0.22,    0,    0, 0.22,    0,    0, 0.22) /* Foot */;

INSERT INTO `weenie_properties_emote` (`object_Id`, `category`, `probability`, `weenie_Class_Id`, `style`, `substyle`, `quest`, `vendor_Type`, `min_Health`, `max_Health`)
VALUES (2000366,  7 /* Use */,      1, NULL, NULL, NULL, NULL, NULL, NULL, NULL);

SET @parent_id = LAST_INSERT_ID();

INSERT INTO `weenie_properties_emote_action` (`emote_Id`, `order`, `type`, `delay`, `extent`, `motion`, `message`, `test_String`, `min`, `max`, `min_64`, `max_64`, `min_Dbl`, `max_Dbl`, `stat`, `display`, `amount`, `amount_64`, `hero_X_P_64`, `percent`, `spell_Id`, `wealth_Rating`, `treasure_Class`, `treasure_Type`, `p_Script`, `sound`, `destination_Type`, `weenie_Class_Id`, `stack_Size`, `palette`, `shade`, `try_To_Bond`, `obj_Cell_Id`, `origin_X`, `origin_Y`, `origin_Z`, `angles_W`, `angles_X`, `angles_Y`, `angles_Z`)
VALUES (@parent_id,  0,  10 /* Tell */, 0, 1, NULL, 'That new lugian makes me uneasy.', NULL, NULL, NULL, NULL, NULL, NULL, NULL, NULL, NULL, NULL, NULL, NULL, NULL, NULL, NULL, NULL, NULL, NULL, NULL, NULL, NULL, NULL, NULL, NULL, NULL, NULL, NULL, NULL, NULL, NULL, NULL, NULL, NULL);

INSERT INTO `weenie_properties_create_list` (`object_Id`, `destination_Type`, `weenie_Class_Id`, `stack_Size`, `palette`, `shade`, `try_To_Bond`)
VALUES (2000366, 2,   121,  0, 90, 0.8, False) /* Create Gloves (121) for Wield */
     , (2000366, 2,  8372,  0, 93, 1, False) /* Create Yifan Dress (8372) for Wield */
     , (2000366, 2,  2604,  0, 91, 1, False) /* Create Breeches (2604) for Wield */;

DELETE FROM `weenie` WHERE `class_Id` = 2000367;

INSERT INTO `weenie` (`class_Id`, `class_Name`, `type`, `last_Modified`)
VALUES (2000367, 'ace2000367-townsfolk', 10, '2019-09-30 13:46:24') /* Creature */;

INSERT INTO `weenie_properties_int` (`object_Id`, `type`, `value`)
VALUES (2000367,   1,         16) /* ItemType - Creature */
     , (2000367,   2,         31) /* CreatureType - Human */
     , (2000367,   6,         -1) /* ItemsCapacity */
     , (2000367,   7,         -1) /* ContainersCapacity */
     , (2000367,   8,        120) /* Mass */
     , (2000367,  16,         32) /* ItemUseable - Remote */
     , (2000367,  25,         16) /* Level */
     , (2000367,  27,          0) /* ArmorType - None */
     , (2000367,  93,    6292504) /* PhysicsState - ReportCollisions, IgnoreCollisions, Gravity, ReportCollisionsAsEnvironment, EdgeSlide */
     , (2000367,  95,          8) /* RadarBlipColor - Yellow */
     , (2000367, 113,          2) /* Gender - Female */
     , (2000367, 133,          4) /* ShowableOnRadar - ShowAlways */
     , (2000367, 134,         16) /* PlayerKillerStatus - RubberGlue */
     , (2000367, 146,        318) /* XpOverride */
     , (2000367, 188,          1) /* HeritageGroup - Aluvian */;

INSERT INTO `weenie_properties_bool` (`object_Id`, `type`, `value`)
VALUES (2000367,   1, True ) /* Stuck */
     , (2000367,   8, True ) /* AllowGive */
     , (2000367,  11, True ) /* IgnoreCollisions */
     , (2000367,  12, True ) /* ReportCollisions */
     , (2000367,  13, False) /* Ethereal */
     , (2000367,  14, True ) /* GravityStatus */
     , (2000367,  19, False) /* Attackable */
     , (2000367,  29, True ) /* NoCorpse */
     , (2000367,  41, True ) /* ReportCollisionsAsEnvironment */
     , (2000367,  42, True ) /* AllowEdgeSlide */
     , (2000367,  52, True ) /* AiImmobile */
     , (2000367,  79, True ) /* AiAcceptEverything */;

INSERT INTO `weenie_properties_float` (`object_Id`, `type`, `value`)
VALUES (2000367,   1,       5) /* HeartbeatInterval */
     , (2000367,   2,       0) /* HeartbeatTimestamp */
     , (2000367,   3, 0.159999996423721) /* HealthRate */
     , (2000367,   4,       5) /* StaminaRate */
     , (2000367,   5,       1) /* ManaRate */
     , (2000367,  13, 0.899999976158142) /* ArmorModVsSlash */
     , (2000367,  14,       1) /* ArmorModVsPierce */
     , (2000367,  15, 1.10000002384186) /* ArmorModVsBludgeon */
     , (2000367,  16, 0.400000005960464) /* ArmorModVsCold */
     , (2000367,  17, 0.400000005960464) /* ArmorModVsFire */
     , (2000367,  18,       1) /* ArmorModVsAcid */
     , (2000367,  19, 0.600000023841858) /* ArmorModVsElectric */
     , (2000367,  54,       3) /* UseRadius */
     , (2000367,  64,       1) /* ResistSlash */
     , (2000367,  65,       1) /* ResistPierce */
     , (2000367,  66,       1) /* ResistBludgeon */
     , (2000367,  67,       1) /* ResistFire */
     , (2000367,  68,       1) /* ResistCold */
     , (2000367,  69,       1) /* ResistAcid */
     , (2000367,  70,       1) /* ResistElectric */
     , (2000367,  71,       1) /* ResistHealthBoost */
     , (2000367,  72,       1) /* ResistStaminaDrain */
     , (2000367,  73,       1) /* ResistStaminaBoost */
     , (2000367,  74,       1) /* ResistManaDrain */
     , (2000367,  75,       1) /* ResistManaBoost */
     , (2000367, 104,      10) /* ObviousRadarRange */
     , (2000367, 125,       1) /* ResistHealthDrain */;

INSERT INTO `weenie_properties_string` (`object_Id`, `type`, `value`)
VALUES (2000367,   1, 'Townsfolk') /* Name */
     , (2000367,   3, 'Female') /* Sex */
     , (2000367,   4, 'Aluvian') /* HeritageGroup */
     , (2000367,   5, 'Herald') /* Template */;

INSERT INTO `weenie_properties_d_i_d` (`object_Id`, `type`, `value`)
VALUES (2000367,   1,   33554510) /* Setup */
     , (2000367,   2,  150994945) /* MotionTable */
     , (2000367,   3,  536870914) /* SoundTable */
     , (2000367,   4,  805306368) /* CombatTable */
     , (2000367,   6,   67108990) /* PaletteBase */
     , (2000367,   8,  100667446) /* Icon */
     , (2000367,   9,   83890279) /* EyesTexture */
     , (2000367,  10,   83890302) /* NoseTexture */
     , (2000367,  11,   83890324) /* MouthTexture */
     , (2000367,  15,   67116982) /* HairPalette */
     , (2000367,  16,   67110063) /* EyesPalette */
     , (2000367,  17,   67109561) /* SkinPalette */;

INSERT INTO `weenie_properties_attribute` (`object_Id`, `type`, `init_Level`, `level_From_C_P`, `c_P_Spent`)
VALUES (2000367,   1, 120, 0, 0) /* Strength */
     , (2000367,   2, 130, 0, 0) /* Endurance */
     , (2000367,   3, 100, 0, 0) /* Quickness */
     , (2000367,   4, 115, 0, 0) /* Coordination */
     , (2000367,   5, 110, 0, 0) /* Focus */
     , (2000367,   6, 100, 0, 0) /* Self */;

INSERT INTO `weenie_properties_attribute_2nd` (`object_Id`, `type`, `init_Level`, `level_From_C_P`, `c_P_Spent`, `current_Level`)
VALUES (2000367,   1,     0, 0, 0, 65) /* MaxHealth */
     , (2000367,   3,     0, 0, 0, 130) /* MaxStamina */
     , (2000367,   5,     0, 0, 0, 100) /* MaxMana */;

INSERT INTO `weenie_properties_skill` (`object_Id`, `type`, `level_From_P_P`, `s_a_c`, `p_p`, `init_Level`, `resistance_At_Last_Check`, `last_Used_Time`)
VALUES (2000367,  6, 0, 2, 0,   1, 0, 0) /* MeleeDefense        Trained */
     , (2000367,  7, 0, 2, 0,   1, 0, 0) /* MissileDefense      Trained */
     , (2000367, 13, 0, 2, 0,   1, 0, 0) /* UnarmedCombat       Trained */;

INSERT INTO `weenie_properties_body_part` (`object_Id`, `key`, `d_Type`, `d_Val`, `d_Var`, `base_Armor`, `armor_Vs_Slash`, `armor_Vs_Pierce`, `armor_Vs_Bludgeon`, `armor_Vs_Cold`, `armor_Vs_Fire`, `armor_Vs_Acid`, `armor_Vs_Electric`, `armor_Vs_Nether`, `b_h`, `h_l_f`, `m_l_f`, `l_l_f`, `h_r_f`, `m_r_f`, `l_r_f`, `h_l_b`, `m_l_b`, `l_l_b`, `h_r_b`, `m_r_b`, `l_r_b`)
VALUES (2000367,  0,  4,  0,    0,    0,    0,    0,    0,    0,    0,    0,    0,    0, 1, 0.33,    0,    0, 0.33,    0,    0, 0.33,    0,    0, 0.33,    0,    0) /* Head */
     , (2000367,  1,  4,  0,    0,    0,    0,    0,    0,    0,    0,    0,    0,    0, 2, 0.44, 0.17,    0, 0.44, 0.17,    0, 0.44, 0.17,    0, 0.44, 0.17,    0) /* Chest */
     , (2000367,  2,  4,  0,    0,    0,    0,    0,    0,    0,    0,    0,    0,    0, 3,    0, 0.17,    0,    0, 0.17,    0,    0, 0.17,    0,    0, 0.17,    0) /* Abdomen */
     , (2000367,  3,  4,  0,    0,    0,    0,    0,    0,    0,    0,    0,    0,    0, 1, 0.23, 0.03,    0, 0.23, 0.03,    0, 0.23, 0.03,    0, 0.23, 0.03,    0) /* UpperArm */
     , (2000367,  4,  4,  0,    0,    0,    0,    0,    0,    0,    0,    0,    0,    0, 2,    0,  0.3,    0,    0,  0.3,    0,    0,  0.3,    0,    0,  0.3,    0) /* LowerArm */
     , (2000367,  5,  4,  2, 0.75,    0,    0,    0,    0,    0,    0,    0,    0,    0, 2,    0,  0.2,    0,    0,  0.2,    0,    0,  0.2,    0,    0,  0.2,    0) /* Hand */
     , (2000367,  6,  4,  0,    0,    0,    0,    0,    0,    0,    0,    0,    0,    0, 3,    0, 0.13, 0.18,    0, 0.13, 0.18,    0, 0.13, 0.18,    0, 0.13, 0.18) /* UpperLeg */
     , (2000367,  7,  4,  0,    0,    0,    0,    0,    0,    0,    0,    0,    0,    0, 3,    0,    0,  0.6,    0,    0,  0.6,    0,    0,  0.6,    0,    0,  0.6) /* LowerLeg */
     , (2000367,  8,  4,  2, 0.75,    0,    0,    0,    0,    0,    0,    0,    0,    0, 3,    0,    0, 0.22,    0,    0, 0.22,    0,    0, 0.22,    0,    0, 0.22) /* Foot */;

INSERT INTO `weenie_properties_emote` (`object_Id`, `category`, `probability`, `weenie_Class_Id`, `style`, `substyle`, `quest`, `vendor_Type`, `min_Health`, `max_Health`)
VALUES (2000367,  7 /* Use */,      1, NULL, NULL, NULL, NULL, NULL, NULL, NULL);

SET @parent_id = LAST_INSERT_ID();

INSERT INTO `weenie_properties_emote_action` (`emote_Id`, `order`, `type`, `delay`, `extent`, `motion`, `message`, `test_String`, `min`, `max`, `min_64`, `max_64`, `min_Dbl`, `max_Dbl`, `stat`, `display`, `amount`, `amount_64`, `hero_X_P_64`, `percent`, `spell_Id`, `wealth_Rating`, `treasure_Class`, `treasure_Type`, `p_Script`, `sound`, `destination_Type`, `weenie_Class_Id`, `stack_Size`, `palette`, `shade`, `try_To_Bond`, `obj_Cell_Id`, `origin_X`, `origin_Y`, `origin_Z`, `angles_W`, `angles_X`, `angles_Y`, `angles_Z`)
VALUES (@parent_id,  0,  10 /* Tell */, 0, 1, NULL, 'My husband went after the olthoi I''d better get some tea ready at the lifestone.', NULL, NULL, NULL, NULL, NULL, NULL, NULL, NULL, NULL, NULL, NULL, NULL, NULL, NULL, NULL, NULL, NULL, NULL, NULL, NULL, NULL, NULL, NULL, NULL, NULL, NULL, NULL, NULL, NULL, NULL, NULL, NULL, NULL);

INSERT INTO `weenie_properties_create_list` (`object_Id`, `destination_Type`, `weenie_Class_Id`, `stack_Size`, `palette`, `shade`, `try_To_Bond`)
VALUES (2000367, 2,   121,  0, 90, 0.8, False) /* Create Gloves (121) for Wield */
     , (2000367, 2,  8372,  0, 88, 1, False) /* Create Yifan Dress (8372) for Wield */
     , (2000367, 2,  2604,  0, 91, 1, False) /* Create Breeches (2604) for Wield */;

DELETE FROM `weenie` WHERE `class_Id` = 2000368;

INSERT INTO `weenie` (`class_Id`, `class_Name`, `type`, `last_Modified`)
VALUES (2000368, 'ace2000368-townfolk', 10, '2019-09-30 13:46:25') /* Creature */;

INSERT INTO `weenie_properties_int` (`object_Id`, `type`, `value`)
VALUES (2000368,   1,         16) /* ItemType - Creature */
     , (2000368,   2,          5) /* CreatureType - Lugian */
     , (2000368,   3,         17) /* PaletteTemplate - Yellow */
     , (2000368,   6,         -1) /* ItemsCapacity */
     , (2000368,   7,         -1) /* ContainersCapacity */
     , (2000368,   8,        120) /* Mass */
     , (2000368,  16,         32) /* ItemUseable - Remote */
     , (2000368,  25,        155) /* Level */
     , (2000368,  27,          0) /* ArmorType - None */
     , (2000368,  93,    6292504) /* PhysicsState - ReportCollisions, IgnoreCollisions, Gravity, ReportCollisionsAsEnvironment, EdgeSlide */
     , (2000368,  95,          8) /* RadarBlipColor - Yellow */
     , (2000368, 133,          4) /* ShowableOnRadar - ShowAlways */
     , (2000368, 134,         16) /* PlayerKillerStatus - RubberGlue */
     , (2000368, 146,      17763) /* XpOverride */;

INSERT INTO `weenie_properties_bool` (`object_Id`, `type`, `value`)
VALUES (2000368,   1, True ) /* Stuck */
     , (2000368,   8, True ) /* AllowGive */
     , (2000368,  12, True ) /* ReportCollisions */
     , (2000368,  13, False) /* Ethereal */
     , (2000368,  19, False) /* Attackable */
     , (2000368,  41, True ) /* ReportCollisionsAsEnvironment */
     , (2000368,  42, True ) /* AllowEdgeSlide */
     , (2000368,  52, True ) /* AiImmobile */;

INSERT INTO `weenie_properties_float` (`object_Id`, `type`, `value`)
VALUES (2000368,   1,       5) /* HeartbeatInterval */
     , (2000368,   2,       0) /* HeartbeatTimestamp */
     , (2000368,   3, 0.159999996423721) /* HealthRate */
     , (2000368,   4,       5) /* StaminaRate */
     , (2000368,   5,       1) /* ManaRate */
     , (2000368,  12,     0.5) /* Shade */
     , (2000368,  13, 0.899999976158142) /* ArmorModVsSlash */
     , (2000368,  14,       1) /* ArmorModVsPierce */
     , (2000368,  15, 1.10000002384186) /* ArmorModVsBludgeon */
     , (2000368,  16, 0.400000005960464) /* ArmorModVsCold */
     , (2000368,  17, 0.400000005960464) /* ArmorModVsFire */
     , (2000368,  18,       1) /* ArmorModVsAcid */
     , (2000368,  19, 0.600000023841858) /* ArmorModVsElectric */
     , (2000368,  54,       3) /* UseRadius */
     , (2000368,  64,       1) /* ResistSlash */
     , (2000368,  65,       1) /* ResistPierce */
     , (2000368,  66,       1) /* ResistBludgeon */
     , (2000368,  67,       1) /* ResistFire */
     , (2000368,  68,       1) /* ResistCold */
     , (2000368,  69,       1) /* ResistAcid */
     , (2000368,  70,       1) /* ResistElectric */
     , (2000368,  71,       1) /* ResistHealthBoost */
     , (2000368,  72,       1) /* ResistStaminaDrain */
     , (2000368,  73,       1) /* ResistStaminaBoost */
     , (2000368,  74,       1) /* ResistManaDrain */
     , (2000368,  75,       1) /* ResistManaBoost */
     , (2000368, 104,      10) /* ObviousRadarRange */
     , (2000368, 125,       1) /* ResistHealthDrain */;

INSERT INTO `weenie_properties_string` (`object_Id`, `type`, `value`)
VALUES (2000368,   1, 'Townfolk') /* Name */;

INSERT INTO `weenie_properties_d_i_d` (`object_Id`, `type`, `value`)
VALUES (2000368,   1,   33557003) /* Setup */
     , (2000368,   2,  150994950) /* MotionTable */
     , (2000368,   3,  536870922) /* SoundTable */
     , (2000368,   4,  805306371) /* CombatTable */
     , (2000368,   6,   67113158) /* PaletteBase */
     , (2000368,   7,  268436632) /* ClothingBase */
     , (2000368,   8,  100667447) /* Icon */;

INSERT INTO `weenie_properties_attribute` (`object_Id`, `type`, `init_Level`, `level_From_C_P`, `c_P_Spent`)
VALUES (2000368,   1, 400, 0, 0) /* Strength */
     , (2000368,   2, 360, 0, 0) /* Endurance */
     , (2000368,   3, 350, 0, 0) /* Quickness */
     , (2000368,   4, 420, 0, 0) /* Coordination */
     , (2000368,   5, 250, 0, 0) /* Focus */
     , (2000368,   6, 270, 0, 0) /* Self */;

INSERT INTO `weenie_properties_attribute_2nd` (`object_Id`, `type`, `init_Level`, `level_From_C_P`, `c_P_Spent`, `current_Level`)
VALUES (2000368,   1,   200, 0, 0, 380) /* MaxHealth */
     , (2000368,   3,   100, 0, 0, 460) /* MaxStamina */
     , (2000368,   5,    40, 0, 0, 310) /* MaxMana */;

INSERT INTO `weenie_properties_skill` (`object_Id`, `type`, `level_From_P_P`, `s_a_c`, `p_p`, `init_Level`, `resistance_At_Last_Check`, `last_Used_Time`)
VALUES (2000368,  6, 0, 2, 0,   2, 0, 0) /* MeleeDefense        Trained */
     , (2000368,  7, 0, 2, 0,   2, 0, 0) /* MissileDefense      Trained */
     , (2000368, 13, 0, 2, 0,   2, 0, 0) /* UnarmedCombat       Trained */;

INSERT INTO `weenie_properties_body_part` (`object_Id`, `key`, `d_Type`, `d_Val`, `d_Var`, `base_Armor`, `armor_Vs_Slash`, `armor_Vs_Pierce`, `armor_Vs_Bludgeon`, `armor_Vs_Cold`, `armor_Vs_Fire`, `armor_Vs_Acid`, `armor_Vs_Electric`, `armor_Vs_Nether`, `b_h`, `h_l_f`, `m_l_f`, `l_l_f`, `h_r_f`, `m_r_f`, `l_r_f`, `h_l_b`, `m_l_b`, `l_l_b`, `h_r_b`, `m_r_b`, `l_r_b`)
VALUES (2000368,  0,  4,  0,    0,    0,    0,    0,    0,    0,    0,    0,    0,    0, 1, 0.33,    0,    0, 0.33,    0,    0, 0.33,    0,    0, 0.33,    0,    0) /* Head */
     , (2000368,  1,  4,  0,    0,    0,    0,    0,    0,    0,    0,    0,    0,    0, 2, 0.44, 0.17,    0, 0.44, 0.17,    0, 0.44, 0.17,    0, 0.44, 0.17,    0) /* Chest */
     , (2000368,  2,  4,  0,    0,    0,    0,    0,    0,    0,    0,    0,    0,    0, 3,    0, 0.17,    0,    0, 0.17,    0,    0, 0.17,    0,    0, 0.17,    0) /* Abdomen */
     , (2000368,  3,  4,  0,    0,    0,    0,    0,    0,    0,    0,    0,    0,    0, 1, 0.23, 0.03,    0, 0.23, 0.03,    0, 0.23, 0.03,    0, 0.23, 0.03,    0) /* UpperArm */
     , (2000368,  4,  4,  0,    0,    0,    0,    0,    0,    0,    0,    0,    0,    0, 2,    0,  0.3,    0,    0,  0.3,    0,    0,  0.3,    0,    0,  0.3,    0) /* LowerArm */
     , (2000368,  5,  4,  2, 0.75,    0,    0,    0,    0,    0,    0,    0,    0,    0, 2,    0,  0.2,    0,    0,  0.2,    0,    0,  0.2,    0,    0,  0.2,    0) /* Hand */
     , (2000368,  6,  4,  0,    0,    0,    0,    0,    0,    0,    0,    0,    0,    0, 3,    0, 0.13, 0.18,    0, 0.13, 0.18,    0, 0.13, 0.18,    0, 0.13, 0.18) /* UpperLeg */
     , (2000368,  7,  4,  0,    0,    0,    0,    0,    0,    0,    0,    0,    0,    0, 3,    0,    0,  0.6,    0,    0,  0.6,    0,    0,  0.6,    0,    0,  0.6) /* LowerLeg */
     , (2000368,  8,  4,  2, 0.75,    0,    0,    0,    0,    0,    0,    0,    0,    0, 3,    0,    0, 0.22,    0,    0, 0.22,    0,    0, 0.22,    0,    0, 0.22) /* Foot */;

INSERT INTO `weenie_properties_emote` (`object_Id`, `category`, `probability`, `weenie_Class_Id`, `style`, `substyle`, `quest`, `vendor_Type`, `min_Health`, `max_Health`)
VALUES (2000368,  7 /* Use */,      1, NULL, NULL, NULL, NULL, NULL, NULL, NULL);

SET @parent_id = LAST_INSERT_ID();

INSERT INTO `weenie_properties_emote_action` (`emote_Id`, `order`, `type`, `delay`, `extent`, `motion`, `message`, `test_String`, `min`, `max`, `min_64`, `max_64`, `min_Dbl`, `max_Dbl`, `stat`, `display`, `amount`, `amount_64`, `hero_X_P_64`, `percent`, `spell_Id`, `wealth_Rating`, `treasure_Class`, `treasure_Type`, `p_Script`, `sound`, `destination_Type`, `weenie_Class_Id`, `stack_Size`, `palette`, `shade`, `try_To_Bond`, `obj_Cell_Id`, `origin_X`, `origin_Y`, `origin_Z`, `angles_W`, `angles_X`, `angles_Y`, `angles_Z`)
VALUES (@parent_id,  0,  10 /* Tell */, 1, 1, NULL, 'This is why you humans drove is further into the mountains? For this?', NULL, NULL, NULL, NULL, NULL, NULL, NULL, NULL, NULL, NULL, NULL, NULL, NULL, NULL, NULL, NULL, NULL, NULL, NULL, NULL, NULL, NULL, NULL, NULL, NULL, NULL, NULL, NULL, NULL, NULL, NULL, NULL, NULL);

DELETE FROM `weenie` WHERE `class_Id` = 2000369;

INSERT INTO `weenie` (`class_Id`, `class_Name`, `type`, `last_Modified`)
VALUES (2000369, 'ace2000369-townsfolk', 10, '2019-09-30 13:46:26') /* Creature */;

INSERT INTO `weenie_properties_int` (`object_Id`, `type`, `value`)
VALUES (2000369,   1,         16) /* ItemType - Creature */
     , (2000369,   2,         31) /* CreatureType - Human */
     , (2000369,   6,         -1) /* ItemsCapacity */
     , (2000369,   7,         -1) /* ContainersCapacity */
     , (2000369,   8,        120) /* Mass */
     , (2000369,  16,         32) /* ItemUseable - Remote */
     , (2000369,  25,         16) /* Level */
     , (2000369,  27,          0) /* ArmorType - None */
     , (2000369,  93,    6292504) /* PhysicsState - ReportCollisions, IgnoreCollisions, Gravity, ReportCollisionsAsEnvironment, EdgeSlide */
     , (2000369,  95,          8) /* RadarBlipColor - Yellow */
     , (2000369, 113,          2) /* Gender - Female */
     , (2000369, 133,          4) /* ShowableOnRadar - ShowAlways */
     , (2000369, 134,         16) /* PlayerKillerStatus - RubberGlue */
     , (2000369, 146,        318) /* XpOverride */
     , (2000369, 188,          1) /* HeritageGroup - Aluvian */;

INSERT INTO `weenie_properties_bool` (`object_Id`, `type`, `value`)
VALUES (2000369,   1, True ) /* Stuck */
     , (2000369,   8, True ) /* AllowGive */
     , (2000369,  11, True ) /* IgnoreCollisions */
     , (2000369,  12, True ) /* ReportCollisions */
     , (2000369,  13, False) /* Ethereal */
     , (2000369,  14, True ) /* GravityStatus */
     , (2000369,  19, False) /* Attackable */
     , (2000369,  29, True ) /* NoCorpse */
     , (2000369,  41, True ) /* ReportCollisionsAsEnvironment */
     , (2000369,  42, True ) /* AllowEdgeSlide */
     , (2000369,  52, True ) /* AiImmobile */
     , (2000369,  79, True ) /* AiAcceptEverything */;

INSERT INTO `weenie_properties_float` (`object_Id`, `type`, `value`)
VALUES (2000369,   1,       5) /* HeartbeatInterval */
     , (2000369,   2,       0) /* HeartbeatTimestamp */
     , (2000369,   3, 0.159999996423721) /* HealthRate */
     , (2000369,   4,       5) /* StaminaRate */
     , (2000369,   5,       1) /* ManaRate */
     , (2000369,  13, 0.899999976158142) /* ArmorModVsSlash */
     , (2000369,  14,       1) /* ArmorModVsPierce */
     , (2000369,  15, 1.10000002384186) /* ArmorModVsBludgeon */
     , (2000369,  16, 0.400000005960464) /* ArmorModVsCold */
     , (2000369,  17, 0.400000005960464) /* ArmorModVsFire */
     , (2000369,  18,       1) /* ArmorModVsAcid */
     , (2000369,  19, 0.600000023841858) /* ArmorModVsElectric */
     , (2000369,  54,       3) /* UseRadius */
     , (2000369,  64,       1) /* ResistSlash */
     , (2000369,  65,       1) /* ResistPierce */
     , (2000369,  66,       1) /* ResistBludgeon */
     , (2000369,  67,       1) /* ResistFire */
     , (2000369,  68,       1) /* ResistCold */
     , (2000369,  69,       1) /* ResistAcid */
     , (2000369,  70,       1) /* ResistElectric */
     , (2000369,  71,       1) /* ResistHealthBoost */
     , (2000369,  72,       1) /* ResistStaminaDrain */
     , (2000369,  73,       1) /* ResistStaminaBoost */
     , (2000369,  74,       1) /* ResistManaDrain */
     , (2000369,  75,       1) /* ResistManaBoost */
     , (2000369, 104,      10) /* ObviousRadarRange */
     , (2000369, 125,       1) /* ResistHealthDrain */;

INSERT INTO `weenie_properties_string` (`object_Id`, `type`, `value`)
VALUES (2000369,   1, 'Townsfolk') /* Name */
     , (2000369,   3, 'Female') /* Sex */
     , (2000369,   4, 'Aluvian') /* HeritageGroup */
     , (2000369,   5, 'Herald') /* Template */;

INSERT INTO `weenie_properties_d_i_d` (`object_Id`, `type`, `value`)
VALUES (2000369,   1,   33554510) /* Setup */
     , (2000369,   2,  150994945) /* MotionTable */
     , (2000369,   3,  536870914) /* SoundTable */
     , (2000369,   4,  805306368) /* CombatTable */
     , (2000369,   6,   67108990) /* PaletteBase */
     , (2000369,   8,  100667446) /* Icon */
     , (2000369,   9,   83890279) /* EyesTexture */
     , (2000369,  10,   83890302) /* NoseTexture */
     , (2000369,  11,   83890324) /* MouthTexture */
     , (2000369,  15,   67116982) /* HairPalette */
     , (2000369,  16,   67110063) /* EyesPalette */
     , (2000369,  17,   67109561) /* SkinPalette */;

INSERT INTO `weenie_properties_attribute` (`object_Id`, `type`, `init_Level`, `level_From_C_P`, `c_P_Spent`)
VALUES (2000369,   1, 120, 0, 0) /* Strength */
     , (2000369,   2, 130, 0, 0) /* Endurance */
     , (2000369,   3, 100, 0, 0) /* Quickness */
     , (2000369,   4, 115, 0, 0) /* Coordination */
     , (2000369,   5, 110, 0, 0) /* Focus */
     , (2000369,   6, 100, 0, 0) /* Self */;

INSERT INTO `weenie_properties_attribute_2nd` (`object_Id`, `type`, `init_Level`, `level_From_C_P`, `c_P_Spent`, `current_Level`)
VALUES (2000369,   1,     0, 0, 0, 65) /* MaxHealth */
     , (2000369,   3,     0, 0, 0, 130) /* MaxStamina */
     , (2000369,   5,     0, 0, 0, 100) /* MaxMana */;

INSERT INTO `weenie_properties_skill` (`object_Id`, `type`, `level_From_P_P`, `s_a_c`, `p_p`, `init_Level`, `resistance_At_Last_Check`, `last_Used_Time`)
VALUES (2000369,  6, 0, 2, 0,   1, 0, 0) /* MeleeDefense        Trained */
     , (2000369,  7, 0, 2, 0,   1, 0, 0) /* MissileDefense      Trained */
     , (2000369, 13, 0, 2, 0,   1, 0, 0) /* UnarmedCombat       Trained */;

INSERT INTO `weenie_properties_body_part` (`object_Id`, `key`, `d_Type`, `d_Val`, `d_Var`, `base_Armor`, `armor_Vs_Slash`, `armor_Vs_Pierce`, `armor_Vs_Bludgeon`, `armor_Vs_Cold`, `armor_Vs_Fire`, `armor_Vs_Acid`, `armor_Vs_Electric`, `armor_Vs_Nether`, `b_h`, `h_l_f`, `m_l_f`, `l_l_f`, `h_r_f`, `m_r_f`, `l_r_f`, `h_l_b`, `m_l_b`, `l_l_b`, `h_r_b`, `m_r_b`, `l_r_b`)
VALUES (2000369,  0,  4,  0,    0,    0,    0,    0,    0,    0,    0,    0,    0,    0, 1, 0.33,    0,    0, 0.33,    0,    0, 0.33,    0,    0, 0.33,    0,    0) /* Head */
     , (2000369,  1,  4,  0,    0,    0,    0,    0,    0,    0,    0,    0,    0,    0, 2, 0.44, 0.17,    0, 0.44, 0.17,    0, 0.44, 0.17,    0, 0.44, 0.17,    0) /* Chest */
     , (2000369,  2,  4,  0,    0,    0,    0,    0,    0,    0,    0,    0,    0,    0, 3,    0, 0.17,    0,    0, 0.17,    0,    0, 0.17,    0,    0, 0.17,    0) /* Abdomen */
     , (2000369,  3,  4,  0,    0,    0,    0,    0,    0,    0,    0,    0,    0,    0, 1, 0.23, 0.03,    0, 0.23, 0.03,    0, 0.23, 0.03,    0, 0.23, 0.03,    0) /* UpperArm */
     , (2000369,  4,  4,  0,    0,    0,    0,    0,    0,    0,    0,    0,    0,    0, 2,    0,  0.3,    0,    0,  0.3,    0,    0,  0.3,    0,    0,  0.3,    0) /* LowerArm */
     , (2000369,  5,  4,  2, 0.75,    0,    0,    0,    0,    0,    0,    0,    0,    0, 2,    0,  0.2,    0,    0,  0.2,    0,    0,  0.2,    0,    0,  0.2,    0) /* Hand */
     , (2000369,  6,  4,  0,    0,    0,    0,    0,    0,    0,    0,    0,    0,    0, 3,    0, 0.13, 0.18,    0, 0.13, 0.18,    0, 0.13, 0.18,    0, 0.13, 0.18) /* UpperLeg */
     , (2000369,  7,  4,  0,    0,    0,    0,    0,    0,    0,    0,    0,    0,    0, 3,    0,    0,  0.6,    0,    0,  0.6,    0,    0,  0.6,    0,    0,  0.6) /* LowerLeg */
     , (2000369,  8,  4,  2, 0.75,    0,    0,    0,    0,    0,    0,    0,    0,    0, 3,    0,    0, 0.22,    0,    0, 0.22,    0,    0, 0.22,    0,    0, 0.22) /* Foot */;

INSERT INTO `weenie_properties_emote` (`object_Id`, `category`, `probability`, `weenie_Class_Id`, `style`, `substyle`, `quest`, `vendor_Type`, `min_Health`, `max_Health`)
VALUES (2000369,  7 /* Use */,      1, NULL, NULL, NULL, NULL, NULL, NULL, NULL);

SET @parent_id = LAST_INSERT_ID();

INSERT INTO `weenie_properties_emote_action` (`emote_Id`, `order`, `type`, `delay`, `extent`, `motion`, `message`, `test_String`, `min`, `max`, `min_64`, `max_64`, `min_Dbl`, `max_Dbl`, `stat`, `display`, `amount`, `amount_64`, `hero_X_P_64`, `percent`, `spell_Id`, `wealth_Rating`, `treasure_Class`, `treasure_Type`, `p_Script`, `sound`, `destination_Type`, `weenie_Class_Id`, `stack_Size`, `palette`, `shade`, `try_To_Bond`, `obj_Cell_Id`, `origin_X`, `origin_Y`, `origin_Z`, `angles_W`, `angles_X`, `angles_Y`, `angles_Z`)
VALUES (@parent_id,  0,  10 /* Tell */, 0, 1, NULL, 'I love the serenity of the lake', NULL, NULL, NULL, NULL, NULL, NULL, NULL, NULL, NULL, NULL, NULL, NULL, NULL, NULL, NULL, NULL, NULL, NULL, NULL, NULL, NULL, NULL, NULL, NULL, NULL, NULL, NULL, NULL, NULL, NULL, NULL, NULL, NULL);

INSERT INTO `weenie_properties_create_list` (`object_Id`, `destination_Type`, `weenie_Class_Id`, `stack_Size`, `palette`, `shade`, `try_To_Bond`)
VALUES (2000369, 2,   121,  0, 90, 0.8, False) /* Create Gloves (121) for Wield */
     , (2000369, 2,  8372,  0, 93, 1, False) /* Create Yifan Dress (8372) for Wield */
     , (2000369, 2,  2604,  0, 91, 1, False) /* Create Breeches (2604) for Wield */;

DELETE FROM `weenie` WHERE `class_Id` = 2000370;

INSERT INTO `weenie` (`class_Id`, `class_Name`, `type`, `last_Modified`)
VALUES (2000370, 'ace2000370-townsfolk', 10, '2019-09-30 13:46:27') /* Creature */;

INSERT INTO `weenie_properties_int` (`object_Id`, `type`, `value`)
VALUES (2000370,   1,         16) /* ItemType - Creature */
     , (2000370,   2,         31) /* CreatureType - Human */
     , (2000370,   6,         -1) /* ItemsCapacity */
     , (2000370,   7,         -1) /* ContainersCapacity */
     , (2000370,   8,        120) /* Mass */
     , (2000370,  16,         32) /* ItemUseable - Remote */
     , (2000370,  25,         16) /* Level */
     , (2000370,  27,          0) /* ArmorType - None */
     , (2000370,  93,    6292504) /* PhysicsState - ReportCollisions, IgnoreCollisions, Gravity, ReportCollisionsAsEnvironment, EdgeSlide */
     , (2000370,  95,          8) /* RadarBlipColor - Yellow */
     , (2000370, 113,          2) /* Gender - Female */
     , (2000370, 133,          4) /* ShowableOnRadar - ShowAlways */
     , (2000370, 134,         16) /* PlayerKillerStatus - RubberGlue */
     , (2000370, 146,        318) /* XpOverride */
     , (2000370, 188,          1) /* HeritageGroup - Aluvian */;

INSERT INTO `weenie_properties_bool` (`object_Id`, `type`, `value`)
VALUES (2000370,   1, True ) /* Stuck */
     , (2000370,   8, True ) /* AllowGive */
     , (2000370,  11, True ) /* IgnoreCollisions */
     , (2000370,  12, True ) /* ReportCollisions */
     , (2000370,  13, False) /* Ethereal */
     , (2000370,  14, True ) /* GravityStatus */
     , (2000370,  19, False) /* Attackable */
     , (2000370,  29, True ) /* NoCorpse */
     , (2000370,  41, True ) /* ReportCollisionsAsEnvironment */
     , (2000370,  42, True ) /* AllowEdgeSlide */
     , (2000370,  52, True ) /* AiImmobile */
     , (2000370,  79, True ) /* AiAcceptEverything */;

INSERT INTO `weenie_properties_float` (`object_Id`, `type`, `value`)
VALUES (2000370,   1,       5) /* HeartbeatInterval */
     , (2000370,   2,       0) /* HeartbeatTimestamp */
     , (2000370,   3, 0.159999996423721) /* HealthRate */
     , (2000370,   4,       5) /* StaminaRate */
     , (2000370,   5,       1) /* ManaRate */
     , (2000370,  13, 0.899999976158142) /* ArmorModVsSlash */
     , (2000370,  14,       1) /* ArmorModVsPierce */
     , (2000370,  15, 1.10000002384186) /* ArmorModVsBludgeon */
     , (2000370,  16, 0.400000005960464) /* ArmorModVsCold */
     , (2000370,  17, 0.400000005960464) /* ArmorModVsFire */
     , (2000370,  18,       1) /* ArmorModVsAcid */
     , (2000370,  19, 0.600000023841858) /* ArmorModVsElectric */
     , (2000370,  54,       3) /* UseRadius */
     , (2000370,  64,       1) /* ResistSlash */
     , (2000370,  65,       1) /* ResistPierce */
     , (2000370,  66,       1) /* ResistBludgeon */
     , (2000370,  67,       1) /* ResistFire */
     , (2000370,  68,       1) /* ResistCold */
     , (2000370,  69,       1) /* ResistAcid */
     , (2000370,  70,       1) /* ResistElectric */
     , (2000370,  71,       1) /* ResistHealthBoost */
     , (2000370,  72,       1) /* ResistStaminaDrain */
     , (2000370,  73,       1) /* ResistStaminaBoost */
     , (2000370,  74,       1) /* ResistManaDrain */
     , (2000370,  75,       1) /* ResistManaBoost */
     , (2000370, 104,      10) /* ObviousRadarRange */
     , (2000370, 125,       1) /* ResistHealthDrain */;

INSERT INTO `weenie_properties_string` (`object_Id`, `type`, `value`)
VALUES (2000370,   1, 'Townsfolk') /* Name */
     , (2000370,   3, 'Female') /* Sex */
     , (2000370,   4, 'Aluvian') /* HeritageGroup */
     , (2000370,   5, 'Herald') /* Template */;

INSERT INTO `weenie_properties_d_i_d` (`object_Id`, `type`, `value`)
VALUES (2000370,   1,   33554510) /* Setup */
     , (2000370,   2,  150994945) /* MotionTable */
     , (2000370,   3,  536870914) /* SoundTable */
     , (2000370,   4,  805306368) /* CombatTable */
     , (2000370,   6,   67108990) /* PaletteBase */
     , (2000370,   8,  100667446) /* Icon */
     , (2000370,   9,   83890279) /* EyesTexture */
     , (2000370,  10,   83890302) /* NoseTexture */
     , (2000370,  11,   83890324) /* MouthTexture */
     , (2000370,  15,   67116982) /* HairPalette */
     , (2000370,  16,   67110063) /* EyesPalette */
     , (2000370,  17,   67109561) /* SkinPalette */;

INSERT INTO `weenie_properties_attribute` (`object_Id`, `type`, `init_Level`, `level_From_C_P`, `c_P_Spent`)
VALUES (2000370,   1, 120, 0, 0) /* Strength */
     , (2000370,   2, 130, 0, 0) /* Endurance */
     , (2000370,   3, 100, 0, 0) /* Quickness */
     , (2000370,   4, 115, 0, 0) /* Coordination */
     , (2000370,   5, 110, 0, 0) /* Focus */
     , (2000370,   6, 100, 0, 0) /* Self */;

INSERT INTO `weenie_properties_attribute_2nd` (`object_Id`, `type`, `init_Level`, `level_From_C_P`, `c_P_Spent`, `current_Level`)
VALUES (2000370,   1,     0, 0, 0, 65) /* MaxHealth */
     , (2000370,   3,     0, 0, 0, 130) /* MaxStamina */
     , (2000370,   5,     0, 0, 0, 100) /* MaxMana */;

INSERT INTO `weenie_properties_skill` (`object_Id`, `type`, `level_From_P_P`, `s_a_c`, `p_p`, `init_Level`, `resistance_At_Last_Check`, `last_Used_Time`)
VALUES (2000370,  6, 0, 2, 0,   1, 0, 0) /* MeleeDefense        Trained */
     , (2000370,  7, 0, 2, 0,   1, 0, 0) /* MissileDefense      Trained */
     , (2000370, 13, 0, 2, 0,   1, 0, 0) /* UnarmedCombat       Trained */;

INSERT INTO `weenie_properties_body_part` (`object_Id`, `key`, `d_Type`, `d_Val`, `d_Var`, `base_Armor`, `armor_Vs_Slash`, `armor_Vs_Pierce`, `armor_Vs_Bludgeon`, `armor_Vs_Cold`, `armor_Vs_Fire`, `armor_Vs_Acid`, `armor_Vs_Electric`, `armor_Vs_Nether`, `b_h`, `h_l_f`, `m_l_f`, `l_l_f`, `h_r_f`, `m_r_f`, `l_r_f`, `h_l_b`, `m_l_b`, `l_l_b`, `h_r_b`, `m_r_b`, `l_r_b`)
VALUES (2000370,  0,  4,  0,    0,    0,    0,    0,    0,    0,    0,    0,    0,    0, 1, 0.33,    0,    0, 0.33,    0,    0, 0.33,    0,    0, 0.33,    0,    0) /* Head */
     , (2000370,  1,  4,  0,    0,    0,    0,    0,    0,    0,    0,    0,    0,    0, 2, 0.44, 0.17,    0, 0.44, 0.17,    0, 0.44, 0.17,    0, 0.44, 0.17,    0) /* Chest */
     , (2000370,  2,  4,  0,    0,    0,    0,    0,    0,    0,    0,    0,    0,    0, 3,    0, 0.17,    0,    0, 0.17,    0,    0, 0.17,    0,    0, 0.17,    0) /* Abdomen */
     , (2000370,  3,  4,  0,    0,    0,    0,    0,    0,    0,    0,    0,    0,    0, 1, 0.23, 0.03,    0, 0.23, 0.03,    0, 0.23, 0.03,    0, 0.23, 0.03,    0) /* UpperArm */
     , (2000370,  4,  4,  0,    0,    0,    0,    0,    0,    0,    0,    0,    0,    0, 2,    0,  0.3,    0,    0,  0.3,    0,    0,  0.3,    0,    0,  0.3,    0) /* LowerArm */
     , (2000370,  5,  4,  2, 0.75,    0,    0,    0,    0,    0,    0,    0,    0,    0, 2,    0,  0.2,    0,    0,  0.2,    0,    0,  0.2,    0,    0,  0.2,    0) /* Hand */
     , (2000370,  6,  4,  0,    0,    0,    0,    0,    0,    0,    0,    0,    0,    0, 3,    0, 0.13, 0.18,    0, 0.13, 0.18,    0, 0.13, 0.18,    0, 0.13, 0.18) /* UpperLeg */
     , (2000370,  7,  4,  0,    0,    0,    0,    0,    0,    0,    0,    0,    0,    0, 3,    0,    0,  0.6,    0,    0,  0.6,    0,    0,  0.6,    0,    0,  0.6) /* LowerLeg */
     , (2000370,  8,  4,  2, 0.75,    0,    0,    0,    0,    0,    0,    0,    0,    0, 3,    0,    0, 0.22,    0,    0, 0.22,    0,    0, 0.22,    0,    0, 0.22) /* Foot */;

INSERT INTO `weenie_properties_emote` (`object_Id`, `category`, `probability`, `weenie_Class_Id`, `style`, `substyle`, `quest`, `vendor_Type`, `min_Health`, `max_Health`)
VALUES (2000370,  7 /* Use */,      1, NULL, NULL, NULL, NULL, NULL, NULL, NULL);

SET @parent_id = LAST_INSERT_ID();

INSERT INTO `weenie_properties_emote_action` (`emote_Id`, `order`, `type`, `delay`, `extent`, `motion`, `message`, `test_String`, `min`, `max`, `min_64`, `max_64`, `min_Dbl`, `max_Dbl`, `stat`, `display`, `amount`, `amount_64`, `hero_X_P_64`, `percent`, `spell_Id`, `wealth_Rating`, `treasure_Class`, `treasure_Type`, `p_Script`, `sound`, `destination_Type`, `weenie_Class_Id`, `stack_Size`, `palette`, `shade`, `try_To_Bond`, `obj_Cell_Id`, `origin_X`, `origin_Y`, `origin_Z`, `angles_W`, `angles_X`, `angles_Y`, `angles_Z`)
VALUES (@parent_id,  0,  10 /* Tell */, 0, 1, NULL, 'This town used to be a bustling hub used to be.', NULL, NULL, NULL, NULL, NULL, NULL, NULL, NULL, NULL, NULL, NULL, NULL, NULL, NULL, NULL, NULL, NULL, NULL, NULL, NULL, NULL, NULL, NULL, NULL, NULL, NULL, NULL, NULL, NULL, NULL, NULL, NULL, NULL);

INSERT INTO `weenie_properties_create_list` (`object_Id`, `destination_Type`, `weenie_Class_Id`, `stack_Size`, `palette`, `shade`, `try_To_Bond`)
VALUES (2000370, 2,   121,  0, 90, 0.8, False) /* Create Gloves (121) for Wield */
     , (2000370, 2,  8372,  0, 92, 1, False) /* Create Yifan Dress (8372) for Wield */
     , (2000370, 2,  2604,  0, 91, 1, False) /* Create Breeches (2604) for Wield */;

DELETE FROM `weenie` WHERE `class_Id` = 2000371;

INSERT INTO `weenie` (`class_Id`, `class_Name`, `type`, `last_Modified`)
VALUES (2000371, 'ace2000371-townsfolk', 10, '2019-09-30 13:46:29') /* Creature */;

INSERT INTO `weenie_properties_int` (`object_Id`, `type`, `value`)
VALUES (2000371,   1,         16) /* ItemType - Creature */
     , (2000371,   2,         31) /* CreatureType - Human */
     , (2000371,   6,         -1) /* ItemsCapacity */
     , (2000371,   7,         -1) /* ContainersCapacity */
     , (2000371,   8,        120) /* Mass */
     , (2000371,  16,         32) /* ItemUseable - Remote */
     , (2000371,  25,         16) /* Level */
     , (2000371,  27,          0) /* ArmorType - None */
     , (2000371,  93,    6292504) /* PhysicsState - ReportCollisions, IgnoreCollisions, Gravity, ReportCollisionsAsEnvironment, EdgeSlide */
     , (2000371,  95,          8) /* RadarBlipColor - Yellow */
     , (2000371, 113,          2) /* Gender - Female */
     , (2000371, 133,          4) /* ShowableOnRadar - ShowAlways */
     , (2000371, 134,         16) /* PlayerKillerStatus - RubberGlue */
     , (2000371, 146,        318) /* XpOverride */
     , (2000371, 188,          1) /* HeritageGroup - Aluvian */;

INSERT INTO `weenie_properties_bool` (`object_Id`, `type`, `value`)
VALUES (2000371,   1, True ) /* Stuck */
     , (2000371,   8, True ) /* AllowGive */
     , (2000371,  11, True ) /* IgnoreCollisions */
     , (2000371,  12, True ) /* ReportCollisions */
     , (2000371,  13, False) /* Ethereal */
     , (2000371,  14, True ) /* GravityStatus */
     , (2000371,  19, False) /* Attackable */
     , (2000371,  29, True ) /* NoCorpse */
     , (2000371,  41, True ) /* ReportCollisionsAsEnvironment */
     , (2000371,  42, True ) /* AllowEdgeSlide */
     , (2000371,  52, True ) /* AiImmobile */
     , (2000371,  79, True ) /* AiAcceptEverything */;

INSERT INTO `weenie_properties_float` (`object_Id`, `type`, `value`)
VALUES (2000371,   1,       5) /* HeartbeatInterval */
     , (2000371,   2,       0) /* HeartbeatTimestamp */
     , (2000371,   3, 0.159999996423721) /* HealthRate */
     , (2000371,   4,       5) /* StaminaRate */
     , (2000371,   5,       1) /* ManaRate */
     , (2000371,  13, 0.899999976158142) /* ArmorModVsSlash */
     , (2000371,  14,       1) /* ArmorModVsPierce */
     , (2000371,  15, 1.10000002384186) /* ArmorModVsBludgeon */
     , (2000371,  16, 0.400000005960464) /* ArmorModVsCold */
     , (2000371,  17, 0.400000005960464) /* ArmorModVsFire */
     , (2000371,  18,       1) /* ArmorModVsAcid */
     , (2000371,  19, 0.600000023841858) /* ArmorModVsElectric */
     , (2000371,  54,       3) /* UseRadius */
     , (2000371,  64,       1) /* ResistSlash */
     , (2000371,  65,       1) /* ResistPierce */
     , (2000371,  66,       1) /* ResistBludgeon */
     , (2000371,  67,       1) /* ResistFire */
     , (2000371,  68,       1) /* ResistCold */
     , (2000371,  69,       1) /* ResistAcid */
     , (2000371,  70,       1) /* ResistElectric */
     , (2000371,  71,       1) /* ResistHealthBoost */
     , (2000371,  72,       1) /* ResistStaminaDrain */
     , (2000371,  73,       1) /* ResistStaminaBoost */
     , (2000371,  74,       1) /* ResistManaDrain */
     , (2000371,  75,       1) /* ResistManaBoost */
     , (2000371, 104,      10) /* ObviousRadarRange */
     , (2000371, 125,       1) /* ResistHealthDrain */;

INSERT INTO `weenie_properties_string` (`object_Id`, `type`, `value`)
VALUES (2000371,   1, 'Townsfolk') /* Name */
     , (2000371,   3, 'Female') /* Sex */
     , (2000371,   4, 'Aluvian') /* HeritageGroup */
     , (2000371,   5, 'Herald') /* Template */;

INSERT INTO `weenie_properties_d_i_d` (`object_Id`, `type`, `value`)
VALUES (2000371,   1,   33554510) /* Setup */
     , (2000371,   2,  150994945) /* MotionTable */
     , (2000371,   3,  536870914) /* SoundTable */
     , (2000371,   4,  805306368) /* CombatTable */
     , (2000371,   6,   67108990) /* PaletteBase */
     , (2000371,   8,  100667446) /* Icon */
     , (2000371,   9,   83890279) /* EyesTexture */
     , (2000371,  10,   83890302) /* NoseTexture */
     , (2000371,  11,   83890324) /* MouthTexture */
     , (2000371,  15,   67116982) /* HairPalette */
     , (2000371,  16,   67110063) /* EyesPalette */
     , (2000371,  17,   67109561) /* SkinPalette */;

INSERT INTO `weenie_properties_attribute` (`object_Id`, `type`, `init_Level`, `level_From_C_P`, `c_P_Spent`)
VALUES (2000371,   1, 120, 0, 0) /* Strength */
     , (2000371,   2, 130, 0, 0) /* Endurance */
     , (2000371,   3, 100, 0, 0) /* Quickness */
     , (2000371,   4, 115, 0, 0) /* Coordination */
     , (2000371,   5, 110, 0, 0) /* Focus */
     , (2000371,   6, 100, 0, 0) /* Self */;

INSERT INTO `weenie_properties_attribute_2nd` (`object_Id`, `type`, `init_Level`, `level_From_C_P`, `c_P_Spent`, `current_Level`)
VALUES (2000371,   1,     0, 0, 0, 65) /* MaxHealth */
     , (2000371,   3,     0, 0, 0, 130) /* MaxStamina */
     , (2000371,   5,     0, 0, 0, 100) /* MaxMana */;

INSERT INTO `weenie_properties_skill` (`object_Id`, `type`, `level_From_P_P`, `s_a_c`, `p_p`, `init_Level`, `resistance_At_Last_Check`, `last_Used_Time`)
VALUES (2000371,  6, 0, 2, 0,   1, 0, 0) /* MeleeDefense        Trained */
     , (2000371,  7, 0, 2, 0,   1, 0, 0) /* MissileDefense      Trained */
     , (2000371, 13, 0, 2, 0,   1, 0, 0) /* UnarmedCombat       Trained */;

INSERT INTO `weenie_properties_body_part` (`object_Id`, `key`, `d_Type`, `d_Val`, `d_Var`, `base_Armor`, `armor_Vs_Slash`, `armor_Vs_Pierce`, `armor_Vs_Bludgeon`, `armor_Vs_Cold`, `armor_Vs_Fire`, `armor_Vs_Acid`, `armor_Vs_Electric`, `armor_Vs_Nether`, `b_h`, `h_l_f`, `m_l_f`, `l_l_f`, `h_r_f`, `m_r_f`, `l_r_f`, `h_l_b`, `m_l_b`, `l_l_b`, `h_r_b`, `m_r_b`, `l_r_b`)
VALUES (2000371,  0,  4,  0,    0,    0,    0,    0,    0,    0,    0,    0,    0,    0, 1, 0.33,    0,    0, 0.33,    0,    0, 0.33,    0,    0, 0.33,    0,    0) /* Head */
     , (2000371,  1,  4,  0,    0,    0,    0,    0,    0,    0,    0,    0,    0,    0, 2, 0.44, 0.17,    0, 0.44, 0.17,    0, 0.44, 0.17,    0, 0.44, 0.17,    0) /* Chest */
     , (2000371,  2,  4,  0,    0,    0,    0,    0,    0,    0,    0,    0,    0,    0, 3,    0, 0.17,    0,    0, 0.17,    0,    0, 0.17,    0,    0, 0.17,    0) /* Abdomen */
     , (2000371,  3,  4,  0,    0,    0,    0,    0,    0,    0,    0,    0,    0,    0, 1, 0.23, 0.03,    0, 0.23, 0.03,    0, 0.23, 0.03,    0, 0.23, 0.03,    0) /* UpperArm */
     , (2000371,  4,  4,  0,    0,    0,    0,    0,    0,    0,    0,    0,    0,    0, 2,    0,  0.3,    0,    0,  0.3,    0,    0,  0.3,    0,    0,  0.3,    0) /* LowerArm */
     , (2000371,  5,  4,  2, 0.75,    0,    0,    0,    0,    0,    0,    0,    0,    0, 2,    0,  0.2,    0,    0,  0.2,    0,    0,  0.2,    0,    0,  0.2,    0) /* Hand */
     , (2000371,  6,  4,  0,    0,    0,    0,    0,    0,    0,    0,    0,    0,    0, 3,    0, 0.13, 0.18,    0, 0.13, 0.18,    0, 0.13, 0.18,    0, 0.13, 0.18) /* UpperLeg */
     , (2000371,  7,  4,  0,    0,    0,    0,    0,    0,    0,    0,    0,    0,    0, 3,    0,    0,  0.6,    0,    0,  0.6,    0,    0,  0.6,    0,    0,  0.6) /* LowerLeg */
     , (2000371,  8,  4,  2, 0.75,    0,    0,    0,    0,    0,    0,    0,    0,    0, 3,    0,    0, 0.22,    0,    0, 0.22,    0,    0, 0.22,    0,    0, 0.22) /* Foot */;

INSERT INTO `weenie_properties_emote` (`object_Id`, `category`, `probability`, `weenie_Class_Id`, `style`, `substyle`, `quest`, `vendor_Type`, `min_Health`, `max_Health`)
VALUES (2000371,  7 /* Use */,      1, NULL, NULL, NULL, NULL, NULL, NULL, NULL);

SET @parent_id = LAST_INSERT_ID();

INSERT INTO `weenie_properties_emote_action` (`emote_Id`, `order`, `type`, `delay`, `extent`, `motion`, `message`, `test_String`, `min`, `max`, `min_64`, `max_64`, `min_Dbl`, `max_Dbl`, `stat`, `display`, `amount`, `amount_64`, `hero_X_P_64`, `percent`, `spell_Id`, `wealth_Rating`, `treasure_Class`, `treasure_Type`, `p_Script`, `sound`, `destination_Type`, `weenie_Class_Id`, `stack_Size`, `palette`, `shade`, `try_To_Bond`, `obj_Cell_Id`, `origin_X`, `origin_Y`, `origin_Z`, `angles_W`, `angles_X`, `angles_Y`, `angles_Z`)
VALUES (@parent_id,  0,  10 /* Tell */, 0, 1, NULL, 'I told him not to go too deep!', NULL, NULL, NULL, NULL, NULL, NULL, NULL, NULL, NULL, NULL, NULL, NULL, NULL, NULL, NULL, NULL, NULL, NULL, NULL, NULL, NULL, NULL, NULL, NULL, NULL, NULL, NULL, NULL, NULL, NULL, NULL, NULL, NULL);

INSERT INTO `weenie_properties_create_list` (`object_Id`, `destination_Type`, `weenie_Class_Id`, `stack_Size`, `palette`, `shade`, `try_To_Bond`)
VALUES (2000371, 2,   121,  0, 90, 0.8, False) /* Create Gloves (121) for Wield */
     , (2000371, 2,  2588,  0, 90, 1, False) /* Create Shirt (2588) for Wield */
     , (2000371, 2,  2604,  0, 88, 1, False) /* Create Breeches (2604) for Wield */;

DELETE FROM `weenie` WHERE `class_Id` = 2000372;

INSERT INTO `weenie` (`class_Id`, `class_Name`, `type`, `last_Modified`)
VALUES (2000372, 'ace2000372-townsfolk', 10, '2019-09-30 13:46:30') /* Creature */;

INSERT INTO `weenie_properties_int` (`object_Id`, `type`, `value`)
VALUES (2000372,   1,         16) /* ItemType - Creature */
     , (2000372,   2,         22) /* CreatureType - Shadow */
     , (2000372,   3,         39) /* PaletteTemplate - Black */
     , (2000372,   6,         -1) /* ItemsCapacity */
     , (2000372,   7,         -1) /* ContainersCapacity */
     , (2000372,   8,        120) /* Mass */
     , (2000372,  16,         32) /* ItemUseable - Remote */
     , (2000372,  25,         73) /* Level */
     , (2000372,  27,          0) /* ArmorType - None */
     , (2000372,  93,    6292504) /* PhysicsState - ReportCollisions, IgnoreCollisions, Gravity, ReportCollisionsAsEnvironment, EdgeSlide */
     , (2000372,  95,          8) /* RadarBlipColor - Yellow */
     , (2000372, 133,          4) /* ShowableOnRadar - ShowAlways */
     , (2000372, 134,         16) /* PlayerKillerStatus - RubberGlue */
     , (2000372, 146,       4973) /* XpOverride */;

INSERT INTO `weenie_properties_bool` (`object_Id`, `type`, `value`)
VALUES (2000372,   1, True ) /* Stuck */
     , (2000372,   8, True ) /* AllowGive */
     , (2000372,  11, True ) /* IgnoreCollisions */
     , (2000372,  12, True ) /* ReportCollisions */
     , (2000372,  13, False) /* Ethereal */
     , (2000372,  14, True ) /* GravityStatus */
     , (2000372,  19, False) /* Attackable */
     , (2000372,  41, True ) /* ReportCollisionsAsEnvironment */
     , (2000372,  42, True ) /* AllowEdgeSlide */
     , (2000372,  52, True ) /* AiImmobile */;

INSERT INTO `weenie_properties_float` (`object_Id`, `type`, `value`)
VALUES (2000372,   1,       5) /* HeartbeatInterval */
     , (2000372,   2,       0) /* HeartbeatTimestamp */
     , (2000372,   3, 0.159999996423721) /* HealthRate */
     , (2000372,   4,       5) /* StaminaRate */
     , (2000372,   5,       1) /* ManaRate */
     , (2000372,  12,     0.5) /* Shade */
     , (2000372,  13, 0.899999976158142) /* ArmorModVsSlash */
     , (2000372,  14,       1) /* ArmorModVsPierce */
     , (2000372,  15, 1.10000002384186) /* ArmorModVsBludgeon */
     , (2000372,  16, 0.400000005960464) /* ArmorModVsCold */
     , (2000372,  17, 0.400000005960464) /* ArmorModVsFire */
     , (2000372,  18,       1) /* ArmorModVsAcid */
     , (2000372,  19, 0.600000023841858) /* ArmorModVsElectric */
     , (2000372,  54,       3) /* UseRadius */
     , (2000372,  64,       1) /* ResistSlash */
     , (2000372,  65,       1) /* ResistPierce */
     , (2000372,  66,       1) /* ResistBludgeon */
     , (2000372,  67,       1) /* ResistFire */
     , (2000372,  68,       1) /* ResistCold */
     , (2000372,  69,       1) /* ResistAcid */
     , (2000372,  70,       1) /* ResistElectric */
     , (2000372,  71,       1) /* ResistHealthBoost */
     , (2000372,  72,       1) /* ResistStaminaDrain */
     , (2000372,  73,       1) /* ResistStaminaBoost */
     , (2000372,  74,       1) /* ResistManaDrain */
     , (2000372,  75,       1) /* ResistManaBoost */
     , (2000372, 104,      10) /* ObviousRadarRange */
     , (2000372, 125,       1) /* ResistHealthDrain */;

INSERT INTO `weenie_properties_string` (`object_Id`, `type`, `value`)
VALUES (2000372,   1, 'Townsfolk') /* Name */
     , (2000372,   3, 'Male') /* Sex */
     , (2000372,   4, 'Aluvian') /* HeritageGroup */;

INSERT INTO `weenie_properties_d_i_d` (`object_Id`, `type`, `value`)
VALUES (2000372,   1,   33554433) /* Setup */
     , (2000372,   2,  150994945) /* MotionTable */
     , (2000372,   3,  536870913) /* SoundTable */
     , (2000372,   4,  805306368) /* CombatTable */
     , (2000372,   6,   67111797) /* PaletteBase */
     , (2000372,   7,  268435632) /* ClothingBase */
     , (2000372,   8,  100670397) /* Icon */;

INSERT INTO `weenie_properties_attribute` (`object_Id`, `type`, `init_Level`, `level_From_C_P`, `c_P_Spent`)
VALUES (2000372,   1, 220, 0, 0) /* Strength */
     , (2000372,   2, 235, 0, 0) /* Endurance */
     , (2000372,   3, 260, 0, 0) /* Quickness */
     , (2000372,   4, 270, 0, 0) /* Coordination */
     , (2000372,   5, 150, 0, 0) /* Focus */
     , (2000372,   6, 150, 0, 0) /* Self */;

INSERT INTO `weenie_properties_attribute_2nd` (`object_Id`, `type`, `init_Level`, `level_From_C_P`, `c_P_Spent`, `current_Level`)
VALUES (2000372,   1,     0, 0, 0, 118) /* MaxHealth */
     , (2000372,   3,     0, 0, 0, 235) /* MaxStamina */
     , (2000372,   5,     0, 0, 0, 150) /* MaxMana */;

INSERT INTO `weenie_properties_skill` (`object_Id`, `type`, `level_From_P_P`, `s_a_c`, `p_p`, `init_Level`, `resistance_At_Last_Check`, `last_Used_Time`)
VALUES (2000372,  6, 0, 2, 0,   1, 0, 0) /* MeleeDefense        Trained */
     , (2000372,  7, 0, 2, 0,   1, 0, 0) /* MissileDefense      Trained */
     , (2000372, 13, 0, 2, 0,   1, 0, 0) /* UnarmedCombat       Trained */;

INSERT INTO `weenie_properties_body_part` (`object_Id`, `key`, `d_Type`, `d_Val`, `d_Var`, `base_Armor`, `armor_Vs_Slash`, `armor_Vs_Pierce`, `armor_Vs_Bludgeon`, `armor_Vs_Cold`, `armor_Vs_Fire`, `armor_Vs_Acid`, `armor_Vs_Electric`, `armor_Vs_Nether`, `b_h`, `h_l_f`, `m_l_f`, `l_l_f`, `h_r_f`, `m_r_f`, `l_r_f`, `h_l_b`, `m_l_b`, `l_l_b`, `h_r_b`, `m_r_b`, `l_r_b`)
VALUES (2000372,  0,  4,  0,    0,    0,    0,    0,    0,    0,    0,    0,    0,    0, 1, 0.33,    0,    0, 0.33,    0,    0, 0.33,    0,    0, 0.33,    0,    0) /* Head */
     , (2000372,  1,  4,  0,    0,    0,    0,    0,    0,    0,    0,    0,    0,    0, 2, 0.44, 0.17,    0, 0.44, 0.17,    0, 0.44, 0.17,    0, 0.44, 0.17,    0) /* Chest */
     , (2000372,  2,  4,  0,    0,    0,    0,    0,    0,    0,    0,    0,    0,    0, 3,    0, 0.17,    0,    0, 0.17,    0,    0, 0.17,    0,    0, 0.17,    0) /* Abdomen */
     , (2000372,  3,  4,  0,    0,    0,    0,    0,    0,    0,    0,    0,    0,    0, 1, 0.23, 0.03,    0, 0.23, 0.03,    0, 0.23, 0.03,    0, 0.23, 0.03,    0) /* UpperArm */
     , (2000372,  4,  4,  0,    0,    0,    0,    0,    0,    0,    0,    0,    0,    0, 2,    0,  0.3,    0,    0,  0.3,    0,    0,  0.3,    0,    0,  0.3,    0) /* LowerArm */
     , (2000372,  5,  4,  2, 0.75,    0,    0,    0,    0,    0,    0,    0,    0,    0, 2,    0,  0.2,    0,    0,  0.2,    0,    0,  0.2,    0,    0,  0.2,    0) /* Hand */
     , (2000372,  6,  4,  0,    0,    0,    0,    0,    0,    0,    0,    0,    0,    0, 3,    0, 0.13, 0.18,    0, 0.13, 0.18,    0, 0.13, 0.18,    0, 0.13, 0.18) /* UpperLeg */
     , (2000372,  7,  4,  0,    0,    0,    0,    0,    0,    0,    0,    0,    0,    0, 3,    0,    0,  0.6,    0,    0,  0.6,    0,    0,  0.6,    0,    0,  0.6) /* LowerLeg */
     , (2000372,  8,  4,  2, 0.75,    0,    0,    0,    0,    0,    0,    0,    0,    0, 3,    0,    0, 0.22,    0,    0, 0.22,    0,    0, 0.22,    0,    0, 0.22) /* Foot */;

INSERT INTO `weenie_properties_emote` (`object_Id`, `category`, `probability`, `weenie_Class_Id`, `style`, `substyle`, `quest`, `vendor_Type`, `min_Health`, `max_Health`)
VALUES (2000372,  7 /* Use */,      1, NULL, NULL, NULL, NULL, NULL, NULL, NULL);

SET @parent_id = LAST_INSERT_ID();

INSERT INTO `weenie_properties_emote_action` (`emote_Id`, `order`, `type`, `delay`, `extent`, `motion`, `message`, `test_String`, `min`, `max`, `min_64`, `max_64`, `min_Dbl`, `max_Dbl`, `stat`, `display`, `amount`, `amount_64`, `hero_X_P_64`, `percent`, `spell_Id`, `wealth_Rating`, `treasure_Class`, `treasure_Type`, `p_Script`, `sound`, `destination_Type`, `weenie_Class_Id`, `stack_Size`, `palette`, `shade`, `try_To_Bond`, `obj_Cell_Id`, `origin_X`, `origin_Y`, `origin_Z`, `angles_W`, `angles_X`, `angles_Y`, `angles_Z`)
VALUES (@parent_id,  0,  12 /* TurnToTarget */, 0, 1, NULL, NULL, NULL, NULL, NULL, NULL, NULL, NULL, NULL, NULL, NULL, NULL, NULL, NULL, NULL, NULL, NULL, NULL, NULL, NULL, NULL, NULL, NULL, NULL, NULL, NULL, NULL, NULL, NULL, NULL, NULL, NULL, NULL, NULL, NULL)
     , (@parent_id,  1,  10 /* Tell */, 1, 1, NULL, 'Please distract this woman so I can get away!
', NULL, NULL, NULL, NULL, NULL, NULL, NULL, NULL, NULL, NULL, NULL, NULL, NULL, NULL, NULL, NULL, NULL, NULL, NULL, NULL, NULL, NULL, NULL, NULL, NULL, NULL, NULL, NULL, NULL, NULL, NULL, NULL, NULL)
     , (@parent_id,  2,   5 /* Motion */, 0, 1, 1090519043 /* Ready */, NULL, NULL, NULL, NULL, NULL, NULL, NULL, NULL, NULL, NULL, NULL, NULL, NULL, NULL, NULL, NULL, NULL, NULL, NULL, NULL, NULL, NULL, NULL, NULL, NULL, NULL, NULL, NULL, NULL, NULL, NULL, NULL, NULL, NULL);

DELETE FROM `weenie` WHERE `class_Id` = 2000373;

INSERT INTO `weenie` (`class_Id`, `class_Name`, `type`, `last_Modified`)
VALUES (2000373, 'ace2000373-townsfolk', 10, '2019-09-30 13:46:32') /* Creature */;

INSERT INTO `weenie_properties_int` (`object_Id`, `type`, `value`)
VALUES (2000373,   1,         16) /* ItemType - Creature */
     , (2000373,   2,         31) /* CreatureType - Human */
     , (2000373,   6,         -1) /* ItemsCapacity */
     , (2000373,   7,         -1) /* ContainersCapacity */
     , (2000373,   8,        120) /* Mass */
     , (2000373,  16,         32) /* ItemUseable - Remote */
     , (2000373,  25,         16) /* Level */
     , (2000373,  27,          0) /* ArmorType - None */
     , (2000373,  93,    6292504) /* PhysicsState - ReportCollisions, IgnoreCollisions, Gravity, ReportCollisionsAsEnvironment, EdgeSlide */
     , (2000373,  95,          8) /* RadarBlipColor - Yellow */
     , (2000373, 113,          2) /* Gender - Female */
     , (2000373, 133,          4) /* ShowableOnRadar - ShowAlways */
     , (2000373, 134,         16) /* PlayerKillerStatus - RubberGlue */
     , (2000373, 146,        318) /* XpOverride */
     , (2000373, 188,          1) /* HeritageGroup - Aluvian */;

INSERT INTO `weenie_properties_bool` (`object_Id`, `type`, `value`)
VALUES (2000373,   1, True ) /* Stuck */
     , (2000373,   8, True ) /* AllowGive */
     , (2000373,  11, True ) /* IgnoreCollisions */
     , (2000373,  12, True ) /* ReportCollisions */
     , (2000373,  13, False) /* Ethereal */
     , (2000373,  14, True ) /* GravityStatus */
     , (2000373,  19, False) /* Attackable */
     , (2000373,  29, True ) /* NoCorpse */
     , (2000373,  41, True ) /* ReportCollisionsAsEnvironment */
     , (2000373,  42, True ) /* AllowEdgeSlide */
     , (2000373,  52, True ) /* AiImmobile */
     , (2000373,  79, True ) /* AiAcceptEverything */;

INSERT INTO `weenie_properties_float` (`object_Id`, `type`, `value`)
VALUES (2000373,   1,       5) /* HeartbeatInterval */
     , (2000373,   2,       0) /* HeartbeatTimestamp */
     , (2000373,   3, 0.159999996423721) /* HealthRate */
     , (2000373,   4,       5) /* StaminaRate */
     , (2000373,   5,       1) /* ManaRate */
     , (2000373,  13, 0.899999976158142) /* ArmorModVsSlash */
     , (2000373,  14,       1) /* ArmorModVsPierce */
     , (2000373,  15, 1.10000002384186) /* ArmorModVsBludgeon */
     , (2000373,  16, 0.400000005960464) /* ArmorModVsCold */
     , (2000373,  17, 0.400000005960464) /* ArmorModVsFire */
     , (2000373,  18,       1) /* ArmorModVsAcid */
     , (2000373,  19, 0.600000023841858) /* ArmorModVsElectric */
     , (2000373,  54,       3) /* UseRadius */
     , (2000373,  64,       1) /* ResistSlash */
     , (2000373,  65,       1) /* ResistPierce */
     , (2000373,  66,       1) /* ResistBludgeon */
     , (2000373,  67,       1) /* ResistFire */
     , (2000373,  68,       1) /* ResistCold */
     , (2000373,  69,       1) /* ResistAcid */
     , (2000373,  70,       1) /* ResistElectric */
     , (2000373,  71,       1) /* ResistHealthBoost */
     , (2000373,  72,       1) /* ResistStaminaDrain */
     , (2000373,  73,       1) /* ResistStaminaBoost */
     , (2000373,  74,       1) /* ResistManaDrain */
     , (2000373,  75,       1) /* ResistManaBoost */
     , (2000373, 104,      10) /* ObviousRadarRange */
     , (2000373, 125,       1) /* ResistHealthDrain */;

INSERT INTO `weenie_properties_string` (`object_Id`, `type`, `value`)
VALUES (2000373,   1, 'Townsfolk') /* Name */
     , (2000373,   3, 'Female') /* Sex */
     , (2000373,   4, 'Aluvian') /* HeritageGroup */
     , (2000373,   5, 'Herald') /* Template */;

INSERT INTO `weenie_properties_d_i_d` (`object_Id`, `type`, `value`)
VALUES (2000373,   1,   33554510) /* Setup */
     , (2000373,   2,  150994945) /* MotionTable */
     , (2000373,   3,  536870914) /* SoundTable */
     , (2000373,   4,  805306368) /* CombatTable */
     , (2000373,   6,   67108990) /* PaletteBase */
     , (2000373,   8,  100667446) /* Icon */
     , (2000373,   9,   83890279) /* EyesTexture */
     , (2000373,  10,   83890302) /* NoseTexture */
     , (2000373,  11,   83890324) /* MouthTexture */
     , (2000373,  15,   67116982) /* HairPalette */
     , (2000373,  16,   67110063) /* EyesPalette */
     , (2000373,  17,   67109561) /* SkinPalette */;

INSERT INTO `weenie_properties_attribute` (`object_Id`, `type`, `init_Level`, `level_From_C_P`, `c_P_Spent`)
VALUES (2000373,   1, 120, 0, 0) /* Strength */
     , (2000373,   2, 130, 0, 0) /* Endurance */
     , (2000373,   3, 100, 0, 0) /* Quickness */
     , (2000373,   4, 115, 0, 0) /* Coordination */
     , (2000373,   5, 110, 0, 0) /* Focus */
     , (2000373,   6, 100, 0, 0) /* Self */;

INSERT INTO `weenie_properties_attribute_2nd` (`object_Id`, `type`, `init_Level`, `level_From_C_P`, `c_P_Spent`, `current_Level`)
VALUES (2000373,   1,     0, 0, 0, 65) /* MaxHealth */
     , (2000373,   3,     0, 0, 0, 130) /* MaxStamina */
     , (2000373,   5,     0, 0, 0, 100) /* MaxMana */;

INSERT INTO `weenie_properties_skill` (`object_Id`, `type`, `level_From_P_P`, `s_a_c`, `p_p`, `init_Level`, `resistance_At_Last_Check`, `last_Used_Time`)
VALUES (2000373,  6, 0, 2, 0,   1, 0, 0) /* MeleeDefense        Trained */
     , (2000373,  7, 0, 2, 0,   1, 0, 0) /* MissileDefense      Trained */
     , (2000373, 13, 0, 2, 0,   1, 0, 0) /* UnarmedCombat       Trained */;

INSERT INTO `weenie_properties_body_part` (`object_Id`, `key`, `d_Type`, `d_Val`, `d_Var`, `base_Armor`, `armor_Vs_Slash`, `armor_Vs_Pierce`, `armor_Vs_Bludgeon`, `armor_Vs_Cold`, `armor_Vs_Fire`, `armor_Vs_Acid`, `armor_Vs_Electric`, `armor_Vs_Nether`, `b_h`, `h_l_f`, `m_l_f`, `l_l_f`, `h_r_f`, `m_r_f`, `l_r_f`, `h_l_b`, `m_l_b`, `l_l_b`, `h_r_b`, `m_r_b`, `l_r_b`)
VALUES (2000373,  0,  4,  0,    0,    0,    0,    0,    0,    0,    0,    0,    0,    0, 1, 0.33,    0,    0, 0.33,    0,    0, 0.33,    0,    0, 0.33,    0,    0) /* Head */
     , (2000373,  1,  4,  0,    0,    0,    0,    0,    0,    0,    0,    0,    0,    0, 2, 0.44, 0.17,    0, 0.44, 0.17,    0, 0.44, 0.17,    0, 0.44, 0.17,    0) /* Chest */
     , (2000373,  2,  4,  0,    0,    0,    0,    0,    0,    0,    0,    0,    0,    0, 3,    0, 0.17,    0,    0, 0.17,    0,    0, 0.17,    0,    0, 0.17,    0) /* Abdomen */
     , (2000373,  3,  4,  0,    0,    0,    0,    0,    0,    0,    0,    0,    0,    0, 1, 0.23, 0.03,    0, 0.23, 0.03,    0, 0.23, 0.03,    0, 0.23, 0.03,    0) /* UpperArm */
     , (2000373,  4,  4,  0,    0,    0,    0,    0,    0,    0,    0,    0,    0,    0, 2,    0,  0.3,    0,    0,  0.3,    0,    0,  0.3,    0,    0,  0.3,    0) /* LowerArm */
     , (2000373,  5,  4,  2, 0.75,    0,    0,    0,    0,    0,    0,    0,    0,    0, 2,    0,  0.2,    0,    0,  0.2,    0,    0,  0.2,    0,    0,  0.2,    0) /* Hand */
     , (2000373,  6,  4,  0,    0,    0,    0,    0,    0,    0,    0,    0,    0,    0, 3,    0, 0.13, 0.18,    0, 0.13, 0.18,    0, 0.13, 0.18,    0, 0.13, 0.18) /* UpperLeg */
     , (2000373,  7,  4,  0,    0,    0,    0,    0,    0,    0,    0,    0,    0,    0, 3,    0,    0,  0.6,    0,    0,  0.6,    0,    0,  0.6,    0,    0,  0.6) /* LowerLeg */
     , (2000373,  8,  4,  2, 0.75,    0,    0,    0,    0,    0,    0,    0,    0,    0, 3,    0,    0, 0.22,    0,    0, 0.22,    0,    0, 0.22,    0,    0, 0.22) /* Foot */;

INSERT INTO `weenie_properties_emote` (`object_Id`, `category`, `probability`, `weenie_Class_Id`, `style`, `substyle`, `quest`, `vendor_Type`, `min_Health`, `max_Health`)
VALUES (2000373,  7 /* Use */,      1, NULL, NULL, NULL, NULL, NULL, NULL, NULL);

SET @parent_id = LAST_INSERT_ID();

INSERT INTO `weenie_properties_emote_action` (`emote_Id`, `order`, `type`, `delay`, `extent`, `motion`, `message`, `test_String`, `min`, `max`, `min_64`, `max_64`, `min_Dbl`, `max_Dbl`, `stat`, `display`, `amount`, `amount_64`, `hero_X_P_64`, `percent`, `spell_Id`, `wealth_Rating`, `treasure_Class`, `treasure_Type`, `p_Script`, `sound`, `destination_Type`, `weenie_Class_Id`, `stack_Size`, `palette`, `shade`, `try_To_Bond`, `obj_Cell_Id`, `origin_X`, `origin_Y`, `origin_Z`, `angles_W`, `angles_X`, `angles_Y`, `angles_Z`)
VALUES (@parent_id,  0,  10 /* Tell */, 0, 1, NULL, 'Don''t tell him, but this is the first time I talked to a real shadow.', NULL, NULL, NULL, NULL, NULL, NULL, NULL, NULL, NULL, NULL, NULL, NULL, NULL, NULL, NULL, NULL, NULL, NULL, NULL, NULL, NULL, NULL, NULL, NULL, NULL, NULL, NULL, NULL, NULL, NULL, NULL, NULL, NULL);

INSERT INTO `weenie_properties_create_list` (`object_Id`, `destination_Type`, `weenie_Class_Id`, `stack_Size`, `palette`, `shade`, `try_To_Bond`)
VALUES (2000373, 2,   121,  0, 90, 0.8, False) /* Create Gloves (121) for Wield */
     , (2000373, 2,  8372,  0, 93, 1, False) /* Create Yifan Dress (8372) for Wield */
     , (2000373, 2,  2604,  0, 91, 1, False) /* Create Breeches (2604) for Wield */;

DELETE FROM `weenie` WHERE `class_Id` = 2000374;

INSERT INTO `weenie` (`class_Id`, `class_Name`, `type`, `last_Modified`)
VALUES (2000374, 'ace2000374-townsfolk', 10, '2019-09-30 13:46:33') /* Creature */;

INSERT INTO `weenie_properties_int` (`object_Id`, `type`, `value`)
VALUES (2000374,   1,         16) /* ItemType - Creature */
     , (2000374,   2,         31) /* CreatureType - Human */
     , (2000374,   6,         -1) /* ItemsCapacity */
     , (2000374,   7,         -1) /* ContainersCapacity */
     , (2000374,   8,        120) /* Mass */
     , (2000374,  16,         32) /* ItemUseable - Remote */
     , (2000374,  25,         16) /* Level */
     , (2000374,  27,          0) /* ArmorType - None */
     , (2000374,  93,    6292504) /* PhysicsState - ReportCollisions, IgnoreCollisions, Gravity, ReportCollisionsAsEnvironment, EdgeSlide */
     , (2000374,  95,          8) /* RadarBlipColor - Yellow */
     , (2000374, 113,          2) /* Gender - Female */
     , (2000374, 133,          4) /* ShowableOnRadar - ShowAlways */
     , (2000374, 134,         16) /* PlayerKillerStatus - RubberGlue */
     , (2000374, 146,        318) /* XpOverride */
     , (2000374, 188,          1) /* HeritageGroup - Aluvian */;

INSERT INTO `weenie_properties_bool` (`object_Id`, `type`, `value`)
VALUES (2000374,   1, True ) /* Stuck */
     , (2000374,   8, True ) /* AllowGive */
     , (2000374,  11, True ) /* IgnoreCollisions */
     , (2000374,  12, True ) /* ReportCollisions */
     , (2000374,  13, False) /* Ethereal */
     , (2000374,  14, True ) /* GravityStatus */
     , (2000374,  19, False) /* Attackable */
     , (2000374,  29, True ) /* NoCorpse */
     , (2000374,  41, True ) /* ReportCollisionsAsEnvironment */
     , (2000374,  42, True ) /* AllowEdgeSlide */
     , (2000374,  52, True ) /* AiImmobile */
     , (2000374,  79, True ) /* AiAcceptEverything */;

INSERT INTO `weenie_properties_float` (`object_Id`, `type`, `value`)
VALUES (2000374,   1,       5) /* HeartbeatInterval */
     , (2000374,   2,       0) /* HeartbeatTimestamp */
     , (2000374,   3, 0.159999996423721) /* HealthRate */
     , (2000374,   4,       5) /* StaminaRate */
     , (2000374,   5,       1) /* ManaRate */
     , (2000374,  13, 0.899999976158142) /* ArmorModVsSlash */
     , (2000374,  14,       1) /* ArmorModVsPierce */
     , (2000374,  15, 1.10000002384186) /* ArmorModVsBludgeon */
     , (2000374,  16, 0.400000005960464) /* ArmorModVsCold */
     , (2000374,  17, 0.400000005960464) /* ArmorModVsFire */
     , (2000374,  18,       1) /* ArmorModVsAcid */
     , (2000374,  19, 0.600000023841858) /* ArmorModVsElectric */
     , (2000374,  54,       3) /* UseRadius */
     , (2000374,  64,       1) /* ResistSlash */
     , (2000374,  65,       1) /* ResistPierce */
     , (2000374,  66,       1) /* ResistBludgeon */
     , (2000374,  67,       1) /* ResistFire */
     , (2000374,  68,       1) /* ResistCold */
     , (2000374,  69,       1) /* ResistAcid */
     , (2000374,  70,       1) /* ResistElectric */
     , (2000374,  71,       1) /* ResistHealthBoost */
     , (2000374,  72,       1) /* ResistStaminaDrain */
     , (2000374,  73,       1) /* ResistStaminaBoost */
     , (2000374,  74,       1) /* ResistManaDrain */
     , (2000374,  75,       1) /* ResistManaBoost */
     , (2000374, 104,      10) /* ObviousRadarRange */
     , (2000374, 125,       1) /* ResistHealthDrain */;

INSERT INTO `weenie_properties_string` (`object_Id`, `type`, `value`)
VALUES (2000374,   1, 'Townsfolk') /* Name */
     , (2000374,   3, 'Female') /* Sex */
     , (2000374,   4, 'Aluvian') /* HeritageGroup */
     , (2000374,   5, 'Herald') /* Template */;

INSERT INTO `weenie_properties_d_i_d` (`object_Id`, `type`, `value`)
VALUES (2000374,   1,   33554510) /* Setup */
     , (2000374,   2,  150994945) /* MotionTable */
     , (2000374,   3,  536870914) /* SoundTable */
     , (2000374,   4,  805306368) /* CombatTable */
     , (2000374,   6,   67108990) /* PaletteBase */
     , (2000374,   8,  100667446) /* Icon */
     , (2000374,   9,   83890279) /* EyesTexture */
     , (2000374,  10,   83890302) /* NoseTexture */
     , (2000374,  11,   83890324) /* MouthTexture */
     , (2000374,  15,   67116982) /* HairPalette */
     , (2000374,  16,   67110063) /* EyesPalette */
     , (2000374,  17,   67109561) /* SkinPalette */;

INSERT INTO `weenie_properties_attribute` (`object_Id`, `type`, `init_Level`, `level_From_C_P`, `c_P_Spent`)
VALUES (2000374,   1, 120, 0, 0) /* Strength */
     , (2000374,   2, 130, 0, 0) /* Endurance */
     , (2000374,   3, 100, 0, 0) /* Quickness */
     , (2000374,   4, 115, 0, 0) /* Coordination */
     , (2000374,   5, 110, 0, 0) /* Focus */
     , (2000374,   6, 100, 0, 0) /* Self */;

INSERT INTO `weenie_properties_attribute_2nd` (`object_Id`, `type`, `init_Level`, `level_From_C_P`, `c_P_Spent`, `current_Level`)
VALUES (2000374,   1,     0, 0, 0, 65) /* MaxHealth */
     , (2000374,   3,     0, 0, 0, 130) /* MaxStamina */
     , (2000374,   5,     0, 0, 0, 100) /* MaxMana */;

INSERT INTO `weenie_properties_skill` (`object_Id`, `type`, `level_From_P_P`, `s_a_c`, `p_p`, `init_Level`, `resistance_At_Last_Check`, `last_Used_Time`)
VALUES (2000374,  6, 0, 2, 0,   1, 0, 0) /* MeleeDefense        Trained */
     , (2000374,  7, 0, 2, 0,   1, 0, 0) /* MissileDefense      Trained */
     , (2000374, 13, 0, 2, 0,   1, 0, 0) /* UnarmedCombat       Trained */;

INSERT INTO `weenie_properties_body_part` (`object_Id`, `key`, `d_Type`, `d_Val`, `d_Var`, `base_Armor`, `armor_Vs_Slash`, `armor_Vs_Pierce`, `armor_Vs_Bludgeon`, `armor_Vs_Cold`, `armor_Vs_Fire`, `armor_Vs_Acid`, `armor_Vs_Electric`, `armor_Vs_Nether`, `b_h`, `h_l_f`, `m_l_f`, `l_l_f`, `h_r_f`, `m_r_f`, `l_r_f`, `h_l_b`, `m_l_b`, `l_l_b`, `h_r_b`, `m_r_b`, `l_r_b`)
VALUES (2000374,  0,  4,  0,    0,    0,    0,    0,    0,    0,    0,    0,    0,    0, 1, 0.33,    0,    0, 0.33,    0,    0, 0.33,    0,    0, 0.33,    0,    0) /* Head */
     , (2000374,  1,  4,  0,    0,    0,    0,    0,    0,    0,    0,    0,    0,    0, 2, 0.44, 0.17,    0, 0.44, 0.17,    0, 0.44, 0.17,    0, 0.44, 0.17,    0) /* Chest */
     , (2000374,  2,  4,  0,    0,    0,    0,    0,    0,    0,    0,    0,    0,    0, 3,    0, 0.17,    0,    0, 0.17,    0,    0, 0.17,    0,    0, 0.17,    0) /* Abdomen */
     , (2000374,  3,  4,  0,    0,    0,    0,    0,    0,    0,    0,    0,    0,    0, 1, 0.23, 0.03,    0, 0.23, 0.03,    0, 0.23, 0.03,    0, 0.23, 0.03,    0) /* UpperArm */
     , (2000374,  4,  4,  0,    0,    0,    0,    0,    0,    0,    0,    0,    0,    0, 2,    0,  0.3,    0,    0,  0.3,    0,    0,  0.3,    0,    0,  0.3,    0) /* LowerArm */
     , (2000374,  5,  4,  2, 0.75,    0,    0,    0,    0,    0,    0,    0,    0,    0, 2,    0,  0.2,    0,    0,  0.2,    0,    0,  0.2,    0,    0,  0.2,    0) /* Hand */
     , (2000374,  6,  4,  0,    0,    0,    0,    0,    0,    0,    0,    0,    0,    0, 3,    0, 0.13, 0.18,    0, 0.13, 0.18,    0, 0.13, 0.18,    0, 0.13, 0.18) /* UpperLeg */
     , (2000374,  7,  4,  0,    0,    0,    0,    0,    0,    0,    0,    0,    0,    0, 3,    0,    0,  0.6,    0,    0,  0.6,    0,    0,  0.6,    0,    0,  0.6) /* LowerLeg */
     , (2000374,  8,  4,  2, 0.75,    0,    0,    0,    0,    0,    0,    0,    0,    0, 3,    0,    0, 0.22,    0,    0, 0.22,    0,    0, 0.22,    0,    0, 0.22) /* Foot */;

INSERT INTO `weenie_properties_emote` (`object_Id`, `category`, `probability`, `weenie_Class_Id`, `style`, `substyle`, `quest`, `vendor_Type`, `min_Health`, `max_Health`)
VALUES (2000374,  7 /* Use */,      1, NULL, NULL, NULL, NULL, NULL, NULL, NULL);

SET @parent_id = LAST_INSERT_ID();

INSERT INTO `weenie_properties_emote_action` (`emote_Id`, `order`, `type`, `delay`, `extent`, `motion`, `message`, `test_String`, `min`, `max`, `min_64`, `max_64`, `min_Dbl`, `max_Dbl`, `stat`, `display`, `amount`, `amount_64`, `hero_X_P_64`, `percent`, `spell_Id`, `wealth_Rating`, `treasure_Class`, `treasure_Type`, `p_Script`, `sound`, `destination_Type`, `weenie_Class_Id`, `stack_Size`, `palette`, `shade`, `try_To_Bond`, `obj_Cell_Id`, `origin_X`, `origin_Y`, `origin_Z`, `angles_W`, `angles_X`, `angles_Y`, `angles_Z`)
VALUES (@parent_id,  0,  10 /* Tell */, 0, 1, NULL, 'I hope one of those kids runs into a portal and dies.', NULL, NULL, NULL, NULL, NULL, NULL, NULL, NULL, NULL, NULL, NULL, NULL, NULL, NULL, NULL, NULL, NULL, NULL, NULL, NULL, NULL, NULL, NULL, NULL, NULL, NULL, NULL, NULL, NULL, NULL, NULL, NULL, NULL);

INSERT INTO `weenie_properties_create_list` (`object_Id`, `destination_Type`, `weenie_Class_Id`, `stack_Size`, `palette`, `shade`, `try_To_Bond`)
VALUES (2000374, 2,   121,  0, 90, 0.8, False) /* Create Gloves (121) for Wield */
     , (2000374, 2,  2588,  0, 93, 1, False) /* Create Shirt (2588) for Wield */
     , (2000374, 2,  2604,  0, 88, 1, False) /* Create Breeches (2604) for Wield */;

DELETE FROM `weenie` WHERE `class_Id` = 2000375;

INSERT INTO `weenie` (`class_Id`, `class_Name`, `type`, `last_Modified`)
VALUES (2000375, 'ace2000375-townfolk', 10, '2019-09-30 13:46:34') /* Creature */;

INSERT INTO `weenie_properties_int` (`object_Id`, `type`, `value`)
VALUES (2000375,   1,         16) /* ItemType - Creature */
     , (2000375,   2,         57) /* CreatureType - AunTumerok */
     , (2000375,   6,         -1) /* ItemsCapacity */
     , (2000375,   7,         -1) /* ContainersCapacity */
     , (2000375,  16,         32) /* ItemUseable - Remote */
     , (2000375,  25,         72) /* Level */
     , (2000375,  93,    6292504) /* PhysicsState - ReportCollisions, IgnoreCollisions, Gravity, ReportCollisionsAsEnvironment, EdgeSlide */
     , (2000375,  95,          8) /* RadarBlipColor - Yellow */
     , (2000375, 133,          4) /* ShowableOnRadar - ShowAlways */
     , (2000375, 134,         16) /* PlayerKillerStatus - RubberGlue */;

INSERT INTO `weenie_properties_bool` (`object_Id`, `type`, `value`)
VALUES (2000375,   1, True ) /* Stuck */
     , (2000375,  11, True ) /* IgnoreCollisions */
     , (2000375,  12, True ) /* ReportCollisions */
     , (2000375,  14, True ) /* GravityStatus */
     , (2000375,  19, False) /* Attackable */
     , (2000375,  41, True ) /* ReportCollisionsAsEnvironment */
     , (2000375,  42, True ) /* AllowEdgeSlide */;

INSERT INTO `weenie_properties_float` (`object_Id`, `type`, `value`)
VALUES (2000375,  54,       3) /* UseRadius */;

INSERT INTO `weenie_properties_string` (`object_Id`, `type`, `value`)
VALUES (2000375,   1, 'Townfolk') /* Name */
     , (2000375,   5, 'Portal Warden') /* Template */;

INSERT INTO `weenie_properties_d_i_d` (`object_Id`, `type`, `value`)
VALUES (2000375,   1,   33557117) /* Setup */
     , (2000375,   2,  150994945) /* MotionTable */
     , (2000375,   3,  536870931) /* SoundTable */
     , (2000375,   6,   67113280) /* PaletteBase */
     , (2000375,   8,  100671756) /* Icon */;

INSERT INTO `weenie_properties_attribute` (`object_Id`, `type`, `init_Level`, `level_From_C_P`, `c_P_Spent`)
VALUES (2000375,   1, 180, 0, 0) /* Strength */
     , (2000375,   2, 190, 0, 0) /* Endurance */
     , (2000375,   3, 165, 0, 0) /* Quickness */
     , (2000375,   4, 175, 0, 0) /* Coordination */
     , (2000375,   5, 150, 0, 0) /* Focus */
     , (2000375,   6, 160, 0, 0) /* Self */;

INSERT INTO `weenie_properties_attribute_2nd` (`object_Id`, `type`, `init_Level`, `level_From_C_P`, `c_P_Spent`, `current_Level`)
VALUES (2000375,   1,   100, 0, 0, 195) /* MaxHealth */
     , (2000375,   3,   100, 0, 0, 290) /* MaxStamina */
     , (2000375,   5,   100, 0, 0, 260) /* MaxMana */;

INSERT INTO `weenie_properties_skill` (`object_Id`, `type`, `level_From_P_P`, `s_a_c`, `p_p`, `init_Level`, `resistance_At_Last_Check`, `last_Used_Time`)
VALUES (2000375,  6, 0, 3, 0, 410, 0, 0) /* MeleeDefense        Specialized */;

INSERT INTO `weenie_properties_body_part` (`object_Id`, `key`, `d_Type`, `d_Val`, `d_Var`, `base_Armor`, `armor_Vs_Slash`, `armor_Vs_Pierce`, `armor_Vs_Bludgeon`, `armor_Vs_Cold`, `armor_Vs_Fire`, `armor_Vs_Acid`, `armor_Vs_Electric`, `armor_Vs_Nether`, `b_h`, `h_l_f`, `m_l_f`, `l_l_f`, `h_r_f`, `m_r_f`, `l_r_f`, `h_l_b`, `m_l_b`, `l_l_b`, `h_r_b`, `m_r_b`, `l_r_b`)
VALUES (2000375,  0,  4,  0,    0,    0,    0,    0,    0,    0,    0,    0,    0,    0, 1, 0.33,    0,    0, 0.33,    0,    0, 0.33,    0,    0, 0.33,    0,    0) /* Head */
     , (2000375,  1,  4,  0,    0,    0,    0,    0,    0,    0,    0,    0,    0,    0, 2, 0.44, 0.17,    0, 0.44, 0.17,    0, 0.44, 0.17,    0, 0.44, 0.17,    0) /* Chest */
     , (2000375,  2,  4,  0,    0,    0,    0,    0,    0,    0,    0,    0,    0,    0, 3,    0, 0.17,    0,    0, 0.17,    0,    0, 0.17,    0,    0, 0.17,    0) /* Abdomen */
     , (2000375,  3,  4,  0,    0,    0,    0,    0,    0,    0,    0,    0,    0,    0, 1, 0.23, 0.03,    0, 0.23, 0.03,    0, 0.23, 0.03,    0, 0.23, 0.03,    0) /* UpperArm */
     , (2000375,  4,  4,  0,    0,    0,    0,    0,    0,    0,    0,    0,    0,    0, 2,    0,  0.3,    0,    0,  0.3,    0,    0,  0.3,    0,    0,  0.3,    0) /* LowerArm */
     , (2000375,  5,  4,  2, 0.75,    0,    0,    0,    0,    0,    0,    0,    0,    0, 2,    0,  0.2,    0,    0,  0.2,    0,    0,  0.2,    0,    0,  0.2,    0) /* Hand */
     , (2000375,  6,  4,  0,    0,    0,    0,    0,    0,    0,    0,    0,    0,    0, 3,    0, 0.13, 0.18,    0, 0.13, 0.18,    0, 0.13, 0.18,    0, 0.13, 0.18) /* UpperLeg */
     , (2000375,  7,  4,  0,    0,    0,    0,    0,    0,    0,    0,    0,    0,    0, 3,    0,    0,  0.6,    0,    0,  0.6,    0,    0,  0.6,    0,    0,  0.6) /* LowerLeg */
     , (2000375,  8,  4,  2, 0.75,    0,    0,    0,    0,    0,    0,    0,    0,    0, 3,    0,    0, 0.22,    0,    0, 0.22,    0,    0, 0.22,    0,    0, 0.22) /* Foot */;

INSERT INTO `weenie_properties_emote` (`object_Id`, `category`, `probability`, `weenie_Class_Id`, `style`, `substyle`, `quest`, `vendor_Type`, `min_Health`, `max_Health`)
VALUES (2000375,  7 /* Use */,      1, NULL, NULL, NULL, NULL, NULL, NULL, NULL);

SET @parent_id = LAST_INSERT_ID();

INSERT INTO `weenie_properties_emote_action` (`emote_Id`, `order`, `type`, `delay`, `extent`, `motion`, `message`, `test_String`, `min`, `max`, `min_64`, `max_64`, `min_Dbl`, `max_Dbl`, `stat`, `display`, `amount`, `amount_64`, `hero_X_P_64`, `percent`, `spell_Id`, `wealth_Rating`, `treasure_Class`, `treasure_Type`, `p_Script`, `sound`, `destination_Type`, `weenie_Class_Id`, `stack_Size`, `palette`, `shade`, `try_To_Bond`, `obj_Cell_Id`, `origin_X`, `origin_Y`, `origin_Z`, `angles_W`, `angles_X`, `angles_Y`, `angles_Z`)
VALUES (@parent_id,  0,  10 /* Tell */, 1, 1, NULL, 'Some little shit kid, called me stinky!', NULL, NULL, NULL, NULL, NULL, NULL, NULL, NULL, NULL, NULL, NULL, NULL, NULL, NULL, NULL, NULL, NULL, NULL, NULL, NULL, NULL, NULL, NULL, NULL, NULL, NULL, NULL, NULL, NULL, NULL, NULL, NULL, NULL);

DELETE FROM `weenie` WHERE `class_Id` = 2000376;

INSERT INTO `weenie` (`class_Id`, `class_Name`, `type`, `last_Modified`)
VALUES (2000376, 'ace2000376-townsfolk', 10, '2019-09-30 13:46:36') /* Creature */;

INSERT INTO `weenie_properties_int` (`object_Id`, `type`, `value`)
VALUES (2000376,   1,         16) /* ItemType - Creature */
     , (2000376,   2,         31) /* CreatureType - Human */
     , (2000376,   6,         -1) /* ItemsCapacity */
     , (2000376,   7,         -1) /* ContainersCapacity */
     , (2000376,   8,        120) /* Mass */
     , (2000376,  16,         32) /* ItemUseable - Remote */
     , (2000376,  25,         16) /* Level */
     , (2000376,  27,          0) /* ArmorType - None */
     , (2000376,  93,    6292504) /* PhysicsState - ReportCollisions, IgnoreCollisions, Gravity, ReportCollisionsAsEnvironment, EdgeSlide */
     , (2000376,  95,          8) /* RadarBlipColor - Yellow */
     , (2000376, 113,          2) /* Gender - Female */
     , (2000376, 133,          4) /* ShowableOnRadar - ShowAlways */
     , (2000376, 134,         16) /* PlayerKillerStatus - RubberGlue */
     , (2000376, 146,        318) /* XpOverride */
     , (2000376, 188,          1) /* HeritageGroup - Aluvian */;

INSERT INTO `weenie_properties_bool` (`object_Id`, `type`, `value`)
VALUES (2000376,   1, True ) /* Stuck */
     , (2000376,   8, True ) /* AllowGive */
     , (2000376,  11, True ) /* IgnoreCollisions */
     , (2000376,  12, True ) /* ReportCollisions */
     , (2000376,  13, False) /* Ethereal */
     , (2000376,  14, True ) /* GravityStatus */
     , (2000376,  19, False) /* Attackable */
     , (2000376,  29, True ) /* NoCorpse */
     , (2000376,  41, True ) /* ReportCollisionsAsEnvironment */
     , (2000376,  42, True ) /* AllowEdgeSlide */
     , (2000376,  52, True ) /* AiImmobile */
     , (2000376,  79, True ) /* AiAcceptEverything */;

INSERT INTO `weenie_properties_float` (`object_Id`, `type`, `value`)
VALUES (2000376,   1,       5) /* HeartbeatInterval */
     , (2000376,   2,       0) /* HeartbeatTimestamp */
     , (2000376,   3, 0.159999996423721) /* HealthRate */
     , (2000376,   4,       5) /* StaminaRate */
     , (2000376,   5,       1) /* ManaRate */
     , (2000376,  13, 0.899999976158142) /* ArmorModVsSlash */
     , (2000376,  14,       1) /* ArmorModVsPierce */
     , (2000376,  15, 1.10000002384186) /* ArmorModVsBludgeon */
     , (2000376,  16, 0.400000005960464) /* ArmorModVsCold */
     , (2000376,  17, 0.400000005960464) /* ArmorModVsFire */
     , (2000376,  18,       1) /* ArmorModVsAcid */
     , (2000376,  19, 0.600000023841858) /* ArmorModVsElectric */
     , (2000376,  54,       3) /* UseRadius */
     , (2000376,  64,       1) /* ResistSlash */
     , (2000376,  65,       1) /* ResistPierce */
     , (2000376,  66,       1) /* ResistBludgeon */
     , (2000376,  67,       1) /* ResistFire */
     , (2000376,  68,       1) /* ResistCold */
     , (2000376,  69,       1) /* ResistAcid */
     , (2000376,  70,       1) /* ResistElectric */
     , (2000376,  71,       1) /* ResistHealthBoost */
     , (2000376,  72,       1) /* ResistStaminaDrain */
     , (2000376,  73,       1) /* ResistStaminaBoost */
     , (2000376,  74,       1) /* ResistManaDrain */
     , (2000376,  75,       1) /* ResistManaBoost */
     , (2000376, 104,      10) /* ObviousRadarRange */
     , (2000376, 125,       1) /* ResistHealthDrain */;

INSERT INTO `weenie_properties_string` (`object_Id`, `type`, `value`)
VALUES (2000376,   1, 'Townsfolk') /* Name */
     , (2000376,   3, 'Female') /* Sex */
     , (2000376,   4, 'Aluvian') /* HeritageGroup */
     , (2000376,   5, 'Herald') /* Template */;

INSERT INTO `weenie_properties_d_i_d` (`object_Id`, `type`, `value`)
VALUES (2000376,   1,   33554510) /* Setup */
     , (2000376,   2,  150994945) /* MotionTable */
     , (2000376,   3,  536870914) /* SoundTable */
     , (2000376,   4,  805306368) /* CombatTable */
     , (2000376,   6,   67108990) /* PaletteBase */
     , (2000376,   8,  100667446) /* Icon */
     , (2000376,   9,   83890279) /* EyesTexture */
     , (2000376,  10,   83890302) /* NoseTexture */
     , (2000376,  11,   83890324) /* MouthTexture */
     , (2000376,  15,   67116982) /* HairPalette */
     , (2000376,  16,   67110063) /* EyesPalette */
     , (2000376,  17,   67109561) /* SkinPalette */;

INSERT INTO `weenie_properties_attribute` (`object_Id`, `type`, `init_Level`, `level_From_C_P`, `c_P_Spent`)
VALUES (2000376,   1, 120, 0, 0) /* Strength */
     , (2000376,   2, 130, 0, 0) /* Endurance */
     , (2000376,   3, 100, 0, 0) /* Quickness */
     , (2000376,   4, 115, 0, 0) /* Coordination */
     , (2000376,   5, 110, 0, 0) /* Focus */
     , (2000376,   6, 100, 0, 0) /* Self */;

INSERT INTO `weenie_properties_attribute_2nd` (`object_Id`, `type`, `init_Level`, `level_From_C_P`, `c_P_Spent`, `current_Level`)
VALUES (2000376,   1,     0, 0, 0, 65) /* MaxHealth */
     , (2000376,   3,     0, 0, 0, 130) /* MaxStamina */
     , (2000376,   5,     0, 0, 0, 100) /* MaxMana */;

INSERT INTO `weenie_properties_skill` (`object_Id`, `type`, `level_From_P_P`, `s_a_c`, `p_p`, `init_Level`, `resistance_At_Last_Check`, `last_Used_Time`)
VALUES (2000376,  6, 0, 2, 0,   1, 0, 0) /* MeleeDefense        Trained */
     , (2000376,  7, 0, 2, 0,   1, 0, 0) /* MissileDefense      Trained */
     , (2000376, 13, 0, 2, 0,   1, 0, 0) /* UnarmedCombat       Trained */;

INSERT INTO `weenie_properties_body_part` (`object_Id`, `key`, `d_Type`, `d_Val`, `d_Var`, `base_Armor`, `armor_Vs_Slash`, `armor_Vs_Pierce`, `armor_Vs_Bludgeon`, `armor_Vs_Cold`, `armor_Vs_Fire`, `armor_Vs_Acid`, `armor_Vs_Electric`, `armor_Vs_Nether`, `b_h`, `h_l_f`, `m_l_f`, `l_l_f`, `h_r_f`, `m_r_f`, `l_r_f`, `h_l_b`, `m_l_b`, `l_l_b`, `h_r_b`, `m_r_b`, `l_r_b`)
VALUES (2000376,  0,  4,  0,    0,    0,    0,    0,    0,    0,    0,    0,    0,    0, 1, 0.33,    0,    0, 0.33,    0,    0, 0.33,    0,    0, 0.33,    0,    0) /* Head */
     , (2000376,  1,  4,  0,    0,    0,    0,    0,    0,    0,    0,    0,    0,    0, 2, 0.44, 0.17,    0, 0.44, 0.17,    0, 0.44, 0.17,    0, 0.44, 0.17,    0) /* Chest */
     , (2000376,  2,  4,  0,    0,    0,    0,    0,    0,    0,    0,    0,    0,    0, 3,    0, 0.17,    0,    0, 0.17,    0,    0, 0.17,    0,    0, 0.17,    0) /* Abdomen */
     , (2000376,  3,  4,  0,    0,    0,    0,    0,    0,    0,    0,    0,    0,    0, 1, 0.23, 0.03,    0, 0.23, 0.03,    0, 0.23, 0.03,    0, 0.23, 0.03,    0) /* UpperArm */
     , (2000376,  4,  4,  0,    0,    0,    0,    0,    0,    0,    0,    0,    0,    0, 2,    0,  0.3,    0,    0,  0.3,    0,    0,  0.3,    0,    0,  0.3,    0) /* LowerArm */
     , (2000376,  5,  4,  2, 0.75,    0,    0,    0,    0,    0,    0,    0,    0,    0, 2,    0,  0.2,    0,    0,  0.2,    0,    0,  0.2,    0,    0,  0.2,    0) /* Hand */
     , (2000376,  6,  4,  0,    0,    0,    0,    0,    0,    0,    0,    0,    0,    0, 3,    0, 0.13, 0.18,    0, 0.13, 0.18,    0, 0.13, 0.18,    0, 0.13, 0.18) /* UpperLeg */
     , (2000376,  7,  4,  0,    0,    0,    0,    0,    0,    0,    0,    0,    0,    0, 3,    0,    0,  0.6,    0,    0,  0.6,    0,    0,  0.6,    0,    0,  0.6) /* LowerLeg */
     , (2000376,  8,  4,  2, 0.75,    0,    0,    0,    0,    0,    0,    0,    0,    0, 3,    0,    0, 0.22,    0,    0, 0.22,    0,    0, 0.22,    0,    0, 0.22) /* Foot */;

INSERT INTO `weenie_properties_emote` (`object_Id`, `category`, `probability`, `weenie_Class_Id`, `style`, `substyle`, `quest`, `vendor_Type`, `min_Health`, `max_Health`)
VALUES (2000376,  7 /* Use */,      1, NULL, NULL, NULL, NULL, NULL, NULL, NULL);

SET @parent_id = LAST_INSERT_ID();

INSERT INTO `weenie_properties_emote_action` (`emote_Id`, `order`, `type`, `delay`, `extent`, `motion`, `message`, `test_String`, `min`, `max`, `min_64`, `max_64`, `min_Dbl`, `max_Dbl`, `stat`, `display`, `amount`, `amount_64`, `hero_X_P_64`, `percent`, `spell_Id`, `wealth_Rating`, `treasure_Class`, `treasure_Type`, `p_Script`, `sound`, `destination_Type`, `weenie_Class_Id`, `stack_Size`, `palette`, `shade`, `try_To_Bond`, `obj_Cell_Id`, `origin_X`, `origin_Y`, `origin_Z`, `angles_W`, `angles_X`, `angles_Y`, `angles_Z`)
VALUES (@parent_id,  0,  10 /* Tell */, 0, 1, NULL, 'I hear they are working on a new type of composite bow. Should be neat', NULL, NULL, NULL, NULL, NULL, NULL, NULL, NULL, NULL, NULL, NULL, NULL, NULL, NULL, NULL, NULL, NULL, NULL, NULL, NULL, NULL, NULL, NULL, NULL, NULL, NULL, NULL, NULL, NULL, NULL, NULL, NULL, NULL);

INSERT INTO `weenie_properties_create_list` (`object_Id`, `destination_Type`, `weenie_Class_Id`, `stack_Size`, `palette`, `shade`, `try_To_Bond`)
VALUES (2000376, 2,   121,  0, 90, 0.8, False) /* Create Gloves (121) for Wield */
     , (2000376, 2,  8372,  0, 87, 1, False) /* Create Yifan Dress (8372) for Wield */
     , (2000376, 2,  2604,  0, 91, 1, False) /* Create Breeches (2604) for Wield */;

DELETE FROM `weenie` WHERE `class_Id` = 2000377;

INSERT INTO `weenie` (`class_Id`, `class_Name`, `type`, `last_Modified`)
VALUES (2000377, 'ace2000377-townfolk', 10, '2019-09-30 13:46:37') /* Creature */;

INSERT INTO `weenie_properties_int` (`object_Id`, `type`, `value`)
VALUES (2000377,   1,         16) /* ItemType - Creature */
     , (2000377,   2,          5) /* CreatureType - Lugian */
     , (2000377,   3,         17) /* PaletteTemplate - Yellow */
     , (2000377,   6,         -1) /* ItemsCapacity */
     , (2000377,   7,         -1) /* ContainersCapacity */
     , (2000377,   8,        120) /* Mass */
     , (2000377,  16,         32) /* ItemUseable - Remote */
     , (2000377,  25,        155) /* Level */
     , (2000377,  27,          0) /* ArmorType - None */
     , (2000377,  93,    6292504) /* PhysicsState - ReportCollisions, IgnoreCollisions, Gravity, ReportCollisionsAsEnvironment, EdgeSlide */
     , (2000377,  95,          8) /* RadarBlipColor - Yellow */
     , (2000377, 133,          4) /* ShowableOnRadar - ShowAlways */
     , (2000377, 134,         16) /* PlayerKillerStatus - RubberGlue */
     , (2000377, 146,      17763) /* XpOverride */;

INSERT INTO `weenie_properties_bool` (`object_Id`, `type`, `value`)
VALUES (2000377,   1, True ) /* Stuck */
     , (2000377,   8, True ) /* AllowGive */
     , (2000377,  12, True ) /* ReportCollisions */
     , (2000377,  13, False) /* Ethereal */
     , (2000377,  19, False) /* Attackable */
     , (2000377,  41, True ) /* ReportCollisionsAsEnvironment */
     , (2000377,  42, True ) /* AllowEdgeSlide */
     , (2000377,  52, True ) /* AiImmobile */;

INSERT INTO `weenie_properties_float` (`object_Id`, `type`, `value`)
VALUES (2000377,   1,       5) /* HeartbeatInterval */
     , (2000377,   2,       0) /* HeartbeatTimestamp */
     , (2000377,   3, 0.159999996423721) /* HealthRate */
     , (2000377,   4,       5) /* StaminaRate */
     , (2000377,   5,       1) /* ManaRate */
     , (2000377,  12,     0.5) /* Shade */
     , (2000377,  13, 0.899999976158142) /* ArmorModVsSlash */
     , (2000377,  14,       1) /* ArmorModVsPierce */
     , (2000377,  15, 1.10000002384186) /* ArmorModVsBludgeon */
     , (2000377,  16, 0.400000005960464) /* ArmorModVsCold */
     , (2000377,  17, 0.400000005960464) /* ArmorModVsFire */
     , (2000377,  18,       1) /* ArmorModVsAcid */
     , (2000377,  19, 0.600000023841858) /* ArmorModVsElectric */
     , (2000377,  54,       3) /* UseRadius */
     , (2000377,  64,       1) /* ResistSlash */
     , (2000377,  65,       1) /* ResistPierce */
     , (2000377,  66,       1) /* ResistBludgeon */
     , (2000377,  67,       1) /* ResistFire */
     , (2000377,  68,       1) /* ResistCold */
     , (2000377,  69,       1) /* ResistAcid */
     , (2000377,  70,       1) /* ResistElectric */
     , (2000377,  71,       1) /* ResistHealthBoost */
     , (2000377,  72,       1) /* ResistStaminaDrain */
     , (2000377,  73,       1) /* ResistStaminaBoost */
     , (2000377,  74,       1) /* ResistManaDrain */
     , (2000377,  75,       1) /* ResistManaBoost */
     , (2000377, 104,      10) /* ObviousRadarRange */
     , (2000377, 125,       1) /* ResistHealthDrain */;

INSERT INTO `weenie_properties_string` (`object_Id`, `type`, `value`)
VALUES (2000377,   1, 'Townfolk') /* Name */;

INSERT INTO `weenie_properties_d_i_d` (`object_Id`, `type`, `value`)
VALUES (2000377,   1,   33557003) /* Setup */
     , (2000377,   2,  150994950) /* MotionTable */
     , (2000377,   3,  536870922) /* SoundTable */
     , (2000377,   4,  805306371) /* CombatTable */
     , (2000377,   6,   67113158) /* PaletteBase */
     , (2000377,   7,  268436632) /* ClothingBase */
     , (2000377,   8,  100667447) /* Icon */;

INSERT INTO `weenie_properties_attribute` (`object_Id`, `type`, `init_Level`, `level_From_C_P`, `c_P_Spent`)
VALUES (2000377,   1, 400, 0, 0) /* Strength */
     , (2000377,   2, 360, 0, 0) /* Endurance */
     , (2000377,   3, 350, 0, 0) /* Quickness */
     , (2000377,   4, 420, 0, 0) /* Coordination */
     , (2000377,   5, 250, 0, 0) /* Focus */
     , (2000377,   6, 270, 0, 0) /* Self */;

INSERT INTO `weenie_properties_attribute_2nd` (`object_Id`, `type`, `init_Level`, `level_From_C_P`, `c_P_Spent`, `current_Level`)
VALUES (2000377,   1,   200, 0, 0, 380) /* MaxHealth */
     , (2000377,   3,   100, 0, 0, 460) /* MaxStamina */
     , (2000377,   5,    40, 0, 0, 310) /* MaxMana */;

INSERT INTO `weenie_properties_skill` (`object_Id`, `type`, `level_From_P_P`, `s_a_c`, `p_p`, `init_Level`, `resistance_At_Last_Check`, `last_Used_Time`)
VALUES (2000377,  6, 0, 2, 0,   2, 0, 0) /* MeleeDefense        Trained */
     , (2000377,  7, 0, 2, 0,   2, 0, 0) /* MissileDefense      Trained */
     , (2000377, 13, 0, 2, 0,   2, 0, 0) /* UnarmedCombat       Trained */;

INSERT INTO `weenie_properties_body_part` (`object_Id`, `key`, `d_Type`, `d_Val`, `d_Var`, `base_Armor`, `armor_Vs_Slash`, `armor_Vs_Pierce`, `armor_Vs_Bludgeon`, `armor_Vs_Cold`, `armor_Vs_Fire`, `armor_Vs_Acid`, `armor_Vs_Electric`, `armor_Vs_Nether`, `b_h`, `h_l_f`, `m_l_f`, `l_l_f`, `h_r_f`, `m_r_f`, `l_r_f`, `h_l_b`, `m_l_b`, `l_l_b`, `h_r_b`, `m_r_b`, `l_r_b`)
VALUES (2000377,  0,  4,  0,    0,    0,    0,    0,    0,    0,    0,    0,    0,    0, 1, 0.33,    0,    0, 0.33,    0,    0, 0.33,    0,    0, 0.33,    0,    0) /* Head */
     , (2000377,  1,  4,  0,    0,    0,    0,    0,    0,    0,    0,    0,    0,    0, 2, 0.44, 0.17,    0, 0.44, 0.17,    0, 0.44, 0.17,    0, 0.44, 0.17,    0) /* Chest */
     , (2000377,  2,  4,  0,    0,    0,    0,    0,    0,    0,    0,    0,    0,    0, 3,    0, 0.17,    0,    0, 0.17,    0,    0, 0.17,    0,    0, 0.17,    0) /* Abdomen */
     , (2000377,  3,  4,  0,    0,    0,    0,    0,    0,    0,    0,    0,    0,    0, 1, 0.23, 0.03,    0, 0.23, 0.03,    0, 0.23, 0.03,    0, 0.23, 0.03,    0) /* UpperArm */
     , (2000377,  4,  4,  0,    0,    0,    0,    0,    0,    0,    0,    0,    0,    0, 2,    0,  0.3,    0,    0,  0.3,    0,    0,  0.3,    0,    0,  0.3,    0) /* LowerArm */
     , (2000377,  5,  4,  2, 0.75,    0,    0,    0,    0,    0,    0,    0,    0,    0, 2,    0,  0.2,    0,    0,  0.2,    0,    0,  0.2,    0,    0,  0.2,    0) /* Hand */
     , (2000377,  6,  4,  0,    0,    0,    0,    0,    0,    0,    0,    0,    0,    0, 3,    0, 0.13, 0.18,    0, 0.13, 0.18,    0, 0.13, 0.18,    0, 0.13, 0.18) /* UpperLeg */
     , (2000377,  7,  4,  0,    0,    0,    0,    0,    0,    0,    0,    0,    0,    0, 3,    0,    0,  0.6,    0,    0,  0.6,    0,    0,  0.6,    0,    0,  0.6) /* LowerLeg */
     , (2000377,  8,  4,  2, 0.75,    0,    0,    0,    0,    0,    0,    0,    0,    0, 3,    0,    0, 0.22,    0,    0, 0.22,    0,    0, 0.22,    0,    0, 0.22) /* Foot */;

INSERT INTO `weenie_properties_emote` (`object_Id`, `category`, `probability`, `weenie_Class_Id`, `style`, `substyle`, `quest`, `vendor_Type`, `min_Health`, `max_Health`)
VALUES (2000377,  7 /* Use */,      1, NULL, NULL, NULL, NULL, NULL, NULL, NULL);

SET @parent_id = LAST_INSERT_ID();

INSERT INTO `weenie_properties_emote_action` (`emote_Id`, `order`, `type`, `delay`, `extent`, `motion`, `message`, `test_String`, `min`, `max`, `min_64`, `max_64`, `min_Dbl`, `max_Dbl`, `stat`, `display`, `amount`, `amount_64`, `hero_X_P_64`, `percent`, `spell_Id`, `wealth_Rating`, `treasure_Class`, `treasure_Type`, `p_Script`, `sound`, `destination_Type`, `weenie_Class_Id`, `stack_Size`, `palette`, `shade`, `try_To_Bond`, `obj_Cell_Id`, `origin_X`, `origin_Y`, `origin_Z`, `angles_W`, `angles_X`, `angles_Y`, `angles_Z`)
VALUES (@parent_id,  0,  10 /* Tell */, 1, 1, NULL, 'Those golems It''s Clobbering Time!', NULL, NULL, NULL, NULL, NULL, NULL, NULL, NULL, NULL, NULL, NULL, NULL, NULL, NULL, NULL, NULL, NULL, NULL, NULL, NULL, NULL, NULL, NULL, NULL, NULL, NULL, NULL, NULL, NULL, NULL, NULL, NULL, NULL);

DELETE FROM `weenie` WHERE `class_Id` = 2000378;

INSERT INTO `weenie` (`class_Id`, `class_Name`, `type`, `last_Modified`)
VALUES (2000378, 'ace2000378-townsfolk', 10, '2019-09-30 13:46:38') /* Creature */;

INSERT INTO `weenie_properties_int` (`object_Id`, `type`, `value`)
VALUES (2000378,   1,         16) /* ItemType - Creature */
     , (2000378,   2,         31) /* CreatureType - Human */
     , (2000378,   6,         -1) /* ItemsCapacity */
     , (2000378,   7,         -1) /* ContainersCapacity */
     , (2000378,   8,        120) /* Mass */
     , (2000378,  16,         32) /* ItemUseable - Remote */
     , (2000378,  25,         16) /* Level */
     , (2000378,  27,          0) /* ArmorType - None */
     , (2000378,  93,    6292504) /* PhysicsState - ReportCollisions, IgnoreCollisions, Gravity, ReportCollisionsAsEnvironment, EdgeSlide */
     , (2000378,  95,          8) /* RadarBlipColor - Yellow */
     , (2000378, 113,          2) /* Gender - Female */
     , (2000378, 133,          4) /* ShowableOnRadar - ShowAlways */
     , (2000378, 134,         16) /* PlayerKillerStatus - RubberGlue */
     , (2000378, 146,        318) /* XpOverride */
     , (2000378, 188,          1) /* HeritageGroup - Aluvian */;

INSERT INTO `weenie_properties_bool` (`object_Id`, `type`, `value`)
VALUES (2000378,   1, True ) /* Stuck */
     , (2000378,   8, True ) /* AllowGive */
     , (2000378,  11, True ) /* IgnoreCollisions */
     , (2000378,  12, True ) /* ReportCollisions */
     , (2000378,  13, False) /* Ethereal */
     , (2000378,  14, True ) /* GravityStatus */
     , (2000378,  19, False) /* Attackable */
     , (2000378,  29, True ) /* NoCorpse */
     , (2000378,  41, True ) /* ReportCollisionsAsEnvironment */
     , (2000378,  42, True ) /* AllowEdgeSlide */
     , (2000378,  52, True ) /* AiImmobile */
     , (2000378,  79, True ) /* AiAcceptEverything */;

INSERT INTO `weenie_properties_float` (`object_Id`, `type`, `value`)
VALUES (2000378,   1,       5) /* HeartbeatInterval */
     , (2000378,   2,       0) /* HeartbeatTimestamp */
     , (2000378,   3, 0.159999996423721) /* HealthRate */
     , (2000378,   4,       5) /* StaminaRate */
     , (2000378,   5,       1) /* ManaRate */
     , (2000378,  13, 0.899999976158142) /* ArmorModVsSlash */
     , (2000378,  14,       1) /* ArmorModVsPierce */
     , (2000378,  15, 1.10000002384186) /* ArmorModVsBludgeon */
     , (2000378,  16, 0.400000005960464) /* ArmorModVsCold */
     , (2000378,  17, 0.400000005960464) /* ArmorModVsFire */
     , (2000378,  18,       1) /* ArmorModVsAcid */
     , (2000378,  19, 0.600000023841858) /* ArmorModVsElectric */
     , (2000378,  54,       3) /* UseRadius */
     , (2000378,  64,       1) /* ResistSlash */
     , (2000378,  65,       1) /* ResistPierce */
     , (2000378,  66,       1) /* ResistBludgeon */
     , (2000378,  67,       1) /* ResistFire */
     , (2000378,  68,       1) /* ResistCold */
     , (2000378,  69,       1) /* ResistAcid */
     , (2000378,  70,       1) /* ResistElectric */
     , (2000378,  71,       1) /* ResistHealthBoost */
     , (2000378,  72,       1) /* ResistStaminaDrain */
     , (2000378,  73,       1) /* ResistStaminaBoost */
     , (2000378,  74,       1) /* ResistManaDrain */
     , (2000378,  75,       1) /* ResistManaBoost */
     , (2000378, 104,      10) /* ObviousRadarRange */
     , (2000378, 125,       1) /* ResistHealthDrain */;

INSERT INTO `weenie_properties_string` (`object_Id`, `type`, `value`)
VALUES (2000378,   1, 'Townsfolk') /* Name */
     , (2000378,   3, 'Female') /* Sex */
     , (2000378,   4, 'Aluvian') /* HeritageGroup */
     , (2000378,   5, 'Herald') /* Template */;

INSERT INTO `weenie_properties_d_i_d` (`object_Id`, `type`, `value`)
VALUES (2000378,   1,   33554510) /* Setup */
     , (2000378,   2,  150994945) /* MotionTable */
     , (2000378,   3,  536870914) /* SoundTable */
     , (2000378,   4,  805306368) /* CombatTable */
     , (2000378,   6,   67108990) /* PaletteBase */
     , (2000378,   8,  100667446) /* Icon */
     , (2000378,   9,   83890279) /* EyesTexture */
     , (2000378,  10,   83890302) /* NoseTexture */
     , (2000378,  11,   83890324) /* MouthTexture */
     , (2000378,  15,   67116982) /* HairPalette */
     , (2000378,  16,   67110063) /* EyesPalette */
     , (2000378,  17,   67109561) /* SkinPalette */;

INSERT INTO `weenie_properties_attribute` (`object_Id`, `type`, `init_Level`, `level_From_C_P`, `c_P_Spent`)
VALUES (2000378,   1, 120, 0, 0) /* Strength */
     , (2000378,   2, 130, 0, 0) /* Endurance */
     , (2000378,   3, 100, 0, 0) /* Quickness */
     , (2000378,   4, 115, 0, 0) /* Coordination */
     , (2000378,   5, 110, 0, 0) /* Focus */
     , (2000378,   6, 100, 0, 0) /* Self */;

INSERT INTO `weenie_properties_attribute_2nd` (`object_Id`, `type`, `init_Level`, `level_From_C_P`, `c_P_Spent`, `current_Level`)
VALUES (2000378,   1,     0, 0, 0, 65) /* MaxHealth */
     , (2000378,   3,     0, 0, 0, 130) /* MaxStamina */
     , (2000378,   5,     0, 0, 0, 100) /* MaxMana */;

INSERT INTO `weenie_properties_skill` (`object_Id`, `type`, `level_From_P_P`, `s_a_c`, `p_p`, `init_Level`, `resistance_At_Last_Check`, `last_Used_Time`)
VALUES (2000378,  6, 0, 2, 0,   1, 0, 0) /* MeleeDefense        Trained */
     , (2000378,  7, 0, 2, 0,   1, 0, 0) /* MissileDefense      Trained */
     , (2000378, 13, 0, 2, 0,   1, 0, 0) /* UnarmedCombat       Trained */;

INSERT INTO `weenie_properties_body_part` (`object_Id`, `key`, `d_Type`, `d_Val`, `d_Var`, `base_Armor`, `armor_Vs_Slash`, `armor_Vs_Pierce`, `armor_Vs_Bludgeon`, `armor_Vs_Cold`, `armor_Vs_Fire`, `armor_Vs_Acid`, `armor_Vs_Electric`, `armor_Vs_Nether`, `b_h`, `h_l_f`, `m_l_f`, `l_l_f`, `h_r_f`, `m_r_f`, `l_r_f`, `h_l_b`, `m_l_b`, `l_l_b`, `h_r_b`, `m_r_b`, `l_r_b`)
VALUES (2000378,  0,  4,  0,    0,    0,    0,    0,    0,    0,    0,    0,    0,    0, 1, 0.33,    0,    0, 0.33,    0,    0, 0.33,    0,    0, 0.33,    0,    0) /* Head */
     , (2000378,  1,  4,  0,    0,    0,    0,    0,    0,    0,    0,    0,    0,    0, 2, 0.44, 0.17,    0, 0.44, 0.17,    0, 0.44, 0.17,    0, 0.44, 0.17,    0) /* Chest */
     , (2000378,  2,  4,  0,    0,    0,    0,    0,    0,    0,    0,    0,    0,    0, 3,    0, 0.17,    0,    0, 0.17,    0,    0, 0.17,    0,    0, 0.17,    0) /* Abdomen */
     , (2000378,  3,  4,  0,    0,    0,    0,    0,    0,    0,    0,    0,    0,    0, 1, 0.23, 0.03,    0, 0.23, 0.03,    0, 0.23, 0.03,    0, 0.23, 0.03,    0) /* UpperArm */
     , (2000378,  4,  4,  0,    0,    0,    0,    0,    0,    0,    0,    0,    0,    0, 2,    0,  0.3,    0,    0,  0.3,    0,    0,  0.3,    0,    0,  0.3,    0) /* LowerArm */
     , (2000378,  5,  4,  2, 0.75,    0,    0,    0,    0,    0,    0,    0,    0,    0, 2,    0,  0.2,    0,    0,  0.2,    0,    0,  0.2,    0,    0,  0.2,    0) /* Hand */
     , (2000378,  6,  4,  0,    0,    0,    0,    0,    0,    0,    0,    0,    0,    0, 3,    0, 0.13, 0.18,    0, 0.13, 0.18,    0, 0.13, 0.18,    0, 0.13, 0.18) /* UpperLeg */
     , (2000378,  7,  4,  0,    0,    0,    0,    0,    0,    0,    0,    0,    0,    0, 3,    0,    0,  0.6,    0,    0,  0.6,    0,    0,  0.6,    0,    0,  0.6) /* LowerLeg */
     , (2000378,  8,  4,  2, 0.75,    0,    0,    0,    0,    0,    0,    0,    0,    0, 3,    0,    0, 0.22,    0,    0, 0.22,    0,    0, 0.22,    0,    0, 0.22) /* Foot */;

INSERT INTO `weenie_properties_emote` (`object_Id`, `category`, `probability`, `weenie_Class_Id`, `style`, `substyle`, `quest`, `vendor_Type`, `min_Health`, `max_Health`)
VALUES (2000378,  7 /* Use */,      1, NULL, NULL, NULL, NULL, NULL, NULL, NULL);

SET @parent_id = LAST_INSERT_ID();

INSERT INTO `weenie_properties_emote_action` (`emote_Id`, `order`, `type`, `delay`, `extent`, `motion`, `message`, `test_String`, `min`, `max`, `min_64`, `max_64`, `min_Dbl`, `max_Dbl`, `stat`, `display`, `amount`, `amount_64`, `hero_X_P_64`, `percent`, `spell_Id`, `wealth_Rating`, `treasure_Class`, `treasure_Type`, `p_Script`, `sound`, `destination_Type`, `weenie_Class_Id`, `stack_Size`, `palette`, `shade`, `try_To_Bond`, `obj_Cell_Id`, `origin_X`, `origin_Y`, `origin_Z`, `angles_W`, `angles_X`, `angles_Y`, `angles_Z`)
VALUES (@parent_id,  0,  10 /* Tell */, 0, 1, NULL, 'Can''t we get a break. Golems again? Come on universe!', NULL, NULL, NULL, NULL, NULL, NULL, NULL, NULL, NULL, NULL, NULL, NULL, NULL, NULL, NULL, NULL, NULL, NULL, NULL, NULL, NULL, NULL, NULL, NULL, NULL, NULL, NULL, NULL, NULL, NULL, NULL, NULL, NULL);

INSERT INTO `weenie_properties_create_list` (`object_Id`, `destination_Type`, `weenie_Class_Id`, `stack_Size`, `palette`, `shade`, `try_To_Bond`)
VALUES (2000378, 2,   121,  0, 90, 0.8, False) /* Create Gloves (121) for Wield */
     , (2000378, 2,  8372,  0, 87, 1, False) /* Create Yifan Dress (8372) for Wield */
     , (2000378, 2,  2604,  0, 91, 1, False) /* Create Breeches (2604) for Wield */;

DELETE FROM `weenie` WHERE `class_Id` = 2000379;

INSERT INTO `weenie` (`class_Id`, `class_Name`, `type`, `last_Modified`)
VALUES (2000379, 'ace2000379-townsfolk', 10, '2019-09-30 13:46:39') /* Creature */;

INSERT INTO `weenie_properties_int` (`object_Id`, `type`, `value`)
VALUES (2000379,   1,         16) /* ItemType - Creature */
     , (2000379,   2,         31) /* CreatureType - Human */
     , (2000379,   6,         -1) /* ItemsCapacity */
     , (2000379,   7,         -1) /* ContainersCapacity */
     , (2000379,   8,        120) /* Mass */
     , (2000379,  16,         32) /* ItemUseable - Remote */
     , (2000379,  25,         16) /* Level */
     , (2000379,  27,          0) /* ArmorType - None */
     , (2000379,  93,    6292504) /* PhysicsState - ReportCollisions, IgnoreCollisions, Gravity, ReportCollisionsAsEnvironment, EdgeSlide */
     , (2000379,  95,          8) /* RadarBlipColor - Yellow */
     , (2000379, 113,          2) /* Gender - Female */
     , (2000379, 133,          4) /* ShowableOnRadar - ShowAlways */
     , (2000379, 134,         16) /* PlayerKillerStatus - RubberGlue */
     , (2000379, 146,        318) /* XpOverride */
     , (2000379, 188,          1) /* HeritageGroup - Aluvian */;

INSERT INTO `weenie_properties_bool` (`object_Id`, `type`, `value`)
VALUES (2000379,   1, True ) /* Stuck */
     , (2000379,   8, True ) /* AllowGive */
     , (2000379,  11, True ) /* IgnoreCollisions */
     , (2000379,  12, True ) /* ReportCollisions */
     , (2000379,  13, False) /* Ethereal */
     , (2000379,  14, True ) /* GravityStatus */
     , (2000379,  19, False) /* Attackable */
     , (2000379,  29, True ) /* NoCorpse */
     , (2000379,  41, True ) /* ReportCollisionsAsEnvironment */
     , (2000379,  42, True ) /* AllowEdgeSlide */
     , (2000379,  52, True ) /* AiImmobile */
     , (2000379,  79, True ) /* AiAcceptEverything */;

INSERT INTO `weenie_properties_float` (`object_Id`, `type`, `value`)
VALUES (2000379,   1,       5) /* HeartbeatInterval */
     , (2000379,   2,       0) /* HeartbeatTimestamp */
     , (2000379,   3, 0.159999996423721) /* HealthRate */
     , (2000379,   4,       5) /* StaminaRate */
     , (2000379,   5,       1) /* ManaRate */
     , (2000379,  13, 0.899999976158142) /* ArmorModVsSlash */
     , (2000379,  14,       1) /* ArmorModVsPierce */
     , (2000379,  15, 1.10000002384186) /* ArmorModVsBludgeon */
     , (2000379,  16, 0.400000005960464) /* ArmorModVsCold */
     , (2000379,  17, 0.400000005960464) /* ArmorModVsFire */
     , (2000379,  18,       1) /* ArmorModVsAcid */
     , (2000379,  19, 0.600000023841858) /* ArmorModVsElectric */
     , (2000379,  54,       3) /* UseRadius */
     , (2000379,  64,       1) /* ResistSlash */
     , (2000379,  65,       1) /* ResistPierce */
     , (2000379,  66,       1) /* ResistBludgeon */
     , (2000379,  67,       1) /* ResistFire */
     , (2000379,  68,       1) /* ResistCold */
     , (2000379,  69,       1) /* ResistAcid */
     , (2000379,  70,       1) /* ResistElectric */
     , (2000379,  71,       1) /* ResistHealthBoost */
     , (2000379,  72,       1) /* ResistStaminaDrain */
     , (2000379,  73,       1) /* ResistStaminaBoost */
     , (2000379,  74,       1) /* ResistManaDrain */
     , (2000379,  75,       1) /* ResistManaBoost */
     , (2000379, 104,      10) /* ObviousRadarRange */
     , (2000379, 125,       1) /* ResistHealthDrain */;

INSERT INTO `weenie_properties_string` (`object_Id`, `type`, `value`)
VALUES (2000379,   1, 'Townsfolk') /* Name */
     , (2000379,   3, 'Female') /* Sex */
     , (2000379,   4, 'Aluvian') /* HeritageGroup */
     , (2000379,   5, 'Herald') /* Template */;

INSERT INTO `weenie_properties_d_i_d` (`object_Id`, `type`, `value`)
VALUES (2000379,   1,   33554510) /* Setup */
     , (2000379,   2,  150994945) /* MotionTable */
     , (2000379,   3,  536870914) /* SoundTable */
     , (2000379,   4,  805306368) /* CombatTable */
     , (2000379,   6,   67108990) /* PaletteBase */
     , (2000379,   8,  100667446) /* Icon */
     , (2000379,   9,   83890279) /* EyesTexture */
     , (2000379,  10,   83890302) /* NoseTexture */
     , (2000379,  11,   83890324) /* MouthTexture */
     , (2000379,  15,   67116982) /* HairPalette */
     , (2000379,  16,   67110063) /* EyesPalette */
     , (2000379,  17,   67109561) /* SkinPalette */;

INSERT INTO `weenie_properties_attribute` (`object_Id`, `type`, `init_Level`, `level_From_C_P`, `c_P_Spent`)
VALUES (2000379,   1, 120, 0, 0) /* Strength */
     , (2000379,   2, 130, 0, 0) /* Endurance */
     , (2000379,   3, 100, 0, 0) /* Quickness */
     , (2000379,   4, 115, 0, 0) /* Coordination */
     , (2000379,   5, 110, 0, 0) /* Focus */
     , (2000379,   6, 100, 0, 0) /* Self */;

INSERT INTO `weenie_properties_attribute_2nd` (`object_Id`, `type`, `init_Level`, `level_From_C_P`, `c_P_Spent`, `current_Level`)
VALUES (2000379,   1,     0, 0, 0, 65) /* MaxHealth */
     , (2000379,   3,     0, 0, 0, 130) /* MaxStamina */
     , (2000379,   5,     0, 0, 0, 100) /* MaxMana */;

INSERT INTO `weenie_properties_skill` (`object_Id`, `type`, `level_From_P_P`, `s_a_c`, `p_p`, `init_Level`, `resistance_At_Last_Check`, `last_Used_Time`)
VALUES (2000379,  6, 0, 2, 0,   1, 0, 0) /* MeleeDefense        Trained */
     , (2000379,  7, 0, 2, 0,   1, 0, 0) /* MissileDefense      Trained */
     , (2000379, 13, 0, 2, 0,   1, 0, 0) /* UnarmedCombat       Trained */;

INSERT INTO `weenie_properties_body_part` (`object_Id`, `key`, `d_Type`, `d_Val`, `d_Var`, `base_Armor`, `armor_Vs_Slash`, `armor_Vs_Pierce`, `armor_Vs_Bludgeon`, `armor_Vs_Cold`, `armor_Vs_Fire`, `armor_Vs_Acid`, `armor_Vs_Electric`, `armor_Vs_Nether`, `b_h`, `h_l_f`, `m_l_f`, `l_l_f`, `h_r_f`, `m_r_f`, `l_r_f`, `h_l_b`, `m_l_b`, `l_l_b`, `h_r_b`, `m_r_b`, `l_r_b`)
VALUES (2000379,  0,  4,  0,    0,    0,    0,    0,    0,    0,    0,    0,    0,    0, 1, 0.33,    0,    0, 0.33,    0,    0, 0.33,    0,    0, 0.33,    0,    0) /* Head */
     , (2000379,  1,  4,  0,    0,    0,    0,    0,    0,    0,    0,    0,    0,    0, 2, 0.44, 0.17,    0, 0.44, 0.17,    0, 0.44, 0.17,    0, 0.44, 0.17,    0) /* Chest */
     , (2000379,  2,  4,  0,    0,    0,    0,    0,    0,    0,    0,    0,    0,    0, 3,    0, 0.17,    0,    0, 0.17,    0,    0, 0.17,    0,    0, 0.17,    0) /* Abdomen */
     , (2000379,  3,  4,  0,    0,    0,    0,    0,    0,    0,    0,    0,    0,    0, 1, 0.23, 0.03,    0, 0.23, 0.03,    0, 0.23, 0.03,    0, 0.23, 0.03,    0) /* UpperArm */
     , (2000379,  4,  4,  0,    0,    0,    0,    0,    0,    0,    0,    0,    0,    0, 2,    0,  0.3,    0,    0,  0.3,    0,    0,  0.3,    0,    0,  0.3,    0) /* LowerArm */
     , (2000379,  5,  4,  2, 0.75,    0,    0,    0,    0,    0,    0,    0,    0,    0, 2,    0,  0.2,    0,    0,  0.2,    0,    0,  0.2,    0,    0,  0.2,    0) /* Hand */
     , (2000379,  6,  4,  0,    0,    0,    0,    0,    0,    0,    0,    0,    0,    0, 3,    0, 0.13, 0.18,    0, 0.13, 0.18,    0, 0.13, 0.18,    0, 0.13, 0.18) /* UpperLeg */
     , (2000379,  7,  4,  0,    0,    0,    0,    0,    0,    0,    0,    0,    0,    0, 3,    0,    0,  0.6,    0,    0,  0.6,    0,    0,  0.6,    0,    0,  0.6) /* LowerLeg */
     , (2000379,  8,  4,  2, 0.75,    0,    0,    0,    0,    0,    0,    0,    0,    0, 3,    0,    0, 0.22,    0,    0, 0.22,    0,    0, 0.22,    0,    0, 0.22) /* Foot */;

INSERT INTO `weenie_properties_emote` (`object_Id`, `category`, `probability`, `weenie_Class_Id`, `style`, `substyle`, `quest`, `vendor_Type`, `min_Health`, `max_Health`)
VALUES (2000379,  7 /* Use */,      1, NULL, NULL, NULL, NULL, NULL, NULL, NULL);

SET @parent_id = LAST_INSERT_ID();

INSERT INTO `weenie_properties_emote_action` (`emote_Id`, `order`, `type`, `delay`, `extent`, `motion`, `message`, `test_String`, `min`, `max`, `min_64`, `max_64`, `min_Dbl`, `max_Dbl`, `stat`, `display`, `amount`, `amount_64`, `hero_X_P_64`, `percent`, `spell_Id`, `wealth_Rating`, `treasure_Class`, `treasure_Type`, `p_Script`, `sound`, `destination_Type`, `weenie_Class_Id`, `stack_Size`, `palette`, `shade`, `try_To_Bond`, `obj_Cell_Id`, `origin_X`, `origin_Y`, `origin_Z`, `angles_W`, `angles_X`, `angles_Y`, `angles_Z`)
VALUES (@parent_id,  0,  10 /* Tell */, 0, 1, NULL, 'Did you see that little midgit shit Crypt running around? Always causing trouble that little Demon Leprechaun.
', NULL, NULL, NULL, NULL, NULL, NULL, NULL, NULL, NULL, NULL, NULL, NULL, NULL, NULL, NULL, NULL, NULL, NULL, NULL, NULL, NULL, NULL, NULL, NULL, NULL, NULL, NULL, NULL, NULL, NULL, NULL, NULL, NULL);

INSERT INTO `weenie_properties_create_list` (`object_Id`, `destination_Type`, `weenie_Class_Id`, `stack_Size`, `palette`, `shade`, `try_To_Bond`)
VALUES (2000379, 2,   121,  0, 90, 0.8, False) /* Create Gloves (121) for Wield */
     , (2000379, 2,  2588,  0, 93, 1, False) /* Create Shirt (2588) for Wield */
     , (2000379, 2,  2604,  0, 88, 1, False) /* Create Breeches (2604) for Wield */;

DELETE FROM `weenie` WHERE `class_Id` = 2000380;

INSERT INTO `weenie` (`class_Id`, `class_Name`, `type`, `last_Modified`)
VALUES (2000380, 'ace2000380-townsfolk', 10, '2019-09-30 13:46:41') /* Creature */;

INSERT INTO `weenie_properties_int` (`object_Id`, `type`, `value`)
VALUES (2000380,   1,         16) /* ItemType - Creature */
     , (2000380,   2,         31) /* CreatureType - Human */
     , (2000380,   6,         -1) /* ItemsCapacity */
     , (2000380,   7,         -1) /* ContainersCapacity */
     , (2000380,   8,        120) /* Mass */
     , (2000380,  16,         32) /* ItemUseable - Remote */
     , (2000380,  25,         16) /* Level */
     , (2000380,  27,          0) /* ArmorType - None */
     , (2000380,  93,    6292504) /* PhysicsState - ReportCollisions, IgnoreCollisions, Gravity, ReportCollisionsAsEnvironment, EdgeSlide */
     , (2000380,  95,          8) /* RadarBlipColor - Yellow */
     , (2000380, 113,          2) /* Gender - Female */
     , (2000380, 133,          4) /* ShowableOnRadar - ShowAlways */
     , (2000380, 134,         16) /* PlayerKillerStatus - RubberGlue */
     , (2000380, 146,        318) /* XpOverride */
     , (2000380, 188,          1) /* HeritageGroup - Aluvian */;

INSERT INTO `weenie_properties_bool` (`object_Id`, `type`, `value`)
VALUES (2000380,   1, True ) /* Stuck */
     , (2000380,   8, True ) /* AllowGive */
     , (2000380,  11, True ) /* IgnoreCollisions */
     , (2000380,  12, True ) /* ReportCollisions */
     , (2000380,  13, False) /* Ethereal */
     , (2000380,  14, True ) /* GravityStatus */
     , (2000380,  19, False) /* Attackable */
     , (2000380,  29, True ) /* NoCorpse */
     , (2000380,  41, True ) /* ReportCollisionsAsEnvironment */
     , (2000380,  42, True ) /* AllowEdgeSlide */
     , (2000380,  52, True ) /* AiImmobile */
     , (2000380,  79, True ) /* AiAcceptEverything */;

INSERT INTO `weenie_properties_float` (`object_Id`, `type`, `value`)
VALUES (2000380,   1,       5) /* HeartbeatInterval */
     , (2000380,   2,       0) /* HeartbeatTimestamp */
     , (2000380,   3, 0.159999996423721) /* HealthRate */
     , (2000380,   4,       5) /* StaminaRate */
     , (2000380,   5,       1) /* ManaRate */
     , (2000380,  13, 0.899999976158142) /* ArmorModVsSlash */
     , (2000380,  14,       1) /* ArmorModVsPierce */
     , (2000380,  15, 1.10000002384186) /* ArmorModVsBludgeon */
     , (2000380,  16, 0.400000005960464) /* ArmorModVsCold */
     , (2000380,  17, 0.400000005960464) /* ArmorModVsFire */
     , (2000380,  18,       1) /* ArmorModVsAcid */
     , (2000380,  19, 0.600000023841858) /* ArmorModVsElectric */
     , (2000380,  54,       3) /* UseRadius */
     , (2000380,  64,       1) /* ResistSlash */
     , (2000380,  65,       1) /* ResistPierce */
     , (2000380,  66,       1) /* ResistBludgeon */
     , (2000380,  67,       1) /* ResistFire */
     , (2000380,  68,       1) /* ResistCold */
     , (2000380,  69,       1) /* ResistAcid */
     , (2000380,  70,       1) /* ResistElectric */
     , (2000380,  71,       1) /* ResistHealthBoost */
     , (2000380,  72,       1) /* ResistStaminaDrain */
     , (2000380,  73,       1) /* ResistStaminaBoost */
     , (2000380,  74,       1) /* ResistManaDrain */
     , (2000380,  75,       1) /* ResistManaBoost */
     , (2000380, 104,      10) /* ObviousRadarRange */
     , (2000380, 125,       1) /* ResistHealthDrain */;

INSERT INTO `weenie_properties_string` (`object_Id`, `type`, `value`)
VALUES (2000380,   1, 'Townsfolk') /* Name */
     , (2000380,   3, 'Female') /* Sex */
     , (2000380,   4, 'Aluvian') /* HeritageGroup */
     , (2000380,   5, 'Herald') /* Template */;

INSERT INTO `weenie_properties_d_i_d` (`object_Id`, `type`, `value`)
VALUES (2000380,   1,   33554510) /* Setup */
     , (2000380,   2,  150994945) /* MotionTable */
     , (2000380,   3,  536870914) /* SoundTable */
     , (2000380,   4,  805306368) /* CombatTable */
     , (2000380,   6,   67108990) /* PaletteBase */
     , (2000380,   8,  100667446) /* Icon */
     , (2000380,   9,   83890279) /* EyesTexture */
     , (2000380,  10,   83890302) /* NoseTexture */
     , (2000380,  11,   83890324) /* MouthTexture */
     , (2000380,  15,   67116982) /* HairPalette */
     , (2000380,  16,   67110063) /* EyesPalette */
     , (2000380,  17,   67109561) /* SkinPalette */;

INSERT INTO `weenie_properties_attribute` (`object_Id`, `type`, `init_Level`, `level_From_C_P`, `c_P_Spent`)
VALUES (2000380,   1, 120, 0, 0) /* Strength */
     , (2000380,   2, 130, 0, 0) /* Endurance */
     , (2000380,   3, 100, 0, 0) /* Quickness */
     , (2000380,   4, 115, 0, 0) /* Coordination */
     , (2000380,   5, 110, 0, 0) /* Focus */
     , (2000380,   6, 100, 0, 0) /* Self */;

INSERT INTO `weenie_properties_attribute_2nd` (`object_Id`, `type`, `init_Level`, `level_From_C_P`, `c_P_Spent`, `current_Level`)
VALUES (2000380,   1,     0, 0, 0, 65) /* MaxHealth */
     , (2000380,   3,     0, 0, 0, 130) /* MaxStamina */
     , (2000380,   5,     0, 0, 0, 100) /* MaxMana */;

INSERT INTO `weenie_properties_skill` (`object_Id`, `type`, `level_From_P_P`, `s_a_c`, `p_p`, `init_Level`, `resistance_At_Last_Check`, `last_Used_Time`)
VALUES (2000380,  6, 0, 2, 0,   1, 0, 0) /* MeleeDefense        Trained */
     , (2000380,  7, 0, 2, 0,   1, 0, 0) /* MissileDefense      Trained */
     , (2000380, 13, 0, 2, 0,   1, 0, 0) /* UnarmedCombat       Trained */;

INSERT INTO `weenie_properties_body_part` (`object_Id`, `key`, `d_Type`, `d_Val`, `d_Var`, `base_Armor`, `armor_Vs_Slash`, `armor_Vs_Pierce`, `armor_Vs_Bludgeon`, `armor_Vs_Cold`, `armor_Vs_Fire`, `armor_Vs_Acid`, `armor_Vs_Electric`, `armor_Vs_Nether`, `b_h`, `h_l_f`, `m_l_f`, `l_l_f`, `h_r_f`, `m_r_f`, `l_r_f`, `h_l_b`, `m_l_b`, `l_l_b`, `h_r_b`, `m_r_b`, `l_r_b`)
VALUES (2000380,  0,  4,  0,    0,    0,    0,    0,    0,    0,    0,    0,    0,    0, 1, 0.33,    0,    0, 0.33,    0,    0, 0.33,    0,    0, 0.33,    0,    0) /* Head */
     , (2000380,  1,  4,  0,    0,    0,    0,    0,    0,    0,    0,    0,    0,    0, 2, 0.44, 0.17,    0, 0.44, 0.17,    0, 0.44, 0.17,    0, 0.44, 0.17,    0) /* Chest */
     , (2000380,  2,  4,  0,    0,    0,    0,    0,    0,    0,    0,    0,    0,    0, 3,    0, 0.17,    0,    0, 0.17,    0,    0, 0.17,    0,    0, 0.17,    0) /* Abdomen */
     , (2000380,  3,  4,  0,    0,    0,    0,    0,    0,    0,    0,    0,    0,    0, 1, 0.23, 0.03,    0, 0.23, 0.03,    0, 0.23, 0.03,    0, 0.23, 0.03,    0) /* UpperArm */
     , (2000380,  4,  4,  0,    0,    0,    0,    0,    0,    0,    0,    0,    0,    0, 2,    0,  0.3,    0,    0,  0.3,    0,    0,  0.3,    0,    0,  0.3,    0) /* LowerArm */
     , (2000380,  5,  4,  2, 0.75,    0,    0,    0,    0,    0,    0,    0,    0,    0, 2,    0,  0.2,    0,    0,  0.2,    0,    0,  0.2,    0,    0,  0.2,    0) /* Hand */
     , (2000380,  6,  4,  0,    0,    0,    0,    0,    0,    0,    0,    0,    0,    0, 3,    0, 0.13, 0.18,    0, 0.13, 0.18,    0, 0.13, 0.18,    0, 0.13, 0.18) /* UpperLeg */
     , (2000380,  7,  4,  0,    0,    0,    0,    0,    0,    0,    0,    0,    0,    0, 3,    0,    0,  0.6,    0,    0,  0.6,    0,    0,  0.6,    0,    0,  0.6) /* LowerLeg */
     , (2000380,  8,  4,  2, 0.75,    0,    0,    0,    0,    0,    0,    0,    0,    0, 3,    0,    0, 0.22,    0,    0, 0.22,    0,    0, 0.22,    0,    0, 0.22) /* Foot */;

INSERT INTO `weenie_properties_emote` (`object_Id`, `category`, `probability`, `weenie_Class_Id`, `style`, `substyle`, `quest`, `vendor_Type`, `min_Health`, `max_Health`)
VALUES (2000380,  7 /* Use */,      1, NULL, NULL, NULL, NULL, NULL, NULL, NULL);

SET @parent_id = LAST_INSERT_ID();

INSERT INTO `weenie_properties_emote_action` (`emote_Id`, `order`, `type`, `delay`, `extent`, `motion`, `message`, `test_String`, `min`, `max`, `min_64`, `max_64`, `min_Dbl`, `max_Dbl`, `stat`, `display`, `amount`, `amount_64`, `hero_X_P_64`, `percent`, `spell_Id`, `wealth_Rating`, `treasure_Class`, `treasure_Type`, `p_Script`, `sound`, `destination_Type`, `weenie_Class_Id`, `stack_Size`, `palette`, `shade`, `try_To_Bond`, `obj_Cell_Id`, `origin_X`, `origin_Y`, `origin_Z`, `angles_W`, `angles_X`, `angles_Y`, `angles_Z`)
VALUES (@parent_id,  0,  10 /* Tell */, 0, 1, NULL, 'I swear BZ was right here!!! I''m not lying.', NULL, NULL, NULL, NULL, NULL, NULL, NULL, NULL, NULL, NULL, NULL, NULL, NULL, NULL, NULL, NULL, NULL, NULL, NULL, NULL, NULL, NULL, NULL, NULL, NULL, NULL, NULL, NULL, NULL, NULL, NULL, NULL, NULL);

INSERT INTO `weenie_properties_create_list` (`object_Id`, `destination_Type`, `weenie_Class_Id`, `stack_Size`, `palette`, `shade`, `try_To_Bond`)
VALUES (2000380, 2,   121,  0, 90, 0.8, False) /* Create Gloves (121) for Wield */
     , (2000380, 2,  8372,  0, 93, 1, False) /* Create Yifan Dress (8372) for Wield */
     , (2000380, 2,  2604,  0, 91, 1, False) /* Create Breeches (2604) for Wield */;

DELETE FROM `weenie` WHERE `class_Id` = 2000381;

INSERT INTO `weenie` (`class_Id`, `class_Name`, `type`, `last_Modified`)
VALUES (2000381, 'ace2000381-townsfolk', 10, '2019-09-30 13:46:42') /* Creature */;

INSERT INTO `weenie_properties_int` (`object_Id`, `type`, `value`)
VALUES (2000381,   1,         16) /* ItemType - Creature */
     , (2000381,   2,         31) /* CreatureType - Human */
     , (2000381,   6,         -1) /* ItemsCapacity */
     , (2000381,   7,         -1) /* ContainersCapacity */
     , (2000381,   8,        120) /* Mass */
     , (2000381,  16,         32) /* ItemUseable - Remote */
     , (2000381,  25,         16) /* Level */
     , (2000381,  27,          0) /* ArmorType - None */
     , (2000381,  93,    6292504) /* PhysicsState - ReportCollisions, IgnoreCollisions, Gravity, ReportCollisionsAsEnvironment, EdgeSlide */
     , (2000381,  95,          8) /* RadarBlipColor - Yellow */
     , (2000381, 113,          2) /* Gender - Female */
     , (2000381, 133,          4) /* ShowableOnRadar - ShowAlways */
     , (2000381, 134,         16) /* PlayerKillerStatus - RubberGlue */
     , (2000381, 146,        318) /* XpOverride */
     , (2000381, 188,          1) /* HeritageGroup - Aluvian */;

INSERT INTO `weenie_properties_bool` (`object_Id`, `type`, `value`)
VALUES (2000381,   1, True ) /* Stuck */
     , (2000381,   8, True ) /* AllowGive */
     , (2000381,  11, True ) /* IgnoreCollisions */
     , (2000381,  12, True ) /* ReportCollisions */
     , (2000381,  13, False) /* Ethereal */
     , (2000381,  14, True ) /* GravityStatus */
     , (2000381,  19, False) /* Attackable */
     , (2000381,  29, True ) /* NoCorpse */
     , (2000381,  41, True ) /* ReportCollisionsAsEnvironment */
     , (2000381,  42, True ) /* AllowEdgeSlide */
     , (2000381,  52, True ) /* AiImmobile */
     , (2000381,  79, True ) /* AiAcceptEverything */;

INSERT INTO `weenie_properties_float` (`object_Id`, `type`, `value`)
VALUES (2000381,   1,       5) /* HeartbeatInterval */
     , (2000381,   2,       0) /* HeartbeatTimestamp */
     , (2000381,   3, 0.159999996423721) /* HealthRate */
     , (2000381,   4,       5) /* StaminaRate */
     , (2000381,   5,       1) /* ManaRate */
     , (2000381,  13, 0.899999976158142) /* ArmorModVsSlash */
     , (2000381,  14,       1) /* ArmorModVsPierce */
     , (2000381,  15, 1.10000002384186) /* ArmorModVsBludgeon */
     , (2000381,  16, 0.400000005960464) /* ArmorModVsCold */
     , (2000381,  17, 0.400000005960464) /* ArmorModVsFire */
     , (2000381,  18,       1) /* ArmorModVsAcid */
     , (2000381,  19, 0.600000023841858) /* ArmorModVsElectric */
     , (2000381,  54,       3) /* UseRadius */
     , (2000381,  64,       1) /* ResistSlash */
     , (2000381,  65,       1) /* ResistPierce */
     , (2000381,  66,       1) /* ResistBludgeon */
     , (2000381,  67,       1) /* ResistFire */
     , (2000381,  68,       1) /* ResistCold */
     , (2000381,  69,       1) /* ResistAcid */
     , (2000381,  70,       1) /* ResistElectric */
     , (2000381,  71,       1) /* ResistHealthBoost */
     , (2000381,  72,       1) /* ResistStaminaDrain */
     , (2000381,  73,       1) /* ResistStaminaBoost */
     , (2000381,  74,       1) /* ResistManaDrain */
     , (2000381,  75,       1) /* ResistManaBoost */
     , (2000381, 104,      10) /* ObviousRadarRange */
     , (2000381, 125,       1) /* ResistHealthDrain */;

INSERT INTO `weenie_properties_string` (`object_Id`, `type`, `value`)
VALUES (2000381,   1, 'Townsfolk') /* Name */
     , (2000381,   3, 'Female') /* Sex */
     , (2000381,   4, 'Aluvian') /* HeritageGroup */
     , (2000381,   5, 'Herald') /* Template */;

INSERT INTO `weenie_properties_d_i_d` (`object_Id`, `type`, `value`)
VALUES (2000381,   1,   33554510) /* Setup */
     , (2000381,   2,  150994945) /* MotionTable */
     , (2000381,   3,  536870914) /* SoundTable */
     , (2000381,   4,  805306368) /* CombatTable */
     , (2000381,   6,   67108990) /* PaletteBase */
     , (2000381,   8,  100667446) /* Icon */
     , (2000381,   9,   83890279) /* EyesTexture */
     , (2000381,  10,   83890302) /* NoseTexture */
     , (2000381,  11,   83890324) /* MouthTexture */
     , (2000381,  15,   67116982) /* HairPalette */
     , (2000381,  16,   67110063) /* EyesPalette */
     , (2000381,  17,   67109561) /* SkinPalette */;

INSERT INTO `weenie_properties_attribute` (`object_Id`, `type`, `init_Level`, `level_From_C_P`, `c_P_Spent`)
VALUES (2000381,   1, 120, 0, 0) /* Strength */
     , (2000381,   2, 130, 0, 0) /* Endurance */
     , (2000381,   3, 100, 0, 0) /* Quickness */
     , (2000381,   4, 115, 0, 0) /* Coordination */
     , (2000381,   5, 110, 0, 0) /* Focus */
     , (2000381,   6, 100, 0, 0) /* Self */;

INSERT INTO `weenie_properties_attribute_2nd` (`object_Id`, `type`, `init_Level`, `level_From_C_P`, `c_P_Spent`, `current_Level`)
VALUES (2000381,   1,     0, 0, 0, 65) /* MaxHealth */
     , (2000381,   3,     0, 0, 0, 130) /* MaxStamina */
     , (2000381,   5,     0, 0, 0, 100) /* MaxMana */;

INSERT INTO `weenie_properties_skill` (`object_Id`, `type`, `level_From_P_P`, `s_a_c`, `p_p`, `init_Level`, `resistance_At_Last_Check`, `last_Used_Time`)
VALUES (2000381,  6, 0, 2, 0,   1, 0, 0) /* MeleeDefense        Trained */
     , (2000381,  7, 0, 2, 0,   1, 0, 0) /* MissileDefense      Trained */
     , (2000381, 13, 0, 2, 0,   1, 0, 0) /* UnarmedCombat       Trained */;

INSERT INTO `weenie_properties_body_part` (`object_Id`, `key`, `d_Type`, `d_Val`, `d_Var`, `base_Armor`, `armor_Vs_Slash`, `armor_Vs_Pierce`, `armor_Vs_Bludgeon`, `armor_Vs_Cold`, `armor_Vs_Fire`, `armor_Vs_Acid`, `armor_Vs_Electric`, `armor_Vs_Nether`, `b_h`, `h_l_f`, `m_l_f`, `l_l_f`, `h_r_f`, `m_r_f`, `l_r_f`, `h_l_b`, `m_l_b`, `l_l_b`, `h_r_b`, `m_r_b`, `l_r_b`)
VALUES (2000381,  0,  4,  0,    0,    0,    0,    0,    0,    0,    0,    0,    0,    0, 1, 0.33,    0,    0, 0.33,    0,    0, 0.33,    0,    0, 0.33,    0,    0) /* Head */
     , (2000381,  1,  4,  0,    0,    0,    0,    0,    0,    0,    0,    0,    0,    0, 2, 0.44, 0.17,    0, 0.44, 0.17,    0, 0.44, 0.17,    0, 0.44, 0.17,    0) /* Chest */
     , (2000381,  2,  4,  0,    0,    0,    0,    0,    0,    0,    0,    0,    0,    0, 3,    0, 0.17,    0,    0, 0.17,    0,    0, 0.17,    0,    0, 0.17,    0) /* Abdomen */
     , (2000381,  3,  4,  0,    0,    0,    0,    0,    0,    0,    0,    0,    0,    0, 1, 0.23, 0.03,    0, 0.23, 0.03,    0, 0.23, 0.03,    0, 0.23, 0.03,    0) /* UpperArm */
     , (2000381,  4,  4,  0,    0,    0,    0,    0,    0,    0,    0,    0,    0,    0, 2,    0,  0.3,    0,    0,  0.3,    0,    0,  0.3,    0,    0,  0.3,    0) /* LowerArm */
     , (2000381,  5,  4,  2, 0.75,    0,    0,    0,    0,    0,    0,    0,    0,    0, 2,    0,  0.2,    0,    0,  0.2,    0,    0,  0.2,    0,    0,  0.2,    0) /* Hand */
     , (2000381,  6,  4,  0,    0,    0,    0,    0,    0,    0,    0,    0,    0,    0, 3,    0, 0.13, 0.18,    0, 0.13, 0.18,    0, 0.13, 0.18,    0, 0.13, 0.18) /* UpperLeg */
     , (2000381,  7,  4,  0,    0,    0,    0,    0,    0,    0,    0,    0,    0,    0, 3,    0,    0,  0.6,    0,    0,  0.6,    0,    0,  0.6,    0,    0,  0.6) /* LowerLeg */
     , (2000381,  8,  4,  2, 0.75,    0,    0,    0,    0,    0,    0,    0,    0,    0, 3,    0,    0, 0.22,    0,    0, 0.22,    0,    0, 0.22,    0,    0, 0.22) /* Foot */;

INSERT INTO `weenie_properties_emote` (`object_Id`, `category`, `probability`, `weenie_Class_Id`, `style`, `substyle`, `quest`, `vendor_Type`, `min_Health`, `max_Health`)
VALUES (2000381,  7 /* Use */,      1, NULL, NULL, NULL, NULL, NULL, NULL, NULL);

SET @parent_id = LAST_INSERT_ID();

INSERT INTO `weenie_properties_emote_action` (`emote_Id`, `order`, `type`, `delay`, `extent`, `motion`, `message`, `test_String`, `min`, `max`, `min_64`, `max_64`, `min_Dbl`, `max_Dbl`, `stat`, `display`, `amount`, `amount_64`, `hero_X_P_64`, `percent`, `spell_Id`, `wealth_Rating`, `treasure_Class`, `treasure_Type`, `p_Script`, `sound`, `destination_Type`, `weenie_Class_Id`, `stack_Size`, `palette`, `shade`, `try_To_Bond`, `obj_Cell_Id`, `origin_X`, `origin_Y`, `origin_Z`, `angles_W`, `angles_X`, `angles_Y`, `angles_Z`)
VALUES (@parent_id,  0,  10 /* Tell */, 0, 1, NULL, 'I hear there is a great plan for Yanshi coming soon.', NULL, NULL, NULL, NULL, NULL, NULL, NULL, NULL, NULL, NULL, NULL, NULL, NULL, NULL, NULL, NULL, NULL, NULL, NULL, NULL, NULL, NULL, NULL, NULL, NULL, NULL, NULL, NULL, NULL, NULL, NULL, NULL, NULL);

INSERT INTO `weenie_properties_create_list` (`object_Id`, `destination_Type`, `weenie_Class_Id`, `stack_Size`, `palette`, `shade`, `try_To_Bond`)
VALUES (2000381, 2,   121,  0, 90, 0.8, False) /* Create Gloves (121) for Wield */
     , (2000381, 2,  2588,  0, 90, 1, False) /* Create Shirt (2588) for Wield */
     , (2000381, 2,  2604,  0, 88, 1, False) /* Create Breeches (2604) for Wield */;

DELETE FROM `weenie` WHERE `class_Id` = 2000382;

INSERT INTO `weenie` (`class_Id`, `class_Name`, `type`, `last_Modified`)
VALUES (2000382, 'ace2000382-townsfolk', 10, '2019-09-30 13:46:43') /* Creature */;

INSERT INTO `weenie_properties_int` (`object_Id`, `type`, `value`)
VALUES (2000382,   1,         16) /* ItemType - Creature */
     , (2000382,   2,         31) /* CreatureType - Human */
     , (2000382,   6,         -1) /* ItemsCapacity */
     , (2000382,   7,         -1) /* ContainersCapacity */
     , (2000382,   8,        120) /* Mass */
     , (2000382,  16,         32) /* ItemUseable - Remote */
     , (2000382,  25,         16) /* Level */
     , (2000382,  27,          0) /* ArmorType - None */
     , (2000382,  93,    6292504) /* PhysicsState - ReportCollisions, IgnoreCollisions, Gravity, ReportCollisionsAsEnvironment, EdgeSlide */
     , (2000382,  95,          8) /* RadarBlipColor - Yellow */
     , (2000382, 113,          2) /* Gender - Female */
     , (2000382, 133,          4) /* ShowableOnRadar - ShowAlways */
     , (2000382, 134,         16) /* PlayerKillerStatus - RubberGlue */
     , (2000382, 146,        318) /* XpOverride */
     , (2000382, 188,          1) /* HeritageGroup - Aluvian */;

INSERT INTO `weenie_properties_bool` (`object_Id`, `type`, `value`)
VALUES (2000382,   1, True ) /* Stuck */
     , (2000382,   8, True ) /* AllowGive */
     , (2000382,  11, True ) /* IgnoreCollisions */
     , (2000382,  12, True ) /* ReportCollisions */
     , (2000382,  13, False) /* Ethereal */
     , (2000382,  14, True ) /* GravityStatus */
     , (2000382,  19, False) /* Attackable */
     , (2000382,  29, True ) /* NoCorpse */
     , (2000382,  41, True ) /* ReportCollisionsAsEnvironment */
     , (2000382,  42, True ) /* AllowEdgeSlide */
     , (2000382,  52, True ) /* AiImmobile */
     , (2000382,  79, True ) /* AiAcceptEverything */;

INSERT INTO `weenie_properties_float` (`object_Id`, `type`, `value`)
VALUES (2000382,   1,       5) /* HeartbeatInterval */
     , (2000382,   2,       0) /* HeartbeatTimestamp */
     , (2000382,   3, 0.159999996423721) /* HealthRate */
     , (2000382,   4,       5) /* StaminaRate */
     , (2000382,   5,       1) /* ManaRate */
     , (2000382,  13, 0.899999976158142) /* ArmorModVsSlash */
     , (2000382,  14,       1) /* ArmorModVsPierce */
     , (2000382,  15, 1.10000002384186) /* ArmorModVsBludgeon */
     , (2000382,  16, 0.400000005960464) /* ArmorModVsCold */
     , (2000382,  17, 0.400000005960464) /* ArmorModVsFire */
     , (2000382,  18,       1) /* ArmorModVsAcid */
     , (2000382,  19, 0.600000023841858) /* ArmorModVsElectric */
     , (2000382,  54,       3) /* UseRadius */
     , (2000382,  64,       1) /* ResistSlash */
     , (2000382,  65,       1) /* ResistPierce */
     , (2000382,  66,       1) /* ResistBludgeon */
     , (2000382,  67,       1) /* ResistFire */
     , (2000382,  68,       1) /* ResistCold */
     , (2000382,  69,       1) /* ResistAcid */
     , (2000382,  70,       1) /* ResistElectric */
     , (2000382,  71,       1) /* ResistHealthBoost */
     , (2000382,  72,       1) /* ResistStaminaDrain */
     , (2000382,  73,       1) /* ResistStaminaBoost */
     , (2000382,  74,       1) /* ResistManaDrain */
     , (2000382,  75,       1) /* ResistManaBoost */
     , (2000382, 104,      10) /* ObviousRadarRange */
     , (2000382, 125,       1) /* ResistHealthDrain */;

INSERT INTO `weenie_properties_string` (`object_Id`, `type`, `value`)
VALUES (2000382,   1, 'Townsfolk') /* Name */
     , (2000382,   3, 'Female') /* Sex */
     , (2000382,   4, 'Aluvian') /* HeritageGroup */
     , (2000382,   5, 'Herald') /* Template */;

INSERT INTO `weenie_properties_d_i_d` (`object_Id`, `type`, `value`)
VALUES (2000382,   1,   33554510) /* Setup */
     , (2000382,   2,  150994945) /* MotionTable */
     , (2000382,   3,  536870914) /* SoundTable */
     , (2000382,   4,  805306368) /* CombatTable */
     , (2000382,   6,   67108990) /* PaletteBase */
     , (2000382,   8,  100667446) /* Icon */
     , (2000382,   9,   83890279) /* EyesTexture */
     , (2000382,  10,   83890302) /* NoseTexture */
     , (2000382,  11,   83890324) /* MouthTexture */
     , (2000382,  15,   67116982) /* HairPalette */
     , (2000382,  16,   67110063) /* EyesPalette */
     , (2000382,  17,   67109561) /* SkinPalette */;

INSERT INTO `weenie_properties_attribute` (`object_Id`, `type`, `init_Level`, `level_From_C_P`, `c_P_Spent`)
VALUES (2000382,   1, 120, 0, 0) /* Strength */
     , (2000382,   2, 130, 0, 0) /* Endurance */
     , (2000382,   3, 100, 0, 0) /* Quickness */
     , (2000382,   4, 115, 0, 0) /* Coordination */
     , (2000382,   5, 110, 0, 0) /* Focus */
     , (2000382,   6, 100, 0, 0) /* Self */;

INSERT INTO `weenie_properties_attribute_2nd` (`object_Id`, `type`, `init_Level`, `level_From_C_P`, `c_P_Spent`, `current_Level`)
VALUES (2000382,   1,     0, 0, 0, 65) /* MaxHealth */
     , (2000382,   3,     0, 0, 0, 130) /* MaxStamina */
     , (2000382,   5,     0, 0, 0, 100) /* MaxMana */;

INSERT INTO `weenie_properties_skill` (`object_Id`, `type`, `level_From_P_P`, `s_a_c`, `p_p`, `init_Level`, `resistance_At_Last_Check`, `last_Used_Time`)
VALUES (2000382,  6, 0, 2, 0,   1, 0, 0) /* MeleeDefense        Trained */
     , (2000382,  7, 0, 2, 0,   1, 0, 0) /* MissileDefense      Trained */
     , (2000382, 13, 0, 2, 0,   1, 0, 0) /* UnarmedCombat       Trained */;

INSERT INTO `weenie_properties_body_part` (`object_Id`, `key`, `d_Type`, `d_Val`, `d_Var`, `base_Armor`, `armor_Vs_Slash`, `armor_Vs_Pierce`, `armor_Vs_Bludgeon`, `armor_Vs_Cold`, `armor_Vs_Fire`, `armor_Vs_Acid`, `armor_Vs_Electric`, `armor_Vs_Nether`, `b_h`, `h_l_f`, `m_l_f`, `l_l_f`, `h_r_f`, `m_r_f`, `l_r_f`, `h_l_b`, `m_l_b`, `l_l_b`, `h_r_b`, `m_r_b`, `l_r_b`)
VALUES (2000382,  0,  4,  0,    0,    0,    0,    0,    0,    0,    0,    0,    0,    0, 1, 0.33,    0,    0, 0.33,    0,    0, 0.33,    0,    0, 0.33,    0,    0) /* Head */
     , (2000382,  1,  4,  0,    0,    0,    0,    0,    0,    0,    0,    0,    0,    0, 2, 0.44, 0.17,    0, 0.44, 0.17,    0, 0.44, 0.17,    0, 0.44, 0.17,    0) /* Chest */
     , (2000382,  2,  4,  0,    0,    0,    0,    0,    0,    0,    0,    0,    0,    0, 3,    0, 0.17,    0,    0, 0.17,    0,    0, 0.17,    0,    0, 0.17,    0) /* Abdomen */
     , (2000382,  3,  4,  0,    0,    0,    0,    0,    0,    0,    0,    0,    0,    0, 1, 0.23, 0.03,    0, 0.23, 0.03,    0, 0.23, 0.03,    0, 0.23, 0.03,    0) /* UpperArm */
     , (2000382,  4,  4,  0,    0,    0,    0,    0,    0,    0,    0,    0,    0,    0, 2,    0,  0.3,    0,    0,  0.3,    0,    0,  0.3,    0,    0,  0.3,    0) /* LowerArm */
     , (2000382,  5,  4,  2, 0.75,    0,    0,    0,    0,    0,    0,    0,    0,    0, 2,    0,  0.2,    0,    0,  0.2,    0,    0,  0.2,    0,    0,  0.2,    0) /* Hand */
     , (2000382,  6,  4,  0,    0,    0,    0,    0,    0,    0,    0,    0,    0,    0, 3,    0, 0.13, 0.18,    0, 0.13, 0.18,    0, 0.13, 0.18,    0, 0.13, 0.18) /* UpperLeg */
     , (2000382,  7,  4,  0,    0,    0,    0,    0,    0,    0,    0,    0,    0,    0, 3,    0,    0,  0.6,    0,    0,  0.6,    0,    0,  0.6,    0,    0,  0.6) /* LowerLeg */
     , (2000382,  8,  4,  2, 0.75,    0,    0,    0,    0,    0,    0,    0,    0,    0, 3,    0,    0, 0.22,    0,    0, 0.22,    0,    0, 0.22,    0,    0, 0.22) /* Foot */;

INSERT INTO `weenie_properties_emote` (`object_Id`, `category`, `probability`, `weenie_Class_Id`, `style`, `substyle`, `quest`, `vendor_Type`, `min_Health`, `max_Health`)
VALUES (2000382,  7 /* Use */,      1, NULL, NULL, NULL, NULL, NULL, NULL, NULL);

SET @parent_id = LAST_INSERT_ID();

INSERT INTO `weenie_properties_emote_action` (`emote_Id`, `order`, `type`, `delay`, `extent`, `motion`, `message`, `test_String`, `min`, `max`, `min_64`, `max_64`, `min_Dbl`, `max_Dbl`, `stat`, `display`, `amount`, `amount_64`, `hero_X_P_64`, `percent`, `spell_Id`, `wealth_Rating`, `treasure_Class`, `treasure_Type`, `p_Script`, `sound`, `destination_Type`, `weenie_Class_Id`, `stack_Size`, `palette`, `shade`, `try_To_Bond`, `obj_Cell_Id`, `origin_X`, `origin_Y`, `origin_Z`, `angles_W`, `angles_X`, `angles_Y`, `angles_Z`)
VALUES (@parent_id,  0,  10 /* Tell */, 0, 1, NULL, 'hic*.. Outta my way pooface!...hic*', NULL, NULL, NULL, NULL, NULL, NULL, NULL, NULL, NULL, NULL, NULL, NULL, NULL, NULL, NULL, NULL, NULL, NULL, NULL, NULL, NULL, NULL, NULL, NULL, NULL, NULL, NULL, NULL, NULL, NULL, NULL, NULL, NULL);

INSERT INTO `weenie_properties_create_list` (`object_Id`, `destination_Type`, `weenie_Class_Id`, `stack_Size`, `palette`, `shade`, `try_To_Bond`)
VALUES (2000382, 2,   121,  0, 90, 0.8, False) /* Create Gloves (121) for Wield */
     , (2000382, 2,  8372,  0, 92, 1, False) /* Create Yifan Dress (8372) for Wield */
     , (2000382, 2,  2604,  0, 91, 1, False) /* Create Breeches (2604) for Wield */;

DELETE FROM `weenie` WHERE `class_Id` = 2000383;

INSERT INTO `weenie` (`class_Id`, `class_Name`, `type`, `last_Modified`)
VALUES (2000383, 'ace2000383-townfolk', 10, '2019-09-30 13:46:45') /* Creature */;

INSERT INTO `weenie_properties_int` (`object_Id`, `type`, `value`)
VALUES (2000383,   1,         16) /* ItemType - Creature */
     , (2000383,   2,         57) /* CreatureType - AunTumerok */
     , (2000383,   6,         -1) /* ItemsCapacity */
     , (2000383,   7,         -1) /* ContainersCapacity */
     , (2000383,  16,         32) /* ItemUseable - Remote */
     , (2000383,  25,         72) /* Level */
     , (2000383,  93,    6292504) /* PhysicsState - ReportCollisions, IgnoreCollisions, Gravity, ReportCollisionsAsEnvironment, EdgeSlide */
     , (2000383,  95,          8) /* RadarBlipColor - Yellow */
     , (2000383, 133,          4) /* ShowableOnRadar - ShowAlways */
     , (2000383, 134,         16) /* PlayerKillerStatus - RubberGlue */;

INSERT INTO `weenie_properties_bool` (`object_Id`, `type`, `value`)
VALUES (2000383,   1, True ) /* Stuck */
     , (2000383,  11, True ) /* IgnoreCollisions */
     , (2000383,  12, True ) /* ReportCollisions */
     , (2000383,  14, True ) /* GravityStatus */
     , (2000383,  19, False) /* Attackable */
     , (2000383,  41, True ) /* ReportCollisionsAsEnvironment */
     , (2000383,  42, True ) /* AllowEdgeSlide */;

INSERT INTO `weenie_properties_float` (`object_Id`, `type`, `value`)
VALUES (2000383,  54,       3) /* UseRadius */;

INSERT INTO `weenie_properties_string` (`object_Id`, `type`, `value`)
VALUES (2000383,   1, 'Townfolk') /* Name */
     , (2000383,   5, 'Portal Warden') /* Template */;

INSERT INTO `weenie_properties_d_i_d` (`object_Id`, `type`, `value`)
VALUES (2000383,   1,   33557117) /* Setup */
     , (2000383,   2,  150994945) /* MotionTable */
     , (2000383,   3,  536870931) /* SoundTable */
     , (2000383,   6,   67113280) /* PaletteBase */
     , (2000383,   8,  100671756) /* Icon */;

INSERT INTO `weenie_properties_attribute` (`object_Id`, `type`, `init_Level`, `level_From_C_P`, `c_P_Spent`)
VALUES (2000383,   1, 180, 0, 0) /* Strength */
     , (2000383,   2, 190, 0, 0) /* Endurance */
     , (2000383,   3, 165, 0, 0) /* Quickness */
     , (2000383,   4, 175, 0, 0) /* Coordination */
     , (2000383,   5, 150, 0, 0) /* Focus */
     , (2000383,   6, 160, 0, 0) /* Self */;

INSERT INTO `weenie_properties_attribute_2nd` (`object_Id`, `type`, `init_Level`, `level_From_C_P`, `c_P_Spent`, `current_Level`)
VALUES (2000383,   1,   100, 0, 0, 195) /* MaxHealth */
     , (2000383,   3,   100, 0, 0, 290) /* MaxStamina */
     , (2000383,   5,   100, 0, 0, 260) /* MaxMana */;

INSERT INTO `weenie_properties_skill` (`object_Id`, `type`, `level_From_P_P`, `s_a_c`, `p_p`, `init_Level`, `resistance_At_Last_Check`, `last_Used_Time`)
VALUES (2000383,  6, 0, 3, 0, 410, 0, 0) /* MeleeDefense        Specialized */;

INSERT INTO `weenie_properties_body_part` (`object_Id`, `key`, `d_Type`, `d_Val`, `d_Var`, `base_Armor`, `armor_Vs_Slash`, `armor_Vs_Pierce`, `armor_Vs_Bludgeon`, `armor_Vs_Cold`, `armor_Vs_Fire`, `armor_Vs_Acid`, `armor_Vs_Electric`, `armor_Vs_Nether`, `b_h`, `h_l_f`, `m_l_f`, `l_l_f`, `h_r_f`, `m_r_f`, `l_r_f`, `h_l_b`, `m_l_b`, `l_l_b`, `h_r_b`, `m_r_b`, `l_r_b`)
VALUES (2000383,  0,  4,  0,    0,    0,    0,    0,    0,    0,    0,    0,    0,    0, 1, 0.33,    0,    0, 0.33,    0,    0, 0.33,    0,    0, 0.33,    0,    0) /* Head */
     , (2000383,  1,  4,  0,    0,    0,    0,    0,    0,    0,    0,    0,    0,    0, 2, 0.44, 0.17,    0, 0.44, 0.17,    0, 0.44, 0.17,    0, 0.44, 0.17,    0) /* Chest */
     , (2000383,  2,  4,  0,    0,    0,    0,    0,    0,    0,    0,    0,    0,    0, 3,    0, 0.17,    0,    0, 0.17,    0,    0, 0.17,    0,    0, 0.17,    0) /* Abdomen */
     , (2000383,  3,  4,  0,    0,    0,    0,    0,    0,    0,    0,    0,    0,    0, 1, 0.23, 0.03,    0, 0.23, 0.03,    0, 0.23, 0.03,    0, 0.23, 0.03,    0) /* UpperArm */
     , (2000383,  4,  4,  0,    0,    0,    0,    0,    0,    0,    0,    0,    0,    0, 2,    0,  0.3,    0,    0,  0.3,    0,    0,  0.3,    0,    0,  0.3,    0) /* LowerArm */
     , (2000383,  5,  4,  2, 0.75,    0,    0,    0,    0,    0,    0,    0,    0,    0, 2,    0,  0.2,    0,    0,  0.2,    0,    0,  0.2,    0,    0,  0.2,    0) /* Hand */
     , (2000383,  6,  4,  0,    0,    0,    0,    0,    0,    0,    0,    0,    0,    0, 3,    0, 0.13, 0.18,    0, 0.13, 0.18,    0, 0.13, 0.18,    0, 0.13, 0.18) /* UpperLeg */
     , (2000383,  7,  4,  0,    0,    0,    0,    0,    0,    0,    0,    0,    0,    0, 3,    0,    0,  0.6,    0,    0,  0.6,    0,    0,  0.6,    0,    0,  0.6) /* LowerLeg */
     , (2000383,  8,  4,  2, 0.75,    0,    0,    0,    0,    0,    0,    0,    0,    0, 3,    0,    0, 0.22,    0,    0, 0.22,    0,    0, 0.22,    0,    0, 0.22) /* Foot */;

INSERT INTO `weenie_properties_emote` (`object_Id`, `category`, `probability`, `weenie_Class_Id`, `style`, `substyle`, `quest`, `vendor_Type`, `min_Health`, `max_Health`)
VALUES (2000383,  7 /* Use */,      1, NULL, NULL, NULL, NULL, NULL, NULL, NULL);

SET @parent_id = LAST_INSERT_ID();

INSERT INTO `weenie_properties_emote_action` (`emote_Id`, `order`, `type`, `delay`, `extent`, `motion`, `message`, `test_String`, `min`, `max`, `min_64`, `max_64`, `min_Dbl`, `max_Dbl`, `stat`, `display`, `amount`, `amount_64`, `hero_X_P_64`, `percent`, `spell_Id`, `wealth_Rating`, `treasure_Class`, `treasure_Type`, `p_Script`, `sound`, `destination_Type`, `weenie_Class_Id`, `stack_Size`, `palette`, `shade`, `try_To_Bond`, `obj_Cell_Id`, `origin_X`, `origin_Y`, `origin_Z`, `angles_W`, `angles_X`, `angles_Y`, `angles_Z`)
VALUES (@parent_id,  0,  10 /* Tell */, 1, 1, NULL, 'Lifestone done, not to venture into the swamp and see something new.', NULL, NULL, NULL, NULL, NULL, NULL, NULL, NULL, NULL, NULL, NULL, NULL, NULL, NULL, NULL, NULL, NULL, NULL, NULL, NULL, NULL, NULL, NULL, NULL, NULL, NULL, NULL, NULL, NULL, NULL, NULL, NULL, NULL);

DELETE FROM `weenie` WHERE `class_Id` = 2000384;

INSERT INTO `weenie` (`class_Id`, `class_Name`, `type`, `last_Modified`)
VALUES (2000384, 'ace2000384-townsfolk', 10, '2019-09-30 13:46:46') /* Creature */;

INSERT INTO `weenie_properties_int` (`object_Id`, `type`, `value`)
VALUES (2000384,   1,         16) /* ItemType - Creature */
     , (2000384,   2,         31) /* CreatureType - Human */
     , (2000384,   6,         -1) /* ItemsCapacity */
     , (2000384,   7,         -1) /* ContainersCapacity */
     , (2000384,   8,        120) /* Mass */
     , (2000384,  16,         32) /* ItemUseable - Remote */
     , (2000384,  25,         16) /* Level */
     , (2000384,  27,          0) /* ArmorType - None */
     , (2000384,  93,    6292504) /* PhysicsState - ReportCollisions, IgnoreCollisions, Gravity, ReportCollisionsAsEnvironment, EdgeSlide */
     , (2000384,  95,          8) /* RadarBlipColor - Yellow */
     , (2000384, 113,          2) /* Gender - Female */
     , (2000384, 133,          4) /* ShowableOnRadar - ShowAlways */
     , (2000384, 134,         16) /* PlayerKillerStatus - RubberGlue */
     , (2000384, 146,        318) /* XpOverride */
     , (2000384, 188,          1) /* HeritageGroup - Aluvian */;

INSERT INTO `weenie_properties_bool` (`object_Id`, `type`, `value`)
VALUES (2000384,   1, True ) /* Stuck */
     , (2000384,   8, True ) /* AllowGive */
     , (2000384,  11, True ) /* IgnoreCollisions */
     , (2000384,  12, True ) /* ReportCollisions */
     , (2000384,  13, False) /* Ethereal */
     , (2000384,  14, True ) /* GravityStatus */
     , (2000384,  19, False) /* Attackable */
     , (2000384,  29, True ) /* NoCorpse */
     , (2000384,  41, True ) /* ReportCollisionsAsEnvironment */
     , (2000384,  42, True ) /* AllowEdgeSlide */
     , (2000384,  52, True ) /* AiImmobile */
     , (2000384,  79, True ) /* AiAcceptEverything */;

INSERT INTO `weenie_properties_float` (`object_Id`, `type`, `value`)
VALUES (2000384,   1,       5) /* HeartbeatInterval */
     , (2000384,   2,       0) /* HeartbeatTimestamp */
     , (2000384,   3, 0.159999996423721) /* HealthRate */
     , (2000384,   4,       5) /* StaminaRate */
     , (2000384,   5,       1) /* ManaRate */
     , (2000384,  13, 0.899999976158142) /* ArmorModVsSlash */
     , (2000384,  14,       1) /* ArmorModVsPierce */
     , (2000384,  15, 1.10000002384186) /* ArmorModVsBludgeon */
     , (2000384,  16, 0.400000005960464) /* ArmorModVsCold */
     , (2000384,  17, 0.400000005960464) /* ArmorModVsFire */
     , (2000384,  18,       1) /* ArmorModVsAcid */
     , (2000384,  19, 0.600000023841858) /* ArmorModVsElectric */
     , (2000384,  54,       3) /* UseRadius */
     , (2000384,  64,       1) /* ResistSlash */
     , (2000384,  65,       1) /* ResistPierce */
     , (2000384,  66,       1) /* ResistBludgeon */
     , (2000384,  67,       1) /* ResistFire */
     , (2000384,  68,       1) /* ResistCold */
     , (2000384,  69,       1) /* ResistAcid */
     , (2000384,  70,       1) /* ResistElectric */
     , (2000384,  71,       1) /* ResistHealthBoost */
     , (2000384,  72,       1) /* ResistStaminaDrain */
     , (2000384,  73,       1) /* ResistStaminaBoost */
     , (2000384,  74,       1) /* ResistManaDrain */
     , (2000384,  75,       1) /* ResistManaBoost */
     , (2000384, 104,      10) /* ObviousRadarRange */
     , (2000384, 125,       1) /* ResistHealthDrain */;

INSERT INTO `weenie_properties_string` (`object_Id`, `type`, `value`)
VALUES (2000384,   1, 'Townsfolk') /* Name */
     , (2000384,   3, 'Female') /* Sex */
     , (2000384,   4, 'Aluvian') /* HeritageGroup */
     , (2000384,   5, 'Herald') /* Template */;

INSERT INTO `weenie_properties_d_i_d` (`object_Id`, `type`, `value`)
VALUES (2000384,   1,   33554510) /* Setup */
     , (2000384,   2,  150994945) /* MotionTable */
     , (2000384,   3,  536870914) /* SoundTable */
     , (2000384,   4,  805306368) /* CombatTable */
     , (2000384,   6,   67108990) /* PaletteBase */
     , (2000384,   8,  100667446) /* Icon */
     , (2000384,   9,   83890279) /* EyesTexture */
     , (2000384,  10,   83890302) /* NoseTexture */
     , (2000384,  11,   83890324) /* MouthTexture */
     , (2000384,  15,   67116982) /* HairPalette */
     , (2000384,  16,   67110063) /* EyesPalette */
     , (2000384,  17,   67109561) /* SkinPalette */;

INSERT INTO `weenie_properties_attribute` (`object_Id`, `type`, `init_Level`, `level_From_C_P`, `c_P_Spent`)
VALUES (2000384,   1, 120, 0, 0) /* Strength */
     , (2000384,   2, 130, 0, 0) /* Endurance */
     , (2000384,   3, 100, 0, 0) /* Quickness */
     , (2000384,   4, 115, 0, 0) /* Coordination */
     , (2000384,   5, 110, 0, 0) /* Focus */
     , (2000384,   6, 100, 0, 0) /* Self */;

INSERT INTO `weenie_properties_attribute_2nd` (`object_Id`, `type`, `init_Level`, `level_From_C_P`, `c_P_Spent`, `current_Level`)
VALUES (2000384,   1,     0, 0, 0, 65) /* MaxHealth */
     , (2000384,   3,     0, 0, 0, 130) /* MaxStamina */
     , (2000384,   5,     0, 0, 0, 100) /* MaxMana */;

INSERT INTO `weenie_properties_skill` (`object_Id`, `type`, `level_From_P_P`, `s_a_c`, `p_p`, `init_Level`, `resistance_At_Last_Check`, `last_Used_Time`)
VALUES (2000384,  6, 0, 2, 0,   1, 0, 0) /* MeleeDefense        Trained */
     , (2000384,  7, 0, 2, 0,   1, 0, 0) /* MissileDefense      Trained */
     , (2000384, 13, 0, 2, 0,   1, 0, 0) /* UnarmedCombat       Trained */;

INSERT INTO `weenie_properties_body_part` (`object_Id`, `key`, `d_Type`, `d_Val`, `d_Var`, `base_Armor`, `armor_Vs_Slash`, `armor_Vs_Pierce`, `armor_Vs_Bludgeon`, `armor_Vs_Cold`, `armor_Vs_Fire`, `armor_Vs_Acid`, `armor_Vs_Electric`, `armor_Vs_Nether`, `b_h`, `h_l_f`, `m_l_f`, `l_l_f`, `h_r_f`, `m_r_f`, `l_r_f`, `h_l_b`, `m_l_b`, `l_l_b`, `h_r_b`, `m_r_b`, `l_r_b`)
VALUES (2000384,  0,  4,  0,    0,    0,    0,    0,    0,    0,    0,    0,    0,    0, 1, 0.33,    0,    0, 0.33,    0,    0, 0.33,    0,    0, 0.33,    0,    0) /* Head */
     , (2000384,  1,  4,  0,    0,    0,    0,    0,    0,    0,    0,    0,    0,    0, 2, 0.44, 0.17,    0, 0.44, 0.17,    0, 0.44, 0.17,    0, 0.44, 0.17,    0) /* Chest */
     , (2000384,  2,  4,  0,    0,    0,    0,    0,    0,    0,    0,    0,    0,    0, 3,    0, 0.17,    0,    0, 0.17,    0,    0, 0.17,    0,    0, 0.17,    0) /* Abdomen */
     , (2000384,  3,  4,  0,    0,    0,    0,    0,    0,    0,    0,    0,    0,    0, 1, 0.23, 0.03,    0, 0.23, 0.03,    0, 0.23, 0.03,    0, 0.23, 0.03,    0) /* UpperArm */
     , (2000384,  4,  4,  0,    0,    0,    0,    0,    0,    0,    0,    0,    0,    0, 2,    0,  0.3,    0,    0,  0.3,    0,    0,  0.3,    0,    0,  0.3,    0) /* LowerArm */
     , (2000384,  5,  4,  2, 0.75,    0,    0,    0,    0,    0,    0,    0,    0,    0, 2,    0,  0.2,    0,    0,  0.2,    0,    0,  0.2,    0,    0,  0.2,    0) /* Hand */
     , (2000384,  6,  4,  0,    0,    0,    0,    0,    0,    0,    0,    0,    0,    0, 3,    0, 0.13, 0.18,    0, 0.13, 0.18,    0, 0.13, 0.18,    0, 0.13, 0.18) /* UpperLeg */
     , (2000384,  7,  4,  0,    0,    0,    0,    0,    0,    0,    0,    0,    0,    0, 3,    0,    0,  0.6,    0,    0,  0.6,    0,    0,  0.6,    0,    0,  0.6) /* LowerLeg */
     , (2000384,  8,  4,  2, 0.75,    0,    0,    0,    0,    0,    0,    0,    0,    0, 3,    0,    0, 0.22,    0,    0, 0.22,    0,    0, 0.22,    0,    0, 0.22) /* Foot */;

INSERT INTO `weenie_properties_emote` (`object_Id`, `category`, `probability`, `weenie_Class_Id`, `style`, `substyle`, `quest`, `vendor_Type`, `min_Health`, `max_Health`)
VALUES (2000384,  7 /* Use */,      1, NULL, NULL, NULL, NULL, NULL, NULL, NULL);

SET @parent_id = LAST_INSERT_ID();

INSERT INTO `weenie_properties_emote_action` (`emote_Id`, `order`, `type`, `delay`, `extent`, `motion`, `message`, `test_String`, `min`, `max`, `min_64`, `max_64`, `min_Dbl`, `max_Dbl`, `stat`, `display`, `amount`, `amount_64`, `hero_X_P_64`, `percent`, `spell_Id`, `wealth_Rating`, `treasure_Class`, `treasure_Type`, `p_Script`, `sound`, `destination_Type`, `weenie_Class_Id`, `stack_Size`, `palette`, `shade`, `try_To_Bond`, `obj_Cell_Id`, `origin_X`, `origin_Y`, `origin_Z`, `angles_W`, `angles_X`, `angles_Y`, `angles_Z`)
VALUES (@parent_id,  0,  10 /* Tell */, 0, 1, NULL, 'It''s a rough life in Dereth at times but it''s life still.', NULL, NULL, NULL, NULL, NULL, NULL, NULL, NULL, NULL, NULL, NULL, NULL, NULL, NULL, NULL, NULL, NULL, NULL, NULL, NULL, NULL, NULL, NULL, NULL, NULL, NULL, NULL, NULL, NULL, NULL, NULL, NULL, NULL);

INSERT INTO `weenie_properties_create_list` (`object_Id`, `destination_Type`, `weenie_Class_Id`, `stack_Size`, `palette`, `shade`, `try_To_Bond`)
VALUES (2000384, 2,   121,  0, 90, 0.8, False) /* Create Gloves (121) for Wield */
     , (2000384, 2,  8372,  0, 93, 1, False) /* Create Yifan Dress (8372) for Wield */
     , (2000384, 2,  2604,  0, 91, 1, False) /* Create Breeches (2604) for Wield */;

DELETE FROM `weenie` WHERE `class_Id` = 2000385;

INSERT INTO `weenie` (`class_Id`, `class_Name`, `type`, `last_Modified`)
VALUES (2000385, 'ace2000385-townsfolk', 10, '2019-09-30 13:46:47') /* Creature */;

INSERT INTO `weenie_properties_int` (`object_Id`, `type`, `value`)
VALUES (2000385,   1,         16) /* ItemType - Creature */
     , (2000385,   2,         31) /* CreatureType - Human */
     , (2000385,   6,         -1) /* ItemsCapacity */
     , (2000385,   7,         -1) /* ContainersCapacity */
     , (2000385,   8,        120) /* Mass */
     , (2000385,  16,         32) /* ItemUseable - Remote */
     , (2000385,  25,         16) /* Level */
     , (2000385,  27,          0) /* ArmorType - None */
     , (2000385,  93,    6292504) /* PhysicsState - ReportCollisions, IgnoreCollisions, Gravity, ReportCollisionsAsEnvironment, EdgeSlide */
     , (2000385,  95,          8) /* RadarBlipColor - Yellow */
     , (2000385, 113,          2) /* Gender - Female */
     , (2000385, 133,          4) /* ShowableOnRadar - ShowAlways */
     , (2000385, 134,         16) /* PlayerKillerStatus - RubberGlue */
     , (2000385, 146,        318) /* XpOverride */
     , (2000385, 188,          1) /* HeritageGroup - Aluvian */;

INSERT INTO `weenie_properties_bool` (`object_Id`, `type`, `value`)
VALUES (2000385,   1, True ) /* Stuck */
     , (2000385,   8, True ) /* AllowGive */
     , (2000385,  11, True ) /* IgnoreCollisions */
     , (2000385,  12, True ) /* ReportCollisions */
     , (2000385,  13, False) /* Ethereal */
     , (2000385,  14, True ) /* GravityStatus */
     , (2000385,  19, False) /* Attackable */
     , (2000385,  29, True ) /* NoCorpse */
     , (2000385,  41, True ) /* ReportCollisionsAsEnvironment */
     , (2000385,  42, True ) /* AllowEdgeSlide */
     , (2000385,  52, True ) /* AiImmobile */
     , (2000385,  79, True ) /* AiAcceptEverything */;

INSERT INTO `weenie_properties_float` (`object_Id`, `type`, `value`)
VALUES (2000385,   1,       5) /* HeartbeatInterval */
     , (2000385,   2,       0) /* HeartbeatTimestamp */
     , (2000385,   3, 0.159999996423721) /* HealthRate */
     , (2000385,   4,       5) /* StaminaRate */
     , (2000385,   5,       1) /* ManaRate */
     , (2000385,  13, 0.899999976158142) /* ArmorModVsSlash */
     , (2000385,  14,       1) /* ArmorModVsPierce */
     , (2000385,  15, 1.10000002384186) /* ArmorModVsBludgeon */
     , (2000385,  16, 0.400000005960464) /* ArmorModVsCold */
     , (2000385,  17, 0.400000005960464) /* ArmorModVsFire */
     , (2000385,  18,       1) /* ArmorModVsAcid */
     , (2000385,  19, 0.600000023841858) /* ArmorModVsElectric */
     , (2000385,  54,       3) /* UseRadius */
     , (2000385,  64,       1) /* ResistSlash */
     , (2000385,  65,       1) /* ResistPierce */
     , (2000385,  66,       1) /* ResistBludgeon */
     , (2000385,  67,       1) /* ResistFire */
     , (2000385,  68,       1) /* ResistCold */
     , (2000385,  69,       1) /* ResistAcid */
     , (2000385,  70,       1) /* ResistElectric */
     , (2000385,  71,       1) /* ResistHealthBoost */
     , (2000385,  72,       1) /* ResistStaminaDrain */
     , (2000385,  73,       1) /* ResistStaminaBoost */
     , (2000385,  74,       1) /* ResistManaDrain */
     , (2000385,  75,       1) /* ResistManaBoost */
     , (2000385, 104,      10) /* ObviousRadarRange */
     , (2000385, 125,       1) /* ResistHealthDrain */;

INSERT INTO `weenie_properties_string` (`object_Id`, `type`, `value`)
VALUES (2000385,   1, 'Townsfolk') /* Name */
     , (2000385,   3, 'Female') /* Sex */
     , (2000385,   4, 'Aluvian') /* HeritageGroup */
     , (2000385,   5, 'Herald') /* Template */;

INSERT INTO `weenie_properties_d_i_d` (`object_Id`, `type`, `value`)
VALUES (2000385,   1,   33554510) /* Setup */
     , (2000385,   2,  150994945) /* MotionTable */
     , (2000385,   3,  536870914) /* SoundTable */
     , (2000385,   4,  805306368) /* CombatTable */
     , (2000385,   6,   67108990) /* PaletteBase */
     , (2000385,   8,  100667446) /* Icon */
     , (2000385,   9,   83890279) /* EyesTexture */
     , (2000385,  10,   83890302) /* NoseTexture */
     , (2000385,  11,   83890324) /* MouthTexture */
     , (2000385,  15,   67116982) /* HairPalette */
     , (2000385,  16,   67110063) /* EyesPalette */
     , (2000385,  17,   67109561) /* SkinPalette */;

INSERT INTO `weenie_properties_attribute` (`object_Id`, `type`, `init_Level`, `level_From_C_P`, `c_P_Spent`)
VALUES (2000385,   1, 120, 0, 0) /* Strength */
     , (2000385,   2, 130, 0, 0) /* Endurance */
     , (2000385,   3, 100, 0, 0) /* Quickness */
     , (2000385,   4, 115, 0, 0) /* Coordination */
     , (2000385,   5, 110, 0, 0) /* Focus */
     , (2000385,   6, 100, 0, 0) /* Self */;

INSERT INTO `weenie_properties_attribute_2nd` (`object_Id`, `type`, `init_Level`, `level_From_C_P`, `c_P_Spent`, `current_Level`)
VALUES (2000385,   1,     0, 0, 0, 65) /* MaxHealth */
     , (2000385,   3,     0, 0, 0, 130) /* MaxStamina */
     , (2000385,   5,     0, 0, 0, 100) /* MaxMana */;

INSERT INTO `weenie_properties_skill` (`object_Id`, `type`, `level_From_P_P`, `s_a_c`, `p_p`, `init_Level`, `resistance_At_Last_Check`, `last_Used_Time`)
VALUES (2000385,  6, 0, 2, 0,   1, 0, 0) /* MeleeDefense        Trained */
     , (2000385,  7, 0, 2, 0,   1, 0, 0) /* MissileDefense      Trained */
     , (2000385, 13, 0, 2, 0,   1, 0, 0) /* UnarmedCombat       Trained */;

INSERT INTO `weenie_properties_body_part` (`object_Id`, `key`, `d_Type`, `d_Val`, `d_Var`, `base_Armor`, `armor_Vs_Slash`, `armor_Vs_Pierce`, `armor_Vs_Bludgeon`, `armor_Vs_Cold`, `armor_Vs_Fire`, `armor_Vs_Acid`, `armor_Vs_Electric`, `armor_Vs_Nether`, `b_h`, `h_l_f`, `m_l_f`, `l_l_f`, `h_r_f`, `m_r_f`, `l_r_f`, `h_l_b`, `m_l_b`, `l_l_b`, `h_r_b`, `m_r_b`, `l_r_b`)
VALUES (2000385,  0,  4,  0,    0,    0,    0,    0,    0,    0,    0,    0,    0,    0, 1, 0.33,    0,    0, 0.33,    0,    0, 0.33,    0,    0, 0.33,    0,    0) /* Head */
     , (2000385,  1,  4,  0,    0,    0,    0,    0,    0,    0,    0,    0,    0,    0, 2, 0.44, 0.17,    0, 0.44, 0.17,    0, 0.44, 0.17,    0, 0.44, 0.17,    0) /* Chest */
     , (2000385,  2,  4,  0,    0,    0,    0,    0,    0,    0,    0,    0,    0,    0, 3,    0, 0.17,    0,    0, 0.17,    0,    0, 0.17,    0,    0, 0.17,    0) /* Abdomen */
     , (2000385,  3,  4,  0,    0,    0,    0,    0,    0,    0,    0,    0,    0,    0, 1, 0.23, 0.03,    0, 0.23, 0.03,    0, 0.23, 0.03,    0, 0.23, 0.03,    0) /* UpperArm */
     , (2000385,  4,  4,  0,    0,    0,    0,    0,    0,    0,    0,    0,    0,    0, 2,    0,  0.3,    0,    0,  0.3,    0,    0,  0.3,    0,    0,  0.3,    0) /* LowerArm */
     , (2000385,  5,  4,  2, 0.75,    0,    0,    0,    0,    0,    0,    0,    0,    0, 2,    0,  0.2,    0,    0,  0.2,    0,    0,  0.2,    0,    0,  0.2,    0) /* Hand */
     , (2000385,  6,  4,  0,    0,    0,    0,    0,    0,    0,    0,    0,    0,    0, 3,    0, 0.13, 0.18,    0, 0.13, 0.18,    0, 0.13, 0.18,    0, 0.13, 0.18) /* UpperLeg */
     , (2000385,  7,  4,  0,    0,    0,    0,    0,    0,    0,    0,    0,    0,    0, 3,    0,    0,  0.6,    0,    0,  0.6,    0,    0,  0.6,    0,    0,  0.6) /* LowerLeg */
     , (2000385,  8,  4,  2, 0.75,    0,    0,    0,    0,    0,    0,    0,    0,    0, 3,    0,    0, 0.22,    0,    0, 0.22,    0,    0, 0.22,    0,    0, 0.22) /* Foot */;

INSERT INTO `weenie_properties_emote` (`object_Id`, `category`, `probability`, `weenie_Class_Id`, `style`, `substyle`, `quest`, `vendor_Type`, `min_Health`, `max_Health`)
VALUES (2000385,  7 /* Use */,      1, NULL, NULL, NULL, NULL, NULL, NULL, NULL);

SET @parent_id = LAST_INSERT_ID();

INSERT INTO `weenie_properties_emote_action` (`emote_Id`, `order`, `type`, `delay`, `extent`, `motion`, `message`, `test_String`, `min`, `max`, `min_64`, `max_64`, `min_Dbl`, `max_Dbl`, `stat`, `display`, `amount`, `amount_64`, `hero_X_P_64`, `percent`, `spell_Id`, `wealth_Rating`, `treasure_Class`, `treasure_Type`, `p_Script`, `sound`, `destination_Type`, `weenie_Class_Id`, `stack_Size`, `palette`, `shade`, `try_To_Bond`, `obj_Cell_Id`, `origin_X`, `origin_Y`, `origin_Z`, `angles_W`, `angles_X`, `angles_Y`, `angles_Z`)
VALUES (@parent_id,  0,  10 /* Tell */, 0, 1, NULL, 'They just tell me Sally, watch the kids they won''t let me do anythign fun', NULL, NULL, NULL, NULL, NULL, NULL, NULL, NULL, NULL, NULL, NULL, NULL, NULL, NULL, NULL, NULL, NULL, NULL, NULL, NULL, NULL, NULL, NULL, NULL, NULL, NULL, NULL, NULL, NULL, NULL, NULL, NULL, NULL);

INSERT INTO `weenie_properties_create_list` (`object_Id`, `destination_Type`, `weenie_Class_Id`, `stack_Size`, `palette`, `shade`, `try_To_Bond`)
VALUES (2000385, 2,   121,  0, 90, 0.8, False) /* Create Gloves (121) for Wield */
     , (2000385, 2,  8372,  0, 91, 1, False) /* Create Yifan Dress (8372) for Wield */
     , (2000385, 2,  2604,  0, 91, 1, False) /* Create Breeches (2604) for Wield */;

DELETE FROM `weenie` WHERE `class_Id` = 2000386;

INSERT INTO `weenie` (`class_Id`, `class_Name`, `type`, `last_Modified`)
VALUES (2000386, 'ace2000386-townsfolk', 10, '2019-09-30 13:46:48') /* Creature */;

INSERT INTO `weenie_properties_int` (`object_Id`, `type`, `value`)
VALUES (2000386,   1,         16) /* ItemType - Creature */
     , (2000386,   2,         31) /* CreatureType - Human */
     , (2000386,   6,         -1) /* ItemsCapacity */
     , (2000386,   7,         -1) /* ContainersCapacity */
     , (2000386,   8,        120) /* Mass */
     , (2000386,  16,         32) /* ItemUseable - Remote */
     , (2000386,  25,         16) /* Level */
     , (2000386,  27,          0) /* ArmorType - None */
     , (2000386,  93,    6292504) /* PhysicsState - ReportCollisions, IgnoreCollisions, Gravity, ReportCollisionsAsEnvironment, EdgeSlide */
     , (2000386,  95,          8) /* RadarBlipColor - Yellow */
     , (2000386, 113,          2) /* Gender - Female */
     , (2000386, 133,          4) /* ShowableOnRadar - ShowAlways */
     , (2000386, 134,         16) /* PlayerKillerStatus - RubberGlue */
     , (2000386, 146,        318) /* XpOverride */
     , (2000386, 188,          1) /* HeritageGroup - Aluvian */;

INSERT INTO `weenie_properties_bool` (`object_Id`, `type`, `value`)
VALUES (2000386,   1, True ) /* Stuck */
     , (2000386,   8, True ) /* AllowGive */
     , (2000386,  11, True ) /* IgnoreCollisions */
     , (2000386,  12, True ) /* ReportCollisions */
     , (2000386,  13, False) /* Ethereal */
     , (2000386,  14, True ) /* GravityStatus */
     , (2000386,  19, False) /* Attackable */
     , (2000386,  29, True ) /* NoCorpse */
     , (2000386,  41, True ) /* ReportCollisionsAsEnvironment */
     , (2000386,  42, True ) /* AllowEdgeSlide */
     , (2000386,  52, True ) /* AiImmobile */
     , (2000386,  79, True ) /* AiAcceptEverything */;

INSERT INTO `weenie_properties_float` (`object_Id`, `type`, `value`)
VALUES (2000386,   1,       5) /* HeartbeatInterval */
     , (2000386,   2,       0) /* HeartbeatTimestamp */
     , (2000386,   3, 0.159999996423721) /* HealthRate */
     , (2000386,   4,       5) /* StaminaRate */
     , (2000386,   5,       1) /* ManaRate */
     , (2000386,  13, 0.899999976158142) /* ArmorModVsSlash */
     , (2000386,  14,       1) /* ArmorModVsPierce */
     , (2000386,  15, 1.10000002384186) /* ArmorModVsBludgeon */
     , (2000386,  16, 0.400000005960464) /* ArmorModVsCold */
     , (2000386,  17, 0.400000005960464) /* ArmorModVsFire */
     , (2000386,  18,       1) /* ArmorModVsAcid */
     , (2000386,  19, 0.600000023841858) /* ArmorModVsElectric */
     , (2000386,  54,       3) /* UseRadius */
     , (2000386,  64,       1) /* ResistSlash */
     , (2000386,  65,       1) /* ResistPierce */
     , (2000386,  66,       1) /* ResistBludgeon */
     , (2000386,  67,       1) /* ResistFire */
     , (2000386,  68,       1) /* ResistCold */
     , (2000386,  69,       1) /* ResistAcid */
     , (2000386,  70,       1) /* ResistElectric */
     , (2000386,  71,       1) /* ResistHealthBoost */
     , (2000386,  72,       1) /* ResistStaminaDrain */
     , (2000386,  73,       1) /* ResistStaminaBoost */
     , (2000386,  74,       1) /* ResistManaDrain */
     , (2000386,  75,       1) /* ResistManaBoost */
     , (2000386, 104,      10) /* ObviousRadarRange */
     , (2000386, 125,       1) /* ResistHealthDrain */;

INSERT INTO `weenie_properties_string` (`object_Id`, `type`, `value`)
VALUES (2000386,   1, 'Townsfolk') /* Name */
     , (2000386,   3, 'Female') /* Sex */
     , (2000386,   4, 'Aluvian') /* HeritageGroup */
     , (2000386,   5, 'Herald') /* Template */;

INSERT INTO `weenie_properties_d_i_d` (`object_Id`, `type`, `value`)
VALUES (2000386,   1,   33554510) /* Setup */
     , (2000386,   2,  150994945) /* MotionTable */
     , (2000386,   3,  536870914) /* SoundTable */
     , (2000386,   4,  805306368) /* CombatTable */
     , (2000386,   6,   67108990) /* PaletteBase */
     , (2000386,   8,  100667446) /* Icon */
     , (2000386,   9,   83890279) /* EyesTexture */
     , (2000386,  10,   83890302) /* NoseTexture */
     , (2000386,  11,   83890324) /* MouthTexture */
     , (2000386,  15,   67116982) /* HairPalette */
     , (2000386,  16,   67110063) /* EyesPalette */
     , (2000386,  17,   67109561) /* SkinPalette */;

INSERT INTO `weenie_properties_attribute` (`object_Id`, `type`, `init_Level`, `level_From_C_P`, `c_P_Spent`)
VALUES (2000386,   1, 120, 0, 0) /* Strength */
     , (2000386,   2, 130, 0, 0) /* Endurance */
     , (2000386,   3, 100, 0, 0) /* Quickness */
     , (2000386,   4, 115, 0, 0) /* Coordination */
     , (2000386,   5, 110, 0, 0) /* Focus */
     , (2000386,   6, 100, 0, 0) /* Self */;

INSERT INTO `weenie_properties_attribute_2nd` (`object_Id`, `type`, `init_Level`, `level_From_C_P`, `c_P_Spent`, `current_Level`)
VALUES (2000386,   1,     0, 0, 0, 65) /* MaxHealth */
     , (2000386,   3,     0, 0, 0, 130) /* MaxStamina */
     , (2000386,   5,     0, 0, 0, 100) /* MaxMana */;

INSERT INTO `weenie_properties_skill` (`object_Id`, `type`, `level_From_P_P`, `s_a_c`, `p_p`, `init_Level`, `resistance_At_Last_Check`, `last_Used_Time`)
VALUES (2000386,  6, 0, 2, 0,   1, 0, 0) /* MeleeDefense        Trained */
     , (2000386,  7, 0, 2, 0,   1, 0, 0) /* MissileDefense      Trained */
     , (2000386, 13, 0, 2, 0,   1, 0, 0) /* UnarmedCombat       Trained */;

INSERT INTO `weenie_properties_body_part` (`object_Id`, `key`, `d_Type`, `d_Val`, `d_Var`, `base_Armor`, `armor_Vs_Slash`, `armor_Vs_Pierce`, `armor_Vs_Bludgeon`, `armor_Vs_Cold`, `armor_Vs_Fire`, `armor_Vs_Acid`, `armor_Vs_Electric`, `armor_Vs_Nether`, `b_h`, `h_l_f`, `m_l_f`, `l_l_f`, `h_r_f`, `m_r_f`, `l_r_f`, `h_l_b`, `m_l_b`, `l_l_b`, `h_r_b`, `m_r_b`, `l_r_b`)
VALUES (2000386,  0,  4,  0,    0,    0,    0,    0,    0,    0,    0,    0,    0,    0, 1, 0.33,    0,    0, 0.33,    0,    0, 0.33,    0,    0, 0.33,    0,    0) /* Head */
     , (2000386,  1,  4,  0,    0,    0,    0,    0,    0,    0,    0,    0,    0,    0, 2, 0.44, 0.17,    0, 0.44, 0.17,    0, 0.44, 0.17,    0, 0.44, 0.17,    0) /* Chest */
     , (2000386,  2,  4,  0,    0,    0,    0,    0,    0,    0,    0,    0,    0,    0, 3,    0, 0.17,    0,    0, 0.17,    0,    0, 0.17,    0,    0, 0.17,    0) /* Abdomen */
     , (2000386,  3,  4,  0,    0,    0,    0,    0,    0,    0,    0,    0,    0,    0, 1, 0.23, 0.03,    0, 0.23, 0.03,    0, 0.23, 0.03,    0, 0.23, 0.03,    0) /* UpperArm */
     , (2000386,  4,  4,  0,    0,    0,    0,    0,    0,    0,    0,    0,    0,    0, 2,    0,  0.3,    0,    0,  0.3,    0,    0,  0.3,    0,    0,  0.3,    0) /* LowerArm */
     , (2000386,  5,  4,  2, 0.75,    0,    0,    0,    0,    0,    0,    0,    0,    0, 2,    0,  0.2,    0,    0,  0.2,    0,    0,  0.2,    0,    0,  0.2,    0) /* Hand */
     , (2000386,  6,  4,  0,    0,    0,    0,    0,    0,    0,    0,    0,    0,    0, 3,    0, 0.13, 0.18,    0, 0.13, 0.18,    0, 0.13, 0.18,    0, 0.13, 0.18) /* UpperLeg */
     , (2000386,  7,  4,  0,    0,    0,    0,    0,    0,    0,    0,    0,    0,    0, 3,    0,    0,  0.6,    0,    0,  0.6,    0,    0,  0.6,    0,    0,  0.6) /* LowerLeg */
     , (2000386,  8,  4,  2, 0.75,    0,    0,    0,    0,    0,    0,    0,    0,    0, 3,    0,    0, 0.22,    0,    0, 0.22,    0,    0, 0.22,    0,    0, 0.22) /* Foot */;

INSERT INTO `weenie_properties_emote` (`object_Id`, `category`, `probability`, `weenie_Class_Id`, `style`, `substyle`, `quest`, `vendor_Type`, `min_Health`, `max_Health`)
VALUES (2000386,  7 /* Use */,      1, NULL, NULL, NULL, NULL, NULL, NULL, NULL);

SET @parent_id = LAST_INSERT_ID();

INSERT INTO `weenie_properties_emote_action` (`emote_Id`, `order`, `type`, `delay`, `extent`, `motion`, `message`, `test_String`, `min`, `max`, `min_64`, `max_64`, `min_Dbl`, `max_Dbl`, `stat`, `display`, `amount`, `amount_64`, `hero_X_P_64`, `percent`, `spell_Id`, `wealth_Rating`, `treasure_Class`, `treasure_Type`, `p_Script`, `sound`, `destination_Type`, `weenie_Class_Id`, `stack_Size`, `palette`, `shade`, `try_To_Bond`, `obj_Cell_Id`, `origin_X`, `origin_Y`, `origin_Z`, `angles_W`, `angles_X`, `angles_Y`, `angles_Z`)
VALUES (@parent_id,  0,  10 /* Tell */, 0, 1, NULL, 'I''ve never seen a shadow just hanging out in town before.', NULL, NULL, NULL, NULL, NULL, NULL, NULL, NULL, NULL, NULL, NULL, NULL, NULL, NULL, NULL, NULL, NULL, NULL, NULL, NULL, NULL, NULL, NULL, NULL, NULL, NULL, NULL, NULL, NULL, NULL, NULL, NULL, NULL);

INSERT INTO `weenie_properties_create_list` (`object_Id`, `destination_Type`, `weenie_Class_Id`, `stack_Size`, `palette`, `shade`, `try_To_Bond`)
VALUES (2000386, 2,   121,  0, 90, 0.8, False) /* Create Gloves (121) for Wield */
     , (2000386, 2,  8372,  0, 93, 1, False) /* Create Yifan Dress (8372) for Wield */
     , (2000386, 2,  2604,  0, 91, 1, False) /* Create Breeches (2604) for Wield */;

DELETE FROM `weenie` WHERE `class_Id` = 2000387;

INSERT INTO `weenie` (`class_Id`, `class_Name`, `type`, `last_Modified`)
VALUES (2000387, 'ace2000387-townsfolk', 10, '2019-09-30 13:46:49') /* Creature */;

INSERT INTO `weenie_properties_int` (`object_Id`, `type`, `value`)
VALUES (2000387,   1,         16) /* ItemType - Creature */
     , (2000387,   2,         22) /* CreatureType - Shadow */
     , (2000387,   3,         39) /* PaletteTemplate - Black */
     , (2000387,   6,         -1) /* ItemsCapacity */
     , (2000387,   7,         -1) /* ContainersCapacity */
     , (2000387,   8,        120) /* Mass */
     , (2000387,  16,         32) /* ItemUseable - Remote */
     , (2000387,  25,         73) /* Level */
     , (2000387,  27,          0) /* ArmorType - None */
     , (2000387,  93,    6292504) /* PhysicsState - ReportCollisions, IgnoreCollisions, Gravity, ReportCollisionsAsEnvironment, EdgeSlide */
     , (2000387,  95,          8) /* RadarBlipColor - Yellow */
     , (2000387, 133,          4) /* ShowableOnRadar - ShowAlways */
     , (2000387, 134,         16) /* PlayerKillerStatus - RubberGlue */
     , (2000387, 146,       4973) /* XpOverride */;

INSERT INTO `weenie_properties_bool` (`object_Id`, `type`, `value`)
VALUES (2000387,   1, True ) /* Stuck */
     , (2000387,   8, True ) /* AllowGive */
     , (2000387,  11, True ) /* IgnoreCollisions */
     , (2000387,  12, True ) /* ReportCollisions */
     , (2000387,  13, False) /* Ethereal */
     , (2000387,  14, True ) /* GravityStatus */
     , (2000387,  19, False) /* Attackable */
     , (2000387,  41, True ) /* ReportCollisionsAsEnvironment */
     , (2000387,  42, True ) /* AllowEdgeSlide */
     , (2000387,  52, True ) /* AiImmobile */;

INSERT INTO `weenie_properties_float` (`object_Id`, `type`, `value`)
VALUES (2000387,   1,       5) /* HeartbeatInterval */
     , (2000387,   2,       0) /* HeartbeatTimestamp */
     , (2000387,   3, 0.159999996423721) /* HealthRate */
     , (2000387,   4,       5) /* StaminaRate */
     , (2000387,   5,       1) /* ManaRate */
     , (2000387,  12,     0.5) /* Shade */
     , (2000387,  13, 0.899999976158142) /* ArmorModVsSlash */
     , (2000387,  14,       1) /* ArmorModVsPierce */
     , (2000387,  15, 1.10000002384186) /* ArmorModVsBludgeon */
     , (2000387,  16, 0.400000005960464) /* ArmorModVsCold */
     , (2000387,  17, 0.400000005960464) /* ArmorModVsFire */
     , (2000387,  18,       1) /* ArmorModVsAcid */
     , (2000387,  19, 0.600000023841858) /* ArmorModVsElectric */
     , (2000387,  54,       3) /* UseRadius */
     , (2000387,  64,       1) /* ResistSlash */
     , (2000387,  65,       1) /* ResistPierce */
     , (2000387,  66,       1) /* ResistBludgeon */
     , (2000387,  67,       1) /* ResistFire */
     , (2000387,  68,       1) /* ResistCold */
     , (2000387,  69,       1) /* ResistAcid */
     , (2000387,  70,       1) /* ResistElectric */
     , (2000387,  71,       1) /* ResistHealthBoost */
     , (2000387,  72,       1) /* ResistStaminaDrain */
     , (2000387,  73,       1) /* ResistStaminaBoost */
     , (2000387,  74,       1) /* ResistManaDrain */
     , (2000387,  75,       1) /* ResistManaBoost */
     , (2000387, 104,      10) /* ObviousRadarRange */
     , (2000387, 125,       1) /* ResistHealthDrain */;

INSERT INTO `weenie_properties_string` (`object_Id`, `type`, `value`)
VALUES (2000387,   1, 'Townsfolk') /* Name */
     , (2000387,   3, 'Male') /* Sex */
     , (2000387,   4, 'Aluvian') /* HeritageGroup */;

INSERT INTO `weenie_properties_d_i_d` (`object_Id`, `type`, `value`)
VALUES (2000387,   1,   33554433) /* Setup */
     , (2000387,   2,  150994945) /* MotionTable */
     , (2000387,   3,  536870913) /* SoundTable */
     , (2000387,   4,  805306368) /* CombatTable */
     , (2000387,   6,   67111797) /* PaletteBase */
     , (2000387,   7,  268435632) /* ClothingBase */
     , (2000387,   8,  100670397) /* Icon */;

INSERT INTO `weenie_properties_attribute` (`object_Id`, `type`, `init_Level`, `level_From_C_P`, `c_P_Spent`)
VALUES (2000387,   1, 220, 0, 0) /* Strength */
     , (2000387,   2, 235, 0, 0) /* Endurance */
     , (2000387,   3, 260, 0, 0) /* Quickness */
     , (2000387,   4, 270, 0, 0) /* Coordination */
     , (2000387,   5, 150, 0, 0) /* Focus */
     , (2000387,   6, 150, 0, 0) /* Self */;

INSERT INTO `weenie_properties_attribute_2nd` (`object_Id`, `type`, `init_Level`, `level_From_C_P`, `c_P_Spent`, `current_Level`)
VALUES (2000387,   1,     0, 0, 0, 118) /* MaxHealth */
     , (2000387,   3,     0, 0, 0, 235) /* MaxStamina */
     , (2000387,   5,     0, 0, 0, 150) /* MaxMana */;

INSERT INTO `weenie_properties_skill` (`object_Id`, `type`, `level_From_P_P`, `s_a_c`, `p_p`, `init_Level`, `resistance_At_Last_Check`, `last_Used_Time`)
VALUES (2000387,  6, 0, 2, 0,   1, 0, 0) /* MeleeDefense        Trained */
     , (2000387,  7, 0, 2, 0,   1, 0, 0) /* MissileDefense      Trained */
     , (2000387, 13, 0, 2, 0,   1, 0, 0) /* UnarmedCombat       Trained */;

INSERT INTO `weenie_properties_body_part` (`object_Id`, `key`, `d_Type`, `d_Val`, `d_Var`, `base_Armor`, `armor_Vs_Slash`, `armor_Vs_Pierce`, `armor_Vs_Bludgeon`, `armor_Vs_Cold`, `armor_Vs_Fire`, `armor_Vs_Acid`, `armor_Vs_Electric`, `armor_Vs_Nether`, `b_h`, `h_l_f`, `m_l_f`, `l_l_f`, `h_r_f`, `m_r_f`, `l_r_f`, `h_l_b`, `m_l_b`, `l_l_b`, `h_r_b`, `m_r_b`, `l_r_b`)
VALUES (2000387,  0,  4,  0,    0,    0,    0,    0,    0,    0,    0,    0,    0,    0, 1, 0.33,    0,    0, 0.33,    0,    0, 0.33,    0,    0, 0.33,    0,    0) /* Head */
     , (2000387,  1,  4,  0,    0,    0,    0,    0,    0,    0,    0,    0,    0,    0, 2, 0.44, 0.17,    0, 0.44, 0.17,    0, 0.44, 0.17,    0, 0.44, 0.17,    0) /* Chest */
     , (2000387,  2,  4,  0,    0,    0,    0,    0,    0,    0,    0,    0,    0,    0, 3,    0, 0.17,    0,    0, 0.17,    0,    0, 0.17,    0,    0, 0.17,    0) /* Abdomen */
     , (2000387,  3,  4,  0,    0,    0,    0,    0,    0,    0,    0,    0,    0,    0, 1, 0.23, 0.03,    0, 0.23, 0.03,    0, 0.23, 0.03,    0, 0.23, 0.03,    0) /* UpperArm */
     , (2000387,  4,  4,  0,    0,    0,    0,    0,    0,    0,    0,    0,    0,    0, 2,    0,  0.3,    0,    0,  0.3,    0,    0,  0.3,    0,    0,  0.3,    0) /* LowerArm */
     , (2000387,  5,  4,  2, 0.75,    0,    0,    0,    0,    0,    0,    0,    0,    0, 2,    0,  0.2,    0,    0,  0.2,    0,    0,  0.2,    0,    0,  0.2,    0) /* Hand */
     , (2000387,  6,  4,  0,    0,    0,    0,    0,    0,    0,    0,    0,    0,    0, 3,    0, 0.13, 0.18,    0, 0.13, 0.18,    0, 0.13, 0.18,    0, 0.13, 0.18) /* UpperLeg */
     , (2000387,  7,  4,  0,    0,    0,    0,    0,    0,    0,    0,    0,    0,    0, 3,    0,    0,  0.6,    0,    0,  0.6,    0,    0,  0.6,    0,    0,  0.6) /* LowerLeg */
     , (2000387,  8,  4,  2, 0.75,    0,    0,    0,    0,    0,    0,    0,    0,    0, 3,    0,    0, 0.22,    0,    0, 0.22,    0,    0, 0.22,    0,    0, 0.22) /* Foot */;

INSERT INTO `weenie_properties_emote` (`object_Id`, `category`, `probability`, `weenie_Class_Id`, `style`, `substyle`, `quest`, `vendor_Type`, `min_Health`, `max_Health`)
VALUES (2000387,  7 /* Use */,      1, NULL, NULL, NULL, NULL, NULL, NULL, NULL);

SET @parent_id = LAST_INSERT_ID();

INSERT INTO `weenie_properties_emote_action` (`emote_Id`, `order`, `type`, `delay`, `extent`, `motion`, `message`, `test_String`, `min`, `max`, `min_64`, `max_64`, `min_Dbl`, `max_Dbl`, `stat`, `display`, `amount`, `amount_64`, `hero_X_P_64`, `percent`, `spell_Id`, `wealth_Rating`, `treasure_Class`, `treasure_Type`, `p_Script`, `sound`, `destination_Type`, `weenie_Class_Id`, `stack_Size`, `palette`, `shade`, `try_To_Bond`, `obj_Cell_Id`, `origin_X`, `origin_Y`, `origin_Z`, `angles_W`, `angles_X`, `angles_Y`, `angles_Z`)
VALUES (@parent_id,  0,  12 /* TurnToTarget */, 0, 1, NULL, NULL, NULL, NULL, NULL, NULL, NULL, NULL, NULL, NULL, NULL, NULL, NULL, NULL, NULL, NULL, NULL, NULL, NULL, NULL, NULL, NULL, NULL, NULL, NULL, NULL, NULL, NULL, NULL, NULL, NULL, NULL, NULL, NULL, NULL)
     , (@parent_id,  1,  10 /* Tell */, 1, 1, NULL, 'This is a town that will challenge me.', NULL, NULL, NULL, NULL, NULL, NULL, NULL, NULL, NULL, NULL, NULL, NULL, NULL, NULL, NULL, NULL, NULL, NULL, NULL, NULL, NULL, NULL, NULL, NULL, NULL, NULL, NULL, NULL, NULL, NULL, NULL, NULL, NULL)
     , (@parent_id,  2,   5 /* Motion */, 0, 1, 1090519043 /* Ready */, NULL, NULL, NULL, NULL, NULL, NULL, NULL, NULL, NULL, NULL, NULL, NULL, NULL, NULL, NULL, NULL, NULL, NULL, NULL, NULL, NULL, NULL, NULL, NULL, NULL, NULL, NULL, NULL, NULL, NULL, NULL, NULL, NULL, NULL);

DELETE FROM `weenie` WHERE `class_Id` = 2000388;

INSERT INTO `weenie` (`class_Id`, `class_Name`, `type`, `last_Modified`)
VALUES (2000388, 'ace2000388-townsfolk', 10, '2019-09-30 13:46:51') /* Creature */;

INSERT INTO `weenie_properties_int` (`object_Id`, `type`, `value`)
VALUES (2000388,   1,         16) /* ItemType - Creature */
     , (2000388,   2,         31) /* CreatureType - Human */
     , (2000388,   6,         -1) /* ItemsCapacity */
     , (2000388,   7,         -1) /* ContainersCapacity */
     , (2000388,   8,        120) /* Mass */
     , (2000388,  16,         32) /* ItemUseable - Remote */
     , (2000388,  25,         16) /* Level */
     , (2000388,  27,          0) /* ArmorType - None */
     , (2000388,  93,    6292504) /* PhysicsState - ReportCollisions, IgnoreCollisions, Gravity, ReportCollisionsAsEnvironment, EdgeSlide */
     , (2000388,  95,          8) /* RadarBlipColor - Yellow */
     , (2000388, 113,          2) /* Gender - Female */
     , (2000388, 133,          4) /* ShowableOnRadar - ShowAlways */
     , (2000388, 134,         16) /* PlayerKillerStatus - RubberGlue */
     , (2000388, 146,        318) /* XpOverride */
     , (2000388, 188,          1) /* HeritageGroup - Aluvian */;

INSERT INTO `weenie_properties_bool` (`object_Id`, `type`, `value`)
VALUES (2000388,   1, True ) /* Stuck */
     , (2000388,   8, True ) /* AllowGive */
     , (2000388,  11, True ) /* IgnoreCollisions */
     , (2000388,  12, True ) /* ReportCollisions */
     , (2000388,  13, False) /* Ethereal */
     , (2000388,  14, True ) /* GravityStatus */
     , (2000388,  19, False) /* Attackable */
     , (2000388,  29, True ) /* NoCorpse */
     , (2000388,  41, True ) /* ReportCollisionsAsEnvironment */
     , (2000388,  42, True ) /* AllowEdgeSlide */
     , (2000388,  52, True ) /* AiImmobile */
     , (2000388,  79, True ) /* AiAcceptEverything */;

INSERT INTO `weenie_properties_float` (`object_Id`, `type`, `value`)
VALUES (2000388,   1,       5) /* HeartbeatInterval */
     , (2000388,   2,       0) /* HeartbeatTimestamp */
     , (2000388,   3, 0.159999996423721) /* HealthRate */
     , (2000388,   4,       5) /* StaminaRate */
     , (2000388,   5,       1) /* ManaRate */
     , (2000388,  13, 0.899999976158142) /* ArmorModVsSlash */
     , (2000388,  14,       1) /* ArmorModVsPierce */
     , (2000388,  15, 1.10000002384186) /* ArmorModVsBludgeon */
     , (2000388,  16, 0.400000005960464) /* ArmorModVsCold */
     , (2000388,  17, 0.400000005960464) /* ArmorModVsFire */
     , (2000388,  18,       1) /* ArmorModVsAcid */
     , (2000388,  19, 0.600000023841858) /* ArmorModVsElectric */
     , (2000388,  54,       3) /* UseRadius */
     , (2000388,  64,       1) /* ResistSlash */
     , (2000388,  65,       1) /* ResistPierce */
     , (2000388,  66,       1) /* ResistBludgeon */
     , (2000388,  67,       1) /* ResistFire */
     , (2000388,  68,       1) /* ResistCold */
     , (2000388,  69,       1) /* ResistAcid */
     , (2000388,  70,       1) /* ResistElectric */
     , (2000388,  71,       1) /* ResistHealthBoost */
     , (2000388,  72,       1) /* ResistStaminaDrain */
     , (2000388,  73,       1) /* ResistStaminaBoost */
     , (2000388,  74,       1) /* ResistManaDrain */
     , (2000388,  75,       1) /* ResistManaBoost */
     , (2000388, 104,      10) /* ObviousRadarRange */
     , (2000388, 125,       1) /* ResistHealthDrain */;

INSERT INTO `weenie_properties_string` (`object_Id`, `type`, `value`)
VALUES (2000388,   1, 'Townsfolk') /* Name */
     , (2000388,   3, 'Female') /* Sex */
     , (2000388,   4, 'Aluvian') /* HeritageGroup */
     , (2000388,   5, 'Herald') /* Template */;

INSERT INTO `weenie_properties_d_i_d` (`object_Id`, `type`, `value`)
VALUES (2000388,   1,   33554510) /* Setup */
     , (2000388,   2,  150994945) /* MotionTable */
     , (2000388,   3,  536870914) /* SoundTable */
     , (2000388,   4,  805306368) /* CombatTable */
     , (2000388,   6,   67108990) /* PaletteBase */
     , (2000388,   8,  100667446) /* Icon */
     , (2000388,   9,   83890279) /* EyesTexture */
     , (2000388,  10,   83890302) /* NoseTexture */
     , (2000388,  11,   83890324) /* MouthTexture */
     , (2000388,  15,   67116982) /* HairPalette */
     , (2000388,  16,   67110063) /* EyesPalette */
     , (2000388,  17,   67109561) /* SkinPalette */;

INSERT INTO `weenie_properties_attribute` (`object_Id`, `type`, `init_Level`, `level_From_C_P`, `c_P_Spent`)
VALUES (2000388,   1, 120, 0, 0) /* Strength */
     , (2000388,   2, 130, 0, 0) /* Endurance */
     , (2000388,   3, 100, 0, 0) /* Quickness */
     , (2000388,   4, 115, 0, 0) /* Coordination */
     , (2000388,   5, 110, 0, 0) /* Focus */
     , (2000388,   6, 100, 0, 0) /* Self */;

INSERT INTO `weenie_properties_attribute_2nd` (`object_Id`, `type`, `init_Level`, `level_From_C_P`, `c_P_Spent`, `current_Level`)
VALUES (2000388,   1,     0, 0, 0, 65) /* MaxHealth */
     , (2000388,   3,     0, 0, 0, 130) /* MaxStamina */
     , (2000388,   5,     0, 0, 0, 100) /* MaxMana */;

INSERT INTO `weenie_properties_skill` (`object_Id`, `type`, `level_From_P_P`, `s_a_c`, `p_p`, `init_Level`, `resistance_At_Last_Check`, `last_Used_Time`)
VALUES (2000388,  6, 0, 2, 0,   1, 0, 0) /* MeleeDefense        Trained */
     , (2000388,  7, 0, 2, 0,   1, 0, 0) /* MissileDefense      Trained */
     , (2000388, 13, 0, 2, 0,   1, 0, 0) /* UnarmedCombat       Trained */;

INSERT INTO `weenie_properties_body_part` (`object_Id`, `key`, `d_Type`, `d_Val`, `d_Var`, `base_Armor`, `armor_Vs_Slash`, `armor_Vs_Pierce`, `armor_Vs_Bludgeon`, `armor_Vs_Cold`, `armor_Vs_Fire`, `armor_Vs_Acid`, `armor_Vs_Electric`, `armor_Vs_Nether`, `b_h`, `h_l_f`, `m_l_f`, `l_l_f`, `h_r_f`, `m_r_f`, `l_r_f`, `h_l_b`, `m_l_b`, `l_l_b`, `h_r_b`, `m_r_b`, `l_r_b`)
VALUES (2000388,  0,  4,  0,    0,    0,    0,    0,    0,    0,    0,    0,    0,    0, 1, 0.33,    0,    0, 0.33,    0,    0, 0.33,    0,    0, 0.33,    0,    0) /* Head */
     , (2000388,  1,  4,  0,    0,    0,    0,    0,    0,    0,    0,    0,    0,    0, 2, 0.44, 0.17,    0, 0.44, 0.17,    0, 0.44, 0.17,    0, 0.44, 0.17,    0) /* Chest */
     , (2000388,  2,  4,  0,    0,    0,    0,    0,    0,    0,    0,    0,    0,    0, 3,    0, 0.17,    0,    0, 0.17,    0,    0, 0.17,    0,    0, 0.17,    0) /* Abdomen */
     , (2000388,  3,  4,  0,    0,    0,    0,    0,    0,    0,    0,    0,    0,    0, 1, 0.23, 0.03,    0, 0.23, 0.03,    0, 0.23, 0.03,    0, 0.23, 0.03,    0) /* UpperArm */
     , (2000388,  4,  4,  0,    0,    0,    0,    0,    0,    0,    0,    0,    0,    0, 2,    0,  0.3,    0,    0,  0.3,    0,    0,  0.3,    0,    0,  0.3,    0) /* LowerArm */
     , (2000388,  5,  4,  2, 0.75,    0,    0,    0,    0,    0,    0,    0,    0,    0, 2,    0,  0.2,    0,    0,  0.2,    0,    0,  0.2,    0,    0,  0.2,    0) /* Hand */
     , (2000388,  6,  4,  0,    0,    0,    0,    0,    0,    0,    0,    0,    0,    0, 3,    0, 0.13, 0.18,    0, 0.13, 0.18,    0, 0.13, 0.18,    0, 0.13, 0.18) /* UpperLeg */
     , (2000388,  7,  4,  0,    0,    0,    0,    0,    0,    0,    0,    0,    0,    0, 3,    0,    0,  0.6,    0,    0,  0.6,    0,    0,  0.6,    0,    0,  0.6) /* LowerLeg */
     , (2000388,  8,  4,  2, 0.75,    0,    0,    0,    0,    0,    0,    0,    0,    0, 3,    0,    0, 0.22,    0,    0, 0.22,    0,    0, 0.22,    0,    0, 0.22) /* Foot */;

INSERT INTO `weenie_properties_emote` (`object_Id`, `category`, `probability`, `weenie_Class_Id`, `style`, `substyle`, `quest`, `vendor_Type`, `min_Health`, `max_Health`)
VALUES (2000388,  7 /* Use */,      1, NULL, NULL, NULL, NULL, NULL, NULL, NULL);

SET @parent_id = LAST_INSERT_ID();

INSERT INTO `weenie_properties_emote_action` (`emote_Id`, `order`, `type`, `delay`, `extent`, `motion`, `message`, `test_String`, `min`, `max`, `min_64`, `max_64`, `min_Dbl`, `max_Dbl`, `stat`, `display`, `amount`, `amount_64`, `hero_X_P_64`, `percent`, `spell_Id`, `wealth_Rating`, `treasure_Class`, `treasure_Type`, `p_Script`, `sound`, `destination_Type`, `weenie_Class_Id`, `stack_Size`, `palette`, `shade`, `try_To_Bond`, `obj_Cell_Id`, `origin_X`, `origin_Y`, `origin_Z`, `angles_W`, `angles_X`, `angles_Y`, `angles_Z`)
VALUES (@parent_id,  0,  10 /* Tell */, 0, 1, NULL, 'So nice to have a place to gather with fellows. A place away form the constant fighting.', NULL, NULL, NULL, NULL, NULL, NULL, NULL, NULL, NULL, NULL, NULL, NULL, NULL, NULL, NULL, NULL, NULL, NULL, NULL, NULL, NULL, NULL, NULL, NULL, NULL, NULL, NULL, NULL, NULL, NULL, NULL, NULL, NULL);

INSERT INTO `weenie_properties_create_list` (`object_Id`, `destination_Type`, `weenie_Class_Id`, `stack_Size`, `palette`, `shade`, `try_To_Bond`)
VALUES (2000388, 2,   121,  0, 90, 0.8, False) /* Create Gloves (121) for Wield */
     , (2000388, 2,  8372,  0, 93, 1, False) /* Create Yifan Dress (8372) for Wield */
     , (2000388, 2,  2604,  0, 91, 1, False) /* Create Breeches (2604) for Wield */;

DELETE FROM `weenie` WHERE `class_Id` = 2000389;

INSERT INTO `weenie` (`class_Id`, `class_Name`, `type`, `last_Modified`)
VALUES (2000389, 'ace2000389-townsfolk', 10, '2019-09-30 13:46:52') /* Creature */;

INSERT INTO `weenie_properties_int` (`object_Id`, `type`, `value`)
VALUES (2000389,   1,         16) /* ItemType - Creature */
     , (2000389,   2,         22) /* CreatureType - Shadow */
     , (2000389,   3,         39) /* PaletteTemplate - Black */
     , (2000389,   6,         -1) /* ItemsCapacity */
     , (2000389,   7,         -1) /* ContainersCapacity */
     , (2000389,   8,        120) /* Mass */
     , (2000389,  16,         32) /* ItemUseable - Remote */
     , (2000389,  25,         73) /* Level */
     , (2000389,  27,          0) /* ArmorType - None */
     , (2000389,  93,    6292504) /* PhysicsState - ReportCollisions, IgnoreCollisions, Gravity, ReportCollisionsAsEnvironment, EdgeSlide */
     , (2000389,  95,          8) /* RadarBlipColor - Yellow */
     , (2000389, 133,          4) /* ShowableOnRadar - ShowAlways */
     , (2000389, 134,         16) /* PlayerKillerStatus - RubberGlue */
     , (2000389, 146,       4973) /* XpOverride */;

INSERT INTO `weenie_properties_bool` (`object_Id`, `type`, `value`)
VALUES (2000389,   1, True ) /* Stuck */
     , (2000389,   8, True ) /* AllowGive */
     , (2000389,  11, True ) /* IgnoreCollisions */
     , (2000389,  12, True ) /* ReportCollisions */
     , (2000389,  13, False) /* Ethereal */
     , (2000389,  14, True ) /* GravityStatus */
     , (2000389,  19, False) /* Attackable */
     , (2000389,  41, True ) /* ReportCollisionsAsEnvironment */
     , (2000389,  42, True ) /* AllowEdgeSlide */
     , (2000389,  52, True ) /* AiImmobile */;

INSERT INTO `weenie_properties_float` (`object_Id`, `type`, `value`)
VALUES (2000389,   1,       5) /* HeartbeatInterval */
     , (2000389,   2,       0) /* HeartbeatTimestamp */
     , (2000389,   3, 0.159999996423721) /* HealthRate */
     , (2000389,   4,       5) /* StaminaRate */
     , (2000389,   5,       1) /* ManaRate */
     , (2000389,  12,     0.5) /* Shade */
     , (2000389,  13, 0.899999976158142) /* ArmorModVsSlash */
     , (2000389,  14,       1) /* ArmorModVsPierce */
     , (2000389,  15, 1.10000002384186) /* ArmorModVsBludgeon */
     , (2000389,  16, 0.400000005960464) /* ArmorModVsCold */
     , (2000389,  17, 0.400000005960464) /* ArmorModVsFire */
     , (2000389,  18,       1) /* ArmorModVsAcid */
     , (2000389,  19, 0.600000023841858) /* ArmorModVsElectric */
     , (2000389,  54,       3) /* UseRadius */
     , (2000389,  64,       1) /* ResistSlash */
     , (2000389,  65,       1) /* ResistPierce */
     , (2000389,  66,       1) /* ResistBludgeon */
     , (2000389,  67,       1) /* ResistFire */
     , (2000389,  68,       1) /* ResistCold */
     , (2000389,  69,       1) /* ResistAcid */
     , (2000389,  70,       1) /* ResistElectric */
     , (2000389,  71,       1) /* ResistHealthBoost */
     , (2000389,  72,       1) /* ResistStaminaDrain */
     , (2000389,  73,       1) /* ResistStaminaBoost */
     , (2000389,  74,       1) /* ResistManaDrain */
     , (2000389,  75,       1) /* ResistManaBoost */
     , (2000389, 104,      10) /* ObviousRadarRange */
     , (2000389, 125,       1) /* ResistHealthDrain */;

INSERT INTO `weenie_properties_string` (`object_Id`, `type`, `value`)
VALUES (2000389,   1, 'Townsfolk') /* Name */
     , (2000389,   3, 'Male') /* Sex */
     , (2000389,   4, 'Aluvian') /* HeritageGroup */;

INSERT INTO `weenie_properties_d_i_d` (`object_Id`, `type`, `value`)
VALUES (2000389,   1,   33554433) /* Setup */
     , (2000389,   2,  150994945) /* MotionTable */
     , (2000389,   3,  536870913) /* SoundTable */
     , (2000389,   4,  805306368) /* CombatTable */
     , (2000389,   6,   67111797) /* PaletteBase */
     , (2000389,   7,  268435632) /* ClothingBase */
     , (2000389,   8,  100670397) /* Icon */;

INSERT INTO `weenie_properties_attribute` (`object_Id`, `type`, `init_Level`, `level_From_C_P`, `c_P_Spent`)
VALUES (2000389,   1, 220, 0, 0) /* Strength */
     , (2000389,   2, 235, 0, 0) /* Endurance */
     , (2000389,   3, 260, 0, 0) /* Quickness */
     , (2000389,   4, 270, 0, 0) /* Coordination */
     , (2000389,   5, 150, 0, 0) /* Focus */
     , (2000389,   6, 150, 0, 0) /* Self */;

INSERT INTO `weenie_properties_attribute_2nd` (`object_Id`, `type`, `init_Level`, `level_From_C_P`, `c_P_Spent`, `current_Level`)
VALUES (2000389,   1,     0, 0, 0, 118) /* MaxHealth */
     , (2000389,   3,     0, 0, 0, 235) /* MaxStamina */
     , (2000389,   5,     0, 0, 0, 150) /* MaxMana */;

INSERT INTO `weenie_properties_skill` (`object_Id`, `type`, `level_From_P_P`, `s_a_c`, `p_p`, `init_Level`, `resistance_At_Last_Check`, `last_Used_Time`)
VALUES (2000389,  6, 0, 2, 0,   1, 0, 0) /* MeleeDefense        Trained */
     , (2000389,  7, 0, 2, 0,   1, 0, 0) /* MissileDefense      Trained */
     , (2000389, 13, 0, 2, 0,   1, 0, 0) /* UnarmedCombat       Trained */;

INSERT INTO `weenie_properties_body_part` (`object_Id`, `key`, `d_Type`, `d_Val`, `d_Var`, `base_Armor`, `armor_Vs_Slash`, `armor_Vs_Pierce`, `armor_Vs_Bludgeon`, `armor_Vs_Cold`, `armor_Vs_Fire`, `armor_Vs_Acid`, `armor_Vs_Electric`, `armor_Vs_Nether`, `b_h`, `h_l_f`, `m_l_f`, `l_l_f`, `h_r_f`, `m_r_f`, `l_r_f`, `h_l_b`, `m_l_b`, `l_l_b`, `h_r_b`, `m_r_b`, `l_r_b`)
VALUES (2000389,  0,  4,  0,    0,    0,    0,    0,    0,    0,    0,    0,    0,    0, 1, 0.33,    0,    0, 0.33,    0,    0, 0.33,    0,    0, 0.33,    0,    0) /* Head */
     , (2000389,  1,  4,  0,    0,    0,    0,    0,    0,    0,    0,    0,    0,    0, 2, 0.44, 0.17,    0, 0.44, 0.17,    0, 0.44, 0.17,    0, 0.44, 0.17,    0) /* Chest */
     , (2000389,  2,  4,  0,    0,    0,    0,    0,    0,    0,    0,    0,    0,    0, 3,    0, 0.17,    0,    0, 0.17,    0,    0, 0.17,    0,    0, 0.17,    0) /* Abdomen */
     , (2000389,  3,  4,  0,    0,    0,    0,    0,    0,    0,    0,    0,    0,    0, 1, 0.23, 0.03,    0, 0.23, 0.03,    0, 0.23, 0.03,    0, 0.23, 0.03,    0) /* UpperArm */
     , (2000389,  4,  4,  0,    0,    0,    0,    0,    0,    0,    0,    0,    0,    0, 2,    0,  0.3,    0,    0,  0.3,    0,    0,  0.3,    0,    0,  0.3,    0) /* LowerArm */
     , (2000389,  5,  4,  2, 0.75,    0,    0,    0,    0,    0,    0,    0,    0,    0, 2,    0,  0.2,    0,    0,  0.2,    0,    0,  0.2,    0,    0,  0.2,    0) /* Hand */
     , (2000389,  6,  4,  0,    0,    0,    0,    0,    0,    0,    0,    0,    0,    0, 3,    0, 0.13, 0.18,    0, 0.13, 0.18,    0, 0.13, 0.18,    0, 0.13, 0.18) /* UpperLeg */
     , (2000389,  7,  4,  0,    0,    0,    0,    0,    0,    0,    0,    0,    0,    0, 3,    0,    0,  0.6,    0,    0,  0.6,    0,    0,  0.6,    0,    0,  0.6) /* LowerLeg */
     , (2000389,  8,  4,  2, 0.75,    0,    0,    0,    0,    0,    0,    0,    0,    0, 3,    0,    0, 0.22,    0,    0, 0.22,    0,    0, 0.22,    0,    0, 0.22) /* Foot */;

INSERT INTO `weenie_properties_emote` (`object_Id`, `category`, `probability`, `weenie_Class_Id`, `style`, `substyle`, `quest`, `vendor_Type`, `min_Health`, `max_Health`)
VALUES (2000389,  7 /* Use */,      1, NULL, NULL, NULL, NULL, NULL, NULL, NULL);

SET @parent_id = LAST_INSERT_ID();

INSERT INTO `weenie_properties_emote_action` (`emote_Id`, `order`, `type`, `delay`, `extent`, `motion`, `message`, `test_String`, `min`, `max`, `min_64`, `max_64`, `min_Dbl`, `max_Dbl`, `stat`, `display`, `amount`, `amount_64`, `hero_X_P_64`, `percent`, `spell_Id`, `wealth_Rating`, `treasure_Class`, `treasure_Type`, `p_Script`, `sound`, `destination_Type`, `weenie_Class_Id`, `stack_Size`, `palette`, `shade`, `try_To_Bond`, `obj_Cell_Id`, `origin_X`, `origin_Y`, `origin_Z`, `angles_W`, `angles_X`, `angles_Y`, `angles_Z`)
VALUES (@parent_id,  0,  12 /* TurnToTarget */, 0, 1, NULL, NULL, NULL, NULL, NULL, NULL, NULL, NULL, NULL, NULL, NULL, NULL, NULL, NULL, NULL, NULL, NULL, NULL, NULL, NULL, NULL, NULL, NULL, NULL, NULL, NULL, NULL, NULL, NULL, NULL, NULL, NULL, NULL, NULL, NULL)
     , (@parent_id,  1,  10 /* Tell */, 1, 1, NULL, 'Helping this town will not erase the sins of my people, but I can still help, I must.', NULL, NULL, NULL, NULL, NULL, NULL, NULL, NULL, NULL, NULL, NULL, NULL, NULL, NULL, NULL, NULL, NULL, NULL, NULL, NULL, NULL, NULL, NULL, NULL, NULL, NULL, NULL, NULL, NULL, NULL, NULL, NULL, NULL)
     , (@parent_id,  2,   5 /* Motion */, 0, 1, 1090519043 /* Ready */, NULL, NULL, NULL, NULL, NULL, NULL, NULL, NULL, NULL, NULL, NULL, NULL, NULL, NULL, NULL, NULL, NULL, NULL, NULL, NULL, NULL, NULL, NULL, NULL, NULL, NULL, NULL, NULL, NULL, NULL, NULL, NULL, NULL, NULL);

DELETE FROM `weenie` WHERE `class_Id` = 2000390;

INSERT INTO `weenie` (`class_Id`, `class_Name`, `type`, `last_Modified`)
VALUES (2000390, 'ace2000390-townsfolk', 10, '2019-09-30 13:46:53') /* Creature */;

INSERT INTO `weenie_properties_int` (`object_Id`, `type`, `value`)
VALUES (2000390,   1,         16) /* ItemType - Creature */
     , (2000390,   2,         31) /* CreatureType - Human */
     , (2000390,   6,         -1) /* ItemsCapacity */
     , (2000390,   7,         -1) /* ContainersCapacity */
     , (2000390,   8,        120) /* Mass */
     , (2000390,  16,         32) /* ItemUseable - Remote */
     , (2000390,  25,         16) /* Level */
     , (2000390,  27,          0) /* ArmorType - None */
     , (2000390,  93,    6292504) /* PhysicsState - ReportCollisions, IgnoreCollisions, Gravity, ReportCollisionsAsEnvironment, EdgeSlide */
     , (2000390,  95,          8) /* RadarBlipColor - Yellow */
     , (2000390, 113,          2) /* Gender - Female */
     , (2000390, 133,          4) /* ShowableOnRadar - ShowAlways */
     , (2000390, 134,         16) /* PlayerKillerStatus - RubberGlue */
     , (2000390, 146,        318) /* XpOverride */
     , (2000390, 188,          1) /* HeritageGroup - Aluvian */;

INSERT INTO `weenie_properties_bool` (`object_Id`, `type`, `value`)
VALUES (2000390,   1, True ) /* Stuck */
     , (2000390,   8, True ) /* AllowGive */
     , (2000390,  11, True ) /* IgnoreCollisions */
     , (2000390,  12, True ) /* ReportCollisions */
     , (2000390,  13, False) /* Ethereal */
     , (2000390,  14, True ) /* GravityStatus */
     , (2000390,  19, False) /* Attackable */
     , (2000390,  29, True ) /* NoCorpse */
     , (2000390,  41, True ) /* ReportCollisionsAsEnvironment */
     , (2000390,  42, True ) /* AllowEdgeSlide */
     , (2000390,  52, True ) /* AiImmobile */
     , (2000390,  79, True ) /* AiAcceptEverything */;

INSERT INTO `weenie_properties_float` (`object_Id`, `type`, `value`)
VALUES (2000390,   1,       5) /* HeartbeatInterval */
     , (2000390,   2,       0) /* HeartbeatTimestamp */
     , (2000390,   3, 0.159999996423721) /* HealthRate */
     , (2000390,   4,       5) /* StaminaRate */
     , (2000390,   5,       1) /* ManaRate */
     , (2000390,  13, 0.899999976158142) /* ArmorModVsSlash */
     , (2000390,  14,       1) /* ArmorModVsPierce */
     , (2000390,  15, 1.10000002384186) /* ArmorModVsBludgeon */
     , (2000390,  16, 0.400000005960464) /* ArmorModVsCold */
     , (2000390,  17, 0.400000005960464) /* ArmorModVsFire */
     , (2000390,  18,       1) /* ArmorModVsAcid */
     , (2000390,  19, 0.600000023841858) /* ArmorModVsElectric */
     , (2000390,  54,       3) /* UseRadius */
     , (2000390,  64,       1) /* ResistSlash */
     , (2000390,  65,       1) /* ResistPierce */
     , (2000390,  66,       1) /* ResistBludgeon */
     , (2000390,  67,       1) /* ResistFire */
     , (2000390,  68,       1) /* ResistCold */
     , (2000390,  69,       1) /* ResistAcid */
     , (2000390,  70,       1) /* ResistElectric */
     , (2000390,  71,       1) /* ResistHealthBoost */
     , (2000390,  72,       1) /* ResistStaminaDrain */
     , (2000390,  73,       1) /* ResistStaminaBoost */
     , (2000390,  74,       1) /* ResistManaDrain */
     , (2000390,  75,       1) /* ResistManaBoost */
     , (2000390, 104,      10) /* ObviousRadarRange */
     , (2000390, 125,       1) /* ResistHealthDrain */;

INSERT INTO `weenie_properties_string` (`object_Id`, `type`, `value`)
VALUES (2000390,   1, 'Townsfolk') /* Name */
     , (2000390,   3, 'Female') /* Sex */
     , (2000390,   4, 'Aluvian') /* HeritageGroup */
     , (2000390,   5, 'Herald') /* Template */;

INSERT INTO `weenie_properties_d_i_d` (`object_Id`, `type`, `value`)
VALUES (2000390,   1,   33554510) /* Setup */
     , (2000390,   2,  150994945) /* MotionTable */
     , (2000390,   3,  536870914) /* SoundTable */
     , (2000390,   4,  805306368) /* CombatTable */
     , (2000390,   6,   67108990) /* PaletteBase */
     , (2000390,   8,  100667446) /* Icon */
     , (2000390,   9,   83890279) /* EyesTexture */
     , (2000390,  10,   83890302) /* NoseTexture */
     , (2000390,  11,   83890324) /* MouthTexture */
     , (2000390,  15,   67116982) /* HairPalette */
     , (2000390,  16,   67110063) /* EyesPalette */
     , (2000390,  17,   67109561) /* SkinPalette */;

INSERT INTO `weenie_properties_attribute` (`object_Id`, `type`, `init_Level`, `level_From_C_P`, `c_P_Spent`)
VALUES (2000390,   1, 120, 0, 0) /* Strength */
     , (2000390,   2, 130, 0, 0) /* Endurance */
     , (2000390,   3, 100, 0, 0) /* Quickness */
     , (2000390,   4, 115, 0, 0) /* Coordination */
     , (2000390,   5, 110, 0, 0) /* Focus */
     , (2000390,   6, 100, 0, 0) /* Self */;

INSERT INTO `weenie_properties_attribute_2nd` (`object_Id`, `type`, `init_Level`, `level_From_C_P`, `c_P_Spent`, `current_Level`)
VALUES (2000390,   1,     0, 0, 0, 65) /* MaxHealth */
     , (2000390,   3,     0, 0, 0, 130) /* MaxStamina */
     , (2000390,   5,     0, 0, 0, 100) /* MaxMana */;

INSERT INTO `weenie_properties_skill` (`object_Id`, `type`, `level_From_P_P`, `s_a_c`, `p_p`, `init_Level`, `resistance_At_Last_Check`, `last_Used_Time`)
VALUES (2000390,  6, 0, 2, 0,   1, 0, 0) /* MeleeDefense        Trained */
     , (2000390,  7, 0, 2, 0,   1, 0, 0) /* MissileDefense      Trained */
     , (2000390, 13, 0, 2, 0,   1, 0, 0) /* UnarmedCombat       Trained */;

INSERT INTO `weenie_properties_body_part` (`object_Id`, `key`, `d_Type`, `d_Val`, `d_Var`, `base_Armor`, `armor_Vs_Slash`, `armor_Vs_Pierce`, `armor_Vs_Bludgeon`, `armor_Vs_Cold`, `armor_Vs_Fire`, `armor_Vs_Acid`, `armor_Vs_Electric`, `armor_Vs_Nether`, `b_h`, `h_l_f`, `m_l_f`, `l_l_f`, `h_r_f`, `m_r_f`, `l_r_f`, `h_l_b`, `m_l_b`, `l_l_b`, `h_r_b`, `m_r_b`, `l_r_b`)
VALUES (2000390,  0,  4,  0,    0,    0,    0,    0,    0,    0,    0,    0,    0,    0, 1, 0.33,    0,    0, 0.33,    0,    0, 0.33,    0,    0, 0.33,    0,    0) /* Head */
     , (2000390,  1,  4,  0,    0,    0,    0,    0,    0,    0,    0,    0,    0,    0, 2, 0.44, 0.17,    0, 0.44, 0.17,    0, 0.44, 0.17,    0, 0.44, 0.17,    0) /* Chest */
     , (2000390,  2,  4,  0,    0,    0,    0,    0,    0,    0,    0,    0,    0,    0, 3,    0, 0.17,    0,    0, 0.17,    0,    0, 0.17,    0,    0, 0.17,    0) /* Abdomen */
     , (2000390,  3,  4,  0,    0,    0,    0,    0,    0,    0,    0,    0,    0,    0, 1, 0.23, 0.03,    0, 0.23, 0.03,    0, 0.23, 0.03,    0, 0.23, 0.03,    0) /* UpperArm */
     , (2000390,  4,  4,  0,    0,    0,    0,    0,    0,    0,    0,    0,    0,    0, 2,    0,  0.3,    0,    0,  0.3,    0,    0,  0.3,    0,    0,  0.3,    0) /* LowerArm */
     , (2000390,  5,  4,  2, 0.75,    0,    0,    0,    0,    0,    0,    0,    0,    0, 2,    0,  0.2,    0,    0,  0.2,    0,    0,  0.2,    0,    0,  0.2,    0) /* Hand */
     , (2000390,  6,  4,  0,    0,    0,    0,    0,    0,    0,    0,    0,    0,    0, 3,    0, 0.13, 0.18,    0, 0.13, 0.18,    0, 0.13, 0.18,    0, 0.13, 0.18) /* UpperLeg */
     , (2000390,  7,  4,  0,    0,    0,    0,    0,    0,    0,    0,    0,    0,    0, 3,    0,    0,  0.6,    0,    0,  0.6,    0,    0,  0.6,    0,    0,  0.6) /* LowerLeg */
     , (2000390,  8,  4,  2, 0.75,    0,    0,    0,    0,    0,    0,    0,    0,    0, 3,    0,    0, 0.22,    0,    0, 0.22,    0,    0, 0.22,    0,    0, 0.22) /* Foot */;

INSERT INTO `weenie_properties_emote` (`object_Id`, `category`, `probability`, `weenie_Class_Id`, `style`, `substyle`, `quest`, `vendor_Type`, `min_Health`, `max_Health`)
VALUES (2000390,  7 /* Use */,      1, NULL, NULL, NULL, NULL, NULL, NULL, NULL);

SET @parent_id = LAST_INSERT_ID();

INSERT INTO `weenie_properties_emote_action` (`emote_Id`, `order`, `type`, `delay`, `extent`, `motion`, `message`, `test_String`, `min`, `max`, `min_64`, `max_64`, `min_Dbl`, `max_Dbl`, `stat`, `display`, `amount`, `amount_64`, `hero_X_P_64`, `percent`, `spell_Id`, `wealth_Rating`, `treasure_Class`, `treasure_Type`, `p_Script`, `sound`, `destination_Type`, `weenie_Class_Id`, `stack_Size`, `palette`, `shade`, `try_To_Bond`, `obj_Cell_Id`, `origin_X`, `origin_Y`, `origin_Z`, `angles_W`, `angles_X`, `angles_Y`, `angles_Z`)
VALUES (@parent_id,  0,  10 /* Tell */, 0, 1, NULL, 'Welcome to Yanshi, where we will always rebuild and become more.', NULL, NULL, NULL, NULL, NULL, NULL, NULL, NULL, NULL, NULL, NULL, NULL, NULL, NULL, NULL, NULL, NULL, NULL, NULL, NULL, NULL, NULL, NULL, NULL, NULL, NULL, NULL, NULL, NULL, NULL, NULL, NULL, NULL);

INSERT INTO `weenie_properties_create_list` (`object_Id`, `destination_Type`, `weenie_Class_Id`, `stack_Size`, `palette`, `shade`, `try_To_Bond`)
VALUES (2000390, 2,   121,  0, 90, 0.8, False) /* Create Gloves (121) for Wield */
     , (2000390, 2,  2032,  0, 91, 1, False) /* Create Branith's Shirt (2032) for Wield */
     , (2000390, 2,  2604,  0, 92, 1, False) /* Create Breeches (2604) for Wield */;

DELETE FROM `weenie` WHERE `class_Id` = 2000391;

INSERT INTO `weenie` (`class_Id`, `class_Name`, `type`, `last_Modified`)
VALUES (2000391, 'ace2000391-townsfolk', 10, '2019-09-30 13:46:54') /* Creature */;

INSERT INTO `weenie_properties_int` (`object_Id`, `type`, `value`)
VALUES (2000391,   1,         16) /* ItemType - Creature */
     , (2000391,   2,         31) /* CreatureType - Human */
     , (2000391,   6,         -1) /* ItemsCapacity */
     , (2000391,   7,         -1) /* ContainersCapacity */
     , (2000391,   8,        120) /* Mass */
     , (2000391,  16,         32) /* ItemUseable - Remote */
     , (2000391,  25,         16) /* Level */
     , (2000391,  27,          0) /* ArmorType - None */
     , (2000391,  93,    6292504) /* PhysicsState - ReportCollisions, IgnoreCollisions, Gravity, ReportCollisionsAsEnvironment, EdgeSlide */
     , (2000391,  95,          8) /* RadarBlipColor - Yellow */
     , (2000391, 113,          2) /* Gender - Female */
     , (2000391, 133,          4) /* ShowableOnRadar - ShowAlways */
     , (2000391, 134,         16) /* PlayerKillerStatus - RubberGlue */
     , (2000391, 146,        318) /* XpOverride */
     , (2000391, 188,          1) /* HeritageGroup - Aluvian */;

INSERT INTO `weenie_properties_bool` (`object_Id`, `type`, `value`)
VALUES (2000391,   1, True ) /* Stuck */
     , (2000391,   8, True ) /* AllowGive */
     , (2000391,  11, True ) /* IgnoreCollisions */
     , (2000391,  12, True ) /* ReportCollisions */
     , (2000391,  13, False) /* Ethereal */
     , (2000391,  14, True ) /* GravityStatus */
     , (2000391,  19, False) /* Attackable */
     , (2000391,  29, True ) /* NoCorpse */
     , (2000391,  41, True ) /* ReportCollisionsAsEnvironment */
     , (2000391,  42, True ) /* AllowEdgeSlide */
     , (2000391,  52, True ) /* AiImmobile */
     , (2000391,  79, True ) /* AiAcceptEverything */;

INSERT INTO `weenie_properties_float` (`object_Id`, `type`, `value`)
VALUES (2000391,   1,       5) /* HeartbeatInterval */
     , (2000391,   2,       0) /* HeartbeatTimestamp */
     , (2000391,   3, 0.159999996423721) /* HealthRate */
     , (2000391,   4,       5) /* StaminaRate */
     , (2000391,   5,       1) /* ManaRate */
     , (2000391,  13, 0.899999976158142) /* ArmorModVsSlash */
     , (2000391,  14,       1) /* ArmorModVsPierce */
     , (2000391,  15, 1.10000002384186) /* ArmorModVsBludgeon */
     , (2000391,  16, 0.400000005960464) /* ArmorModVsCold */
     , (2000391,  17, 0.400000005960464) /* ArmorModVsFire */
     , (2000391,  18,       1) /* ArmorModVsAcid */
     , (2000391,  19, 0.600000023841858) /* ArmorModVsElectric */
     , (2000391,  54,       3) /* UseRadius */
     , (2000391,  64,       1) /* ResistSlash */
     , (2000391,  65,       1) /* ResistPierce */
     , (2000391,  66,       1) /* ResistBludgeon */
     , (2000391,  67,       1) /* ResistFire */
     , (2000391,  68,       1) /* ResistCold */
     , (2000391,  69,       1) /* ResistAcid */
     , (2000391,  70,       1) /* ResistElectric */
     , (2000391,  71,       1) /* ResistHealthBoost */
     , (2000391,  72,       1) /* ResistStaminaDrain */
     , (2000391,  73,       1) /* ResistStaminaBoost */
     , (2000391,  74,       1) /* ResistManaDrain */
     , (2000391,  75,       1) /* ResistManaBoost */
     , (2000391, 104,      10) /* ObviousRadarRange */
     , (2000391, 125,       1) /* ResistHealthDrain */;

INSERT INTO `weenie_properties_string` (`object_Id`, `type`, `value`)
VALUES (2000391,   1, 'Townsfolk') /* Name */
     , (2000391,   3, 'Female') /* Sex */
     , (2000391,   4, 'Aluvian') /* HeritageGroup */
     , (2000391,   5, 'Herald') /* Template */;

INSERT INTO `weenie_properties_d_i_d` (`object_Id`, `type`, `value`)
VALUES (2000391,   1,   33554510) /* Setup */
     , (2000391,   2,  150994945) /* MotionTable */
     , (2000391,   3,  536870914) /* SoundTable */
     , (2000391,   4,  805306368) /* CombatTable */
     , (2000391,   6,   67108990) /* PaletteBase */
     , (2000391,   8,  100667446) /* Icon */
     , (2000391,   9,   83890279) /* EyesTexture */
     , (2000391,  10,   83890302) /* NoseTexture */
     , (2000391,  11,   83890324) /* MouthTexture */
     , (2000391,  15,   67116982) /* HairPalette */
     , (2000391,  16,   67110063) /* EyesPalette */
     , (2000391,  17,   67109561) /* SkinPalette */;

INSERT INTO `weenie_properties_attribute` (`object_Id`, `type`, `init_Level`, `level_From_C_P`, `c_P_Spent`)
VALUES (2000391,   1, 120, 0, 0) /* Strength */
     , (2000391,   2, 130, 0, 0) /* Endurance */
     , (2000391,   3, 100, 0, 0) /* Quickness */
     , (2000391,   4, 115, 0, 0) /* Coordination */
     , (2000391,   5, 110, 0, 0) /* Focus */
     , (2000391,   6, 100, 0, 0) /* Self */;

INSERT INTO `weenie_properties_attribute_2nd` (`object_Id`, `type`, `init_Level`, `level_From_C_P`, `c_P_Spent`, `current_Level`)
VALUES (2000391,   1,     0, 0, 0, 65) /* MaxHealth */
     , (2000391,   3,     0, 0, 0, 130) /* MaxStamina */
     , (2000391,   5,     0, 0, 0, 100) /* MaxMana */;

INSERT INTO `weenie_properties_skill` (`object_Id`, `type`, `level_From_P_P`, `s_a_c`, `p_p`, `init_Level`, `resistance_At_Last_Check`, `last_Used_Time`)
VALUES (2000391,  6, 0, 2, 0,   1, 0, 0) /* MeleeDefense        Trained */
     , (2000391,  7, 0, 2, 0,   1, 0, 0) /* MissileDefense      Trained */
     , (2000391, 13, 0, 2, 0,   1, 0, 0) /* UnarmedCombat       Trained */;

INSERT INTO `weenie_properties_body_part` (`object_Id`, `key`, `d_Type`, `d_Val`, `d_Var`, `base_Armor`, `armor_Vs_Slash`, `armor_Vs_Pierce`, `armor_Vs_Bludgeon`, `armor_Vs_Cold`, `armor_Vs_Fire`, `armor_Vs_Acid`, `armor_Vs_Electric`, `armor_Vs_Nether`, `b_h`, `h_l_f`, `m_l_f`, `l_l_f`, `h_r_f`, `m_r_f`, `l_r_f`, `h_l_b`, `m_l_b`, `l_l_b`, `h_r_b`, `m_r_b`, `l_r_b`)
VALUES (2000391,  0,  4,  0,    0,    0,    0,    0,    0,    0,    0,    0,    0,    0, 1, 0.33,    0,    0, 0.33,    0,    0, 0.33,    0,    0, 0.33,    0,    0) /* Head */
     , (2000391,  1,  4,  0,    0,    0,    0,    0,    0,    0,    0,    0,    0,    0, 2, 0.44, 0.17,    0, 0.44, 0.17,    0, 0.44, 0.17,    0, 0.44, 0.17,    0) /* Chest */
     , (2000391,  2,  4,  0,    0,    0,    0,    0,    0,    0,    0,    0,    0,    0, 3,    0, 0.17,    0,    0, 0.17,    0,    0, 0.17,    0,    0, 0.17,    0) /* Abdomen */
     , (2000391,  3,  4,  0,    0,    0,    0,    0,    0,    0,    0,    0,    0,    0, 1, 0.23, 0.03,    0, 0.23, 0.03,    0, 0.23, 0.03,    0, 0.23, 0.03,    0) /* UpperArm */
     , (2000391,  4,  4,  0,    0,    0,    0,    0,    0,    0,    0,    0,    0,    0, 2,    0,  0.3,    0,    0,  0.3,    0,    0,  0.3,    0,    0,  0.3,    0) /* LowerArm */
     , (2000391,  5,  4,  2, 0.75,    0,    0,    0,    0,    0,    0,    0,    0,    0, 2,    0,  0.2,    0,    0,  0.2,    0,    0,  0.2,    0,    0,  0.2,    0) /* Hand */
     , (2000391,  6,  4,  0,    0,    0,    0,    0,    0,    0,    0,    0,    0,    0, 3,    0, 0.13, 0.18,    0, 0.13, 0.18,    0, 0.13, 0.18,    0, 0.13, 0.18) /* UpperLeg */
     , (2000391,  7,  4,  0,    0,    0,    0,    0,    0,    0,    0,    0,    0,    0, 3,    0,    0,  0.6,    0,    0,  0.6,    0,    0,  0.6,    0,    0,  0.6) /* LowerLeg */
     , (2000391,  8,  4,  2, 0.75,    0,    0,    0,    0,    0,    0,    0,    0,    0, 3,    0,    0, 0.22,    0,    0, 0.22,    0,    0, 0.22,    0,    0, 0.22) /* Foot */;

INSERT INTO `weenie_properties_emote` (`object_Id`, `category`, `probability`, `weenie_Class_Id`, `style`, `substyle`, `quest`, `vendor_Type`, `min_Health`, `max_Health`)
VALUES (2000391,  7 /* Use */,      1, NULL, NULL, NULL, NULL, NULL, NULL, NULL);

SET @parent_id = LAST_INSERT_ID();

INSERT INTO `weenie_properties_emote_action` (`emote_Id`, `order`, `type`, `delay`, `extent`, `motion`, `message`, `test_String`, `min`, `max`, `min_64`, `max_64`, `min_Dbl`, `max_Dbl`, `stat`, `display`, `amount`, `amount_64`, `hero_X_P_64`, `percent`, `spell_Id`, `wealth_Rating`, `treasure_Class`, `treasure_Type`, `p_Script`, `sound`, `destination_Type`, `weenie_Class_Id`, `stack_Size`, `palette`, `shade`, `try_To_Bond`, `obj_Cell_Id`, `origin_X`, `origin_Y`, `origin_Z`, `angles_W`, `angles_X`, `angles_Y`, `angles_Z`)
VALUES (@parent_id,  0,  10 /* Tell */, 0, 1, NULL, 'I miss the quick trips to Greenspire.', NULL, NULL, NULL, NULL, NULL, NULL, NULL, NULL, NULL, NULL, NULL, NULL, NULL, NULL, NULL, NULL, NULL, NULL, NULL, NULL, NULL, NULL, NULL, NULL, NULL, NULL, NULL, NULL, NULL, NULL, NULL, NULL, NULL);

INSERT INTO `weenie_properties_create_list` (`object_Id`, `destination_Type`, `weenie_Class_Id`, `stack_Size`, `palette`, `shade`, `try_To_Bond`)
VALUES (2000391, 2,   121,  0, 90, 0.8, False) /* Create Gloves (121) for Wield */
     , (2000391, 2,  8372,  0, 92, 1, False) /* Create Yifan Dress (8372) for Wield */
     , (2000391, 2,  2604,  0, 91, 1, False) /* Create Breeches (2604) for Wield */;

DELETE FROM `weenie` WHERE `class_Id` = 2000392;

INSERT INTO `weenie` (`class_Id`, `class_Name`, `type`, `last_Modified`)
VALUES (2000392, 'ace2000392-townfolk', 10, '2019-09-30 13:46:56') /* Creature */;

INSERT INTO `weenie_properties_int` (`object_Id`, `type`, `value`)
VALUES (2000392,   1,         16) /* ItemType - Creature */
     , (2000392,   2,         57) /* CreatureType - AunTumerok */
     , (2000392,   6,         -1) /* ItemsCapacity */
     , (2000392,   7,         -1) /* ContainersCapacity */
     , (2000392,  16,         32) /* ItemUseable - Remote */
     , (2000392,  25,         72) /* Level */
     , (2000392,  93,    6292504) /* PhysicsState - ReportCollisions, IgnoreCollisions, Gravity, ReportCollisionsAsEnvironment, EdgeSlide */
     , (2000392,  95,          8) /* RadarBlipColor - Yellow */
     , (2000392, 133,          4) /* ShowableOnRadar - ShowAlways */
     , (2000392, 134,         16) /* PlayerKillerStatus - RubberGlue */;

INSERT INTO `weenie_properties_bool` (`object_Id`, `type`, `value`)
VALUES (2000392,   1, True ) /* Stuck */
     , (2000392,  11, True ) /* IgnoreCollisions */
     , (2000392,  12, True ) /* ReportCollisions */
     , (2000392,  14, True ) /* GravityStatus */
     , (2000392,  19, False) /* Attackable */
     , (2000392,  41, True ) /* ReportCollisionsAsEnvironment */
     , (2000392,  42, True ) /* AllowEdgeSlide */;

INSERT INTO `weenie_properties_float` (`object_Id`, `type`, `value`)
VALUES (2000392,  54,       3) /* UseRadius */;

INSERT INTO `weenie_properties_string` (`object_Id`, `type`, `value`)
VALUES (2000392,   1, 'Townfolk') /* Name */
     , (2000392,   5, 'Portal Warden') /* Template */;

INSERT INTO `weenie_properties_d_i_d` (`object_Id`, `type`, `value`)
VALUES (2000392,   1,   33557117) /* Setup */
     , (2000392,   2,  150994945) /* MotionTable */
     , (2000392,   3,  536870931) /* SoundTable */
     , (2000392,   6,   67113280) /* PaletteBase */
     , (2000392,   8,  100671756) /* Icon */;

INSERT INTO `weenie_properties_attribute` (`object_Id`, `type`, `init_Level`, `level_From_C_P`, `c_P_Spent`)
VALUES (2000392,   1, 180, 0, 0) /* Strength */
     , (2000392,   2, 190, 0, 0) /* Endurance */
     , (2000392,   3, 165, 0, 0) /* Quickness */
     , (2000392,   4, 175, 0, 0) /* Coordination */
     , (2000392,   5, 150, 0, 0) /* Focus */
     , (2000392,   6, 160, 0, 0) /* Self */;

INSERT INTO `weenie_properties_attribute_2nd` (`object_Id`, `type`, `init_Level`, `level_From_C_P`, `c_P_Spent`, `current_Level`)
VALUES (2000392,   1,   100, 0, 0, 195) /* MaxHealth */
     , (2000392,   3,   100, 0, 0, 290) /* MaxStamina */
     , (2000392,   5,   100, 0, 0, 260) /* MaxMana */;

INSERT INTO `weenie_properties_skill` (`object_Id`, `type`, `level_From_P_P`, `s_a_c`, `p_p`, `init_Level`, `resistance_At_Last_Check`, `last_Used_Time`)
VALUES (2000392,  6, 0, 3, 0, 410, 0, 0) /* MeleeDefense        Specialized */;

INSERT INTO `weenie_properties_body_part` (`object_Id`, `key`, `d_Type`, `d_Val`, `d_Var`, `base_Armor`, `armor_Vs_Slash`, `armor_Vs_Pierce`, `armor_Vs_Bludgeon`, `armor_Vs_Cold`, `armor_Vs_Fire`, `armor_Vs_Acid`, `armor_Vs_Electric`, `armor_Vs_Nether`, `b_h`, `h_l_f`, `m_l_f`, `l_l_f`, `h_r_f`, `m_r_f`, `l_r_f`, `h_l_b`, `m_l_b`, `l_l_b`, `h_r_b`, `m_r_b`, `l_r_b`)
VALUES (2000392,  0,  4,  0,    0,    0,    0,    0,    0,    0,    0,    0,    0,    0, 1, 0.33,    0,    0, 0.33,    0,    0, 0.33,    0,    0, 0.33,    0,    0) /* Head */
     , (2000392,  1,  4,  0,    0,    0,    0,    0,    0,    0,    0,    0,    0,    0, 2, 0.44, 0.17,    0, 0.44, 0.17,    0, 0.44, 0.17,    0, 0.44, 0.17,    0) /* Chest */
     , (2000392,  2,  4,  0,    0,    0,    0,    0,    0,    0,    0,    0,    0,    0, 3,    0, 0.17,    0,    0, 0.17,    0,    0, 0.17,    0,    0, 0.17,    0) /* Abdomen */
     , (2000392,  3,  4,  0,    0,    0,    0,    0,    0,    0,    0,    0,    0,    0, 1, 0.23, 0.03,    0, 0.23, 0.03,    0, 0.23, 0.03,    0, 0.23, 0.03,    0) /* UpperArm */
     , (2000392,  4,  4,  0,    0,    0,    0,    0,    0,    0,    0,    0,    0,    0, 2,    0,  0.3,    0,    0,  0.3,    0,    0,  0.3,    0,    0,  0.3,    0) /* LowerArm */
     , (2000392,  5,  4,  2, 0.75,    0,    0,    0,    0,    0,    0,    0,    0,    0, 2,    0,  0.2,    0,    0,  0.2,    0,    0,  0.2,    0,    0,  0.2,    0) /* Hand */
     , (2000392,  6,  4,  0,    0,    0,    0,    0,    0,    0,    0,    0,    0,    0, 3,    0, 0.13, 0.18,    0, 0.13, 0.18,    0, 0.13, 0.18,    0, 0.13, 0.18) /* UpperLeg */
     , (2000392,  7,  4,  0,    0,    0,    0,    0,    0,    0,    0,    0,    0,    0, 3,    0,    0,  0.6,    0,    0,  0.6,    0,    0,  0.6,    0,    0,  0.6) /* LowerLeg */
     , (2000392,  8,  4,  2, 0.75,    0,    0,    0,    0,    0,    0,    0,    0,    0, 3,    0,    0, 0.22,    0,    0, 0.22,    0,    0, 0.22,    0,    0, 0.22) /* Foot */;

INSERT INTO `weenie_properties_emote` (`object_Id`, `category`, `probability`, `weenie_Class_Id`, `style`, `substyle`, `quest`, `vendor_Type`, `min_Health`, `max_Health`)
VALUES (2000392,  7 /* Use */,      1, NULL, NULL, NULL, NULL, NULL, NULL, NULL);

SET @parent_id = LAST_INSERT_ID();

INSERT INTO `weenie_properties_emote_action` (`emote_Id`, `order`, `type`, `delay`, `extent`, `motion`, `message`, `test_String`, `min`, `max`, `min_64`, `max_64`, `min_Dbl`, `max_Dbl`, `stat`, `display`, `amount`, `amount_64`, `hero_X_P_64`, `percent`, `spell_Id`, `wealth_Rating`, `treasure_Class`, `treasure_Type`, `p_Script`, `sound`, `destination_Type`, `weenie_Class_Id`, `stack_Size`, `palette`, `shade`, `try_To_Bond`, `obj_Cell_Id`, `origin_X`, `origin_Y`, `origin_Z`, `angles_W`, `angles_X`, `angles_Y`, `angles_Z`)
VALUES (@parent_id,  0,  10 /* Tell */, 1, 1, NULL, 'Skeletons, an enemy I can hunt. My heart beats faster even now.', NULL, NULL, NULL, NULL, NULL, NULL, NULL, NULL, NULL, NULL, NULL, NULL, NULL, NULL, NULL, NULL, NULL, NULL, NULL, NULL, NULL, NULL, NULL, NULL, NULL, NULL, NULL, NULL, NULL, NULL, NULL, NULL, NULL);

DELETE FROM `weenie` WHERE `class_Id` = 2000393;

INSERT INTO `weenie` (`class_Id`, `class_Name`, `type`, `last_Modified`)
VALUES (2000393, 'ace2000393-townsfolk', 10, '2019-09-30 13:46:57') /* Creature */;

INSERT INTO `weenie_properties_int` (`object_Id`, `type`, `value`)
VALUES (2000393,   1,         16) /* ItemType - Creature */
     , (2000393,   2,         31) /* CreatureType - Human */
     , (2000393,   6,         -1) /* ItemsCapacity */
     , (2000393,   7,         -1) /* ContainersCapacity */
     , (2000393,   8,        120) /* Mass */
     , (2000393,  16,         32) /* ItemUseable - Remote */
     , (2000393,  25,         16) /* Level */
     , (2000393,  27,          0) /* ArmorType - None */
     , (2000393,  93,    6292504) /* PhysicsState - ReportCollisions, IgnoreCollisions, Gravity, ReportCollisionsAsEnvironment, EdgeSlide */
     , (2000393,  95,          8) /* RadarBlipColor - Yellow */
     , (2000393, 113,          2) /* Gender - Female */
     , (2000393, 133,          4) /* ShowableOnRadar - ShowAlways */
     , (2000393, 134,         16) /* PlayerKillerStatus - RubberGlue */
     , (2000393, 146,        318) /* XpOverride */
     , (2000393, 188,          1) /* HeritageGroup - Aluvian */;

INSERT INTO `weenie_properties_bool` (`object_Id`, `type`, `value`)
VALUES (2000393,   1, True ) /* Stuck */
     , (2000393,   8, True ) /* AllowGive */
     , (2000393,  11, True ) /* IgnoreCollisions */
     , (2000393,  12, True ) /* ReportCollisions */
     , (2000393,  13, False) /* Ethereal */
     , (2000393,  14, True ) /* GravityStatus */
     , (2000393,  19, False) /* Attackable */
     , (2000393,  29, True ) /* NoCorpse */
     , (2000393,  41, True ) /* ReportCollisionsAsEnvironment */
     , (2000393,  42, True ) /* AllowEdgeSlide */
     , (2000393,  52, True ) /* AiImmobile */
     , (2000393,  79, True ) /* AiAcceptEverything */;

INSERT INTO `weenie_properties_float` (`object_Id`, `type`, `value`)
VALUES (2000393,   1,       5) /* HeartbeatInterval */
     , (2000393,   2,       0) /* HeartbeatTimestamp */
     , (2000393,   3, 0.159999996423721) /* HealthRate */
     , (2000393,   4,       5) /* StaminaRate */
     , (2000393,   5,       1) /* ManaRate */
     , (2000393,  13, 0.899999976158142) /* ArmorModVsSlash */
     , (2000393,  14,       1) /* ArmorModVsPierce */
     , (2000393,  15, 1.10000002384186) /* ArmorModVsBludgeon */
     , (2000393,  16, 0.400000005960464) /* ArmorModVsCold */
     , (2000393,  17, 0.400000005960464) /* ArmorModVsFire */
     , (2000393,  18,       1) /* ArmorModVsAcid */
     , (2000393,  19, 0.600000023841858) /* ArmorModVsElectric */
     , (2000393,  54,       3) /* UseRadius */
     , (2000393,  64,       1) /* ResistSlash */
     , (2000393,  65,       1) /* ResistPierce */
     , (2000393,  66,       1) /* ResistBludgeon */
     , (2000393,  67,       1) /* ResistFire */
     , (2000393,  68,       1) /* ResistCold */
     , (2000393,  69,       1) /* ResistAcid */
     , (2000393,  70,       1) /* ResistElectric */
     , (2000393,  71,       1) /* ResistHealthBoost */
     , (2000393,  72,       1) /* ResistStaminaDrain */
     , (2000393,  73,       1) /* ResistStaminaBoost */
     , (2000393,  74,       1) /* ResistManaDrain */
     , (2000393,  75,       1) /* ResistManaBoost */
     , (2000393, 104,      10) /* ObviousRadarRange */
     , (2000393, 125,       1) /* ResistHealthDrain */;

INSERT INTO `weenie_properties_string` (`object_Id`, `type`, `value`)
VALUES (2000393,   1, 'Townsfolk') /* Name */
     , (2000393,   3, 'Female') /* Sex */
     , (2000393,   4, 'Aluvian') /* HeritageGroup */
     , (2000393,   5, 'Herald') /* Template */;

INSERT INTO `weenie_properties_d_i_d` (`object_Id`, `type`, `value`)
VALUES (2000393,   1,   33554510) /* Setup */
     , (2000393,   2,  150994945) /* MotionTable */
     , (2000393,   3,  536870914) /* SoundTable */
     , (2000393,   4,  805306368) /* CombatTable */
     , (2000393,   6,   67108990) /* PaletteBase */
     , (2000393,   8,  100667446) /* Icon */
     , (2000393,   9,   83890279) /* EyesTexture */
     , (2000393,  10,   83890302) /* NoseTexture */
     , (2000393,  11,   83890324) /* MouthTexture */
     , (2000393,  15,   67116982) /* HairPalette */
     , (2000393,  16,   67110063) /* EyesPalette */
     , (2000393,  17,   67109561) /* SkinPalette */;

INSERT INTO `weenie_properties_attribute` (`object_Id`, `type`, `init_Level`, `level_From_C_P`, `c_P_Spent`)
VALUES (2000393,   1, 120, 0, 0) /* Strength */
     , (2000393,   2, 130, 0, 0) /* Endurance */
     , (2000393,   3, 100, 0, 0) /* Quickness */
     , (2000393,   4, 115, 0, 0) /* Coordination */
     , (2000393,   5, 110, 0, 0) /* Focus */
     , (2000393,   6, 100, 0, 0) /* Self */;

INSERT INTO `weenie_properties_attribute_2nd` (`object_Id`, `type`, `init_Level`, `level_From_C_P`, `c_P_Spent`, `current_Level`)
VALUES (2000393,   1,     0, 0, 0, 65) /* MaxHealth */
     , (2000393,   3,     0, 0, 0, 130) /* MaxStamina */
     , (2000393,   5,     0, 0, 0, 100) /* MaxMana */;

INSERT INTO `weenie_properties_skill` (`object_Id`, `type`, `level_From_P_P`, `s_a_c`, `p_p`, `init_Level`, `resistance_At_Last_Check`, `last_Used_Time`)
VALUES (2000393,  6, 0, 2, 0,   1, 0, 0) /* MeleeDefense        Trained */
     , (2000393,  7, 0, 2, 0,   1, 0, 0) /* MissileDefense      Trained */
     , (2000393, 13, 0, 2, 0,   1, 0, 0) /* UnarmedCombat       Trained */;

INSERT INTO `weenie_properties_body_part` (`object_Id`, `key`, `d_Type`, `d_Val`, `d_Var`, `base_Armor`, `armor_Vs_Slash`, `armor_Vs_Pierce`, `armor_Vs_Bludgeon`, `armor_Vs_Cold`, `armor_Vs_Fire`, `armor_Vs_Acid`, `armor_Vs_Electric`, `armor_Vs_Nether`, `b_h`, `h_l_f`, `m_l_f`, `l_l_f`, `h_r_f`, `m_r_f`, `l_r_f`, `h_l_b`, `m_l_b`, `l_l_b`, `h_r_b`, `m_r_b`, `l_r_b`)
VALUES (2000393,  0,  4,  0,    0,    0,    0,    0,    0,    0,    0,    0,    0,    0, 1, 0.33,    0,    0, 0.33,    0,    0, 0.33,    0,    0, 0.33,    0,    0) /* Head */
     , (2000393,  1,  4,  0,    0,    0,    0,    0,    0,    0,    0,    0,    0,    0, 2, 0.44, 0.17,    0, 0.44, 0.17,    0, 0.44, 0.17,    0, 0.44, 0.17,    0) /* Chest */
     , (2000393,  2,  4,  0,    0,    0,    0,    0,    0,    0,    0,    0,    0,    0, 3,    0, 0.17,    0,    0, 0.17,    0,    0, 0.17,    0,    0, 0.17,    0) /* Abdomen */
     , (2000393,  3,  4,  0,    0,    0,    0,    0,    0,    0,    0,    0,    0,    0, 1, 0.23, 0.03,    0, 0.23, 0.03,    0, 0.23, 0.03,    0, 0.23, 0.03,    0) /* UpperArm */
     , (2000393,  4,  4,  0,    0,    0,    0,    0,    0,    0,    0,    0,    0,    0, 2,    0,  0.3,    0,    0,  0.3,    0,    0,  0.3,    0,    0,  0.3,    0) /* LowerArm */
     , (2000393,  5,  4,  2, 0.75,    0,    0,    0,    0,    0,    0,    0,    0,    0, 2,    0,  0.2,    0,    0,  0.2,    0,    0,  0.2,    0,    0,  0.2,    0) /* Hand */
     , (2000393,  6,  4,  0,    0,    0,    0,    0,    0,    0,    0,    0,    0,    0, 3,    0, 0.13, 0.18,    0, 0.13, 0.18,    0, 0.13, 0.18,    0, 0.13, 0.18) /* UpperLeg */
     , (2000393,  7,  4,  0,    0,    0,    0,    0,    0,    0,    0,    0,    0,    0, 3,    0,    0,  0.6,    0,    0,  0.6,    0,    0,  0.6,    0,    0,  0.6) /* LowerLeg */
     , (2000393,  8,  4,  2, 0.75,    0,    0,    0,    0,    0,    0,    0,    0,    0, 3,    0,    0, 0.22,    0,    0, 0.22,    0,    0, 0.22,    0,    0, 0.22) /* Foot */;

INSERT INTO `weenie_properties_emote` (`object_Id`, `category`, `probability`, `weenie_Class_Id`, `style`, `substyle`, `quest`, `vendor_Type`, `min_Health`, `max_Health`)
VALUES (2000393,  7 /* Use */,      1, NULL, NULL, NULL, NULL, NULL, NULL, NULL);

SET @parent_id = LAST_INSERT_ID();

INSERT INTO `weenie_properties_emote_action` (`emote_Id`, `order`, `type`, `delay`, `extent`, `motion`, `message`, `test_String`, `min`, `max`, `min_64`, `max_64`, `min_Dbl`, `max_Dbl`, `stat`, `display`, `amount`, `amount_64`, `hero_X_P_64`, `percent`, `spell_Id`, `wealth_Rating`, `treasure_Class`, `treasure_Type`, `p_Script`, `sound`, `destination_Type`, `weenie_Class_Id`, `stack_Size`, `palette`, `shade`, `try_To_Bond`, `obj_Cell_Id`, `origin_X`, `origin_Y`, `origin_Z`, `angles_W`, `angles_X`, `angles_Y`, `angles_Z`)
VALUES (@parent_id,  0,  10 /* Tell */, 0, 1, NULL, 'I am working on a new kind of Arrow, just wait.', NULL, NULL, NULL, NULL, NULL, NULL, NULL, NULL, NULL, NULL, NULL, NULL, NULL, NULL, NULL, NULL, NULL, NULL, NULL, NULL, NULL, NULL, NULL, NULL, NULL, NULL, NULL, NULL, NULL, NULL, NULL, NULL, NULL);

INSERT INTO `weenie_properties_create_list` (`object_Id`, `destination_Type`, `weenie_Class_Id`, `stack_Size`, `palette`, `shade`, `try_To_Bond`)
VALUES (2000393, 2,   121,  0, 90, 0.8, False) /* Create Gloves (121) for Wield */
     , (2000393, 2,  2032,  0, 88, 1, False) /* Create Branith's Shirt (2032) for Wield */
     , (2000393, 2,  2604,  0, 91, 1, False) /* Create Breeches (2604) for Wield */;

DELETE FROM `weenie` WHERE `class_Id` = 2000394;

INSERT INTO `weenie` (`class_Id`, `class_Name`, `type`, `last_Modified`)
VALUES (2000394, 'ace2000394-townsfolk', 10, '2019-09-30 13:46:58') /* Creature */;

INSERT INTO `weenie_properties_int` (`object_Id`, `type`, `value`)
VALUES (2000394,   1,         16) /* ItemType - Creature */
     , (2000394,   2,         31) /* CreatureType - Human */
     , (2000394,   6,         -1) /* ItemsCapacity */
     , (2000394,   7,         -1) /* ContainersCapacity */
     , (2000394,   8,        120) /* Mass */
     , (2000394,  16,         32) /* ItemUseable - Remote */
     , (2000394,  25,         16) /* Level */
     , (2000394,  27,          0) /* ArmorType - None */
     , (2000394,  93,    6292504) /* PhysicsState - ReportCollisions, IgnoreCollisions, Gravity, ReportCollisionsAsEnvironment, EdgeSlide */
     , (2000394,  95,          8) /* RadarBlipColor - Yellow */
     , (2000394, 113,          2) /* Gender - Female */
     , (2000394, 133,          4) /* ShowableOnRadar - ShowAlways */
     , (2000394, 134,         16) /* PlayerKillerStatus - RubberGlue */
     , (2000394, 146,        318) /* XpOverride */
     , (2000394, 188,          1) /* HeritageGroup - Aluvian */;

INSERT INTO `weenie_properties_bool` (`object_Id`, `type`, `value`)
VALUES (2000394,   1, True ) /* Stuck */
     , (2000394,   8, True ) /* AllowGive */
     , (2000394,  11, True ) /* IgnoreCollisions */
     , (2000394,  12, True ) /* ReportCollisions */
     , (2000394,  13, False) /* Ethereal */
     , (2000394,  14, True ) /* GravityStatus */
     , (2000394,  19, False) /* Attackable */
     , (2000394,  29, True ) /* NoCorpse */
     , (2000394,  41, True ) /* ReportCollisionsAsEnvironment */
     , (2000394,  42, True ) /* AllowEdgeSlide */
     , (2000394,  52, True ) /* AiImmobile */
     , (2000394,  79, True ) /* AiAcceptEverything */;

INSERT INTO `weenie_properties_float` (`object_Id`, `type`, `value`)
VALUES (2000394,   1,       5) /* HeartbeatInterval */
     , (2000394,   2,       0) /* HeartbeatTimestamp */
     , (2000394,   3, 0.159999996423721) /* HealthRate */
     , (2000394,   4,       5) /* StaminaRate */
     , (2000394,   5,       1) /* ManaRate */
     , (2000394,  13, 0.899999976158142) /* ArmorModVsSlash */
     , (2000394,  14,       1) /* ArmorModVsPierce */
     , (2000394,  15, 1.10000002384186) /* ArmorModVsBludgeon */
     , (2000394,  16, 0.400000005960464) /* ArmorModVsCold */
     , (2000394,  17, 0.400000005960464) /* ArmorModVsFire */
     , (2000394,  18,       1) /* ArmorModVsAcid */
     , (2000394,  19, 0.600000023841858) /* ArmorModVsElectric */
     , (2000394,  54,       3) /* UseRadius */
     , (2000394,  64,       1) /* ResistSlash */
     , (2000394,  65,       1) /* ResistPierce */
     , (2000394,  66,       1) /* ResistBludgeon */
     , (2000394,  67,       1) /* ResistFire */
     , (2000394,  68,       1) /* ResistCold */
     , (2000394,  69,       1) /* ResistAcid */
     , (2000394,  70,       1) /* ResistElectric */
     , (2000394,  71,       1) /* ResistHealthBoost */
     , (2000394,  72,       1) /* ResistStaminaDrain */
     , (2000394,  73,       1) /* ResistStaminaBoost */
     , (2000394,  74,       1) /* ResistManaDrain */
     , (2000394,  75,       1) /* ResistManaBoost */
     , (2000394, 104,      10) /* ObviousRadarRange */
     , (2000394, 125,       1) /* ResistHealthDrain */;

INSERT INTO `weenie_properties_string` (`object_Id`, `type`, `value`)
VALUES (2000394,   1, 'Townsfolk') /* Name */
     , (2000394,   3, 'Female') /* Sex */
     , (2000394,   4, 'Aluvian') /* HeritageGroup */
     , (2000394,   5, 'Herald') /* Template */;

INSERT INTO `weenie_properties_d_i_d` (`object_Id`, `type`, `value`)
VALUES (2000394,   1,   33554510) /* Setup */
     , (2000394,   2,  150994945) /* MotionTable */
     , (2000394,   3,  536870914) /* SoundTable */
     , (2000394,   4,  805306368) /* CombatTable */
     , (2000394,   6,   67108990) /* PaletteBase */
     , (2000394,   8,  100667446) /* Icon */
     , (2000394,   9,   83890279) /* EyesTexture */
     , (2000394,  10,   83890302) /* NoseTexture */
     , (2000394,  11,   83890324) /* MouthTexture */
     , (2000394,  15,   67116982) /* HairPalette */
     , (2000394,  16,   67110063) /* EyesPalette */
     , (2000394,  17,   67109561) /* SkinPalette */;

INSERT INTO `weenie_properties_attribute` (`object_Id`, `type`, `init_Level`, `level_From_C_P`, `c_P_Spent`)
VALUES (2000394,   1, 120, 0, 0) /* Strength */
     , (2000394,   2, 130, 0, 0) /* Endurance */
     , (2000394,   3, 100, 0, 0) /* Quickness */
     , (2000394,   4, 115, 0, 0) /* Coordination */
     , (2000394,   5, 110, 0, 0) /* Focus */
     , (2000394,   6, 100, 0, 0) /* Self */;

INSERT INTO `weenie_properties_attribute_2nd` (`object_Id`, `type`, `init_Level`, `level_From_C_P`, `c_P_Spent`, `current_Level`)
VALUES (2000394,   1,     0, 0, 0, 65) /* MaxHealth */
     , (2000394,   3,     0, 0, 0, 130) /* MaxStamina */
     , (2000394,   5,     0, 0, 0, 100) /* MaxMana */;

INSERT INTO `weenie_properties_skill` (`object_Id`, `type`, `level_From_P_P`, `s_a_c`, `p_p`, `init_Level`, `resistance_At_Last_Check`, `last_Used_Time`)
VALUES (2000394,  6, 0, 2, 0,   1, 0, 0) /* MeleeDefense        Trained */
     , (2000394,  7, 0, 2, 0,   1, 0, 0) /* MissileDefense      Trained */
     , (2000394, 13, 0, 2, 0,   1, 0, 0) /* UnarmedCombat       Trained */;

INSERT INTO `weenie_properties_body_part` (`object_Id`, `key`, `d_Type`, `d_Val`, `d_Var`, `base_Armor`, `armor_Vs_Slash`, `armor_Vs_Pierce`, `armor_Vs_Bludgeon`, `armor_Vs_Cold`, `armor_Vs_Fire`, `armor_Vs_Acid`, `armor_Vs_Electric`, `armor_Vs_Nether`, `b_h`, `h_l_f`, `m_l_f`, `l_l_f`, `h_r_f`, `m_r_f`, `l_r_f`, `h_l_b`, `m_l_b`, `l_l_b`, `h_r_b`, `m_r_b`, `l_r_b`)
VALUES (2000394,  0,  4,  0,    0,    0,    0,    0,    0,    0,    0,    0,    0,    0, 1, 0.33,    0,    0, 0.33,    0,    0, 0.33,    0,    0, 0.33,    0,    0) /* Head */
     , (2000394,  1,  4,  0,    0,    0,    0,    0,    0,    0,    0,    0,    0,    0, 2, 0.44, 0.17,    0, 0.44, 0.17,    0, 0.44, 0.17,    0, 0.44, 0.17,    0) /* Chest */
     , (2000394,  2,  4,  0,    0,    0,    0,    0,    0,    0,    0,    0,    0,    0, 3,    0, 0.17,    0,    0, 0.17,    0,    0, 0.17,    0,    0, 0.17,    0) /* Abdomen */
     , (2000394,  3,  4,  0,    0,    0,    0,    0,    0,    0,    0,    0,    0,    0, 1, 0.23, 0.03,    0, 0.23, 0.03,    0, 0.23, 0.03,    0, 0.23, 0.03,    0) /* UpperArm */
     , (2000394,  4,  4,  0,    0,    0,    0,    0,    0,    0,    0,    0,    0,    0, 2,    0,  0.3,    0,    0,  0.3,    0,    0,  0.3,    0,    0,  0.3,    0) /* LowerArm */
     , (2000394,  5,  4,  2, 0.75,    0,    0,    0,    0,    0,    0,    0,    0,    0, 2,    0,  0.2,    0,    0,  0.2,    0,    0,  0.2,    0,    0,  0.2,    0) /* Hand */
     , (2000394,  6,  4,  0,    0,    0,    0,    0,    0,    0,    0,    0,    0,    0, 3,    0, 0.13, 0.18,    0, 0.13, 0.18,    0, 0.13, 0.18,    0, 0.13, 0.18) /* UpperLeg */
     , (2000394,  7,  4,  0,    0,    0,    0,    0,    0,    0,    0,    0,    0,    0, 3,    0,    0,  0.6,    0,    0,  0.6,    0,    0,  0.6,    0,    0,  0.6) /* LowerLeg */
     , (2000394,  8,  4,  2, 0.75,    0,    0,    0,    0,    0,    0,    0,    0,    0, 3,    0,    0, 0.22,    0,    0, 0.22,    0,    0, 0.22,    0,    0, 0.22) /* Foot */;

INSERT INTO `weenie_properties_emote` (`object_Id`, `category`, `probability`, `weenie_Class_Id`, `style`, `substyle`, `quest`, `vendor_Type`, `min_Health`, `max_Health`)
VALUES (2000394,  7 /* Use */,      1, NULL, NULL, NULL, NULL, NULL, NULL, NULL);

SET @parent_id = LAST_INSERT_ID();

INSERT INTO `weenie_properties_emote_action` (`emote_Id`, `order`, `type`, `delay`, `extent`, `motion`, `message`, `test_String`, `min`, `max`, `min_64`, `max_64`, `min_Dbl`, `max_Dbl`, `stat`, `display`, `amount`, `amount_64`, `hero_X_P_64`, `percent`, `spell_Id`, `wealth_Rating`, `treasure_Class`, `treasure_Type`, `p_Script`, `sound`, `destination_Type`, `weenie_Class_Id`, `stack_Size`, `palette`, `shade`, `try_To_Bond`, `obj_Cell_Id`, `origin_X`, `origin_Y`, `origin_Z`, `angles_W`, `angles_X`, `angles_Y`, `angles_Z`)
VALUES (@parent_id,  0,  10 /* Tell */, 0, 1, NULL, 'Always something interesting happening here', NULL, NULL, NULL, NULL, NULL, NULL, NULL, NULL, NULL, NULL, NULL, NULL, NULL, NULL, NULL, NULL, NULL, NULL, NULL, NULL, NULL, NULL, NULL, NULL, NULL, NULL, NULL, NULL, NULL, NULL, NULL, NULL, NULL);

INSERT INTO `weenie_properties_create_list` (`object_Id`, `destination_Type`, `weenie_Class_Id`, `stack_Size`, `palette`, `shade`, `try_To_Bond`)
VALUES (2000394, 2,   121,  0, 87, 0.8, False) /* Create Gloves (121) for Wield */
     , (2000394, 2,  8372,  0, 92, 1, False) /* Create Yifan Dress (8372) for Wield */
     , (2000394, 2,  2604,  0, 91, 1, False) /* Create Breeches (2604) for Wield */;

DELETE FROM `weenie` WHERE `class_Id` = 2000395;

INSERT INTO `weenie` (`class_Id`, `class_Name`, `type`, `last_Modified`)
VALUES (2000395, 'ace2000395-townsfolk', 10, '2019-09-30 13:46:59') /* Creature */;

INSERT INTO `weenie_properties_int` (`object_Id`, `type`, `value`)
VALUES (2000395,   1,         16) /* ItemType - Creature */
     , (2000395,   2,         31) /* CreatureType - Human */
     , (2000395,   6,         -1) /* ItemsCapacity */
     , (2000395,   7,         -1) /* ContainersCapacity */
     , (2000395,   8,        120) /* Mass */
     , (2000395,  16,         32) /* ItemUseable - Remote */
     , (2000395,  25,         16) /* Level */
     , (2000395,  27,          0) /* ArmorType - None */
     , (2000395,  93,    6292504) /* PhysicsState - ReportCollisions, IgnoreCollisions, Gravity, ReportCollisionsAsEnvironment, EdgeSlide */
     , (2000395,  95,          8) /* RadarBlipColor - Yellow */
     , (2000395, 113,          2) /* Gender - Female */
     , (2000395, 133,          4) /* ShowableOnRadar - ShowAlways */
     , (2000395, 134,         16) /* PlayerKillerStatus - RubberGlue */
     , (2000395, 146,        318) /* XpOverride */
     , (2000395, 188,          1) /* HeritageGroup - Aluvian */;

INSERT INTO `weenie_properties_bool` (`object_Id`, `type`, `value`)
VALUES (2000395,   1, True ) /* Stuck */
     , (2000395,   8, True ) /* AllowGive */
     , (2000395,  11, True ) /* IgnoreCollisions */
     , (2000395,  12, True ) /* ReportCollisions */
     , (2000395,  13, False) /* Ethereal */
     , (2000395,  14, True ) /* GravityStatus */
     , (2000395,  19, False) /* Attackable */
     , (2000395,  29, True ) /* NoCorpse */
     , (2000395,  41, True ) /* ReportCollisionsAsEnvironment */
     , (2000395,  42, True ) /* AllowEdgeSlide */
     , (2000395,  52, True ) /* AiImmobile */
     , (2000395,  79, True ) /* AiAcceptEverything */;

INSERT INTO `weenie_properties_float` (`object_Id`, `type`, `value`)
VALUES (2000395,   1,       5) /* HeartbeatInterval */
     , (2000395,   2,       0) /* HeartbeatTimestamp */
     , (2000395,   3, 0.159999996423721) /* HealthRate */
     , (2000395,   4,       5) /* StaminaRate */
     , (2000395,   5,       1) /* ManaRate */
     , (2000395,  13, 0.899999976158142) /* ArmorModVsSlash */
     , (2000395,  14,       1) /* ArmorModVsPierce */
     , (2000395,  15, 1.10000002384186) /* ArmorModVsBludgeon */
     , (2000395,  16, 0.400000005960464) /* ArmorModVsCold */
     , (2000395,  17, 0.400000005960464) /* ArmorModVsFire */
     , (2000395,  18,       1) /* ArmorModVsAcid */
     , (2000395,  19, 0.600000023841858) /* ArmorModVsElectric */
     , (2000395,  54,       3) /* UseRadius */
     , (2000395,  64,       1) /* ResistSlash */
     , (2000395,  65,       1) /* ResistPierce */
     , (2000395,  66,       1) /* ResistBludgeon */
     , (2000395,  67,       1) /* ResistFire */
     , (2000395,  68,       1) /* ResistCold */
     , (2000395,  69,       1) /* ResistAcid */
     , (2000395,  70,       1) /* ResistElectric */
     , (2000395,  71,       1) /* ResistHealthBoost */
     , (2000395,  72,       1) /* ResistStaminaDrain */
     , (2000395,  73,       1) /* ResistStaminaBoost */
     , (2000395,  74,       1) /* ResistManaDrain */
     , (2000395,  75,       1) /* ResistManaBoost */
     , (2000395, 104,      10) /* ObviousRadarRange */
     , (2000395, 125,       1) /* ResistHealthDrain */;

INSERT INTO `weenie_properties_string` (`object_Id`, `type`, `value`)
VALUES (2000395,   1, 'Townsfolk') /* Name */
     , (2000395,   3, 'Female') /* Sex */
     , (2000395,   4, 'Aluvian') /* HeritageGroup */
     , (2000395,   5, 'Herald') /* Template */;

INSERT INTO `weenie_properties_d_i_d` (`object_Id`, `type`, `value`)
VALUES (2000395,   1,   33554510) /* Setup */
     , (2000395,   2,  150994945) /* MotionTable */
     , (2000395,   3,  536870914) /* SoundTable */
     , (2000395,   4,  805306368) /* CombatTable */
     , (2000395,   6,   67108990) /* PaletteBase */
     , (2000395,   8,  100667446) /* Icon */
     , (2000395,   9,   83890279) /* EyesTexture */
     , (2000395,  10,   83890302) /* NoseTexture */
     , (2000395,  11,   83890324) /* MouthTexture */
     , (2000395,  15,   67116982) /* HairPalette */
     , (2000395,  16,   67110063) /* EyesPalette */
     , (2000395,  17,   67109561) /* SkinPalette */;

INSERT INTO `weenie_properties_attribute` (`object_Id`, `type`, `init_Level`, `level_From_C_P`, `c_P_Spent`)
VALUES (2000395,   1, 120, 0, 0) /* Strength */
     , (2000395,   2, 130, 0, 0) /* Endurance */
     , (2000395,   3, 100, 0, 0) /* Quickness */
     , (2000395,   4, 115, 0, 0) /* Coordination */
     , (2000395,   5, 110, 0, 0) /* Focus */
     , (2000395,   6, 100, 0, 0) /* Self */;

INSERT INTO `weenie_properties_attribute_2nd` (`object_Id`, `type`, `init_Level`, `level_From_C_P`, `c_P_Spent`, `current_Level`)
VALUES (2000395,   1,     0, 0, 0, 65) /* MaxHealth */
     , (2000395,   3,     0, 0, 0, 130) /* MaxStamina */
     , (2000395,   5,     0, 0, 0, 100) /* MaxMana */;

INSERT INTO `weenie_properties_skill` (`object_Id`, `type`, `level_From_P_P`, `s_a_c`, `p_p`, `init_Level`, `resistance_At_Last_Check`, `last_Used_Time`)
VALUES (2000395,  6, 0, 2, 0,   1, 0, 0) /* MeleeDefense        Trained */
     , (2000395,  7, 0, 2, 0,   1, 0, 0) /* MissileDefense      Trained */
     , (2000395, 13, 0, 2, 0,   1, 0, 0) /* UnarmedCombat       Trained */;

INSERT INTO `weenie_properties_body_part` (`object_Id`, `key`, `d_Type`, `d_Val`, `d_Var`, `base_Armor`, `armor_Vs_Slash`, `armor_Vs_Pierce`, `armor_Vs_Bludgeon`, `armor_Vs_Cold`, `armor_Vs_Fire`, `armor_Vs_Acid`, `armor_Vs_Electric`, `armor_Vs_Nether`, `b_h`, `h_l_f`, `m_l_f`, `l_l_f`, `h_r_f`, `m_r_f`, `l_r_f`, `h_l_b`, `m_l_b`, `l_l_b`, `h_r_b`, `m_r_b`, `l_r_b`)
VALUES (2000395,  0,  4,  0,    0,    0,    0,    0,    0,    0,    0,    0,    0,    0, 1, 0.33,    0,    0, 0.33,    0,    0, 0.33,    0,    0, 0.33,    0,    0) /* Head */
     , (2000395,  1,  4,  0,    0,    0,    0,    0,    0,    0,    0,    0,    0,    0, 2, 0.44, 0.17,    0, 0.44, 0.17,    0, 0.44, 0.17,    0, 0.44, 0.17,    0) /* Chest */
     , (2000395,  2,  4,  0,    0,    0,    0,    0,    0,    0,    0,    0,    0,    0, 3,    0, 0.17,    0,    0, 0.17,    0,    0, 0.17,    0,    0, 0.17,    0) /* Abdomen */
     , (2000395,  3,  4,  0,    0,    0,    0,    0,    0,    0,    0,    0,    0,    0, 1, 0.23, 0.03,    0, 0.23, 0.03,    0, 0.23, 0.03,    0, 0.23, 0.03,    0) /* UpperArm */
     , (2000395,  4,  4,  0,    0,    0,    0,    0,    0,    0,    0,    0,    0,    0, 2,    0,  0.3,    0,    0,  0.3,    0,    0,  0.3,    0,    0,  0.3,    0) /* LowerArm */
     , (2000395,  5,  4,  2, 0.75,    0,    0,    0,    0,    0,    0,    0,    0,    0, 2,    0,  0.2,    0,    0,  0.2,    0,    0,  0.2,    0,    0,  0.2,    0) /* Hand */
     , (2000395,  6,  4,  0,    0,    0,    0,    0,    0,    0,    0,    0,    0,    0, 3,    0, 0.13, 0.18,    0, 0.13, 0.18,    0, 0.13, 0.18,    0, 0.13, 0.18) /* UpperLeg */
     , (2000395,  7,  4,  0,    0,    0,    0,    0,    0,    0,    0,    0,    0,    0, 3,    0,    0,  0.6,    0,    0,  0.6,    0,    0,  0.6,    0,    0,  0.6) /* LowerLeg */
     , (2000395,  8,  4,  2, 0.75,    0,    0,    0,    0,    0,    0,    0,    0,    0, 3,    0,    0, 0.22,    0,    0, 0.22,    0,    0, 0.22,    0,    0, 0.22) /* Foot */;

INSERT INTO `weenie_properties_emote` (`object_Id`, `category`, `probability`, `weenie_Class_Id`, `style`, `substyle`, `quest`, `vendor_Type`, `min_Health`, `max_Health`)
VALUES (2000395,  7 /* Use */,      1, NULL, NULL, NULL, NULL, NULL, NULL, NULL);

SET @parent_id = LAST_INSERT_ID();

INSERT INTO `weenie_properties_emote_action` (`emote_Id`, `order`, `type`, `delay`, `extent`, `motion`, `message`, `test_String`, `min`, `max`, `min_64`, `max_64`, `min_Dbl`, `max_Dbl`, `stat`, `display`, `amount`, `amount_64`, `hero_X_P_64`, `percent`, `spell_Id`, `wealth_Rating`, `treasure_Class`, `treasure_Type`, `p_Script`, `sound`, `destination_Type`, `weenie_Class_Id`, `stack_Size`, `palette`, `shade`, `try_To_Bond`, `obj_Cell_Id`, `origin_X`, `origin_Y`, `origin_Z`, `angles_W`, `angles_X`, `angles_Y`, `angles_Z`)
VALUES (@parent_id,  0,  10 /* Tell */, 0, 1, NULL, 'Almost Pumpkin season!!', NULL, NULL, NULL, NULL, NULL, NULL, NULL, NULL, NULL, NULL, NULL, NULL, NULL, NULL, NULL, NULL, NULL, NULL, NULL, NULL, NULL, NULL, NULL, NULL, NULL, NULL, NULL, NULL, NULL, NULL, NULL, NULL, NULL);

INSERT INTO `weenie_properties_create_list` (`object_Id`, `destination_Type`, `weenie_Class_Id`, `stack_Size`, `palette`, `shade`, `try_To_Bond`)
VALUES (2000395, 2,   121,  0, 90, 0.8, False) /* Create Gloves (121) for Wield */
     , (2000395, 2,  8372,  0, 92, 1, False) /* Create Yifan Dress (8372) for Wield */
     , (2000395, 2,  2604,  0, 91, 1, False) /* Create Breeches (2604) for Wield */;

DELETE FROM `weenie` WHERE `class_Id` = 2000396;

INSERT INTO `weenie` (`class_Id`, `class_Name`, `type`, `last_Modified`)
VALUES (2000396, 'ace2000396-townfolk', 10, '2019-09-30 13:47:01') /* Creature */;

INSERT INTO `weenie_properties_int` (`object_Id`, `type`, `value`)
VALUES (2000396,   1,         16) /* ItemType - Creature */
     , (2000396,   2,          5) /* CreatureType - Lugian */
     , (2000396,   3,         17) /* PaletteTemplate - Yellow */
     , (2000396,   6,         -1) /* ItemsCapacity */
     , (2000396,   7,         -1) /* ContainersCapacity */
     , (2000396,   8,        120) /* Mass */
     , (2000396,  16,         32) /* ItemUseable - Remote */
     , (2000396,  25,        155) /* Level */
     , (2000396,  27,          0) /* ArmorType - None */
     , (2000396,  93,    6292504) /* PhysicsState - ReportCollisions, IgnoreCollisions, Gravity, ReportCollisionsAsEnvironment, EdgeSlide */
     , (2000396,  95,          8) /* RadarBlipColor - Yellow */
     , (2000396, 133,          4) /* ShowableOnRadar - ShowAlways */
     , (2000396, 134,         16) /* PlayerKillerStatus - RubberGlue */
     , (2000396, 146,      17763) /* XpOverride */;

INSERT INTO `weenie_properties_bool` (`object_Id`, `type`, `value`)
VALUES (2000396,   1, True ) /* Stuck */
     , (2000396,   8, True ) /* AllowGive */
     , (2000396,  12, True ) /* ReportCollisions */
     , (2000396,  13, False) /* Ethereal */
     , (2000396,  19, False) /* Attackable */
     , (2000396,  41, True ) /* ReportCollisionsAsEnvironment */
     , (2000396,  42, True ) /* AllowEdgeSlide */
     , (2000396,  52, True ) /* AiImmobile */;

INSERT INTO `weenie_properties_float` (`object_Id`, `type`, `value`)
VALUES (2000396,   1,       5) /* HeartbeatInterval */
     , (2000396,   2,       0) /* HeartbeatTimestamp */
     , (2000396,   3, 0.159999996423721) /* HealthRate */
     , (2000396,   4,       5) /* StaminaRate */
     , (2000396,   5,       1) /* ManaRate */
     , (2000396,  12,     0.5) /* Shade */
     , (2000396,  13, 0.899999976158142) /* ArmorModVsSlash */
     , (2000396,  14,       1) /* ArmorModVsPierce */
     , (2000396,  15, 1.10000002384186) /* ArmorModVsBludgeon */
     , (2000396,  16, 0.400000005960464) /* ArmorModVsCold */
     , (2000396,  17, 0.400000005960464) /* ArmorModVsFire */
     , (2000396,  18,       1) /* ArmorModVsAcid */
     , (2000396,  19, 0.600000023841858) /* ArmorModVsElectric */
     , (2000396,  54,       3) /* UseRadius */
     , (2000396,  64,       1) /* ResistSlash */
     , (2000396,  65,       1) /* ResistPierce */
     , (2000396,  66,       1) /* ResistBludgeon */
     , (2000396,  67,       1) /* ResistFire */
     , (2000396,  68,       1) /* ResistCold */
     , (2000396,  69,       1) /* ResistAcid */
     , (2000396,  70,       1) /* ResistElectric */
     , (2000396,  71,       1) /* ResistHealthBoost */
     , (2000396,  72,       1) /* ResistStaminaDrain */
     , (2000396,  73,       1) /* ResistStaminaBoost */
     , (2000396,  74,       1) /* ResistManaDrain */
     , (2000396,  75,       1) /* ResistManaBoost */
     , (2000396, 104,      10) /* ObviousRadarRange */
     , (2000396, 125,       1) /* ResistHealthDrain */;

INSERT INTO `weenie_properties_string` (`object_Id`, `type`, `value`)
VALUES (2000396,   1, 'Townfolk') /* Name */;

INSERT INTO `weenie_properties_d_i_d` (`object_Id`, `type`, `value`)
VALUES (2000396,   1,   33557003) /* Setup */
     , (2000396,   2,  150994950) /* MotionTable */
     , (2000396,   3,  536870922) /* SoundTable */
     , (2000396,   4,  805306371) /* CombatTable */
     , (2000396,   6,   67113158) /* PaletteBase */
     , (2000396,   7,  268436632) /* ClothingBase */
     , (2000396,   8,  100667447) /* Icon */;

INSERT INTO `weenie_properties_attribute` (`object_Id`, `type`, `init_Level`, `level_From_C_P`, `c_P_Spent`)
VALUES (2000396,   1, 400, 0, 0) /* Strength */
     , (2000396,   2, 360, 0, 0) /* Endurance */
     , (2000396,   3, 350, 0, 0) /* Quickness */
     , (2000396,   4, 420, 0, 0) /* Coordination */
     , (2000396,   5, 250, 0, 0) /* Focus */
     , (2000396,   6, 270, 0, 0) /* Self */;

INSERT INTO `weenie_properties_attribute_2nd` (`object_Id`, `type`, `init_Level`, `level_From_C_P`, `c_P_Spent`, `current_Level`)
VALUES (2000396,   1,   200, 0, 0, 380) /* MaxHealth */
     , (2000396,   3,   100, 0, 0, 460) /* MaxStamina */
     , (2000396,   5,    40, 0, 0, 310) /* MaxMana */;

INSERT INTO `weenie_properties_skill` (`object_Id`, `type`, `level_From_P_P`, `s_a_c`, `p_p`, `init_Level`, `resistance_At_Last_Check`, `last_Used_Time`)
VALUES (2000396,  6, 0, 2, 0,   2, 0, 0) /* MeleeDefense        Trained */
     , (2000396,  7, 0, 2, 0,   2, 0, 0) /* MissileDefense      Trained */
     , (2000396, 13, 0, 2, 0,   2, 0, 0) /* UnarmedCombat       Trained */;

INSERT INTO `weenie_properties_body_part` (`object_Id`, `key`, `d_Type`, `d_Val`, `d_Var`, `base_Armor`, `armor_Vs_Slash`, `armor_Vs_Pierce`, `armor_Vs_Bludgeon`, `armor_Vs_Cold`, `armor_Vs_Fire`, `armor_Vs_Acid`, `armor_Vs_Electric`, `armor_Vs_Nether`, `b_h`, `h_l_f`, `m_l_f`, `l_l_f`, `h_r_f`, `m_r_f`, `l_r_f`, `h_l_b`, `m_l_b`, `l_l_b`, `h_r_b`, `m_r_b`, `l_r_b`)
VALUES (2000396,  0,  4,  0,    0,    0,    0,    0,    0,    0,    0,    0,    0,    0, 1, 0.33,    0,    0, 0.33,    0,    0, 0.33,    0,    0, 0.33,    0,    0) /* Head */
     , (2000396,  1,  4,  0,    0,    0,    0,    0,    0,    0,    0,    0,    0,    0, 2, 0.44, 0.17,    0, 0.44, 0.17,    0, 0.44, 0.17,    0, 0.44, 0.17,    0) /* Chest */
     , (2000396,  2,  4,  0,    0,    0,    0,    0,    0,    0,    0,    0,    0,    0, 3,    0, 0.17,    0,    0, 0.17,    0,    0, 0.17,    0,    0, 0.17,    0) /* Abdomen */
     , (2000396,  3,  4,  0,    0,    0,    0,    0,    0,    0,    0,    0,    0,    0, 1, 0.23, 0.03,    0, 0.23, 0.03,    0, 0.23, 0.03,    0, 0.23, 0.03,    0) /* UpperArm */
     , (2000396,  4,  4,  0,    0,    0,    0,    0,    0,    0,    0,    0,    0,    0, 2,    0,  0.3,    0,    0,  0.3,    0,    0,  0.3,    0,    0,  0.3,    0) /* LowerArm */
     , (2000396,  5,  4,  2, 0.75,    0,    0,    0,    0,    0,    0,    0,    0,    0, 2,    0,  0.2,    0,    0,  0.2,    0,    0,  0.2,    0,    0,  0.2,    0) /* Hand */
     , (2000396,  6,  4,  0,    0,    0,    0,    0,    0,    0,    0,    0,    0,    0, 3,    0, 0.13, 0.18,    0, 0.13, 0.18,    0, 0.13, 0.18,    0, 0.13, 0.18) /* UpperLeg */
     , (2000396,  7,  4,  0,    0,    0,    0,    0,    0,    0,    0,    0,    0,    0, 3,    0,    0,  0.6,    0,    0,  0.6,    0,    0,  0.6,    0,    0,  0.6) /* LowerLeg */
     , (2000396,  8,  4,  2, 0.75,    0,    0,    0,    0,    0,    0,    0,    0,    0, 3,    0,    0, 0.22,    0,    0, 0.22,    0,    0, 0.22,    0,    0, 0.22) /* Foot */;

INSERT INTO `weenie_properties_emote` (`object_Id`, `category`, `probability`, `weenie_Class_Id`, `style`, `substyle`, `quest`, `vendor_Type`, `min_Health`, `max_Health`)
VALUES (2000396,  7 /* Use */,      1, NULL, NULL, NULL, NULL, NULL, NULL, NULL);

SET @parent_id = LAST_INSERT_ID();

INSERT INTO `weenie_properties_emote_action` (`emote_Id`, `order`, `type`, `delay`, `extent`, `motion`, `message`, `test_String`, `min`, `max`, `min_64`, `max_64`, `min_Dbl`, `max_Dbl`, `stat`, `display`, `amount`, `amount_64`, `hero_X_P_64`, `percent`, `spell_Id`, `wealth_Rating`, `treasure_Class`, `treasure_Type`, `p_Script`, `sound`, `destination_Type`, `weenie_Class_Id`, `stack_Size`, `palette`, `shade`, `try_To_Bond`, `obj_Cell_Id`, `origin_X`, `origin_Y`, `origin_Z`, `angles_W`, `angles_X`, `angles_Y`, `angles_Z`)
VALUES (@parent_id,  0,  10 /* Tell */, 1, 1, NULL, 'I am only here to watch the fights. An arena of blood outside Ziakal', NULL, NULL, NULL, NULL, NULL, NULL, NULL, NULL, NULL, NULL, NULL, NULL, NULL, NULL, NULL, NULL, NULL, NULL, NULL, NULL, NULL, NULL, NULL, NULL, NULL, NULL, NULL, NULL, NULL, NULL, NULL, NULL, NULL);

DELETE FROM `weenie` WHERE `class_Id` = 2000397;

INSERT INTO `weenie` (`class_Id`, `class_Name`, `type`, `last_Modified`)
VALUES (2000397, 'ace2000397-townsfolk', 10, '2019-09-30 13:47:02') /* Creature */;

INSERT INTO `weenie_properties_int` (`object_Id`, `type`, `value`)
VALUES (2000397,   1,         16) /* ItemType - Creature */
     , (2000397,   2,         31) /* CreatureType - Human */
     , (2000397,   6,         -1) /* ItemsCapacity */
     , (2000397,   7,         -1) /* ContainersCapacity */
     , (2000397,   8,        120) /* Mass */
     , (2000397,  16,         32) /* ItemUseable - Remote */
     , (2000397,  25,         16) /* Level */
     , (2000397,  27,          0) /* ArmorType - None */
     , (2000397,  93,    6292504) /* PhysicsState - ReportCollisions, IgnoreCollisions, Gravity, ReportCollisionsAsEnvironment, EdgeSlide */
     , (2000397,  95,          8) /* RadarBlipColor - Yellow */
     , (2000397, 113,          2) /* Gender - Female */
     , (2000397, 133,          4) /* ShowableOnRadar - ShowAlways */
     , (2000397, 134,         16) /* PlayerKillerStatus - RubberGlue */
     , (2000397, 146,        318) /* XpOverride */
     , (2000397, 188,          1) /* HeritageGroup - Aluvian */;

INSERT INTO `weenie_properties_bool` (`object_Id`, `type`, `value`)
VALUES (2000397,   1, True ) /* Stuck */
     , (2000397,   8, True ) /* AllowGive */
     , (2000397,  11, True ) /* IgnoreCollisions */
     , (2000397,  12, True ) /* ReportCollisions */
     , (2000397,  13, False) /* Ethereal */
     , (2000397,  14, True ) /* GravityStatus */
     , (2000397,  19, False) /* Attackable */
     , (2000397,  29, True ) /* NoCorpse */
     , (2000397,  41, True ) /* ReportCollisionsAsEnvironment */
     , (2000397,  42, True ) /* AllowEdgeSlide */
     , (2000397,  52, True ) /* AiImmobile */
     , (2000397,  79, True ) /* AiAcceptEverything */;

INSERT INTO `weenie_properties_float` (`object_Id`, `type`, `value`)
VALUES (2000397,   1,       5) /* HeartbeatInterval */
     , (2000397,   2,       0) /* HeartbeatTimestamp */
     , (2000397,   3, 0.159999996423721) /* HealthRate */
     , (2000397,   4,       5) /* StaminaRate */
     , (2000397,   5,       1) /* ManaRate */
     , (2000397,  13, 0.899999976158142) /* ArmorModVsSlash */
     , (2000397,  14,       1) /* ArmorModVsPierce */
     , (2000397,  15, 1.10000002384186) /* ArmorModVsBludgeon */
     , (2000397,  16, 0.400000005960464) /* ArmorModVsCold */
     , (2000397,  17, 0.400000005960464) /* ArmorModVsFire */
     , (2000397,  18,       1) /* ArmorModVsAcid */
     , (2000397,  19, 0.600000023841858) /* ArmorModVsElectric */
     , (2000397,  54,       3) /* UseRadius */
     , (2000397,  64,       1) /* ResistSlash */
     , (2000397,  65,       1) /* ResistPierce */
     , (2000397,  66,       1) /* ResistBludgeon */
     , (2000397,  67,       1) /* ResistFire */
     , (2000397,  68,       1) /* ResistCold */
     , (2000397,  69,       1) /* ResistAcid */
     , (2000397,  70,       1) /* ResistElectric */
     , (2000397,  71,       1) /* ResistHealthBoost */
     , (2000397,  72,       1) /* ResistStaminaDrain */
     , (2000397,  73,       1) /* ResistStaminaBoost */
     , (2000397,  74,       1) /* ResistManaDrain */
     , (2000397,  75,       1) /* ResistManaBoost */
     , (2000397, 104,      10) /* ObviousRadarRange */
     , (2000397, 125,       1) /* ResistHealthDrain */;

INSERT INTO `weenie_properties_string` (`object_Id`, `type`, `value`)
VALUES (2000397,   1, 'Townsfolk') /* Name */
     , (2000397,   3, 'Female') /* Sex */
     , (2000397,   4, 'Aluvian') /* HeritageGroup */
     , (2000397,   5, 'Herald') /* Template */;

INSERT INTO `weenie_properties_d_i_d` (`object_Id`, `type`, `value`)
VALUES (2000397,   1,   33554510) /* Setup */
     , (2000397,   2,  150994945) /* MotionTable */
     , (2000397,   3,  536870914) /* SoundTable */
     , (2000397,   4,  805306368) /* CombatTable */
     , (2000397,   6,   67108990) /* PaletteBase */
     , (2000397,   8,  100667446) /* Icon */
     , (2000397,   9,   83890279) /* EyesTexture */
     , (2000397,  10,   83890302) /* NoseTexture */
     , (2000397,  11,   83890324) /* MouthTexture */
     , (2000397,  15,   67116982) /* HairPalette */
     , (2000397,  16,   67110063) /* EyesPalette */
     , (2000397,  17,   67109561) /* SkinPalette */;

INSERT INTO `weenie_properties_attribute` (`object_Id`, `type`, `init_Level`, `level_From_C_P`, `c_P_Spent`)
VALUES (2000397,   1, 120, 0, 0) /* Strength */
     , (2000397,   2, 130, 0, 0) /* Endurance */
     , (2000397,   3, 100, 0, 0) /* Quickness */
     , (2000397,   4, 115, 0, 0) /* Coordination */
     , (2000397,   5, 110, 0, 0) /* Focus */
     , (2000397,   6, 100, 0, 0) /* Self */;

INSERT INTO `weenie_properties_attribute_2nd` (`object_Id`, `type`, `init_Level`, `level_From_C_P`, `c_P_Spent`, `current_Level`)
VALUES (2000397,   1,     0, 0, 0, 65) /* MaxHealth */
     , (2000397,   3,     0, 0, 0, 130) /* MaxStamina */
     , (2000397,   5,     0, 0, 0, 100) /* MaxMana */;

INSERT INTO `weenie_properties_skill` (`object_Id`, `type`, `level_From_P_P`, `s_a_c`, `p_p`, `init_Level`, `resistance_At_Last_Check`, `last_Used_Time`)
VALUES (2000397,  6, 0, 2, 0,   1, 0, 0) /* MeleeDefense        Trained */
     , (2000397,  7, 0, 2, 0,   1, 0, 0) /* MissileDefense      Trained */
     , (2000397, 13, 0, 2, 0,   1, 0, 0) /* UnarmedCombat       Trained */;

INSERT INTO `weenie_properties_body_part` (`object_Id`, `key`, `d_Type`, `d_Val`, `d_Var`, `base_Armor`, `armor_Vs_Slash`, `armor_Vs_Pierce`, `armor_Vs_Bludgeon`, `armor_Vs_Cold`, `armor_Vs_Fire`, `armor_Vs_Acid`, `armor_Vs_Electric`, `armor_Vs_Nether`, `b_h`, `h_l_f`, `m_l_f`, `l_l_f`, `h_r_f`, `m_r_f`, `l_r_f`, `h_l_b`, `m_l_b`, `l_l_b`, `h_r_b`, `m_r_b`, `l_r_b`)
VALUES (2000397,  0,  4,  0,    0,    0,    0,    0,    0,    0,    0,    0,    0,    0, 1, 0.33,    0,    0, 0.33,    0,    0, 0.33,    0,    0, 0.33,    0,    0) /* Head */
     , (2000397,  1,  4,  0,    0,    0,    0,    0,    0,    0,    0,    0,    0,    0, 2, 0.44, 0.17,    0, 0.44, 0.17,    0, 0.44, 0.17,    0, 0.44, 0.17,    0) /* Chest */
     , (2000397,  2,  4,  0,    0,    0,    0,    0,    0,    0,    0,    0,    0,    0, 3,    0, 0.17,    0,    0, 0.17,    0,    0, 0.17,    0,    0, 0.17,    0) /* Abdomen */
     , (2000397,  3,  4,  0,    0,    0,    0,    0,    0,    0,    0,    0,    0,    0, 1, 0.23, 0.03,    0, 0.23, 0.03,    0, 0.23, 0.03,    0, 0.23, 0.03,    0) /* UpperArm */
     , (2000397,  4,  4,  0,    0,    0,    0,    0,    0,    0,    0,    0,    0,    0, 2,    0,  0.3,    0,    0,  0.3,    0,    0,  0.3,    0,    0,  0.3,    0) /* LowerArm */
     , (2000397,  5,  4,  2, 0.75,    0,    0,    0,    0,    0,    0,    0,    0,    0, 2,    0,  0.2,    0,    0,  0.2,    0,    0,  0.2,    0,    0,  0.2,    0) /* Hand */
     , (2000397,  6,  4,  0,    0,    0,    0,    0,    0,    0,    0,    0,    0,    0, 3,    0, 0.13, 0.18,    0, 0.13, 0.18,    0, 0.13, 0.18,    0, 0.13, 0.18) /* UpperLeg */
     , (2000397,  7,  4,  0,    0,    0,    0,    0,    0,    0,    0,    0,    0,    0, 3,    0,    0,  0.6,    0,    0,  0.6,    0,    0,  0.6,    0,    0,  0.6) /* LowerLeg */
     , (2000397,  8,  4,  2, 0.75,    0,    0,    0,    0,    0,    0,    0,    0,    0, 3,    0,    0, 0.22,    0,    0, 0.22,    0,    0, 0.22,    0,    0, 0.22) /* Foot */;

INSERT INTO `weenie_properties_emote` (`object_Id`, `category`, `probability`, `weenie_Class_Id`, `style`, `substyle`, `quest`, `vendor_Type`, `min_Health`, `max_Health`)
VALUES (2000397,  7 /* Use */,      1, NULL, NULL, NULL, NULL, NULL, NULL, NULL);

SET @parent_id = LAST_INSERT_ID();

INSERT INTO `weenie_properties_emote_action` (`emote_Id`, `order`, `type`, `delay`, `extent`, `motion`, `message`, `test_String`, `min`, `max`, `min_64`, `max_64`, `min_Dbl`, `max_Dbl`, `stat`, `display`, `amount`, `amount_64`, `hero_X_P_64`, `percent`, `spell_Id`, `wealth_Rating`, `treasure_Class`, `treasure_Type`, `p_Script`, `sound`, `destination_Type`, `weenie_Class_Id`, `stack_Size`, `palette`, `shade`, `try_To_Bond`, `obj_Cell_Id`, `origin_X`, `origin_Y`, `origin_Z`, `angles_W`, `angles_X`, `angles_Y`, `angles_Z`)
VALUES (@parent_id,  0,  10 /* Tell */, 0, 1, NULL, 'I have a good friend who is a shadow, why do we have to fight them?', NULL, NULL, NULL, NULL, NULL, NULL, NULL, NULL, NULL, NULL, NULL, NULL, NULL, NULL, NULL, NULL, NULL, NULL, NULL, NULL, NULL, NULL, NULL, NULL, NULL, NULL, NULL, NULL, NULL, NULL, NULL, NULL, NULL);

INSERT INTO `weenie_properties_create_list` (`object_Id`, `destination_Type`, `weenie_Class_Id`, `stack_Size`, `palette`, `shade`, `try_To_Bond`)
VALUES (2000397, 2,   121,  0, 90, 0.8, False) /* Create Gloves (121) for Wield */
     , (2000397, 2,  2032,  0, 93, 1, False) /* Create Branith's Shirt (2032) for Wield */
     , (2000397, 2,  2604,  0, 89, 1, False) /* Create Breeches (2604) for Wield */;

DELETE FROM `weenie` WHERE `class_Id` = 2000398;

INSERT INTO `weenie` (`class_Id`, `class_Name`, `type`, `last_Modified`)
VALUES (2000398, 'ace2000398-townfolk', 10, '2019-09-30 13:47:03') /* Creature */;

INSERT INTO `weenie_properties_int` (`object_Id`, `type`, `value`)
VALUES (2000398,   1,         16) /* ItemType - Creature */
     , (2000398,   2,         57) /* CreatureType - AunTumerok */
     , (2000398,   6,         -1) /* ItemsCapacity */
     , (2000398,   7,         -1) /* ContainersCapacity */
     , (2000398,  16,         32) /* ItemUseable - Remote */
     , (2000398,  25,         72) /* Level */
     , (2000398,  93,    6292504) /* PhysicsState - ReportCollisions, IgnoreCollisions, Gravity, ReportCollisionsAsEnvironment, EdgeSlide */
     , (2000398,  95,          8) /* RadarBlipColor - Yellow */
     , (2000398, 133,          4) /* ShowableOnRadar - ShowAlways */
     , (2000398, 134,         16) /* PlayerKillerStatus - RubberGlue */;

INSERT INTO `weenie_properties_bool` (`object_Id`, `type`, `value`)
VALUES (2000398,   1, True ) /* Stuck */
     , (2000398,  11, True ) /* IgnoreCollisions */
     , (2000398,  12, True ) /* ReportCollisions */
     , (2000398,  14, True ) /* GravityStatus */
     , (2000398,  19, False) /* Attackable */
     , (2000398,  41, True ) /* ReportCollisionsAsEnvironment */
     , (2000398,  42, True ) /* AllowEdgeSlide */;

INSERT INTO `weenie_properties_float` (`object_Id`, `type`, `value`)
VALUES (2000398,  54,       3) /* UseRadius */;

INSERT INTO `weenie_properties_string` (`object_Id`, `type`, `value`)
VALUES (2000398,   1, 'Townfolk') /* Name */
     , (2000398,   5, 'Portal Warden') /* Template */;

INSERT INTO `weenie_properties_d_i_d` (`object_Id`, `type`, `value`)
VALUES (2000398,   1,   33557117) /* Setup */
     , (2000398,   2,  150994945) /* MotionTable */
     , (2000398,   3,  536870931) /* SoundTable */
     , (2000398,   6,   67113280) /* PaletteBase */
     , (2000398,   8,  100671756) /* Icon */;

INSERT INTO `weenie_properties_attribute` (`object_Id`, `type`, `init_Level`, `level_From_C_P`, `c_P_Spent`)
VALUES (2000398,   1, 180, 0, 0) /* Strength */
     , (2000398,   2, 190, 0, 0) /* Endurance */
     , (2000398,   3, 165, 0, 0) /* Quickness */
     , (2000398,   4, 175, 0, 0) /* Coordination */
     , (2000398,   5, 150, 0, 0) /* Focus */
     , (2000398,   6, 160, 0, 0) /* Self */;

INSERT INTO `weenie_properties_attribute_2nd` (`object_Id`, `type`, `init_Level`, `level_From_C_P`, `c_P_Spent`, `current_Level`)
VALUES (2000398,   1,   100, 0, 0, 195) /* MaxHealth */
     , (2000398,   3,   100, 0, 0, 290) /* MaxStamina */
     , (2000398,   5,   100, 0, 0, 260) /* MaxMana */;

INSERT INTO `weenie_properties_skill` (`object_Id`, `type`, `level_From_P_P`, `s_a_c`, `p_p`, `init_Level`, `resistance_At_Last_Check`, `last_Used_Time`)
VALUES (2000398,  6, 0, 3, 0, 410, 0, 0) /* MeleeDefense        Specialized */;

INSERT INTO `weenie_properties_body_part` (`object_Id`, `key`, `d_Type`, `d_Val`, `d_Var`, `base_Armor`, `armor_Vs_Slash`, `armor_Vs_Pierce`, `armor_Vs_Bludgeon`, `armor_Vs_Cold`, `armor_Vs_Fire`, `armor_Vs_Acid`, `armor_Vs_Electric`, `armor_Vs_Nether`, `b_h`, `h_l_f`, `m_l_f`, `l_l_f`, `h_r_f`, `m_r_f`, `l_r_f`, `h_l_b`, `m_l_b`, `l_l_b`, `h_r_b`, `m_r_b`, `l_r_b`)
VALUES (2000398,  0,  4,  0,    0,    0,    0,    0,    0,    0,    0,    0,    0,    0, 1, 0.33,    0,    0, 0.33,    0,    0, 0.33,    0,    0, 0.33,    0,    0) /* Head */
     , (2000398,  1,  4,  0,    0,    0,    0,    0,    0,    0,    0,    0,    0,    0, 2, 0.44, 0.17,    0, 0.44, 0.17,    0, 0.44, 0.17,    0, 0.44, 0.17,    0) /* Chest */
     , (2000398,  2,  4,  0,    0,    0,    0,    0,    0,    0,    0,    0,    0,    0, 3,    0, 0.17,    0,    0, 0.17,    0,    0, 0.17,    0,    0, 0.17,    0) /* Abdomen */
     , (2000398,  3,  4,  0,    0,    0,    0,    0,    0,    0,    0,    0,    0,    0, 1, 0.23, 0.03,    0, 0.23, 0.03,    0, 0.23, 0.03,    0, 0.23, 0.03,    0) /* UpperArm */
     , (2000398,  4,  4,  0,    0,    0,    0,    0,    0,    0,    0,    0,    0,    0, 2,    0,  0.3,    0,    0,  0.3,    0,    0,  0.3,    0,    0,  0.3,    0) /* LowerArm */
     , (2000398,  5,  4,  2, 0.75,    0,    0,    0,    0,    0,    0,    0,    0,    0, 2,    0,  0.2,    0,    0,  0.2,    0,    0,  0.2,    0,    0,  0.2,    0) /* Hand */
     , (2000398,  6,  4,  0,    0,    0,    0,    0,    0,    0,    0,    0,    0,    0, 3,    0, 0.13, 0.18,    0, 0.13, 0.18,    0, 0.13, 0.18,    0, 0.13, 0.18) /* UpperLeg */
     , (2000398,  7,  4,  0,    0,    0,    0,    0,    0,    0,    0,    0,    0,    0, 3,    0,    0,  0.6,    0,    0,  0.6,    0,    0,  0.6,    0,    0,  0.6) /* LowerLeg */
     , (2000398,  8,  4,  2, 0.75,    0,    0,    0,    0,    0,    0,    0,    0,    0, 3,    0,    0, 0.22,    0,    0, 0.22,    0,    0, 0.22,    0,    0, 0.22) /* Foot */;

INSERT INTO `weenie_properties_emote` (`object_Id`, `category`, `probability`, `weenie_Class_Id`, `style`, `substyle`, `quest`, `vendor_Type`, `min_Health`, `max_Health`)
VALUES (2000398,  7 /* Use */,      1, NULL, NULL, NULL, NULL, NULL, NULL, NULL);

SET @parent_id = LAST_INSERT_ID();

INSERT INTO `weenie_properties_emote_action` (`emote_Id`, `order`, `type`, `delay`, `extent`, `motion`, `message`, `test_String`, `min`, `max`, `min_64`, `max_64`, `min_Dbl`, `max_Dbl`, `stat`, `display`, `amount`, `amount_64`, `hero_X_P_64`, `percent`, `spell_Id`, `wealth_Rating`, `treasure_Class`, `treasure_Type`, `p_Script`, `sound`, `destination_Type`, `weenie_Class_Id`, `stack_Size`, `palette`, `shade`, `try_To_Bond`, `obj_Cell_Id`, `origin_X`, `origin_Y`, `origin_Z`, `angles_W`, `angles_X`, `angles_Y`, `angles_Z`)
VALUES (@parent_id,  0,  10 /* Tell */, 1, 1, NULL, 'These children need to be inside; This is becoming too dangerous', NULL, NULL, NULL, NULL, NULL, NULL, NULL, NULL, NULL, NULL, NULL, NULL, NULL, NULL, NULL, NULL, NULL, NULL, NULL, NULL, NULL, NULL, NULL, NULL, NULL, NULL, NULL, NULL, NULL, NULL, NULL, NULL, NULL);

DELETE FROM `weenie` WHERE `class_Id` = 2000399;

INSERT INTO `weenie` (`class_Id`, `class_Name`, `type`, `last_Modified`)
VALUES (2000399, 'ace2000399-townsfolk', 10, '2019-09-30 13:47:04') /* Creature */;

INSERT INTO `weenie_properties_int` (`object_Id`, `type`, `value`)
VALUES (2000399,   1,         16) /* ItemType - Creature */
     , (2000399,   2,         31) /* CreatureType - Human */
     , (2000399,   6,         -1) /* ItemsCapacity */
     , (2000399,   7,         -1) /* ContainersCapacity */
     , (2000399,   8,        120) /* Mass */
     , (2000399,  16,         32) /* ItemUseable - Remote */
     , (2000399,  25,         16) /* Level */
     , (2000399,  27,          0) /* ArmorType - None */
     , (2000399,  93,    6292504) /* PhysicsState - ReportCollisions, IgnoreCollisions, Gravity, ReportCollisionsAsEnvironment, EdgeSlide */
     , (2000399,  95,          8) /* RadarBlipColor - Yellow */
     , (2000399, 113,          2) /* Gender - Female */
     , (2000399, 133,          4) /* ShowableOnRadar - ShowAlways */
     , (2000399, 134,         16) /* PlayerKillerStatus - RubberGlue */
     , (2000399, 146,        318) /* XpOverride */
     , (2000399, 188,          1) /* HeritageGroup - Aluvian */;

INSERT INTO `weenie_properties_bool` (`object_Id`, `type`, `value`)
VALUES (2000399,   1, True ) /* Stuck */
     , (2000399,   8, True ) /* AllowGive */
     , (2000399,  11, True ) /* IgnoreCollisions */
     , (2000399,  12, True ) /* ReportCollisions */
     , (2000399,  13, False) /* Ethereal */
     , (2000399,  14, True ) /* GravityStatus */
     , (2000399,  19, False) /* Attackable */
     , (2000399,  29, True ) /* NoCorpse */
     , (2000399,  41, True ) /* ReportCollisionsAsEnvironment */
     , (2000399,  42, True ) /* AllowEdgeSlide */
     , (2000399,  52, True ) /* AiImmobile */
     , (2000399,  79, True ) /* AiAcceptEverything */;

INSERT INTO `weenie_properties_float` (`object_Id`, `type`, `value`)
VALUES (2000399,   1,       5) /* HeartbeatInterval */
     , (2000399,   2,       0) /* HeartbeatTimestamp */
     , (2000399,   3, 0.159999996423721) /* HealthRate */
     , (2000399,   4,       5) /* StaminaRate */
     , (2000399,   5,       1) /* ManaRate */
     , (2000399,  13, 0.899999976158142) /* ArmorModVsSlash */
     , (2000399,  14,       1) /* ArmorModVsPierce */
     , (2000399,  15, 1.10000002384186) /* ArmorModVsBludgeon */
     , (2000399,  16, 0.400000005960464) /* ArmorModVsCold */
     , (2000399,  17, 0.400000005960464) /* ArmorModVsFire */
     , (2000399,  18,       1) /* ArmorModVsAcid */
     , (2000399,  19, 0.600000023841858) /* ArmorModVsElectric */
     , (2000399,  54,       3) /* UseRadius */
     , (2000399,  64,       1) /* ResistSlash */
     , (2000399,  65,       1) /* ResistPierce */
     , (2000399,  66,       1) /* ResistBludgeon */
     , (2000399,  67,       1) /* ResistFire */
     , (2000399,  68,       1) /* ResistCold */
     , (2000399,  69,       1) /* ResistAcid */
     , (2000399,  70,       1) /* ResistElectric */
     , (2000399,  71,       1) /* ResistHealthBoost */
     , (2000399,  72,       1) /* ResistStaminaDrain */
     , (2000399,  73,       1) /* ResistStaminaBoost */
     , (2000399,  74,       1) /* ResistManaDrain */
     , (2000399,  75,       1) /* ResistManaBoost */
     , (2000399, 104,      10) /* ObviousRadarRange */
     , (2000399, 125,       1) /* ResistHealthDrain */;

INSERT INTO `weenie_properties_string` (`object_Id`, `type`, `value`)
VALUES (2000399,   1, 'Townsfolk') /* Name */
     , (2000399,   3, 'Female') /* Sex */
     , (2000399,   4, 'Aluvian') /* HeritageGroup */
     , (2000399,   5, 'Herald') /* Template */;

INSERT INTO `weenie_properties_d_i_d` (`object_Id`, `type`, `value`)
VALUES (2000399,   1,   33554510) /* Setup */
     , (2000399,   2,  150994945) /* MotionTable */
     , (2000399,   3,  536870914) /* SoundTable */
     , (2000399,   4,  805306368) /* CombatTable */
     , (2000399,   6,   67108990) /* PaletteBase */
     , (2000399,   8,  100667446) /* Icon */
     , (2000399,   9,   83890279) /* EyesTexture */
     , (2000399,  10,   83890302) /* NoseTexture */
     , (2000399,  11,   83890324) /* MouthTexture */
     , (2000399,  15,   67116982) /* HairPalette */
     , (2000399,  16,   67110063) /* EyesPalette */
     , (2000399,  17,   67109561) /* SkinPalette */;

INSERT INTO `weenie_properties_attribute` (`object_Id`, `type`, `init_Level`, `level_From_C_P`, `c_P_Spent`)
VALUES (2000399,   1, 120, 0, 0) /* Strength */
     , (2000399,   2, 130, 0, 0) /* Endurance */
     , (2000399,   3, 100, 0, 0) /* Quickness */
     , (2000399,   4, 115, 0, 0) /* Coordination */
     , (2000399,   5, 110, 0, 0) /* Focus */
     , (2000399,   6, 100, 0, 0) /* Self */;

INSERT INTO `weenie_properties_attribute_2nd` (`object_Id`, `type`, `init_Level`, `level_From_C_P`, `c_P_Spent`, `current_Level`)
VALUES (2000399,   1,     0, 0, 0, 65) /* MaxHealth */
     , (2000399,   3,     0, 0, 0, 130) /* MaxStamina */
     , (2000399,   5,     0, 0, 0, 100) /* MaxMana */;

INSERT INTO `weenie_properties_skill` (`object_Id`, `type`, `level_From_P_P`, `s_a_c`, `p_p`, `init_Level`, `resistance_At_Last_Check`, `last_Used_Time`)
VALUES (2000399,  6, 0, 2, 0,   1, 0, 0) /* MeleeDefense        Trained */
     , (2000399,  7, 0, 2, 0,   1, 0, 0) /* MissileDefense      Trained */
     , (2000399, 13, 0, 2, 0,   1, 0, 0) /* UnarmedCombat       Trained */;

INSERT INTO `weenie_properties_body_part` (`object_Id`, `key`, `d_Type`, `d_Val`, `d_Var`, `base_Armor`, `armor_Vs_Slash`, `armor_Vs_Pierce`, `armor_Vs_Bludgeon`, `armor_Vs_Cold`, `armor_Vs_Fire`, `armor_Vs_Acid`, `armor_Vs_Electric`, `armor_Vs_Nether`, `b_h`, `h_l_f`, `m_l_f`, `l_l_f`, `h_r_f`, `m_r_f`, `l_r_f`, `h_l_b`, `m_l_b`, `l_l_b`, `h_r_b`, `m_r_b`, `l_r_b`)
VALUES (2000399,  0,  4,  0,    0,    0,    0,    0,    0,    0,    0,    0,    0,    0, 1, 0.33,    0,    0, 0.33,    0,    0, 0.33,    0,    0, 0.33,    0,    0) /* Head */
     , (2000399,  1,  4,  0,    0,    0,    0,    0,    0,    0,    0,    0,    0,    0, 2, 0.44, 0.17,    0, 0.44, 0.17,    0, 0.44, 0.17,    0, 0.44, 0.17,    0) /* Chest */
     , (2000399,  2,  4,  0,    0,    0,    0,    0,    0,    0,    0,    0,    0,    0, 3,    0, 0.17,    0,    0, 0.17,    0,    0, 0.17,    0,    0, 0.17,    0) /* Abdomen */
     , (2000399,  3,  4,  0,    0,    0,    0,    0,    0,    0,    0,    0,    0,    0, 1, 0.23, 0.03,    0, 0.23, 0.03,    0, 0.23, 0.03,    0, 0.23, 0.03,    0) /* UpperArm */
     , (2000399,  4,  4,  0,    0,    0,    0,    0,    0,    0,    0,    0,    0,    0, 2,    0,  0.3,    0,    0,  0.3,    0,    0,  0.3,    0,    0,  0.3,    0) /* LowerArm */
     , (2000399,  5,  4,  2, 0.75,    0,    0,    0,    0,    0,    0,    0,    0,    0, 2,    0,  0.2,    0,    0,  0.2,    0,    0,  0.2,    0,    0,  0.2,    0) /* Hand */
     , (2000399,  6,  4,  0,    0,    0,    0,    0,    0,    0,    0,    0,    0,    0, 3,    0, 0.13, 0.18,    0, 0.13, 0.18,    0, 0.13, 0.18,    0, 0.13, 0.18) /* UpperLeg */
     , (2000399,  7,  4,  0,    0,    0,    0,    0,    0,    0,    0,    0,    0,    0, 3,    0,    0,  0.6,    0,    0,  0.6,    0,    0,  0.6,    0,    0,  0.6) /* LowerLeg */
     , (2000399,  8,  4,  2, 0.75,    0,    0,    0,    0,    0,    0,    0,    0,    0, 3,    0,    0, 0.22,    0,    0, 0.22,    0,    0, 0.22,    0,    0, 0.22) /* Foot */;

INSERT INTO `weenie_properties_emote` (`object_Id`, `category`, `probability`, `weenie_Class_Id`, `style`, `substyle`, `quest`, `vendor_Type`, `min_Health`, `max_Health`)
VALUES (2000399,  7 /* Use */,      1, NULL, NULL, NULL, NULL, NULL, NULL, NULL);

SET @parent_id = LAST_INSERT_ID();

INSERT INTO `weenie_properties_emote_action` (`emote_Id`, `order`, `type`, `delay`, `extent`, `motion`, `message`, `test_String`, `min`, `max`, `min_64`, `max_64`, `min_Dbl`, `max_Dbl`, `stat`, `display`, `amount`, `amount_64`, `hero_X_P_64`, `percent`, `spell_Id`, `wealth_Rating`, `treasure_Class`, `treasure_Type`, `p_Script`, `sound`, `destination_Type`, `weenie_Class_Id`, `stack_Size`, `palette`, `shade`, `try_To_Bond`, `obj_Cell_Id`, `origin_X`, `origin_Y`, `origin_Z`, `angles_W`, `angles_X`, `angles_Y`, `angles_Z`)
VALUES (@parent_id,  0,  10 /* Tell */, 0, 1, NULL, 'You know why we have a peaceful town? Because you are not here.', NULL, NULL, NULL, NULL, NULL, NULL, NULL, NULL, NULL, NULL, NULL, NULL, NULL, NULL, NULL, NULL, NULL, NULL, NULL, NULL, NULL, NULL, NULL, NULL, NULL, NULL, NULL, NULL, NULL, NULL, NULL, NULL, NULL);

INSERT INTO `weenie_properties_create_list` (`object_Id`, `destination_Type`, `weenie_Class_Id`, `stack_Size`, `palette`, `shade`, `try_To_Bond`)
VALUES (2000399, 2,   121,  0, 90, 0.8, False) /* Create Gloves (121) for Wield */
     , (2000399, 2,  8372,  0, 91, 1, False) /* Create Yifan Dress (8372) for Wield */
     , (2000399, 2,  2604,  0, 91, 1, False) /* Create Breeches (2604) for Wield */;

DELETE FROM `weenie` WHERE `class_Id` = 2000400;

INSERT INTO `weenie` (`class_Id`, `class_Name`, `type`, `last_Modified`)
VALUES (2000400, 'ace2000400-townsfolk', 10, '2019-09-30 13:47:06') /* Creature */;

INSERT INTO `weenie_properties_int` (`object_Id`, `type`, `value`)
VALUES (2000400,   1,         16) /* ItemType - Creature */
     , (2000400,   2,         31) /* CreatureType - Human */
     , (2000400,   6,         -1) /* ItemsCapacity */
     , (2000400,   7,         -1) /* ContainersCapacity */
     , (2000400,   8,        120) /* Mass */
     , (2000400,  16,         32) /* ItemUseable - Remote */
     , (2000400,  25,         16) /* Level */
     , (2000400,  27,          0) /* ArmorType - None */
     , (2000400,  93,    6292504) /* PhysicsState - ReportCollisions, IgnoreCollisions, Gravity, ReportCollisionsAsEnvironment, EdgeSlide */
     , (2000400,  95,          8) /* RadarBlipColor - Yellow */
     , (2000400, 113,          2) /* Gender - Female */
     , (2000400, 133,          4) /* ShowableOnRadar - ShowAlways */
     , (2000400, 134,         16) /* PlayerKillerStatus - RubberGlue */
     , (2000400, 146,        318) /* XpOverride */
     , (2000400, 188,          1) /* HeritageGroup - Aluvian */;

INSERT INTO `weenie_properties_bool` (`object_Id`, `type`, `value`)
VALUES (2000400,   1, True ) /* Stuck */
     , (2000400,   8, True ) /* AllowGive */
     , (2000400,  11, True ) /* IgnoreCollisions */
     , (2000400,  12, True ) /* ReportCollisions */
     , (2000400,  13, False) /* Ethereal */
     , (2000400,  14, True ) /* GravityStatus */
     , (2000400,  19, False) /* Attackable */
     , (2000400,  29, True ) /* NoCorpse */
     , (2000400,  41, True ) /* ReportCollisionsAsEnvironment */
     , (2000400,  42, True ) /* AllowEdgeSlide */
     , (2000400,  52, True ) /* AiImmobile */
     , (2000400,  79, True ) /* AiAcceptEverything */;

INSERT INTO `weenie_properties_float` (`object_Id`, `type`, `value`)
VALUES (2000400,   1,       5) /* HeartbeatInterval */
     , (2000400,   2,       0) /* HeartbeatTimestamp */
     , (2000400,   3, 0.159999996423721) /* HealthRate */
     , (2000400,   4,       5) /* StaminaRate */
     , (2000400,   5,       1) /* ManaRate */
     , (2000400,  13, 0.899999976158142) /* ArmorModVsSlash */
     , (2000400,  14,       1) /* ArmorModVsPierce */
     , (2000400,  15, 1.10000002384186) /* ArmorModVsBludgeon */
     , (2000400,  16, 0.400000005960464) /* ArmorModVsCold */
     , (2000400,  17, 0.400000005960464) /* ArmorModVsFire */
     , (2000400,  18,       1) /* ArmorModVsAcid */
     , (2000400,  19, 0.600000023841858) /* ArmorModVsElectric */
     , (2000400,  54,       3) /* UseRadius */
     , (2000400,  64,       1) /* ResistSlash */
     , (2000400,  65,       1) /* ResistPierce */
     , (2000400,  66,       1) /* ResistBludgeon */
     , (2000400,  67,       1) /* ResistFire */
     , (2000400,  68,       1) /* ResistCold */
     , (2000400,  69,       1) /* ResistAcid */
     , (2000400,  70,       1) /* ResistElectric */
     , (2000400,  71,       1) /* ResistHealthBoost */
     , (2000400,  72,       1) /* ResistStaminaDrain */
     , (2000400,  73,       1) /* ResistStaminaBoost */
     , (2000400,  74,       1) /* ResistManaDrain */
     , (2000400,  75,       1) /* ResistManaBoost */
     , (2000400, 104,      10) /* ObviousRadarRange */
     , (2000400, 125,       1) /* ResistHealthDrain */;

INSERT INTO `weenie_properties_string` (`object_Id`, `type`, `value`)
VALUES (2000400,   1, 'Townsfolk') /* Name */
     , (2000400,   3, 'Female') /* Sex */
     , (2000400,   4, 'Aluvian') /* HeritageGroup */
     , (2000400,   5, 'Herald') /* Template */;

INSERT INTO `weenie_properties_d_i_d` (`object_Id`, `type`, `value`)
VALUES (2000400,   1,   33554510) /* Setup */
     , (2000400,   2,  150994945) /* MotionTable */
     , (2000400,   3,  536870914) /* SoundTable */
     , (2000400,   4,  805306368) /* CombatTable */
     , (2000400,   6,   67108990) /* PaletteBase */
     , (2000400,   8,  100667446) /* Icon */
     , (2000400,   9,   83890279) /* EyesTexture */
     , (2000400,  10,   83890302) /* NoseTexture */
     , (2000400,  11,   83890324) /* MouthTexture */
     , (2000400,  15,   67116982) /* HairPalette */
     , (2000400,  16,   67110063) /* EyesPalette */
     , (2000400,  17,   67109561) /* SkinPalette */;

INSERT INTO `weenie_properties_attribute` (`object_Id`, `type`, `init_Level`, `level_From_C_P`, `c_P_Spent`)
VALUES (2000400,   1, 120, 0, 0) /* Strength */
     , (2000400,   2, 130, 0, 0) /* Endurance */
     , (2000400,   3, 100, 0, 0) /* Quickness */
     , (2000400,   4, 115, 0, 0) /* Coordination */
     , (2000400,   5, 110, 0, 0) /* Focus */
     , (2000400,   6, 100, 0, 0) /* Self */;

INSERT INTO `weenie_properties_attribute_2nd` (`object_Id`, `type`, `init_Level`, `level_From_C_P`, `c_P_Spent`, `current_Level`)
VALUES (2000400,   1,     0, 0, 0, 65) /* MaxHealth */
     , (2000400,   3,     0, 0, 0, 130) /* MaxStamina */
     , (2000400,   5,     0, 0, 0, 100) /* MaxMana */;

INSERT INTO `weenie_properties_skill` (`object_Id`, `type`, `level_From_P_P`, `s_a_c`, `p_p`, `init_Level`, `resistance_At_Last_Check`, `last_Used_Time`)
VALUES (2000400,  6, 0, 2, 0,   1, 0, 0) /* MeleeDefense        Trained */
     , (2000400,  7, 0, 2, 0,   1, 0, 0) /* MissileDefense      Trained */
     , (2000400, 13, 0, 2, 0,   1, 0, 0) /* UnarmedCombat       Trained */;

INSERT INTO `weenie_properties_body_part` (`object_Id`, `key`, `d_Type`, `d_Val`, `d_Var`, `base_Armor`, `armor_Vs_Slash`, `armor_Vs_Pierce`, `armor_Vs_Bludgeon`, `armor_Vs_Cold`, `armor_Vs_Fire`, `armor_Vs_Acid`, `armor_Vs_Electric`, `armor_Vs_Nether`, `b_h`, `h_l_f`, `m_l_f`, `l_l_f`, `h_r_f`, `m_r_f`, `l_r_f`, `h_l_b`, `m_l_b`, `l_l_b`, `h_r_b`, `m_r_b`, `l_r_b`)
VALUES (2000400,  0,  4,  0,    0,    0,    0,    0,    0,    0,    0,    0,    0,    0, 1, 0.33,    0,    0, 0.33,    0,    0, 0.33,    0,    0, 0.33,    0,    0) /* Head */
     , (2000400,  1,  4,  0,    0,    0,    0,    0,    0,    0,    0,    0,    0,    0, 2, 0.44, 0.17,    0, 0.44, 0.17,    0, 0.44, 0.17,    0, 0.44, 0.17,    0) /* Chest */
     , (2000400,  2,  4,  0,    0,    0,    0,    0,    0,    0,    0,    0,    0,    0, 3,    0, 0.17,    0,    0, 0.17,    0,    0, 0.17,    0,    0, 0.17,    0) /* Abdomen */
     , (2000400,  3,  4,  0,    0,    0,    0,    0,    0,    0,    0,    0,    0,    0, 1, 0.23, 0.03,    0, 0.23, 0.03,    0, 0.23, 0.03,    0, 0.23, 0.03,    0) /* UpperArm */
     , (2000400,  4,  4,  0,    0,    0,    0,    0,    0,    0,    0,    0,    0,    0, 2,    0,  0.3,    0,    0,  0.3,    0,    0,  0.3,    0,    0,  0.3,    0) /* LowerArm */
     , (2000400,  5,  4,  2, 0.75,    0,    0,    0,    0,    0,    0,    0,    0,    0, 2,    0,  0.2,    0,    0,  0.2,    0,    0,  0.2,    0,    0,  0.2,    0) /* Hand */
     , (2000400,  6,  4,  0,    0,    0,    0,    0,    0,    0,    0,    0,    0,    0, 3,    0, 0.13, 0.18,    0, 0.13, 0.18,    0, 0.13, 0.18,    0, 0.13, 0.18) /* UpperLeg */
     , (2000400,  7,  4,  0,    0,    0,    0,    0,    0,    0,    0,    0,    0,    0, 3,    0,    0,  0.6,    0,    0,  0.6,    0,    0,  0.6,    0,    0,  0.6) /* LowerLeg */
     , (2000400,  8,  4,  2, 0.75,    0,    0,    0,    0,    0,    0,    0,    0,    0, 3,    0,    0, 0.22,    0,    0, 0.22,    0,    0, 0.22,    0,    0, 0.22) /* Foot */;

INSERT INTO `weenie_properties_emote` (`object_Id`, `category`, `probability`, `weenie_Class_Id`, `style`, `substyle`, `quest`, `vendor_Type`, `min_Health`, `max_Health`)
VALUES (2000400,  7 /* Use */,      1, NULL, NULL, NULL, NULL, NULL, NULL, NULL);

SET @parent_id = LAST_INSERT_ID();

INSERT INTO `weenie_properties_emote_action` (`emote_Id`, `order`, `type`, `delay`, `extent`, `motion`, `message`, `test_String`, `min`, `max`, `min_64`, `max_64`, `min_Dbl`, `max_Dbl`, `stat`, `display`, `amount`, `amount_64`, `hero_X_P_64`, `percent`, `spell_Id`, `wealth_Rating`, `treasure_Class`, `treasure_Type`, `p_Script`, `sound`, `destination_Type`, `weenie_Class_Id`, `stack_Size`, `palette`, `shade`, `try_To_Bond`, `obj_Cell_Id`, `origin_X`, `origin_Y`, `origin_Z`, `angles_W`, `angles_X`, `angles_Y`, `angles_Z`)
VALUES (@parent_id,  0,  10 /* Tell */, 0, 1, NULL, 'Don''t mind my sister over there, she drank a bit much.', NULL, NULL, NULL, NULL, NULL, NULL, NULL, NULL, NULL, NULL, NULL, NULL, NULL, NULL, NULL, NULL, NULL, NULL, NULL, NULL, NULL, NULL, NULL, NULL, NULL, NULL, NULL, NULL, NULL, NULL, NULL, NULL, NULL);

INSERT INTO `weenie_properties_create_list` (`object_Id`, `destination_Type`, `weenie_Class_Id`, `stack_Size`, `palette`, `shade`, `try_To_Bond`)
VALUES (2000400, 2,   121,  0, 90, 0.8, False) /* Create Gloves (121) for Wield */
     , (2000400, 2,  8372,  0, 93, 1, False) /* Create Yifan Dress (8372) for Wield */
     , (2000400, 2,  2604,  0, 91, 1, False) /* Create Breeches (2604) for Wield */;

DELETE FROM `weenie` WHERE `class_Id` = 2000401;

INSERT INTO `weenie` (`class_Id`, `class_Name`, `type`, `last_Modified`)
VALUES (2000401, 'ace2000401-townsfolk', 10, '2019-09-30 13:47:07') /* Creature */;

INSERT INTO `weenie_properties_int` (`object_Id`, `type`, `value`)
VALUES (2000401,   1,         16) /* ItemType - Creature */
     , (2000401,   2,         22) /* CreatureType - Shadow */
     , (2000401,   3,         39) /* PaletteTemplate - Black */
     , (2000401,   6,         -1) /* ItemsCapacity */
     , (2000401,   7,         -1) /* ContainersCapacity */
     , (2000401,   8,        120) /* Mass */
     , (2000401,  16,         32) /* ItemUseable - Remote */
     , (2000401,  25,         73) /* Level */
     , (2000401,  27,          0) /* ArmorType - None */
     , (2000401,  93,    6292504) /* PhysicsState - ReportCollisions, IgnoreCollisions, Gravity, ReportCollisionsAsEnvironment, EdgeSlide */
     , (2000401,  95,          8) /* RadarBlipColor - Yellow */
     , (2000401, 133,          4) /* ShowableOnRadar - ShowAlways */
     , (2000401, 134,         16) /* PlayerKillerStatus - RubberGlue */
     , (2000401, 146,       4973) /* XpOverride */;

INSERT INTO `weenie_properties_bool` (`object_Id`, `type`, `value`)
VALUES (2000401,   1, True ) /* Stuck */
     , (2000401,   8, True ) /* AllowGive */
     , (2000401,  11, True ) /* IgnoreCollisions */
     , (2000401,  12, True ) /* ReportCollisions */
     , (2000401,  13, False) /* Ethereal */
     , (2000401,  14, True ) /* GravityStatus */
     , (2000401,  19, False) /* Attackable */
     , (2000401,  41, True ) /* ReportCollisionsAsEnvironment */
     , (2000401,  42, True ) /* AllowEdgeSlide */
     , (2000401,  52, True ) /* AiImmobile */;

INSERT INTO `weenie_properties_float` (`object_Id`, `type`, `value`)
VALUES (2000401,   1,       5) /* HeartbeatInterval */
     , (2000401,   2,       0) /* HeartbeatTimestamp */
     , (2000401,   3, 0.159999996423721) /* HealthRate */
     , (2000401,   4,       5) /* StaminaRate */
     , (2000401,   5,       1) /* ManaRate */
     , (2000401,  12,     0.5) /* Shade */
     , (2000401,  13, 0.899999976158142) /* ArmorModVsSlash */
     , (2000401,  14,       1) /* ArmorModVsPierce */
     , (2000401,  15, 1.10000002384186) /* ArmorModVsBludgeon */
     , (2000401,  16, 0.400000005960464) /* ArmorModVsCold */
     , (2000401,  17, 0.400000005960464) /* ArmorModVsFire */
     , (2000401,  18,       1) /* ArmorModVsAcid */
     , (2000401,  19, 0.600000023841858) /* ArmorModVsElectric */
     , (2000401,  54,       3) /* UseRadius */
     , (2000401,  64,       1) /* ResistSlash */
     , (2000401,  65,       1) /* ResistPierce */
     , (2000401,  66,       1) /* ResistBludgeon */
     , (2000401,  67,       1) /* ResistFire */
     , (2000401,  68,       1) /* ResistCold */
     , (2000401,  69,       1) /* ResistAcid */
     , (2000401,  70,       1) /* ResistElectric */
     , (2000401,  71,       1) /* ResistHealthBoost */
     , (2000401,  72,       1) /* ResistStaminaDrain */
     , (2000401,  73,       1) /* ResistStaminaBoost */
     , (2000401,  74,       1) /* ResistManaDrain */
     , (2000401,  75,       1) /* ResistManaBoost */
     , (2000401, 104,      10) /* ObviousRadarRange */
     , (2000401, 125,       1) /* ResistHealthDrain */;

INSERT INTO `weenie_properties_string` (`object_Id`, `type`, `value`)
VALUES (2000401,   1, 'Townsfolk') /* Name */
     , (2000401,   3, 'Male') /* Sex */
     , (2000401,   4, 'Aluvian') /* HeritageGroup */;

INSERT INTO `weenie_properties_d_i_d` (`object_Id`, `type`, `value`)
VALUES (2000401,   1,   33554433) /* Setup */
     , (2000401,   2,  150994945) /* MotionTable */
     , (2000401,   3,  536870913) /* SoundTable */
     , (2000401,   4,  805306368) /* CombatTable */
     , (2000401,   6,   67111797) /* PaletteBase */
     , (2000401,   7,  268435632) /* ClothingBase */
     , (2000401,   8,  100670397) /* Icon */;

INSERT INTO `weenie_properties_attribute` (`object_Id`, `type`, `init_Level`, `level_From_C_P`, `c_P_Spent`)
VALUES (2000401,   1, 220, 0, 0) /* Strength */
     , (2000401,   2, 235, 0, 0) /* Endurance */
     , (2000401,   3, 260, 0, 0) /* Quickness */
     , (2000401,   4, 270, 0, 0) /* Coordination */
     , (2000401,   5, 150, 0, 0) /* Focus */
     , (2000401,   6, 150, 0, 0) /* Self */;

INSERT INTO `weenie_properties_attribute_2nd` (`object_Id`, `type`, `init_Level`, `level_From_C_P`, `c_P_Spent`, `current_Level`)
VALUES (2000401,   1,     0, 0, 0, 118) /* MaxHealth */
     , (2000401,   3,     0, 0, 0, 235) /* MaxStamina */
     , (2000401,   5,     0, 0, 0, 150) /* MaxMana */;

INSERT INTO `weenie_properties_skill` (`object_Id`, `type`, `level_From_P_P`, `s_a_c`, `p_p`, `init_Level`, `resistance_At_Last_Check`, `last_Used_Time`)
VALUES (2000401,  6, 0, 2, 0,   1, 0, 0) /* MeleeDefense        Trained */
     , (2000401,  7, 0, 2, 0,   1, 0, 0) /* MissileDefense      Trained */
     , (2000401, 13, 0, 2, 0,   1, 0, 0) /* UnarmedCombat       Trained */;

INSERT INTO `weenie_properties_body_part` (`object_Id`, `key`, `d_Type`, `d_Val`, `d_Var`, `base_Armor`, `armor_Vs_Slash`, `armor_Vs_Pierce`, `armor_Vs_Bludgeon`, `armor_Vs_Cold`, `armor_Vs_Fire`, `armor_Vs_Acid`, `armor_Vs_Electric`, `armor_Vs_Nether`, `b_h`, `h_l_f`, `m_l_f`, `l_l_f`, `h_r_f`, `m_r_f`, `l_r_f`, `h_l_b`, `m_l_b`, `l_l_b`, `h_r_b`, `m_r_b`, `l_r_b`)
VALUES (2000401,  0,  4,  0,    0,    0,    0,    0,    0,    0,    0,    0,    0,    0, 1, 0.33,    0,    0, 0.33,    0,    0, 0.33,    0,    0, 0.33,    0,    0) /* Head */
     , (2000401,  1,  4,  0,    0,    0,    0,    0,    0,    0,    0,    0,    0,    0, 2, 0.44, 0.17,    0, 0.44, 0.17,    0, 0.44, 0.17,    0, 0.44, 0.17,    0) /* Chest */
     , (2000401,  2,  4,  0,    0,    0,    0,    0,    0,    0,    0,    0,    0,    0, 3,    0, 0.17,    0,    0, 0.17,    0,    0, 0.17,    0,    0, 0.17,    0) /* Abdomen */
     , (2000401,  3,  4,  0,    0,    0,    0,    0,    0,    0,    0,    0,    0,    0, 1, 0.23, 0.03,    0, 0.23, 0.03,    0, 0.23, 0.03,    0, 0.23, 0.03,    0) /* UpperArm */
     , (2000401,  4,  4,  0,    0,    0,    0,    0,    0,    0,    0,    0,    0,    0, 2,    0,  0.3,    0,    0,  0.3,    0,    0,  0.3,    0,    0,  0.3,    0) /* LowerArm */
     , (2000401,  5,  4,  2, 0.75,    0,    0,    0,    0,    0,    0,    0,    0,    0, 2,    0,  0.2,    0,    0,  0.2,    0,    0,  0.2,    0,    0,  0.2,    0) /* Hand */
     , (2000401,  6,  4,  0,    0,    0,    0,    0,    0,    0,    0,    0,    0,    0, 3,    0, 0.13, 0.18,    0, 0.13, 0.18,    0, 0.13, 0.18,    0, 0.13, 0.18) /* UpperLeg */
     , (2000401,  7,  4,  0,    0,    0,    0,    0,    0,    0,    0,    0,    0,    0, 3,    0,    0,  0.6,    0,    0,  0.6,    0,    0,  0.6,    0,    0,  0.6) /* LowerLeg */
     , (2000401,  8,  4,  2, 0.75,    0,    0,    0,    0,    0,    0,    0,    0,    0, 3,    0,    0, 0.22,    0,    0, 0.22,    0,    0, 0.22,    0,    0, 0.22) /* Foot */;

INSERT INTO `weenie_properties_emote` (`object_Id`, `category`, `probability`, `weenie_Class_Id`, `style`, `substyle`, `quest`, `vendor_Type`, `min_Health`, `max_Health`)
VALUES (2000401,  7 /* Use */,      1, NULL, NULL, NULL, NULL, NULL, NULL, NULL);

SET @parent_id = LAST_INSERT_ID();

INSERT INTO `weenie_properties_emote_action` (`emote_Id`, `order`, `type`, `delay`, `extent`, `motion`, `message`, `test_String`, `min`, `max`, `min_64`, `max_64`, `min_Dbl`, `max_Dbl`, `stat`, `display`, `amount`, `amount_64`, `hero_X_P_64`, `percent`, `spell_Id`, `wealth_Rating`, `treasure_Class`, `treasure_Type`, `p_Script`, `sound`, `destination_Type`, `weenie_Class_Id`, `stack_Size`, `palette`, `shade`, `try_To_Bond`, `obj_Cell_Id`, `origin_X`, `origin_Y`, `origin_Z`, `angles_W`, `angles_X`, `angles_Y`, `angles_Z`)
VALUES (@parent_id,  0,  12 /* TurnToTarget */, 0, 1, NULL, NULL, NULL, NULL, NULL, NULL, NULL, NULL, NULL, NULL, NULL, NULL, NULL, NULL, NULL, NULL, NULL, NULL, NULL, NULL, NULL, NULL, NULL, NULL, NULL, NULL, NULL, NULL, NULL, NULL, NULL, NULL, NULL, NULL, NULL)
     , (@parent_id,  1,  10 /* Tell */, 1, 1, NULL, 'I like Claude, they have to go through me to get to him.', NULL, NULL, NULL, NULL, NULL, NULL, NULL, NULL, NULL, NULL, NULL, NULL, NULL, NULL, NULL, NULL, NULL, NULL, NULL, NULL, NULL, NULL, NULL, NULL, NULL, NULL, NULL, NULL, NULL, NULL, NULL, NULL, NULL)
     , (@parent_id,  2,   5 /* Motion */, 0, 1, 1090519043 /* Ready */, NULL, NULL, NULL, NULL, NULL, NULL, NULL, NULL, NULL, NULL, NULL, NULL, NULL, NULL, NULL, NULL, NULL, NULL, NULL, NULL, NULL, NULL, NULL, NULL, NULL, NULL, NULL, NULL, NULL, NULL, NULL, NULL, NULL, NULL);

DELETE FROM `weenie` WHERE `class_Id` = 2000402;

INSERT INTO `weenie` (`class_Id`, `class_Name`, `type`, `last_Modified`)
VALUES (2000402, 'ace2000402-townsfolk', 10, '2019-09-30 13:47:08') /* Creature */;

INSERT INTO `weenie_properties_int` (`object_Id`, `type`, `value`)
VALUES (2000402,   1,         16) /* ItemType - Creature */
     , (2000402,   2,         31) /* CreatureType - Human */
     , (2000402,   6,         -1) /* ItemsCapacity */
     , (2000402,   7,         -1) /* ContainersCapacity */
     , (2000402,   8,        120) /* Mass */
     , (2000402,  16,         32) /* ItemUseable - Remote */
     , (2000402,  25,         16) /* Level */
     , (2000402,  27,          0) /* ArmorType - None */
     , (2000402,  93,    6292504) /* PhysicsState - ReportCollisions, IgnoreCollisions, Gravity, ReportCollisionsAsEnvironment, EdgeSlide */
     , (2000402,  95,          8) /* RadarBlipColor - Yellow */
     , (2000402, 113,          2) /* Gender - Female */
     , (2000402, 133,          4) /* ShowableOnRadar - ShowAlways */
     , (2000402, 134,         16) /* PlayerKillerStatus - RubberGlue */
     , (2000402, 146,        318) /* XpOverride */
     , (2000402, 188,          1) /* HeritageGroup - Aluvian */;

INSERT INTO `weenie_properties_bool` (`object_Id`, `type`, `value`)
VALUES (2000402,   1, True ) /* Stuck */
     , (2000402,   8, True ) /* AllowGive */
     , (2000402,  11, True ) /* IgnoreCollisions */
     , (2000402,  12, True ) /* ReportCollisions */
     , (2000402,  13, False) /* Ethereal */
     , (2000402,  14, True ) /* GravityStatus */
     , (2000402,  19, False) /* Attackable */
     , (2000402,  29, True ) /* NoCorpse */
     , (2000402,  41, True ) /* ReportCollisionsAsEnvironment */
     , (2000402,  42, True ) /* AllowEdgeSlide */
     , (2000402,  52, True ) /* AiImmobile */
     , (2000402,  79, True ) /* AiAcceptEverything */;

INSERT INTO `weenie_properties_float` (`object_Id`, `type`, `value`)
VALUES (2000402,   1,       5) /* HeartbeatInterval */
     , (2000402,   2,       0) /* HeartbeatTimestamp */
     , (2000402,   3, 0.159999996423721) /* HealthRate */
     , (2000402,   4,       5) /* StaminaRate */
     , (2000402,   5,       1) /* ManaRate */
     , (2000402,  13, 0.899999976158142) /* ArmorModVsSlash */
     , (2000402,  14,       1) /* ArmorModVsPierce */
     , (2000402,  15, 1.10000002384186) /* ArmorModVsBludgeon */
     , (2000402,  16, 0.400000005960464) /* ArmorModVsCold */
     , (2000402,  17, 0.400000005960464) /* ArmorModVsFire */
     , (2000402,  18,       1) /* ArmorModVsAcid */
     , (2000402,  19, 0.600000023841858) /* ArmorModVsElectric */
     , (2000402,  54,       3) /* UseRadius */
     , (2000402,  64,       1) /* ResistSlash */
     , (2000402,  65,       1) /* ResistPierce */
     , (2000402,  66,       1) /* ResistBludgeon */
     , (2000402,  67,       1) /* ResistFire */
     , (2000402,  68,       1) /* ResistCold */
     , (2000402,  69,       1) /* ResistAcid */
     , (2000402,  70,       1) /* ResistElectric */
     , (2000402,  71,       1) /* ResistHealthBoost */
     , (2000402,  72,       1) /* ResistStaminaDrain */
     , (2000402,  73,       1) /* ResistStaminaBoost */
     , (2000402,  74,       1) /* ResistManaDrain */
     , (2000402,  75,       1) /* ResistManaBoost */
     , (2000402, 104,      10) /* ObviousRadarRange */
     , (2000402, 125,       1) /* ResistHealthDrain */;

INSERT INTO `weenie_properties_string` (`object_Id`, `type`, `value`)
VALUES (2000402,   1, 'Townsfolk') /* Name */
     , (2000402,   3, 'Female') /* Sex */
     , (2000402,   4, 'Aluvian') /* HeritageGroup */
     , (2000402,   5, 'Herald') /* Template */;

INSERT INTO `weenie_properties_d_i_d` (`object_Id`, `type`, `value`)
VALUES (2000402,   1,   33554510) /* Setup */
     , (2000402,   2,  150994945) /* MotionTable */
     , (2000402,   3,  536870914) /* SoundTable */
     , (2000402,   4,  805306368) /* CombatTable */
     , (2000402,   6,   67108990) /* PaletteBase */
     , (2000402,   8,  100667446) /* Icon */
     , (2000402,   9,   83890279) /* EyesTexture */
     , (2000402,  10,   83890302) /* NoseTexture */
     , (2000402,  11,   83890324) /* MouthTexture */
     , (2000402,  15,   67116982) /* HairPalette */
     , (2000402,  16,   67110063) /* EyesPalette */
     , (2000402,  17,   67109561) /* SkinPalette */;

INSERT INTO `weenie_properties_attribute` (`object_Id`, `type`, `init_Level`, `level_From_C_P`, `c_P_Spent`)
VALUES (2000402,   1, 120, 0, 0) /* Strength */
     , (2000402,   2, 130, 0, 0) /* Endurance */
     , (2000402,   3, 100, 0, 0) /* Quickness */
     , (2000402,   4, 115, 0, 0) /* Coordination */
     , (2000402,   5, 110, 0, 0) /* Focus */
     , (2000402,   6, 100, 0, 0) /* Self */;

INSERT INTO `weenie_properties_attribute_2nd` (`object_Id`, `type`, `init_Level`, `level_From_C_P`, `c_P_Spent`, `current_Level`)
VALUES (2000402,   1,     0, 0, 0, 65) /* MaxHealth */
     , (2000402,   3,     0, 0, 0, 130) /* MaxStamina */
     , (2000402,   5,     0, 0, 0, 100) /* MaxMana */;

INSERT INTO `weenie_properties_skill` (`object_Id`, `type`, `level_From_P_P`, `s_a_c`, `p_p`, `init_Level`, `resistance_At_Last_Check`, `last_Used_Time`)
VALUES (2000402,  6, 0, 2, 0,   1, 0, 0) /* MeleeDefense        Trained */
     , (2000402,  7, 0, 2, 0,   1, 0, 0) /* MissileDefense      Trained */
     , (2000402, 13, 0, 2, 0,   1, 0, 0) /* UnarmedCombat       Trained */;

INSERT INTO `weenie_properties_body_part` (`object_Id`, `key`, `d_Type`, `d_Val`, `d_Var`, `base_Armor`, `armor_Vs_Slash`, `armor_Vs_Pierce`, `armor_Vs_Bludgeon`, `armor_Vs_Cold`, `armor_Vs_Fire`, `armor_Vs_Acid`, `armor_Vs_Electric`, `armor_Vs_Nether`, `b_h`, `h_l_f`, `m_l_f`, `l_l_f`, `h_r_f`, `m_r_f`, `l_r_f`, `h_l_b`, `m_l_b`, `l_l_b`, `h_r_b`, `m_r_b`, `l_r_b`)
VALUES (2000402,  0,  4,  0,    0,    0,    0,    0,    0,    0,    0,    0,    0,    0, 1, 0.33,    0,    0, 0.33,    0,    0, 0.33,    0,    0, 0.33,    0,    0) /* Head */
     , (2000402,  1,  4,  0,    0,    0,    0,    0,    0,    0,    0,    0,    0,    0, 2, 0.44, 0.17,    0, 0.44, 0.17,    0, 0.44, 0.17,    0, 0.44, 0.17,    0) /* Chest */
     , (2000402,  2,  4,  0,    0,    0,    0,    0,    0,    0,    0,    0,    0,    0, 3,    0, 0.17,    0,    0, 0.17,    0,    0, 0.17,    0,    0, 0.17,    0) /* Abdomen */
     , (2000402,  3,  4,  0,    0,    0,    0,    0,    0,    0,    0,    0,    0,    0, 1, 0.23, 0.03,    0, 0.23, 0.03,    0, 0.23, 0.03,    0, 0.23, 0.03,    0) /* UpperArm */
     , (2000402,  4,  4,  0,    0,    0,    0,    0,    0,    0,    0,    0,    0,    0, 2,    0,  0.3,    0,    0,  0.3,    0,    0,  0.3,    0,    0,  0.3,    0) /* LowerArm */
     , (2000402,  5,  4,  2, 0.75,    0,    0,    0,    0,    0,    0,    0,    0,    0, 2,    0,  0.2,    0,    0,  0.2,    0,    0,  0.2,    0,    0,  0.2,    0) /* Hand */
     , (2000402,  6,  4,  0,    0,    0,    0,    0,    0,    0,    0,    0,    0,    0, 3,    0, 0.13, 0.18,    0, 0.13, 0.18,    0, 0.13, 0.18,    0, 0.13, 0.18) /* UpperLeg */
     , (2000402,  7,  4,  0,    0,    0,    0,    0,    0,    0,    0,    0,    0,    0, 3,    0,    0,  0.6,    0,    0,  0.6,    0,    0,  0.6,    0,    0,  0.6) /* LowerLeg */
     , (2000402,  8,  4,  2, 0.75,    0,    0,    0,    0,    0,    0,    0,    0,    0, 3,    0,    0, 0.22,    0,    0, 0.22,    0,    0, 0.22,    0,    0, 0.22) /* Foot */;

INSERT INTO `weenie_properties_emote` (`object_Id`, `category`, `probability`, `weenie_Class_Id`, `style`, `substyle`, `quest`, `vendor_Type`, `min_Health`, `max_Health`)
VALUES (2000402,  7 /* Use */,      1, NULL, NULL, NULL, NULL, NULL, NULL, NULL);

SET @parent_id = LAST_INSERT_ID();

INSERT INTO `weenie_properties_emote_action` (`emote_Id`, `order`, `type`, `delay`, `extent`, `motion`, `message`, `test_String`, `min`, `max`, `min_64`, `max_64`, `min_Dbl`, `max_Dbl`, `stat`, `display`, `amount`, `amount_64`, `hero_X_P_64`, `percent`, `spell_Id`, `wealth_Rating`, `treasure_Class`, `treasure_Type`, `p_Script`, `sound`, `destination_Type`, `weenie_Class_Id`, `stack_Size`, `palette`, `shade`, `try_To_Bond`, `obj_Cell_Id`, `origin_X`, `origin_Y`, `origin_Z`, `angles_W`, `angles_X`, `angles_Y`, `angles_Z`)
VALUES (@parent_id,  0,  10 /* Tell */, 0, 1, NULL, 'Pour your brother another round, pick each other off the ground, let another chorus sound Pour your brother another round.he''s cute :P', NULL, NULL, NULL, NULL, NULL, NULL, NULL, NULL, NULL, NULL, NULL, NULL, NULL, NULL, NULL, NULL, NULL, NULL, NULL, NULL, NULL, NULL, NULL, NULL, NULL, NULL, NULL, NULL, NULL, NULL, NULL, NULL, NULL);

INSERT INTO `weenie_properties_create_list` (`object_Id`, `destination_Type`, `weenie_Class_Id`, `stack_Size`, `palette`, `shade`, `try_To_Bond`)
VALUES (2000402, 2,   121,  0, 90, 0.8, False) /* Create Gloves (121) for Wield */
     , (2000402, 2,  2588,  0, 90, 1, False) /* Create Shirt (2588) for Wield */
     , (2000402, 2,  2604,  0, 88, 1, False) /* Create Breeches (2604) for Wield */;

DELETE FROM `weenie` WHERE `class_Id` = 2000403;

INSERT INTO `weenie` (`class_Id`, `class_Name`, `type`, `last_Modified`)
VALUES (2000403, 'ace2000403-townsfolk', 10, '2019-09-30 13:47:09') /* Creature */;

INSERT INTO `weenie_properties_int` (`object_Id`, `type`, `value`)
VALUES (2000403,   1,         16) /* ItemType - Creature */
     , (2000403,   2,         31) /* CreatureType - Human */
     , (2000403,   6,         -1) /* ItemsCapacity */
     , (2000403,   7,         -1) /* ContainersCapacity */
     , (2000403,   8,        120) /* Mass */
     , (2000403,  16,         32) /* ItemUseable - Remote */
     , (2000403,  25,         16) /* Level */
     , (2000403,  27,          0) /* ArmorType - None */
     , (2000403,  93,    6292504) /* PhysicsState - ReportCollisions, IgnoreCollisions, Gravity, ReportCollisionsAsEnvironment, EdgeSlide */
     , (2000403,  95,          8) /* RadarBlipColor - Yellow */
     , (2000403, 113,          2) /* Gender - Female */
     , (2000403, 133,          4) /* ShowableOnRadar - ShowAlways */
     , (2000403, 134,         16) /* PlayerKillerStatus - RubberGlue */
     , (2000403, 146,        318) /* XpOverride */
     , (2000403, 188,          1) /* HeritageGroup - Aluvian */;

INSERT INTO `weenie_properties_bool` (`object_Id`, `type`, `value`)
VALUES (2000403,   1, True ) /* Stuck */
     , (2000403,   8, True ) /* AllowGive */
     , (2000403,  11, True ) /* IgnoreCollisions */
     , (2000403,  12, True ) /* ReportCollisions */
     , (2000403,  13, False) /* Ethereal */
     , (2000403,  14, True ) /* GravityStatus */
     , (2000403,  19, False) /* Attackable */
     , (2000403,  29, True ) /* NoCorpse */
     , (2000403,  41, True ) /* ReportCollisionsAsEnvironment */
     , (2000403,  42, True ) /* AllowEdgeSlide */
     , (2000403,  52, True ) /* AiImmobile */
     , (2000403,  79, True ) /* AiAcceptEverything */;

INSERT INTO `weenie_properties_float` (`object_Id`, `type`, `value`)
VALUES (2000403,   1,       5) /* HeartbeatInterval */
     , (2000403,   2,       0) /* HeartbeatTimestamp */
     , (2000403,   3, 0.159999996423721) /* HealthRate */
     , (2000403,   4,       5) /* StaminaRate */
     , (2000403,   5,       1) /* ManaRate */
     , (2000403,  13, 0.899999976158142) /* ArmorModVsSlash */
     , (2000403,  14,       1) /* ArmorModVsPierce */
     , (2000403,  15, 1.10000002384186) /* ArmorModVsBludgeon */
     , (2000403,  16, 0.400000005960464) /* ArmorModVsCold */
     , (2000403,  17, 0.400000005960464) /* ArmorModVsFire */
     , (2000403,  18,       1) /* ArmorModVsAcid */
     , (2000403,  19, 0.600000023841858) /* ArmorModVsElectric */
     , (2000403,  54,       3) /* UseRadius */
     , (2000403,  64,       1) /* ResistSlash */
     , (2000403,  65,       1) /* ResistPierce */
     , (2000403,  66,       1) /* ResistBludgeon */
     , (2000403,  67,       1) /* ResistFire */
     , (2000403,  68,       1) /* ResistCold */
     , (2000403,  69,       1) /* ResistAcid */
     , (2000403,  70,       1) /* ResistElectric */
     , (2000403,  71,       1) /* ResistHealthBoost */
     , (2000403,  72,       1) /* ResistStaminaDrain */
     , (2000403,  73,       1) /* ResistStaminaBoost */
     , (2000403,  74,       1) /* ResistManaDrain */
     , (2000403,  75,       1) /* ResistManaBoost */
     , (2000403, 104,      10) /* ObviousRadarRange */
     , (2000403, 125,       1) /* ResistHealthDrain */;

INSERT INTO `weenie_properties_string` (`object_Id`, `type`, `value`)
VALUES (2000403,   1, 'Townsfolk') /* Name */
     , (2000403,   3, 'Female') /* Sex */
     , (2000403,   4, 'Aluvian') /* HeritageGroup */
     , (2000403,   5, 'Herald') /* Template */;

INSERT INTO `weenie_properties_d_i_d` (`object_Id`, `type`, `value`)
VALUES (2000403,   1,   33554510) /* Setup */
     , (2000403,   2,  150994945) /* MotionTable */
     , (2000403,   3,  536870914) /* SoundTable */
     , (2000403,   4,  805306368) /* CombatTable */
     , (2000403,   6,   67108990) /* PaletteBase */
     , (2000403,   8,  100667446) /* Icon */
     , (2000403,   9,   83890279) /* EyesTexture */
     , (2000403,  10,   83890302) /* NoseTexture */
     , (2000403,  11,   83890324) /* MouthTexture */
     , (2000403,  15,   67116982) /* HairPalette */
     , (2000403,  16,   67110063) /* EyesPalette */
     , (2000403,  17,   67109561) /* SkinPalette */;

INSERT INTO `weenie_properties_attribute` (`object_Id`, `type`, `init_Level`, `level_From_C_P`, `c_P_Spent`)
VALUES (2000403,   1, 120, 0, 0) /* Strength */
     , (2000403,   2, 130, 0, 0) /* Endurance */
     , (2000403,   3, 100, 0, 0) /* Quickness */
     , (2000403,   4, 115, 0, 0) /* Coordination */
     , (2000403,   5, 110, 0, 0) /* Focus */
     , (2000403,   6, 100, 0, 0) /* Self */;

INSERT INTO `weenie_properties_attribute_2nd` (`object_Id`, `type`, `init_Level`, `level_From_C_P`, `c_P_Spent`, `current_Level`)
VALUES (2000403,   1,     0, 0, 0, 65) /* MaxHealth */
     , (2000403,   3,     0, 0, 0, 130) /* MaxStamina */
     , (2000403,   5,     0, 0, 0, 100) /* MaxMana */;

INSERT INTO `weenie_properties_skill` (`object_Id`, `type`, `level_From_P_P`, `s_a_c`, `p_p`, `init_Level`, `resistance_At_Last_Check`, `last_Used_Time`)
VALUES (2000403,  6, 0, 2, 0,   1, 0, 0) /* MeleeDefense        Trained */
     , (2000403,  7, 0, 2, 0,   1, 0, 0) /* MissileDefense      Trained */
     , (2000403, 13, 0, 2, 0,   1, 0, 0) /* UnarmedCombat       Trained */;

INSERT INTO `weenie_properties_body_part` (`object_Id`, `key`, `d_Type`, `d_Val`, `d_Var`, `base_Armor`, `armor_Vs_Slash`, `armor_Vs_Pierce`, `armor_Vs_Bludgeon`, `armor_Vs_Cold`, `armor_Vs_Fire`, `armor_Vs_Acid`, `armor_Vs_Electric`, `armor_Vs_Nether`, `b_h`, `h_l_f`, `m_l_f`, `l_l_f`, `h_r_f`, `m_r_f`, `l_r_f`, `h_l_b`, `m_l_b`, `l_l_b`, `h_r_b`, `m_r_b`, `l_r_b`)
VALUES (2000403,  0,  4,  0,    0,    0,    0,    0,    0,    0,    0,    0,    0,    0, 1, 0.33,    0,    0, 0.33,    0,    0, 0.33,    0,    0, 0.33,    0,    0) /* Head */
     , (2000403,  1,  4,  0,    0,    0,    0,    0,    0,    0,    0,    0,    0,    0, 2, 0.44, 0.17,    0, 0.44, 0.17,    0, 0.44, 0.17,    0, 0.44, 0.17,    0) /* Chest */
     , (2000403,  2,  4,  0,    0,    0,    0,    0,    0,    0,    0,    0,    0,    0, 3,    0, 0.17,    0,    0, 0.17,    0,    0, 0.17,    0,    0, 0.17,    0) /* Abdomen */
     , (2000403,  3,  4,  0,    0,    0,    0,    0,    0,    0,    0,    0,    0,    0, 1, 0.23, 0.03,    0, 0.23, 0.03,    0, 0.23, 0.03,    0, 0.23, 0.03,    0) /* UpperArm */
     , (2000403,  4,  4,  0,    0,    0,    0,    0,    0,    0,    0,    0,    0,    0, 2,    0,  0.3,    0,    0,  0.3,    0,    0,  0.3,    0,    0,  0.3,    0) /* LowerArm */
     , (2000403,  5,  4,  2, 0.75,    0,    0,    0,    0,    0,    0,    0,    0,    0, 2,    0,  0.2,    0,    0,  0.2,    0,    0,  0.2,    0,    0,  0.2,    0) /* Hand */
     , (2000403,  6,  4,  0,    0,    0,    0,    0,    0,    0,    0,    0,    0,    0, 3,    0, 0.13, 0.18,    0, 0.13, 0.18,    0, 0.13, 0.18,    0, 0.13, 0.18) /* UpperLeg */
     , (2000403,  7,  4,  0,    0,    0,    0,    0,    0,    0,    0,    0,    0,    0, 3,    0,    0,  0.6,    0,    0,  0.6,    0,    0,  0.6,    0,    0,  0.6) /* LowerLeg */
     , (2000403,  8,  4,  2, 0.75,    0,    0,    0,    0,    0,    0,    0,    0,    0, 3,    0,    0, 0.22,    0,    0, 0.22,    0,    0, 0.22,    0,    0, 0.22) /* Foot */;

INSERT INTO `weenie_properties_emote` (`object_Id`, `category`, `probability`, `weenie_Class_Id`, `style`, `substyle`, `quest`, `vendor_Type`, `min_Health`, `max_Health`)
VALUES (2000403,  7 /* Use */,      1, NULL, NULL, NULL, NULL, NULL, NULL, NULL);

SET @parent_id = LAST_INSERT_ID();

INSERT INTO `weenie_properties_emote_action` (`emote_Id`, `order`, `type`, `delay`, `extent`, `motion`, `message`, `test_String`, `min`, `max`, `min_64`, `max_64`, `min_Dbl`, `max_Dbl`, `stat`, `display`, `amount`, `amount_64`, `hero_X_P_64`, `percent`, `spell_Id`, `wealth_Rating`, `treasure_Class`, `treasure_Type`, `p_Script`, `sound`, `destination_Type`, `weenie_Class_Id`, `stack_Size`, `palette`, `shade`, `try_To_Bond`, `obj_Cell_Id`, `origin_X`, `origin_Y`, `origin_Z`, `angles_W`, `angles_X`, `angles_Y`, `angles_Z`)
VALUES (@parent_id,  0,  10 /* Tell */, 0, 1, NULL, 'I''m going to hang out right here I hear there is this cute Pirate out there that likes to claim tents', NULL, NULL, NULL, NULL, NULL, NULL, NULL, NULL, NULL, NULL, NULL, NULL, NULL, NULL, NULL, NULL, NULL, NULL, NULL, NULL, NULL, NULL, NULL, NULL, NULL, NULL, NULL, NULL, NULL, NULL, NULL, NULL, NULL);

INSERT INTO `weenie_properties_create_list` (`object_Id`, `destination_Type`, `weenie_Class_Id`, `stack_Size`, `palette`, `shade`, `try_To_Bond`)
VALUES (2000403, 2,   121,  0, 90, 0.8, False) /* Create Gloves (121) for Wield */
     , (2000403, 2,  8372,  0, 93, 1, False) /* Create Yifan Dress (8372) for Wield */
     , (2000403, 2,  2604,  0, 91, 1, False) /* Create Breeches (2604) for Wield */;

DELETE FROM `weenie` WHERE `class_Id` = 2000404;

INSERT INTO `weenie` (`class_Id`, `class_Name`, `type`, `last_Modified`)
VALUES (2000404, 'ace2000404-townfolk', 10, '2019-09-30 13:47:11') /* Creature */;

INSERT INTO `weenie_properties_int` (`object_Id`, `type`, `value`)
VALUES (2000404,   1,         16) /* ItemType - Creature */
     , (2000404,   2,          5) /* CreatureType - Lugian */
     , (2000404,   3,         17) /* PaletteTemplate - Yellow */
     , (2000404,   6,         -1) /* ItemsCapacity */
     , (2000404,   7,         -1) /* ContainersCapacity */
     , (2000404,   8,        120) /* Mass */
     , (2000404,  16,         32) /* ItemUseable - Remote */
     , (2000404,  25,        155) /* Level */
     , (2000404,  27,          0) /* ArmorType - None */
     , (2000404,  93,    6292504) /* PhysicsState - ReportCollisions, IgnoreCollisions, Gravity, ReportCollisionsAsEnvironment, EdgeSlide */
     , (2000404,  95,          8) /* RadarBlipColor - Yellow */
     , (2000404, 133,          4) /* ShowableOnRadar - ShowAlways */
     , (2000404, 134,         16) /* PlayerKillerStatus - RubberGlue */
     , (2000404, 146,      17763) /* XpOverride */;

INSERT INTO `weenie_properties_bool` (`object_Id`, `type`, `value`)
VALUES (2000404,   1, True ) /* Stuck */
     , (2000404,   8, True ) /* AllowGive */
     , (2000404,  12, True ) /* ReportCollisions */
     , (2000404,  13, False) /* Ethereal */
     , (2000404,  19, False) /* Attackable */
     , (2000404,  41, True ) /* ReportCollisionsAsEnvironment */
     , (2000404,  42, True ) /* AllowEdgeSlide */
     , (2000404,  52, True ) /* AiImmobile */;

INSERT INTO `weenie_properties_float` (`object_Id`, `type`, `value`)
VALUES (2000404,   1,       5) /* HeartbeatInterval */
     , (2000404,   2,       0) /* HeartbeatTimestamp */
     , (2000404,   3, 0.159999996423721) /* HealthRate */
     , (2000404,   4,       5) /* StaminaRate */
     , (2000404,   5,       1) /* ManaRate */
     , (2000404,  12,     0.5) /* Shade */
     , (2000404,  13, 0.899999976158142) /* ArmorModVsSlash */
     , (2000404,  14,       1) /* ArmorModVsPierce */
     , (2000404,  15, 1.10000002384186) /* ArmorModVsBludgeon */
     , (2000404,  16, 0.400000005960464) /* ArmorModVsCold */
     , (2000404,  17, 0.400000005960464) /* ArmorModVsFire */
     , (2000404,  18,       1) /* ArmorModVsAcid */
     , (2000404,  19, 0.600000023841858) /* ArmorModVsElectric */
     , (2000404,  54,       3) /* UseRadius */
     , (2000404,  64,       1) /* ResistSlash */
     , (2000404,  65,       1) /* ResistPierce */
     , (2000404,  66,       1) /* ResistBludgeon */
     , (2000404,  67,       1) /* ResistFire */
     , (2000404,  68,       1) /* ResistCold */
     , (2000404,  69,       1) /* ResistAcid */
     , (2000404,  70,       1) /* ResistElectric */
     , (2000404,  71,       1) /* ResistHealthBoost */
     , (2000404,  72,       1) /* ResistStaminaDrain */
     , (2000404,  73,       1) /* ResistStaminaBoost */
     , (2000404,  74,       1) /* ResistManaDrain */
     , (2000404,  75,       1) /* ResistManaBoost */
     , (2000404, 104,      10) /* ObviousRadarRange */
     , (2000404, 125,       1) /* ResistHealthDrain */;

INSERT INTO `weenie_properties_string` (`object_Id`, `type`, `value`)
VALUES (2000404,   1, 'Townfolk') /* Name */;

INSERT INTO `weenie_properties_d_i_d` (`object_Id`, `type`, `value`)
VALUES (2000404,   1,   33557003) /* Setup */
     , (2000404,   2,  150994950) /* MotionTable */
     , (2000404,   3,  536870922) /* SoundTable */
     , (2000404,   4,  805306371) /* CombatTable */
     , (2000404,   6,   67113158) /* PaletteBase */
     , (2000404,   7,  268436632) /* ClothingBase */
     , (2000404,   8,  100667447) /* Icon */;

INSERT INTO `weenie_properties_attribute` (`object_Id`, `type`, `init_Level`, `level_From_C_P`, `c_P_Spent`)
VALUES (2000404,   1, 400, 0, 0) /* Strength */
     , (2000404,   2, 360, 0, 0) /* Endurance */
     , (2000404,   3, 350, 0, 0) /* Quickness */
     , (2000404,   4, 420, 0, 0) /* Coordination */
     , (2000404,   5, 250, 0, 0) /* Focus */
     , (2000404,   6, 270, 0, 0) /* Self */;

INSERT INTO `weenie_properties_attribute_2nd` (`object_Id`, `type`, `init_Level`, `level_From_C_P`, `c_P_Spent`, `current_Level`)
VALUES (2000404,   1,   200, 0, 0, 380) /* MaxHealth */
     , (2000404,   3,   100, 0, 0, 460) /* MaxStamina */
     , (2000404,   5,    40, 0, 0, 310) /* MaxMana */;

INSERT INTO `weenie_properties_skill` (`object_Id`, `type`, `level_From_P_P`, `s_a_c`, `p_p`, `init_Level`, `resistance_At_Last_Check`, `last_Used_Time`)
VALUES (2000404,  6, 0, 2, 0,   2, 0, 0) /* MeleeDefense        Trained */
     , (2000404,  7, 0, 2, 0,   2, 0, 0) /* MissileDefense      Trained */
     , (2000404, 13, 0, 2, 0,   2, 0, 0) /* UnarmedCombat       Trained */;

INSERT INTO `weenie_properties_body_part` (`object_Id`, `key`, `d_Type`, `d_Val`, `d_Var`, `base_Armor`, `armor_Vs_Slash`, `armor_Vs_Pierce`, `armor_Vs_Bludgeon`, `armor_Vs_Cold`, `armor_Vs_Fire`, `armor_Vs_Acid`, `armor_Vs_Electric`, `armor_Vs_Nether`, `b_h`, `h_l_f`, `m_l_f`, `l_l_f`, `h_r_f`, `m_r_f`, `l_r_f`, `h_l_b`, `m_l_b`, `l_l_b`, `h_r_b`, `m_r_b`, `l_r_b`)
VALUES (2000404,  0,  4,  0,    0,    0,    0,    0,    0,    0,    0,    0,    0,    0, 1, 0.33,    0,    0, 0.33,    0,    0, 0.33,    0,    0, 0.33,    0,    0) /* Head */
     , (2000404,  1,  4,  0,    0,    0,    0,    0,    0,    0,    0,    0,    0,    0, 2, 0.44, 0.17,    0, 0.44, 0.17,    0, 0.44, 0.17,    0, 0.44, 0.17,    0) /* Chest */
     , (2000404,  2,  4,  0,    0,    0,    0,    0,    0,    0,    0,    0,    0,    0, 3,    0, 0.17,    0,    0, 0.17,    0,    0, 0.17,    0,    0, 0.17,    0) /* Abdomen */
     , (2000404,  3,  4,  0,    0,    0,    0,    0,    0,    0,    0,    0,    0,    0, 1, 0.23, 0.03,    0, 0.23, 0.03,    0, 0.23, 0.03,    0, 0.23, 0.03,    0) /* UpperArm */
     , (2000404,  4,  4,  0,    0,    0,    0,    0,    0,    0,    0,    0,    0,    0, 2,    0,  0.3,    0,    0,  0.3,    0,    0,  0.3,    0,    0,  0.3,    0) /* LowerArm */
     , (2000404,  5,  4,  2, 0.75,    0,    0,    0,    0,    0,    0,    0,    0,    0, 2,    0,  0.2,    0,    0,  0.2,    0,    0,  0.2,    0,    0,  0.2,    0) /* Hand */
     , (2000404,  6,  4,  0,    0,    0,    0,    0,    0,    0,    0,    0,    0,    0, 3,    0, 0.13, 0.18,    0, 0.13, 0.18,    0, 0.13, 0.18,    0, 0.13, 0.18) /* UpperLeg */
     , (2000404,  7,  4,  0,    0,    0,    0,    0,    0,    0,    0,    0,    0,    0, 3,    0,    0,  0.6,    0,    0,  0.6,    0,    0,  0.6,    0,    0,  0.6) /* LowerLeg */
     , (2000404,  8,  4,  2, 0.75,    0,    0,    0,    0,    0,    0,    0,    0,    0, 3,    0,    0, 0.22,    0,    0, 0.22,    0,    0, 0.22,    0,    0, 0.22) /* Foot */;

INSERT INTO `weenie_properties_emote` (`object_Id`, `category`, `probability`, `weenie_Class_Id`, `style`, `substyle`, `quest`, `vendor_Type`, `min_Health`, `max_Health`)
VALUES (2000404,  7 /* Use */,      1, NULL, NULL, NULL, NULL, NULL, NULL, NULL);

SET @parent_id = LAST_INSERT_ID();

INSERT INTO `weenie_properties_emote_action` (`emote_Id`, `order`, `type`, `delay`, `extent`, `motion`, `message`, `test_String`, `min`, `max`, `min_64`, `max_64`, `min_Dbl`, `max_Dbl`, `stat`, `display`, `amount`, `amount_64`, `hero_X_P_64`, `percent`, `spell_Id`, `wealth_Rating`, `treasure_Class`, `treasure_Type`, `p_Script`, `sound`, `destination_Type`, `weenie_Class_Id`, `stack_Size`, `palette`, `shade`, `try_To_Bond`, `obj_Cell_Id`, `origin_X`, `origin_Y`, `origin_Z`, `angles_W`, `angles_X`, `angles_Y`, `angles_Z`)
VALUES (@parent_id,  0,  10 /* Tell */, 1, 1, NULL, 'My people in the old citadel are up to something I only wish to warn', NULL, NULL, NULL, NULL, NULL, NULL, NULL, NULL, NULL, NULL, NULL, NULL, NULL, NULL, NULL, NULL, NULL, NULL, NULL, NULL, NULL, NULL, NULL, NULL, NULL, NULL, NULL, NULL, NULL, NULL, NULL, NULL, NULL);

DELETE FROM `weenie` WHERE `class_Id` = 2000405;

INSERT INTO `weenie` (`class_Id`, `class_Name`, `type`, `last_Modified`)
VALUES (2000405, 'ace2000405-townsfolk', 10, '2019-09-30 13:47:12') /* Creature */;

INSERT INTO `weenie_properties_int` (`object_Id`, `type`, `value`)
VALUES (2000405,   1,         16) /* ItemType - Creature */
     , (2000405,   2,         31) /* CreatureType - Human */
     , (2000405,   6,         -1) /* ItemsCapacity */
     , (2000405,   7,         -1) /* ContainersCapacity */
     , (2000405,   8,        120) /* Mass */
     , (2000405,  16,         32) /* ItemUseable - Remote */
     , (2000405,  25,         16) /* Level */
     , (2000405,  27,          0) /* ArmorType - None */
     , (2000405,  93,    6292504) /* PhysicsState - ReportCollisions, IgnoreCollisions, Gravity, ReportCollisionsAsEnvironment, EdgeSlide */
     , (2000405,  95,          8) /* RadarBlipColor - Yellow */
     , (2000405, 113,          2) /* Gender - Female */
     , (2000405, 133,          4) /* ShowableOnRadar - ShowAlways */
     , (2000405, 134,         16) /* PlayerKillerStatus - RubberGlue */
     , (2000405, 146,        318) /* XpOverride */
     , (2000405, 188,          1) /* HeritageGroup - Aluvian */;

INSERT INTO `weenie_properties_bool` (`object_Id`, `type`, `value`)
VALUES (2000405,   1, True ) /* Stuck */
     , (2000405,   8, True ) /* AllowGive */
     , (2000405,  11, True ) /* IgnoreCollisions */
     , (2000405,  12, True ) /* ReportCollisions */
     , (2000405,  13, False) /* Ethereal */
     , (2000405,  14, True ) /* GravityStatus */
     , (2000405,  19, False) /* Attackable */
     , (2000405,  29, True ) /* NoCorpse */
     , (2000405,  41, True ) /* ReportCollisionsAsEnvironment */
     , (2000405,  42, True ) /* AllowEdgeSlide */
     , (2000405,  52, True ) /* AiImmobile */
     , (2000405,  79, True ) /* AiAcceptEverything */;

INSERT INTO `weenie_properties_float` (`object_Id`, `type`, `value`)
VALUES (2000405,   1,       5) /* HeartbeatInterval */
     , (2000405,   2,       0) /* HeartbeatTimestamp */
     , (2000405,   3, 0.159999996423721) /* HealthRate */
     , (2000405,   4,       5) /* StaminaRate */
     , (2000405,   5,       1) /* ManaRate */
     , (2000405,  13, 0.899999976158142) /* ArmorModVsSlash */
     , (2000405,  14,       1) /* ArmorModVsPierce */
     , (2000405,  15, 1.10000002384186) /* ArmorModVsBludgeon */
     , (2000405,  16, 0.400000005960464) /* ArmorModVsCold */
     , (2000405,  17, 0.400000005960464) /* ArmorModVsFire */
     , (2000405,  18,       1) /* ArmorModVsAcid */
     , (2000405,  19, 0.600000023841858) /* ArmorModVsElectric */
     , (2000405,  54,       3) /* UseRadius */
     , (2000405,  64,       1) /* ResistSlash */
     , (2000405,  65,       1) /* ResistPierce */
     , (2000405,  66,       1) /* ResistBludgeon */
     , (2000405,  67,       1) /* ResistFire */
     , (2000405,  68,       1) /* ResistCold */
     , (2000405,  69,       1) /* ResistAcid */
     , (2000405,  70,       1) /* ResistElectric */
     , (2000405,  71,       1) /* ResistHealthBoost */
     , (2000405,  72,       1) /* ResistStaminaDrain */
     , (2000405,  73,       1) /* ResistStaminaBoost */
     , (2000405,  74,       1) /* ResistManaDrain */
     , (2000405,  75,       1) /* ResistManaBoost */
     , (2000405, 104,      10) /* ObviousRadarRange */
     , (2000405, 125,       1) /* ResistHealthDrain */;

INSERT INTO `weenie_properties_string` (`object_Id`, `type`, `value`)
VALUES (2000405,   1, 'Townsfolk') /* Name */
     , (2000405,   3, 'Female') /* Sex */
     , (2000405,   4, 'Aluvian') /* HeritageGroup */
     , (2000405,   5, 'Herald') /* Template */;

INSERT INTO `weenie_properties_d_i_d` (`object_Id`, `type`, `value`)
VALUES (2000405,   1,   33554510) /* Setup */
     , (2000405,   2,  150994945) /* MotionTable */
     , (2000405,   3,  536870914) /* SoundTable */
     , (2000405,   4,  805306368) /* CombatTable */
     , (2000405,   6,   67108990) /* PaletteBase */
     , (2000405,   8,  100667446) /* Icon */
     , (2000405,   9,   83890279) /* EyesTexture */
     , (2000405,  10,   83890302) /* NoseTexture */
     , (2000405,  11,   83890324) /* MouthTexture */
     , (2000405,  15,   67116982) /* HairPalette */
     , (2000405,  16,   67110063) /* EyesPalette */
     , (2000405,  17,   67109561) /* SkinPalette */;

INSERT INTO `weenie_properties_attribute` (`object_Id`, `type`, `init_Level`, `level_From_C_P`, `c_P_Spent`)
VALUES (2000405,   1, 120, 0, 0) /* Strength */
     , (2000405,   2, 130, 0, 0) /* Endurance */
     , (2000405,   3, 100, 0, 0) /* Quickness */
     , (2000405,   4, 115, 0, 0) /* Coordination */
     , (2000405,   5, 110, 0, 0) /* Focus */
     , (2000405,   6, 100, 0, 0) /* Self */;

INSERT INTO `weenie_properties_attribute_2nd` (`object_Id`, `type`, `init_Level`, `level_From_C_P`, `c_P_Spent`, `current_Level`)
VALUES (2000405,   1,     0, 0, 0, 65) /* MaxHealth */
     , (2000405,   3,     0, 0, 0, 130) /* MaxStamina */
     , (2000405,   5,     0, 0, 0, 100) /* MaxMana */;

INSERT INTO `weenie_properties_skill` (`object_Id`, `type`, `level_From_P_P`, `s_a_c`, `p_p`, `init_Level`, `resistance_At_Last_Check`, `last_Used_Time`)
VALUES (2000405,  6, 0, 2, 0,   1, 0, 0) /* MeleeDefense        Trained */
     , (2000405,  7, 0, 2, 0,   1, 0, 0) /* MissileDefense      Trained */
     , (2000405, 13, 0, 2, 0,   1, 0, 0) /* UnarmedCombat       Trained */;

INSERT INTO `weenie_properties_body_part` (`object_Id`, `key`, `d_Type`, `d_Val`, `d_Var`, `base_Armor`, `armor_Vs_Slash`, `armor_Vs_Pierce`, `armor_Vs_Bludgeon`, `armor_Vs_Cold`, `armor_Vs_Fire`, `armor_Vs_Acid`, `armor_Vs_Electric`, `armor_Vs_Nether`, `b_h`, `h_l_f`, `m_l_f`, `l_l_f`, `h_r_f`, `m_r_f`, `l_r_f`, `h_l_b`, `m_l_b`, `l_l_b`, `h_r_b`, `m_r_b`, `l_r_b`)
VALUES (2000405,  0,  4,  0,    0,    0,    0,    0,    0,    0,    0,    0,    0,    0, 1, 0.33,    0,    0, 0.33,    0,    0, 0.33,    0,    0, 0.33,    0,    0) /* Head */
     , (2000405,  1,  4,  0,    0,    0,    0,    0,    0,    0,    0,    0,    0,    0, 2, 0.44, 0.17,    0, 0.44, 0.17,    0, 0.44, 0.17,    0, 0.44, 0.17,    0) /* Chest */
     , (2000405,  2,  4,  0,    0,    0,    0,    0,    0,    0,    0,    0,    0,    0, 3,    0, 0.17,    0,    0, 0.17,    0,    0, 0.17,    0,    0, 0.17,    0) /* Abdomen */
     , (2000405,  3,  4,  0,    0,    0,    0,    0,    0,    0,    0,    0,    0,    0, 1, 0.23, 0.03,    0, 0.23, 0.03,    0, 0.23, 0.03,    0, 0.23, 0.03,    0) /* UpperArm */
     , (2000405,  4,  4,  0,    0,    0,    0,    0,    0,    0,    0,    0,    0,    0, 2,    0,  0.3,    0,    0,  0.3,    0,    0,  0.3,    0,    0,  0.3,    0) /* LowerArm */
     , (2000405,  5,  4,  2, 0.75,    0,    0,    0,    0,    0,    0,    0,    0,    0, 2,    0,  0.2,    0,    0,  0.2,    0,    0,  0.2,    0,    0,  0.2,    0) /* Hand */
     , (2000405,  6,  4,  0,    0,    0,    0,    0,    0,    0,    0,    0,    0,    0, 3,    0, 0.13, 0.18,    0, 0.13, 0.18,    0, 0.13, 0.18,    0, 0.13, 0.18) /* UpperLeg */
     , (2000405,  7,  4,  0,    0,    0,    0,    0,    0,    0,    0,    0,    0,    0, 3,    0,    0,  0.6,    0,    0,  0.6,    0,    0,  0.6,    0,    0,  0.6) /* LowerLeg */
     , (2000405,  8,  4,  2, 0.75,    0,    0,    0,    0,    0,    0,    0,    0,    0, 3,    0,    0, 0.22,    0,    0, 0.22,    0,    0, 0.22,    0,    0, 0.22) /* Foot */;

INSERT INTO `weenie_properties_emote` (`object_Id`, `category`, `probability`, `weenie_Class_Id`, `style`, `substyle`, `quest`, `vendor_Type`, `min_Health`, `max_Health`)
VALUES (2000405,  7 /* Use */,      1, NULL, NULL, NULL, NULL, NULL, NULL, NULL);

SET @parent_id = LAST_INSERT_ID();

INSERT INTO `weenie_properties_emote_action` (`emote_Id`, `order`, `type`, `delay`, `extent`, `motion`, `message`, `test_String`, `min`, `max`, `min_64`, `max_64`, `min_Dbl`, `max_Dbl`, `stat`, `display`, `amount`, `amount_64`, `hero_X_P_64`, `percent`, `spell_Id`, `wealth_Rating`, `treasure_Class`, `treasure_Type`, `p_Script`, `sound`, `destination_Type`, `weenie_Class_Id`, `stack_Size`, `palette`, `shade`, `try_To_Bond`, `obj_Cell_Id`, `origin_X`, `origin_Y`, `origin_Z`, `angles_W`, `angles_X`, `angles_Y`, `angles_Z`)
VALUES (@parent_id,  0,  10 /* Tell */, 0, 1, NULL, 'I want to get me one of those feather dresses one day.', NULL, NULL, NULL, NULL, NULL, NULL, NULL, NULL, NULL, NULL, NULL, NULL, NULL, NULL, NULL, NULL, NULL, NULL, NULL, NULL, NULL, NULL, NULL, NULL, NULL, NULL, NULL, NULL, NULL, NULL, NULL, NULL, NULL);

INSERT INTO `weenie_properties_create_list` (`object_Id`, `destination_Type`, `weenie_Class_Id`, `stack_Size`, `palette`, `shade`, `try_To_Bond`)
VALUES (2000405, 2,   121,  0, 90, 0.8, False) /* Create Gloves (121) for Wield */
     , (2000405, 2,  8372,  0, 93, 1, False) /* Create Yifan Dress (8372) for Wield */
     , (2000405, 2,  2604,  0, 91, 1, False) /* Create Breeches (2604) for Wield */;

DELETE FROM `weenie` WHERE `class_Id` = 2000406;

INSERT INTO `weenie` (`class_Id`, `class_Name`, `type`, `last_Modified`)
VALUES (2000406, 'ace2000406-townsfolk', 10, '2019-09-30 13:47:13') /* Creature */;

INSERT INTO `weenie_properties_int` (`object_Id`, `type`, `value`)
VALUES (2000406,   1,         16) /* ItemType - Creature */
     , (2000406,   2,         31) /* CreatureType - Human */
     , (2000406,   6,         -1) /* ItemsCapacity */
     , (2000406,   7,         -1) /* ContainersCapacity */
     , (2000406,   8,        120) /* Mass */
     , (2000406,  16,         32) /* ItemUseable - Remote */
     , (2000406,  25,         16) /* Level */
     , (2000406,  27,          0) /* ArmorType - None */
     , (2000406,  93,    6292504) /* PhysicsState - ReportCollisions, IgnoreCollisions, Gravity, ReportCollisionsAsEnvironment, EdgeSlide */
     , (2000406,  95,          8) /* RadarBlipColor - Yellow */
     , (2000406, 113,          2) /* Gender - Female */
     , (2000406, 133,          4) /* ShowableOnRadar - ShowAlways */
     , (2000406, 134,         16) /* PlayerKillerStatus - RubberGlue */
     , (2000406, 146,        318) /* XpOverride */
     , (2000406, 188,          1) /* HeritageGroup - Aluvian */;

INSERT INTO `weenie_properties_bool` (`object_Id`, `type`, `value`)
VALUES (2000406,   1, True ) /* Stuck */
     , (2000406,   8, True ) /* AllowGive */
     , (2000406,  11, True ) /* IgnoreCollisions */
     , (2000406,  12, True ) /* ReportCollisions */
     , (2000406,  13, False) /* Ethereal */
     , (2000406,  14, True ) /* GravityStatus */
     , (2000406,  19, False) /* Attackable */
     , (2000406,  29, True ) /* NoCorpse */
     , (2000406,  41, True ) /* ReportCollisionsAsEnvironment */
     , (2000406,  42, True ) /* AllowEdgeSlide */
     , (2000406,  52, True ) /* AiImmobile */
     , (2000406,  79, True ) /* AiAcceptEverything */;

INSERT INTO `weenie_properties_float` (`object_Id`, `type`, `value`)
VALUES (2000406,   1,       5) /* HeartbeatInterval */
     , (2000406,   2,       0) /* HeartbeatTimestamp */
     , (2000406,   3, 0.159999996423721) /* HealthRate */
     , (2000406,   4,       5) /* StaminaRate */
     , (2000406,   5,       1) /* ManaRate */
     , (2000406,  13, 0.899999976158142) /* ArmorModVsSlash */
     , (2000406,  14,       1) /* ArmorModVsPierce */
     , (2000406,  15, 1.10000002384186) /* ArmorModVsBludgeon */
     , (2000406,  16, 0.400000005960464) /* ArmorModVsCold */
     , (2000406,  17, 0.400000005960464) /* ArmorModVsFire */
     , (2000406,  18,       1) /* ArmorModVsAcid */
     , (2000406,  19, 0.600000023841858) /* ArmorModVsElectric */
     , (2000406,  54,       3) /* UseRadius */
     , (2000406,  64,       1) /* ResistSlash */
     , (2000406,  65,       1) /* ResistPierce */
     , (2000406,  66,       1) /* ResistBludgeon */
     , (2000406,  67,       1) /* ResistFire */
     , (2000406,  68,       1) /* ResistCold */
     , (2000406,  69,       1) /* ResistAcid */
     , (2000406,  70,       1) /* ResistElectric */
     , (2000406,  71,       1) /* ResistHealthBoost */
     , (2000406,  72,       1) /* ResistStaminaDrain */
     , (2000406,  73,       1) /* ResistStaminaBoost */
     , (2000406,  74,       1) /* ResistManaDrain */
     , (2000406,  75,       1) /* ResistManaBoost */
     , (2000406, 104,      10) /* ObviousRadarRange */
     , (2000406, 125,       1) /* ResistHealthDrain */;

INSERT INTO `weenie_properties_string` (`object_Id`, `type`, `value`)
VALUES (2000406,   1, 'Townsfolk') /* Name */
     , (2000406,   3, 'Female') /* Sex */
     , (2000406,   4, 'Aluvian') /* HeritageGroup */
     , (2000406,   5, 'Herald') /* Template */;

INSERT INTO `weenie_properties_d_i_d` (`object_Id`, `type`, `value`)
VALUES (2000406,   1,   33554510) /* Setup */
     , (2000406,   2,  150994945) /* MotionTable */
     , (2000406,   3,  536870914) /* SoundTable */
     , (2000406,   4,  805306368) /* CombatTable */
     , (2000406,   6,   67108990) /* PaletteBase */
     , (2000406,   8,  100667446) /* Icon */
     , (2000406,   9,   83890279) /* EyesTexture */
     , (2000406,  10,   83890302) /* NoseTexture */
     , (2000406,  11,   83890324) /* MouthTexture */
     , (2000406,  15,   67116982) /* HairPalette */
     , (2000406,  16,   67110063) /* EyesPalette */
     , (2000406,  17,   67109561) /* SkinPalette */;

INSERT INTO `weenie_properties_attribute` (`object_Id`, `type`, `init_Level`, `level_From_C_P`, `c_P_Spent`)
VALUES (2000406,   1, 120, 0, 0) /* Strength */
     , (2000406,   2, 130, 0, 0) /* Endurance */
     , (2000406,   3, 100, 0, 0) /* Quickness */
     , (2000406,   4, 115, 0, 0) /* Coordination */
     , (2000406,   5, 110, 0, 0) /* Focus */
     , (2000406,   6, 100, 0, 0) /* Self */;

INSERT INTO `weenie_properties_attribute_2nd` (`object_Id`, `type`, `init_Level`, `level_From_C_P`, `c_P_Spent`, `current_Level`)
VALUES (2000406,   1,     0, 0, 0, 65) /* MaxHealth */
     , (2000406,   3,     0, 0, 0, 130) /* MaxStamina */
     , (2000406,   5,     0, 0, 0, 100) /* MaxMana */;

INSERT INTO `weenie_properties_skill` (`object_Id`, `type`, `level_From_P_P`, `s_a_c`, `p_p`, `init_Level`, `resistance_At_Last_Check`, `last_Used_Time`)
VALUES (2000406,  6, 0, 2, 0,   1, 0, 0) /* MeleeDefense        Trained */
     , (2000406,  7, 0, 2, 0,   1, 0, 0) /* MissileDefense      Trained */
     , (2000406, 13, 0, 2, 0,   1, 0, 0) /* UnarmedCombat       Trained */;

INSERT INTO `weenie_properties_body_part` (`object_Id`, `key`, `d_Type`, `d_Val`, `d_Var`, `base_Armor`, `armor_Vs_Slash`, `armor_Vs_Pierce`, `armor_Vs_Bludgeon`, `armor_Vs_Cold`, `armor_Vs_Fire`, `armor_Vs_Acid`, `armor_Vs_Electric`, `armor_Vs_Nether`, `b_h`, `h_l_f`, `m_l_f`, `l_l_f`, `h_r_f`, `m_r_f`, `l_r_f`, `h_l_b`, `m_l_b`, `l_l_b`, `h_r_b`, `m_r_b`, `l_r_b`)
VALUES (2000406,  0,  4,  0,    0,    0,    0,    0,    0,    0,    0,    0,    0,    0, 1, 0.33,    0,    0, 0.33,    0,    0, 0.33,    0,    0, 0.33,    0,    0) /* Head */
     , (2000406,  1,  4,  0,    0,    0,    0,    0,    0,    0,    0,    0,    0,    0, 2, 0.44, 0.17,    0, 0.44, 0.17,    0, 0.44, 0.17,    0, 0.44, 0.17,    0) /* Chest */
     , (2000406,  2,  4,  0,    0,    0,    0,    0,    0,    0,    0,    0,    0,    0, 3,    0, 0.17,    0,    0, 0.17,    0,    0, 0.17,    0,    0, 0.17,    0) /* Abdomen */
     , (2000406,  3,  4,  0,    0,    0,    0,    0,    0,    0,    0,    0,    0,    0, 1, 0.23, 0.03,    0, 0.23, 0.03,    0, 0.23, 0.03,    0, 0.23, 0.03,    0) /* UpperArm */
     , (2000406,  4,  4,  0,    0,    0,    0,    0,    0,    0,    0,    0,    0,    0, 2,    0,  0.3,    0,    0,  0.3,    0,    0,  0.3,    0,    0,  0.3,    0) /* LowerArm */
     , (2000406,  5,  4,  2, 0.75,    0,    0,    0,    0,    0,    0,    0,    0,    0, 2,    0,  0.2,    0,    0,  0.2,    0,    0,  0.2,    0,    0,  0.2,    0) /* Hand */
     , (2000406,  6,  4,  0,    0,    0,    0,    0,    0,    0,    0,    0,    0,    0, 3,    0, 0.13, 0.18,    0, 0.13, 0.18,    0, 0.13, 0.18,    0, 0.13, 0.18) /* UpperLeg */
     , (2000406,  7,  4,  0,    0,    0,    0,    0,    0,    0,    0,    0,    0,    0, 3,    0,    0,  0.6,    0,    0,  0.6,    0,    0,  0.6,    0,    0,  0.6) /* LowerLeg */
     , (2000406,  8,  4,  2, 0.75,    0,    0,    0,    0,    0,    0,    0,    0,    0, 3,    0,    0, 0.22,    0,    0, 0.22,    0,    0, 0.22,    0,    0, 0.22) /* Foot */;

INSERT INTO `weenie_properties_emote` (`object_Id`, `category`, `probability`, `weenie_Class_Id`, `style`, `substyle`, `quest`, `vendor_Type`, `min_Health`, `max_Health`)
VALUES (2000406,  7 /* Use */,      1, NULL, NULL, NULL, NULL, NULL, NULL, NULL);

SET @parent_id = LAST_INSERT_ID();

INSERT INTO `weenie_properties_emote_action` (`emote_Id`, `order`, `type`, `delay`, `extent`, `motion`, `message`, `test_String`, `min`, `max`, `min_64`, `max_64`, `min_Dbl`, `max_Dbl`, `stat`, `display`, `amount`, `amount_64`, `hero_X_P_64`, `percent`, `spell_Id`, `wealth_Rating`, `treasure_Class`, `treasure_Type`, `p_Script`, `sound`, `destination_Type`, `weenie_Class_Id`, `stack_Size`, `palette`, `shade`, `try_To_Bond`, `obj_Cell_Id`, `origin_X`, `origin_Y`, `origin_Z`, `angles_W`, `angles_X`, `angles_Y`, `angles_Z`)
VALUES (@parent_id,  0,  10 /* Tell */, 0, 1, NULL, 'No place like home.
', NULL, NULL, NULL, NULL, NULL, NULL, NULL, NULL, NULL, NULL, NULL, NULL, NULL, NULL, NULL, NULL, NULL, NULL, NULL, NULL, NULL, NULL, NULL, NULL, NULL, NULL, NULL, NULL, NULL, NULL, NULL, NULL, NULL);

INSERT INTO `weenie_properties_create_list` (`object_Id`, `destination_Type`, `weenie_Class_Id`, `stack_Size`, `palette`, `shade`, `try_To_Bond`)
VALUES (2000406, 2,   121,  0, 90, 0.8, False) /* Create Gloves (121) for Wield */
     , (2000406, 2,  2588,  0, 93, 1, False) /* Create Shirt (2588) for Wield */
     , (2000406, 2,  2604,  0, 88, 1, False) /* Create Breeches (2604) for Wield */;

DELETE FROM `weenie` WHERE `class_Id` = 2000407;

INSERT INTO `weenie` (`class_Id`, `class_Name`, `type`, `last_Modified`)
VALUES (2000407, 'ace2000407-townsfolk', 10, '2019-09-30 13:47:14') /* Creature */;

INSERT INTO `weenie_properties_int` (`object_Id`, `type`, `value`)
VALUES (2000407,   1,         16) /* ItemType - Creature */
     , (2000407,   2,         22) /* CreatureType - Shadow */
     , (2000407,   3,         39) /* PaletteTemplate - Black */
     , (2000407,   6,         -1) /* ItemsCapacity */
     , (2000407,   7,         -1) /* ContainersCapacity */
     , (2000407,   8,        120) /* Mass */
     , (2000407,  16,         32) /* ItemUseable - Remote */
     , (2000407,  25,         73) /* Level */
     , (2000407,  27,          0) /* ArmorType - None */
     , (2000407,  93,    6292504) /* PhysicsState - ReportCollisions, IgnoreCollisions, Gravity, ReportCollisionsAsEnvironment, EdgeSlide */
     , (2000407,  95,          8) /* RadarBlipColor - Yellow */
     , (2000407, 133,          4) /* ShowableOnRadar - ShowAlways */
     , (2000407, 134,         16) /* PlayerKillerStatus - RubberGlue */
     , (2000407, 146,       4973) /* XpOverride */;

INSERT INTO `weenie_properties_bool` (`object_Id`, `type`, `value`)
VALUES (2000407,   1, True ) /* Stuck */
     , (2000407,   8, True ) /* AllowGive */
     , (2000407,  11, True ) /* IgnoreCollisions */
     , (2000407,  12, True ) /* ReportCollisions */
     , (2000407,  13, False) /* Ethereal */
     , (2000407,  14, True ) /* GravityStatus */
     , (2000407,  19, False) /* Attackable */
     , (2000407,  41, True ) /* ReportCollisionsAsEnvironment */
     , (2000407,  42, True ) /* AllowEdgeSlide */
     , (2000407,  52, True ) /* AiImmobile */;

INSERT INTO `weenie_properties_float` (`object_Id`, `type`, `value`)
VALUES (2000407,   1,       5) /* HeartbeatInterval */
     , (2000407,   2,       0) /* HeartbeatTimestamp */
     , (2000407,   3, 0.159999996423721) /* HealthRate */
     , (2000407,   4,       5) /* StaminaRate */
     , (2000407,   5,       1) /* ManaRate */
     , (2000407,  12,     0.5) /* Shade */
     , (2000407,  13, 0.899999976158142) /* ArmorModVsSlash */
     , (2000407,  14,       1) /* ArmorModVsPierce */
     , (2000407,  15, 1.10000002384186) /* ArmorModVsBludgeon */
     , (2000407,  16, 0.400000005960464) /* ArmorModVsCold */
     , (2000407,  17, 0.400000005960464) /* ArmorModVsFire */
     , (2000407,  18,       1) /* ArmorModVsAcid */
     , (2000407,  19, 0.600000023841858) /* ArmorModVsElectric */
     , (2000407,  54,       3) /* UseRadius */
     , (2000407,  64,       1) /* ResistSlash */
     , (2000407,  65,       1) /* ResistPierce */
     , (2000407,  66,       1) /* ResistBludgeon */
     , (2000407,  67,       1) /* ResistFire */
     , (2000407,  68,       1) /* ResistCold */
     , (2000407,  69,       1) /* ResistAcid */
     , (2000407,  70,       1) /* ResistElectric */
     , (2000407,  71,       1) /* ResistHealthBoost */
     , (2000407,  72,       1) /* ResistStaminaDrain */
     , (2000407,  73,       1) /* ResistStaminaBoost */
     , (2000407,  74,       1) /* ResistManaDrain */
     , (2000407,  75,       1) /* ResistManaBoost */
     , (2000407, 104,      10) /* ObviousRadarRange */
     , (2000407, 125,       1) /* ResistHealthDrain */;

INSERT INTO `weenie_properties_string` (`object_Id`, `type`, `value`)
VALUES (2000407,   1, 'Townsfolk') /* Name */
     , (2000407,   3, 'Male') /* Sex */
     , (2000407,   4, 'Aluvian') /* HeritageGroup */;

INSERT INTO `weenie_properties_d_i_d` (`object_Id`, `type`, `value`)
VALUES (2000407,   1,   33554433) /* Setup */
     , (2000407,   2,  150994945) /* MotionTable */
     , (2000407,   3,  536870913) /* SoundTable */
     , (2000407,   4,  805306368) /* CombatTable */
     , (2000407,   6,   67111797) /* PaletteBase */
     , (2000407,   7,  268435632) /* ClothingBase */
     , (2000407,   8,  100670397) /* Icon */;

INSERT INTO `weenie_properties_attribute` (`object_Id`, `type`, `init_Level`, `level_From_C_P`, `c_P_Spent`)
VALUES (2000407,   1, 220, 0, 0) /* Strength */
     , (2000407,   2, 235, 0, 0) /* Endurance */
     , (2000407,   3, 260, 0, 0) /* Quickness */
     , (2000407,   4, 270, 0, 0) /* Coordination */
     , (2000407,   5, 150, 0, 0) /* Focus */
     , (2000407,   6, 150, 0, 0) /* Self */;

INSERT INTO `weenie_properties_attribute_2nd` (`object_Id`, `type`, `init_Level`, `level_From_C_P`, `c_P_Spent`, `current_Level`)
VALUES (2000407,   1,     0, 0, 0, 118) /* MaxHealth */
     , (2000407,   3,     0, 0, 0, 235) /* MaxStamina */
     , (2000407,   5,     0, 0, 0, 150) /* MaxMana */;

INSERT INTO `weenie_properties_skill` (`object_Id`, `type`, `level_From_P_P`, `s_a_c`, `p_p`, `init_Level`, `resistance_At_Last_Check`, `last_Used_Time`)
VALUES (2000407,  6, 0, 2, 0,   1, 0, 0) /* MeleeDefense        Trained */
     , (2000407,  7, 0, 2, 0,   1, 0, 0) /* MissileDefense      Trained */
     , (2000407, 13, 0, 2, 0,   1, 0, 0) /* UnarmedCombat       Trained */;

INSERT INTO `weenie_properties_body_part` (`object_Id`, `key`, `d_Type`, `d_Val`, `d_Var`, `base_Armor`, `armor_Vs_Slash`, `armor_Vs_Pierce`, `armor_Vs_Bludgeon`, `armor_Vs_Cold`, `armor_Vs_Fire`, `armor_Vs_Acid`, `armor_Vs_Electric`, `armor_Vs_Nether`, `b_h`, `h_l_f`, `m_l_f`, `l_l_f`, `h_r_f`, `m_r_f`, `l_r_f`, `h_l_b`, `m_l_b`, `l_l_b`, `h_r_b`, `m_r_b`, `l_r_b`)
VALUES (2000407,  0,  4,  0,    0,    0,    0,    0,    0,    0,    0,    0,    0,    0, 1, 0.33,    0,    0, 0.33,    0,    0, 0.33,    0,    0, 0.33,    0,    0) /* Head */
     , (2000407,  1,  4,  0,    0,    0,    0,    0,    0,    0,    0,    0,    0,    0, 2, 0.44, 0.17,    0, 0.44, 0.17,    0, 0.44, 0.17,    0, 0.44, 0.17,    0) /* Chest */
     , (2000407,  2,  4,  0,    0,    0,    0,    0,    0,    0,    0,    0,    0,    0, 3,    0, 0.17,    0,    0, 0.17,    0,    0, 0.17,    0,    0, 0.17,    0) /* Abdomen */
     , (2000407,  3,  4,  0,    0,    0,    0,    0,    0,    0,    0,    0,    0,    0, 1, 0.23, 0.03,    0, 0.23, 0.03,    0, 0.23, 0.03,    0, 0.23, 0.03,    0) /* UpperArm */
     , (2000407,  4,  4,  0,    0,    0,    0,    0,    0,    0,    0,    0,    0,    0, 2,    0,  0.3,    0,    0,  0.3,    0,    0,  0.3,    0,    0,  0.3,    0) /* LowerArm */
     , (2000407,  5,  4,  2, 0.75,    0,    0,    0,    0,    0,    0,    0,    0,    0, 2,    0,  0.2,    0,    0,  0.2,    0,    0,  0.2,    0,    0,  0.2,    0) /* Hand */
     , (2000407,  6,  4,  0,    0,    0,    0,    0,    0,    0,    0,    0,    0,    0, 3,    0, 0.13, 0.18,    0, 0.13, 0.18,    0, 0.13, 0.18,    0, 0.13, 0.18) /* UpperLeg */
     , (2000407,  7,  4,  0,    0,    0,    0,    0,    0,    0,    0,    0,    0,    0, 3,    0,    0,  0.6,    0,    0,  0.6,    0,    0,  0.6,    0,    0,  0.6) /* LowerLeg */
     , (2000407,  8,  4,  2, 0.75,    0,    0,    0,    0,    0,    0,    0,    0,    0, 3,    0,    0, 0.22,    0,    0, 0.22,    0,    0, 0.22,    0,    0, 0.22) /* Foot */;

INSERT INTO `weenie_properties_emote` (`object_Id`, `category`, `probability`, `weenie_Class_Id`, `style`, `substyle`, `quest`, `vendor_Type`, `min_Health`, `max_Health`)
VALUES (2000407,  7 /* Use */,      1, NULL, NULL, NULL, NULL, NULL, NULL, NULL);

SET @parent_id = LAST_INSERT_ID();

INSERT INTO `weenie_properties_emote_action` (`emote_Id`, `order`, `type`, `delay`, `extent`, `motion`, `message`, `test_String`, `min`, `max`, `min_64`, `max_64`, `min_Dbl`, `max_Dbl`, `stat`, `display`, `amount`, `amount_64`, `hero_X_P_64`, `percent`, `spell_Id`, `wealth_Rating`, `treasure_Class`, `treasure_Type`, `p_Script`, `sound`, `destination_Type`, `weenie_Class_Id`, `stack_Size`, `palette`, `shade`, `try_To_Bond`, `obj_Cell_Id`, `origin_X`, `origin_Y`, `origin_Z`, `angles_W`, `angles_X`, `angles_Y`, `angles_Z`)
VALUES (@parent_id,  0,  12 /* TurnToTarget */, 0, 1, NULL, NULL, NULL, NULL, NULL, NULL, NULL, NULL, NULL, NULL, NULL, NULL, NULL, NULL, NULL, NULL, NULL, NULL, NULL, NULL, NULL, NULL, NULL, NULL, NULL, NULL, NULL, NULL, NULL, NULL, NULL, NULL, NULL, NULL, NULL)
     , (@parent_id,  1,  10 /* Tell */, 1, 1, NULL, 'Interesting area this is
', NULL, NULL, NULL, NULL, NULL, NULL, NULL, NULL, NULL, NULL, NULL, NULL, NULL, NULL, NULL, NULL, NULL, NULL, NULL, NULL, NULL, NULL, NULL, NULL, NULL, NULL, NULL, NULL, NULL, NULL, NULL, NULL, NULL)
     , (@parent_id,  2,   5 /* Motion */, 0, 1, 1090519043 /* Ready */, NULL, NULL, NULL, NULL, NULL, NULL, NULL, NULL, NULL, NULL, NULL, NULL, NULL, NULL, NULL, NULL, NULL, NULL, NULL, NULL, NULL, NULL, NULL, NULL, NULL, NULL, NULL, NULL, NULL, NULL, NULL, NULL, NULL, NULL);

DELETE FROM `weenie` WHERE `class_Id` = 2000408;

INSERT INTO `weenie` (`class_Id`, `class_Name`, `type`, `last_Modified`)
VALUES (2000408, 'ace2000408-townsfolk', 10, '2019-09-30 13:47:16') /* Creature */;

INSERT INTO `weenie_properties_int` (`object_Id`, `type`, `value`)
VALUES (2000408,   1,         16) /* ItemType - Creature */
     , (2000408,   2,         31) /* CreatureType - Human */
     , (2000408,   6,         -1) /* ItemsCapacity */
     , (2000408,   7,         -1) /* ContainersCapacity */
     , (2000408,   8,        120) /* Mass */
     , (2000408,  16,         32) /* ItemUseable - Remote */
     , (2000408,  25,         16) /* Level */
     , (2000408,  27,          0) /* ArmorType - None */
     , (2000408,  93,    6292504) /* PhysicsState - ReportCollisions, IgnoreCollisions, Gravity, ReportCollisionsAsEnvironment, EdgeSlide */
     , (2000408,  95,          8) /* RadarBlipColor - Yellow */
     , (2000408, 113,          2) /* Gender - Female */
     , (2000408, 133,          4) /* ShowableOnRadar - ShowAlways */
     , (2000408, 134,         16) /* PlayerKillerStatus - RubberGlue */
     , (2000408, 146,        318) /* XpOverride */
     , (2000408, 188,          1) /* HeritageGroup - Aluvian */;

INSERT INTO `weenie_properties_bool` (`object_Id`, `type`, `value`)
VALUES (2000408,   1, True ) /* Stuck */
     , (2000408,   8, True ) /* AllowGive */
     , (2000408,  11, True ) /* IgnoreCollisions */
     , (2000408,  12, True ) /* ReportCollisions */
     , (2000408,  13, False) /* Ethereal */
     , (2000408,  14, True ) /* GravityStatus */
     , (2000408,  19, False) /* Attackable */
     , (2000408,  29, True ) /* NoCorpse */
     , (2000408,  41, True ) /* ReportCollisionsAsEnvironment */
     , (2000408,  42, True ) /* AllowEdgeSlide */
     , (2000408,  52, True ) /* AiImmobile */
     , (2000408,  79, True ) /* AiAcceptEverything */;

INSERT INTO `weenie_properties_float` (`object_Id`, `type`, `value`)
VALUES (2000408,   1,       5) /* HeartbeatInterval */
     , (2000408,   2,       0) /* HeartbeatTimestamp */
     , (2000408,   3, 0.159999996423721) /* HealthRate */
     , (2000408,   4,       5) /* StaminaRate */
     , (2000408,   5,       1) /* ManaRate */
     , (2000408,  13, 0.899999976158142) /* ArmorModVsSlash */
     , (2000408,  14,       1) /* ArmorModVsPierce */
     , (2000408,  15, 1.10000002384186) /* ArmorModVsBludgeon */
     , (2000408,  16, 0.400000005960464) /* ArmorModVsCold */
     , (2000408,  17, 0.400000005960464) /* ArmorModVsFire */
     , (2000408,  18,       1) /* ArmorModVsAcid */
     , (2000408,  19, 0.600000023841858) /* ArmorModVsElectric */
     , (2000408,  54,       3) /* UseRadius */
     , (2000408,  64,       1) /* ResistSlash */
     , (2000408,  65,       1) /* ResistPierce */
     , (2000408,  66,       1) /* ResistBludgeon */
     , (2000408,  67,       1) /* ResistFire */
     , (2000408,  68,       1) /* ResistCold */
     , (2000408,  69,       1) /* ResistAcid */
     , (2000408,  70,       1) /* ResistElectric */
     , (2000408,  71,       1) /* ResistHealthBoost */
     , (2000408,  72,       1) /* ResistStaminaDrain */
     , (2000408,  73,       1) /* ResistStaminaBoost */
     , (2000408,  74,       1) /* ResistManaDrain */
     , (2000408,  75,       1) /* ResistManaBoost */
     , (2000408, 104,      10) /* ObviousRadarRange */
     , (2000408, 125,       1) /* ResistHealthDrain */;

INSERT INTO `weenie_properties_string` (`object_Id`, `type`, `value`)
VALUES (2000408,   1, 'Townsfolk') /* Name */
     , (2000408,   3, 'Female') /* Sex */
     , (2000408,   4, 'Aluvian') /* HeritageGroup */
     , (2000408,   5, 'Herald') /* Template */;

INSERT INTO `weenie_properties_d_i_d` (`object_Id`, `type`, `value`)
VALUES (2000408,   1,   33554510) /* Setup */
     , (2000408,   2,  150994945) /* MotionTable */
     , (2000408,   3,  536870914) /* SoundTable */
     , (2000408,   4,  805306368) /* CombatTable */
     , (2000408,   6,   67108990) /* PaletteBase */
     , (2000408,   8,  100667446) /* Icon */
     , (2000408,   9,   83890279) /* EyesTexture */
     , (2000408,  10,   83890302) /* NoseTexture */
     , (2000408,  11,   83890324) /* MouthTexture */
     , (2000408,  15,   67116982) /* HairPalette */
     , (2000408,  16,   67110063) /* EyesPalette */
     , (2000408,  17,   67109561) /* SkinPalette */;

INSERT INTO `weenie_properties_attribute` (`object_Id`, `type`, `init_Level`, `level_From_C_P`, `c_P_Spent`)
VALUES (2000408,   1, 120, 0, 0) /* Strength */
     , (2000408,   2, 130, 0, 0) /* Endurance */
     , (2000408,   3, 100, 0, 0) /* Quickness */
     , (2000408,   4, 115, 0, 0) /* Coordination */
     , (2000408,   5, 110, 0, 0) /* Focus */
     , (2000408,   6, 100, 0, 0) /* Self */;

INSERT INTO `weenie_properties_attribute_2nd` (`object_Id`, `type`, `init_Level`, `level_From_C_P`, `c_P_Spent`, `current_Level`)
VALUES (2000408,   1,     0, 0, 0, 65) /* MaxHealth */
     , (2000408,   3,     0, 0, 0, 130) /* MaxStamina */
     , (2000408,   5,     0, 0, 0, 100) /* MaxMana */;

INSERT INTO `weenie_properties_skill` (`object_Id`, `type`, `level_From_P_P`, `s_a_c`, `p_p`, `init_Level`, `resistance_At_Last_Check`, `last_Used_Time`)
VALUES (2000408,  6, 0, 2, 0,   1, 0, 0) /* MeleeDefense        Trained */
     , (2000408,  7, 0, 2, 0,   1, 0, 0) /* MissileDefense      Trained */
     , (2000408, 13, 0, 2, 0,   1, 0, 0) /* UnarmedCombat       Trained */;

INSERT INTO `weenie_properties_body_part` (`object_Id`, `key`, `d_Type`, `d_Val`, `d_Var`, `base_Armor`, `armor_Vs_Slash`, `armor_Vs_Pierce`, `armor_Vs_Bludgeon`, `armor_Vs_Cold`, `armor_Vs_Fire`, `armor_Vs_Acid`, `armor_Vs_Electric`, `armor_Vs_Nether`, `b_h`, `h_l_f`, `m_l_f`, `l_l_f`, `h_r_f`, `m_r_f`, `l_r_f`, `h_l_b`, `m_l_b`, `l_l_b`, `h_r_b`, `m_r_b`, `l_r_b`)
VALUES (2000408,  0,  4,  0,    0,    0,    0,    0,    0,    0,    0,    0,    0,    0, 1, 0.33,    0,    0, 0.33,    0,    0, 0.33,    0,    0, 0.33,    0,    0) /* Head */
     , (2000408,  1,  4,  0,    0,    0,    0,    0,    0,    0,    0,    0,    0,    0, 2, 0.44, 0.17,    0, 0.44, 0.17,    0, 0.44, 0.17,    0, 0.44, 0.17,    0) /* Chest */
     , (2000408,  2,  4,  0,    0,    0,    0,    0,    0,    0,    0,    0,    0,    0, 3,    0, 0.17,    0,    0, 0.17,    0,    0, 0.17,    0,    0, 0.17,    0) /* Abdomen */
     , (2000408,  3,  4,  0,    0,    0,    0,    0,    0,    0,    0,    0,    0,    0, 1, 0.23, 0.03,    0, 0.23, 0.03,    0, 0.23, 0.03,    0, 0.23, 0.03,    0) /* UpperArm */
     , (2000408,  4,  4,  0,    0,    0,    0,    0,    0,    0,    0,    0,    0,    0, 2,    0,  0.3,    0,    0,  0.3,    0,    0,  0.3,    0,    0,  0.3,    0) /* LowerArm */
     , (2000408,  5,  4,  2, 0.75,    0,    0,    0,    0,    0,    0,    0,    0,    0, 2,    0,  0.2,    0,    0,  0.2,    0,    0,  0.2,    0,    0,  0.2,    0) /* Hand */
     , (2000408,  6,  4,  0,    0,    0,    0,    0,    0,    0,    0,    0,    0,    0, 3,    0, 0.13, 0.18,    0, 0.13, 0.18,    0, 0.13, 0.18,    0, 0.13, 0.18) /* UpperLeg */
     , (2000408,  7,  4,  0,    0,    0,    0,    0,    0,    0,    0,    0,    0,    0, 3,    0,    0,  0.6,    0,    0,  0.6,    0,    0,  0.6,    0,    0,  0.6) /* LowerLeg */
     , (2000408,  8,  4,  2, 0.75,    0,    0,    0,    0,    0,    0,    0,    0,    0, 3,    0,    0, 0.22,    0,    0, 0.22,    0,    0, 0.22,    0,    0, 0.22) /* Foot */;

INSERT INTO `weenie_properties_emote` (`object_Id`, `category`, `probability`, `weenie_Class_Id`, `style`, `substyle`, `quest`, `vendor_Type`, `min_Health`, `max_Health`)
VALUES (2000408,  7 /* Use */,      1, NULL, NULL, NULL, NULL, NULL, NULL, NULL);

SET @parent_id = LAST_INSERT_ID();

INSERT INTO `weenie_properties_emote_action` (`emote_Id`, `order`, `type`, `delay`, `extent`, `motion`, `message`, `test_String`, `min`, `max`, `min_64`, `max_64`, `min_Dbl`, `max_Dbl`, `stat`, `display`, `amount`, `amount_64`, `hero_X_P_64`, `percent`, `spell_Id`, `wealth_Rating`, `treasure_Class`, `treasure_Type`, `p_Script`, `sound`, `destination_Type`, `weenie_Class_Id`, `stack_Size`, `palette`, `shade`, `try_To_Bond`, `obj_Cell_Id`, `origin_X`, `origin_Y`, `origin_Z`, `angles_W`, `angles_X`, `angles_Y`, `angles_Z`)
VALUES (@parent_id,  0,  10 /* Tell */, 0, 1, NULL, 'Oh sweetie I know he was cute but he was dumber than a box of bricks.', NULL, NULL, NULL, NULL, NULL, NULL, NULL, NULL, NULL, NULL, NULL, NULL, NULL, NULL, NULL, NULL, NULL, NULL, NULL, NULL, NULL, NULL, NULL, NULL, NULL, NULL, NULL, NULL, NULL, NULL, NULL, NULL, NULL);

INSERT INTO `weenie_properties_create_list` (`object_Id`, `destination_Type`, `weenie_Class_Id`, `stack_Size`, `palette`, `shade`, `try_To_Bond`)
VALUES (2000408, 2,   121,  0, 90, 0.8, False) /* Create Gloves (121) for Wield */
     , (2000408, 2,  2588,  0, 90, 1, False) /* Create Shirt (2588) for Wield */
     , (2000408, 2,  2604,  0, 88, 1, False) /* Create Breeches (2604) for Wield */;

DELETE FROM `weenie` WHERE `class_Id` = 2000409;

INSERT INTO `weenie` (`class_Id`, `class_Name`, `type`, `last_Modified`)
VALUES (2000409, 'ace2000409-townsfolk', 10, '2019-09-30 13:47:17') /* Creature */;

INSERT INTO `weenie_properties_int` (`object_Id`, `type`, `value`)
VALUES (2000409,   1,         16) /* ItemType - Creature */
     , (2000409,   2,         31) /* CreatureType - Human */
     , (2000409,   6,         -1) /* ItemsCapacity */
     , (2000409,   7,         -1) /* ContainersCapacity */
     , (2000409,   8,        120) /* Mass */
     , (2000409,  16,         32) /* ItemUseable - Remote */
     , (2000409,  25,         16) /* Level */
     , (2000409,  27,          0) /* ArmorType - None */
     , (2000409,  93,    6292504) /* PhysicsState - ReportCollisions, IgnoreCollisions, Gravity, ReportCollisionsAsEnvironment, EdgeSlide */
     , (2000409,  95,          8) /* RadarBlipColor - Yellow */
     , (2000409, 113,          2) /* Gender - Female */
     , (2000409, 133,          4) /* ShowableOnRadar - ShowAlways */
     , (2000409, 134,         16) /* PlayerKillerStatus - RubberGlue */
     , (2000409, 146,        318) /* XpOverride */
     , (2000409, 188,          1) /* HeritageGroup - Aluvian */;

INSERT INTO `weenie_properties_bool` (`object_Id`, `type`, `value`)
VALUES (2000409,   1, True ) /* Stuck */
     , (2000409,   8, True ) /* AllowGive */
     , (2000409,  11, True ) /* IgnoreCollisions */
     , (2000409,  12, True ) /* ReportCollisions */
     , (2000409,  13, False) /* Ethereal */
     , (2000409,  14, True ) /* GravityStatus */
     , (2000409,  19, False) /* Attackable */
     , (2000409,  29, True ) /* NoCorpse */
     , (2000409,  41, True ) /* ReportCollisionsAsEnvironment */
     , (2000409,  42, True ) /* AllowEdgeSlide */
     , (2000409,  52, True ) /* AiImmobile */
     , (2000409,  79, True ) /* AiAcceptEverything */;

INSERT INTO `weenie_properties_float` (`object_Id`, `type`, `value`)
VALUES (2000409,   1,       5) /* HeartbeatInterval */
     , (2000409,   2,       0) /* HeartbeatTimestamp */
     , (2000409,   3, 0.159999996423721) /* HealthRate */
     , (2000409,   4,       5) /* StaminaRate */
     , (2000409,   5,       1) /* ManaRate */
     , (2000409,  13, 0.899999976158142) /* ArmorModVsSlash */
     , (2000409,  14,       1) /* ArmorModVsPierce */
     , (2000409,  15, 1.10000002384186) /* ArmorModVsBludgeon */
     , (2000409,  16, 0.400000005960464) /* ArmorModVsCold */
     , (2000409,  17, 0.400000005960464) /* ArmorModVsFire */
     , (2000409,  18,       1) /* ArmorModVsAcid */
     , (2000409,  19, 0.600000023841858) /* ArmorModVsElectric */
     , (2000409,  54,       3) /* UseRadius */
     , (2000409,  64,       1) /* ResistSlash */
     , (2000409,  65,       1) /* ResistPierce */
     , (2000409,  66,       1) /* ResistBludgeon */
     , (2000409,  67,       1) /* ResistFire */
     , (2000409,  68,       1) /* ResistCold */
     , (2000409,  69,       1) /* ResistAcid */
     , (2000409,  70,       1) /* ResistElectric */
     , (2000409,  71,       1) /* ResistHealthBoost */
     , (2000409,  72,       1) /* ResistStaminaDrain */
     , (2000409,  73,       1) /* ResistStaminaBoost */
     , (2000409,  74,       1) /* ResistManaDrain */
     , (2000409,  75,       1) /* ResistManaBoost */
     , (2000409, 104,      10) /* ObviousRadarRange */
     , (2000409, 125,       1) /* ResistHealthDrain */;

INSERT INTO `weenie_properties_string` (`object_Id`, `type`, `value`)
VALUES (2000409,   1, 'Townsfolk') /* Name */
     , (2000409,   3, 'Female') /* Sex */
     , (2000409,   4, 'Aluvian') /* HeritageGroup */
     , (2000409,   5, 'Herald') /* Template */;

INSERT INTO `weenie_properties_d_i_d` (`object_Id`, `type`, `value`)
VALUES (2000409,   1,   33554510) /* Setup */
     , (2000409,   2,  150994945) /* MotionTable */
     , (2000409,   3,  536870914) /* SoundTable */
     , (2000409,   4,  805306368) /* CombatTable */
     , (2000409,   6,   67108990) /* PaletteBase */
     , (2000409,   8,  100667446) /* Icon */
     , (2000409,   9,   83890279) /* EyesTexture */
     , (2000409,  10,   83890302) /* NoseTexture */
     , (2000409,  11,   83890324) /* MouthTexture */
     , (2000409,  15,   67116982) /* HairPalette */
     , (2000409,  16,   67110063) /* EyesPalette */
     , (2000409,  17,   67109561) /* SkinPalette */;

INSERT INTO `weenie_properties_attribute` (`object_Id`, `type`, `init_Level`, `level_From_C_P`, `c_P_Spent`)
VALUES (2000409,   1, 120, 0, 0) /* Strength */
     , (2000409,   2, 130, 0, 0) /* Endurance */
     , (2000409,   3, 100, 0, 0) /* Quickness */
     , (2000409,   4, 115, 0, 0) /* Coordination */
     , (2000409,   5, 110, 0, 0) /* Focus */
     , (2000409,   6, 100, 0, 0) /* Self */;

INSERT INTO `weenie_properties_attribute_2nd` (`object_Id`, `type`, `init_Level`, `level_From_C_P`, `c_P_Spent`, `current_Level`)
VALUES (2000409,   1,     0, 0, 0, 65) /* MaxHealth */
     , (2000409,   3,     0, 0, 0, 130) /* MaxStamina */
     , (2000409,   5,     0, 0, 0, 100) /* MaxMana */;

INSERT INTO `weenie_properties_skill` (`object_Id`, `type`, `level_From_P_P`, `s_a_c`, `p_p`, `init_Level`, `resistance_At_Last_Check`, `last_Used_Time`)
VALUES (2000409,  6, 0, 2, 0,   1, 0, 0) /* MeleeDefense        Trained */
     , (2000409,  7, 0, 2, 0,   1, 0, 0) /* MissileDefense      Trained */
     , (2000409, 13, 0, 2, 0,   1, 0, 0) /* UnarmedCombat       Trained */;

INSERT INTO `weenie_properties_body_part` (`object_Id`, `key`, `d_Type`, `d_Val`, `d_Var`, `base_Armor`, `armor_Vs_Slash`, `armor_Vs_Pierce`, `armor_Vs_Bludgeon`, `armor_Vs_Cold`, `armor_Vs_Fire`, `armor_Vs_Acid`, `armor_Vs_Electric`, `armor_Vs_Nether`, `b_h`, `h_l_f`, `m_l_f`, `l_l_f`, `h_r_f`, `m_r_f`, `l_r_f`, `h_l_b`, `m_l_b`, `l_l_b`, `h_r_b`, `m_r_b`, `l_r_b`)
VALUES (2000409,  0,  4,  0,    0,    0,    0,    0,    0,    0,    0,    0,    0,    0, 1, 0.33,    0,    0, 0.33,    0,    0, 0.33,    0,    0, 0.33,    0,    0) /* Head */
     , (2000409,  1,  4,  0,    0,    0,    0,    0,    0,    0,    0,    0,    0,    0, 2, 0.44, 0.17,    0, 0.44, 0.17,    0, 0.44, 0.17,    0, 0.44, 0.17,    0) /* Chest */
     , (2000409,  2,  4,  0,    0,    0,    0,    0,    0,    0,    0,    0,    0,    0, 3,    0, 0.17,    0,    0, 0.17,    0,    0, 0.17,    0,    0, 0.17,    0) /* Abdomen */
     , (2000409,  3,  4,  0,    0,    0,    0,    0,    0,    0,    0,    0,    0,    0, 1, 0.23, 0.03,    0, 0.23, 0.03,    0, 0.23, 0.03,    0, 0.23, 0.03,    0) /* UpperArm */
     , (2000409,  4,  4,  0,    0,    0,    0,    0,    0,    0,    0,    0,    0,    0, 2,    0,  0.3,    0,    0,  0.3,    0,    0,  0.3,    0,    0,  0.3,    0) /* LowerArm */
     , (2000409,  5,  4,  2, 0.75,    0,    0,    0,    0,    0,    0,    0,    0,    0, 2,    0,  0.2,    0,    0,  0.2,    0,    0,  0.2,    0,    0,  0.2,    0) /* Hand */
     , (2000409,  6,  4,  0,    0,    0,    0,    0,    0,    0,    0,    0,    0,    0, 3,    0, 0.13, 0.18,    0, 0.13, 0.18,    0, 0.13, 0.18,    0, 0.13, 0.18) /* UpperLeg */
     , (2000409,  7,  4,  0,    0,    0,    0,    0,    0,    0,    0,    0,    0,    0, 3,    0,    0,  0.6,    0,    0,  0.6,    0,    0,  0.6,    0,    0,  0.6) /* LowerLeg */
     , (2000409,  8,  4,  2, 0.75,    0,    0,    0,    0,    0,    0,    0,    0,    0, 3,    0,    0, 0.22,    0,    0, 0.22,    0,    0, 0.22,    0,    0, 0.22) /* Foot */;

INSERT INTO `weenie_properties_emote` (`object_Id`, `category`, `probability`, `weenie_Class_Id`, `style`, `substyle`, `quest`, `vendor_Type`, `min_Health`, `max_Health`)
VALUES (2000409,  7 /* Use */,      1, NULL, NULL, NULL, NULL, NULL, NULL, NULL);

SET @parent_id = LAST_INSERT_ID();

INSERT INTO `weenie_properties_emote_action` (`emote_Id`, `order`, `type`, `delay`, `extent`, `motion`, `message`, `test_String`, `min`, `max`, `min_64`, `max_64`, `min_Dbl`, `max_Dbl`, `stat`, `display`, `amount`, `amount_64`, `hero_X_P_64`, `percent`, `spell_Id`, `wealth_Rating`, `treasure_Class`, `treasure_Type`, `p_Script`, `sound`, `destination_Type`, `weenie_Class_Id`, `stack_Size`, `palette`, `shade`, `try_To_Bond`, `obj_Cell_Id`, `origin_X`, `origin_Y`, `origin_Z`, `angles_W`, `angles_X`, `angles_Y`, `angles_Z`)
VALUES (@parent_id,  0,  10 /* Tell */, 0, 1, NULL, 'Stupid man, drinking contest with Ulgrim. He will never recover from the vitae.', NULL, NULL, NULL, NULL, NULL, NULL, NULL, NULL, NULL, NULL, NULL, NULL, NULL, NULL, NULL, NULL, NULL, NULL, NULL, NULL, NULL, NULL, NULL, NULL, NULL, NULL, NULL, NULL, NULL, NULL, NULL, NULL, NULL);

INSERT INTO `weenie_properties_create_list` (`object_Id`, `destination_Type`, `weenie_Class_Id`, `stack_Size`, `palette`, `shade`, `try_To_Bond`)
VALUES (2000409, 2,   121,  0, 90, 0.8, False) /* Create Gloves (121) for Wield */
     , (2000409, 2,  8372,  0, 92, 1, False) /* Create Yifan Dress (8372) for Wield */
     , (2000409, 2,  2604,  0, 91, 1, False) /* Create Breeches (2604) for Wield */;

DELETE FROM `weenie` WHERE `class_Id` = 2000410;

INSERT INTO `weenie` (`class_Id`, `class_Name`, `type`, `last_Modified`)
VALUES (2000410, 'ace2000410-townfolk', 10, '2019-09-30 13:47:18') /* Creature */;

INSERT INTO `weenie_properties_int` (`object_Id`, `type`, `value`)
VALUES (2000410,   1,         16) /* ItemType - Creature */
     , (2000410,   2,         57) /* CreatureType - AunTumerok */
     , (2000410,   6,         -1) /* ItemsCapacity */
     , (2000410,   7,         -1) /* ContainersCapacity */
     , (2000410,  16,         32) /* ItemUseable - Remote */
     , (2000410,  25,         72) /* Level */
     , (2000410,  93,    6292504) /* PhysicsState - ReportCollisions, IgnoreCollisions, Gravity, ReportCollisionsAsEnvironment, EdgeSlide */
     , (2000410,  95,          8) /* RadarBlipColor - Yellow */
     , (2000410, 133,          4) /* ShowableOnRadar - ShowAlways */
     , (2000410, 134,         16) /* PlayerKillerStatus - RubberGlue */;

INSERT INTO `weenie_properties_bool` (`object_Id`, `type`, `value`)
VALUES (2000410,   1, True ) /* Stuck */
     , (2000410,  11, True ) /* IgnoreCollisions */
     , (2000410,  12, True ) /* ReportCollisions */
     , (2000410,  14, True ) /* GravityStatus */
     , (2000410,  19, False) /* Attackable */
     , (2000410,  41, True ) /* ReportCollisionsAsEnvironment */
     , (2000410,  42, True ) /* AllowEdgeSlide */;

INSERT INTO `weenie_properties_float` (`object_Id`, `type`, `value`)
VALUES (2000410,  54,       3) /* UseRadius */;

INSERT INTO `weenie_properties_string` (`object_Id`, `type`, `value`)
VALUES (2000410,   1, 'Townfolk') /* Name */
     , (2000410,   5, 'Portal Warden') /* Template */;

INSERT INTO `weenie_properties_d_i_d` (`object_Id`, `type`, `value`)
VALUES (2000410,   1,   33557117) /* Setup */
     , (2000410,   2,  150994945) /* MotionTable */
     , (2000410,   3,  536870931) /* SoundTable */
     , (2000410,   6,   67113280) /* PaletteBase */
     , (2000410,   8,  100671756) /* Icon */;

INSERT INTO `weenie_properties_attribute` (`object_Id`, `type`, `init_Level`, `level_From_C_P`, `c_P_Spent`)
VALUES (2000410,   1, 180, 0, 0) /* Strength */
     , (2000410,   2, 190, 0, 0) /* Endurance */
     , (2000410,   3, 165, 0, 0) /* Quickness */
     , (2000410,   4, 175, 0, 0) /* Coordination */
     , (2000410,   5, 150, 0, 0) /* Focus */
     , (2000410,   6, 160, 0, 0) /* Self */;

INSERT INTO `weenie_properties_attribute_2nd` (`object_Id`, `type`, `init_Level`, `level_From_C_P`, `c_P_Spent`, `current_Level`)
VALUES (2000410,   1,   100, 0, 0, 195) /* MaxHealth */
     , (2000410,   3,   100, 0, 0, 290) /* MaxStamina */
     , (2000410,   5,   100, 0, 0, 260) /* MaxMana */;

INSERT INTO `weenie_properties_skill` (`object_Id`, `type`, `level_From_P_P`, `s_a_c`, `p_p`, `init_Level`, `resistance_At_Last_Check`, `last_Used_Time`)
VALUES (2000410,  6, 0, 3, 0, 410, 0, 0) /* MeleeDefense        Specialized */;

INSERT INTO `weenie_properties_body_part` (`object_Id`, `key`, `d_Type`, `d_Val`, `d_Var`, `base_Armor`, `armor_Vs_Slash`, `armor_Vs_Pierce`, `armor_Vs_Bludgeon`, `armor_Vs_Cold`, `armor_Vs_Fire`, `armor_Vs_Acid`, `armor_Vs_Electric`, `armor_Vs_Nether`, `b_h`, `h_l_f`, `m_l_f`, `l_l_f`, `h_r_f`, `m_r_f`, `l_r_f`, `h_l_b`, `m_l_b`, `l_l_b`, `h_r_b`, `m_r_b`, `l_r_b`)
VALUES (2000410,  0,  4,  0,    0,    0,    0,    0,    0,    0,    0,    0,    0,    0, 1, 0.33,    0,    0, 0.33,    0,    0, 0.33,    0,    0, 0.33,    0,    0) /* Head */
     , (2000410,  1,  4,  0,    0,    0,    0,    0,    0,    0,    0,    0,    0,    0, 2, 0.44, 0.17,    0, 0.44, 0.17,    0, 0.44, 0.17,    0, 0.44, 0.17,    0) /* Chest */
     , (2000410,  2,  4,  0,    0,    0,    0,    0,    0,    0,    0,    0,    0,    0, 3,    0, 0.17,    0,    0, 0.17,    0,    0, 0.17,    0,    0, 0.17,    0) /* Abdomen */
     , (2000410,  3,  4,  0,    0,    0,    0,    0,    0,    0,    0,    0,    0,    0, 1, 0.23, 0.03,    0, 0.23, 0.03,    0, 0.23, 0.03,    0, 0.23, 0.03,    0) /* UpperArm */
     , (2000410,  4,  4,  0,    0,    0,    0,    0,    0,    0,    0,    0,    0,    0, 2,    0,  0.3,    0,    0,  0.3,    0,    0,  0.3,    0,    0,  0.3,    0) /* LowerArm */
     , (2000410,  5,  4,  2, 0.75,    0,    0,    0,    0,    0,    0,    0,    0,    0, 2,    0,  0.2,    0,    0,  0.2,    0,    0,  0.2,    0,    0,  0.2,    0) /* Hand */
     , (2000410,  6,  4,  0,    0,    0,    0,    0,    0,    0,    0,    0,    0,    0, 3,    0, 0.13, 0.18,    0, 0.13, 0.18,    0, 0.13, 0.18,    0, 0.13, 0.18) /* UpperLeg */
     , (2000410,  7,  4,  0,    0,    0,    0,    0,    0,    0,    0,    0,    0,    0, 3,    0,    0,  0.6,    0,    0,  0.6,    0,    0,  0.6,    0,    0,  0.6) /* LowerLeg */
     , (2000410,  8,  4,  2, 0.75,    0,    0,    0,    0,    0,    0,    0,    0,    0, 3,    0,    0, 0.22,    0,    0, 0.22,    0,    0, 0.22,    0,    0, 0.22) /* Foot */;

INSERT INTO `weenie_properties_emote` (`object_Id`, `category`, `probability`, `weenie_Class_Id`, `style`, `substyle`, `quest`, `vendor_Type`, `min_Health`, `max_Health`)
VALUES (2000410,  7 /* Use */,      1, NULL, NULL, NULL, NULL, NULL, NULL, NULL);

SET @parent_id = LAST_INSERT_ID();

INSERT INTO `weenie_properties_emote_action` (`emote_Id`, `order`, `type`, `delay`, `extent`, `motion`, `message`, `test_String`, `min`, `max`, `min_64`, `max_64`, `min_Dbl`, `max_Dbl`, `stat`, `display`, `amount`, `amount_64`, `hero_X_P_64`, `percent`, `spell_Id`, `wealth_Rating`, `treasure_Class`, `treasure_Type`, `p_Script`, `sound`, `destination_Type`, `weenie_Class_Id`, `stack_Size`, `palette`, `shade`, `try_To_Bond`, `obj_Cell_Id`, `origin_X`, `origin_Y`, `origin_Z`, `angles_W`, `angles_X`, `angles_Y`, `angles_Z`)
VALUES (@parent_id,  0,  10 /* Tell */, 1, 1, NULL, 'Even as Far a Timaru we have answered the call of those in need', NULL, NULL, NULL, NULL, NULL, NULL, NULL, NULL, NULL, NULL, NULL, NULL, NULL, NULL, NULL, NULL, NULL, NULL, NULL, NULL, NULL, NULL, NULL, NULL, NULL, NULL, NULL, NULL, NULL, NULL, NULL, NULL, NULL);

DELETE FROM `weenie` WHERE `class_Id` = 2000411;

INSERT INTO `weenie` (`class_Id`, `class_Name`, `type`, `last_Modified`)
VALUES (2000411, 'ace2000411-townfolk', 10, '2019-09-30 13:47:19') /* Creature */;

INSERT INTO `weenie_properties_int` (`object_Id`, `type`, `value`)
VALUES (2000411,   1,         16) /* ItemType - Creature */
     , (2000411,   2,          5) /* CreatureType - Lugian */
     , (2000411,   3,         17) /* PaletteTemplate - Yellow */
     , (2000411,   6,         -1) /* ItemsCapacity */
     , (2000411,   7,         -1) /* ContainersCapacity */
     , (2000411,   8,        120) /* Mass */
     , (2000411,  16,         32) /* ItemUseable - Remote */
     , (2000411,  25,        155) /* Level */
     , (2000411,  27,          0) /* ArmorType - None */
     , (2000411,  93,    6292504) /* PhysicsState - ReportCollisions, IgnoreCollisions, Gravity, ReportCollisionsAsEnvironment, EdgeSlide */
     , (2000411,  95,          8) /* RadarBlipColor - Yellow */
     , (2000411, 133,          4) /* ShowableOnRadar - ShowAlways */
     , (2000411, 134,         16) /* PlayerKillerStatus - RubberGlue */
     , (2000411, 146,      17763) /* XpOverride */;

INSERT INTO `weenie_properties_bool` (`object_Id`, `type`, `value`)
VALUES (2000411,   1, True ) /* Stuck */
     , (2000411,   8, True ) /* AllowGive */
     , (2000411,  12, True ) /* ReportCollisions */
     , (2000411,  13, False) /* Ethereal */
     , (2000411,  19, False) /* Attackable */
     , (2000411,  41, True ) /* ReportCollisionsAsEnvironment */
     , (2000411,  42, True ) /* AllowEdgeSlide */
     , (2000411,  52, True ) /* AiImmobile */;

INSERT INTO `weenie_properties_float` (`object_Id`, `type`, `value`)
VALUES (2000411,   1,       5) /* HeartbeatInterval */
     , (2000411,   2,       0) /* HeartbeatTimestamp */
     , (2000411,   3, 0.159999996423721) /* HealthRate */
     , (2000411,   4,       5) /* StaminaRate */
     , (2000411,   5,       1) /* ManaRate */
     , (2000411,  12,     0.5) /* Shade */
     , (2000411,  13, 0.899999976158142) /* ArmorModVsSlash */
     , (2000411,  14,       1) /* ArmorModVsPierce */
     , (2000411,  15, 1.10000002384186) /* ArmorModVsBludgeon */
     , (2000411,  16, 0.400000005960464) /* ArmorModVsCold */
     , (2000411,  17, 0.400000005960464) /* ArmorModVsFire */
     , (2000411,  18,       1) /* ArmorModVsAcid */
     , (2000411,  19, 0.600000023841858) /* ArmorModVsElectric */
     , (2000411,  54,       3) /* UseRadius */
     , (2000411,  64,       1) /* ResistSlash */
     , (2000411,  65,       1) /* ResistPierce */
     , (2000411,  66,       1) /* ResistBludgeon */
     , (2000411,  67,       1) /* ResistFire */
     , (2000411,  68,       1) /* ResistCold */
     , (2000411,  69,       1) /* ResistAcid */
     , (2000411,  70,       1) /* ResistElectric */
     , (2000411,  71,       1) /* ResistHealthBoost */
     , (2000411,  72,       1) /* ResistStaminaDrain */
     , (2000411,  73,       1) /* ResistStaminaBoost */
     , (2000411,  74,       1) /* ResistManaDrain */
     , (2000411,  75,       1) /* ResistManaBoost */
     , (2000411, 104,      10) /* ObviousRadarRange */
     , (2000411, 125,       1) /* ResistHealthDrain */;

INSERT INTO `weenie_properties_string` (`object_Id`, `type`, `value`)
VALUES (2000411,   1, 'Townfolk') /* Name */;

INSERT INTO `weenie_properties_d_i_d` (`object_Id`, `type`, `value`)
VALUES (2000411,   1,   33557003) /* Setup */
     , (2000411,   2,  150994950) /* MotionTable */
     , (2000411,   3,  536870922) /* SoundTable */
     , (2000411,   4,  805306371) /* CombatTable */
     , (2000411,   6,   67113158) /* PaletteBase */
     , (2000411,   7,  268436632) /* ClothingBase */
     , (2000411,   8,  100667447) /* Icon */;

INSERT INTO `weenie_properties_attribute` (`object_Id`, `type`, `init_Level`, `level_From_C_P`, `c_P_Spent`)
VALUES (2000411,   1, 400, 0, 0) /* Strength */
     , (2000411,   2, 360, 0, 0) /* Endurance */
     , (2000411,   3, 350, 0, 0) /* Quickness */
     , (2000411,   4, 420, 0, 0) /* Coordination */
     , (2000411,   5, 250, 0, 0) /* Focus */
     , (2000411,   6, 270, 0, 0) /* Self */;

INSERT INTO `weenie_properties_attribute_2nd` (`object_Id`, `type`, `init_Level`, `level_From_C_P`, `c_P_Spent`, `current_Level`)
VALUES (2000411,   1,   200, 0, 0, 380) /* MaxHealth */
     , (2000411,   3,   100, 0, 0, 460) /* MaxStamina */
     , (2000411,   5,    40, 0, 0, 310) /* MaxMana */;

INSERT INTO `weenie_properties_skill` (`object_Id`, `type`, `level_From_P_P`, `s_a_c`, `p_p`, `init_Level`, `resistance_At_Last_Check`, `last_Used_Time`)
VALUES (2000411,  6, 0, 2, 0,   2, 0, 0) /* MeleeDefense        Trained */
     , (2000411,  7, 0, 2, 0,   2, 0, 0) /* MissileDefense      Trained */
     , (2000411, 13, 0, 2, 0,   2, 0, 0) /* UnarmedCombat       Trained */;

INSERT INTO `weenie_properties_body_part` (`object_Id`, `key`, `d_Type`, `d_Val`, `d_Var`, `base_Armor`, `armor_Vs_Slash`, `armor_Vs_Pierce`, `armor_Vs_Bludgeon`, `armor_Vs_Cold`, `armor_Vs_Fire`, `armor_Vs_Acid`, `armor_Vs_Electric`, `armor_Vs_Nether`, `b_h`, `h_l_f`, `m_l_f`, `l_l_f`, `h_r_f`, `m_r_f`, `l_r_f`, `h_l_b`, `m_l_b`, `l_l_b`, `h_r_b`, `m_r_b`, `l_r_b`)
VALUES (2000411,  0,  4,  0,    0,    0,    0,    0,    0,    0,    0,    0,    0,    0, 1, 0.33,    0,    0, 0.33,    0,    0, 0.33,    0,    0, 0.33,    0,    0) /* Head */
     , (2000411,  1,  4,  0,    0,    0,    0,    0,    0,    0,    0,    0,    0,    0, 2, 0.44, 0.17,    0, 0.44, 0.17,    0, 0.44, 0.17,    0, 0.44, 0.17,    0) /* Chest */
     , (2000411,  2,  4,  0,    0,    0,    0,    0,    0,    0,    0,    0,    0,    0, 3,    0, 0.17,    0,    0, 0.17,    0,    0, 0.17,    0,    0, 0.17,    0) /* Abdomen */
     , (2000411,  3,  4,  0,    0,    0,    0,    0,    0,    0,    0,    0,    0,    0, 1, 0.23, 0.03,    0, 0.23, 0.03,    0, 0.23, 0.03,    0, 0.23, 0.03,    0) /* UpperArm */
     , (2000411,  4,  4,  0,    0,    0,    0,    0,    0,    0,    0,    0,    0,    0, 2,    0,  0.3,    0,    0,  0.3,    0,    0,  0.3,    0,    0,  0.3,    0) /* LowerArm */
     , (2000411,  5,  4,  2, 0.75,    0,    0,    0,    0,    0,    0,    0,    0,    0, 2,    0,  0.2,    0,    0,  0.2,    0,    0,  0.2,    0,    0,  0.2,    0) /* Hand */
     , (2000411,  6,  4,  0,    0,    0,    0,    0,    0,    0,    0,    0,    0,    0, 3,    0, 0.13, 0.18,    0, 0.13, 0.18,    0, 0.13, 0.18,    0, 0.13, 0.18) /* UpperLeg */
     , (2000411,  7,  4,  0,    0,    0,    0,    0,    0,    0,    0,    0,    0,    0, 3,    0,    0,  0.6,    0,    0,  0.6,    0,    0,  0.6,    0,    0,  0.6) /* LowerLeg */
     , (2000411,  8,  4,  2, 0.75,    0,    0,    0,    0,    0,    0,    0,    0,    0, 3,    0,    0, 0.22,    0,    0, 0.22,    0,    0, 0.22,    0,    0, 0.22) /* Foot */;

INSERT INTO `weenie_properties_emote` (`object_Id`, `category`, `probability`, `weenie_Class_Id`, `style`, `substyle`, `quest`, `vendor_Type`, `min_Health`, `max_Health`)
VALUES (2000411,  7 /* Use */,      1, NULL, NULL, NULL, NULL, NULL, NULL, NULL);

SET @parent_id = LAST_INSERT_ID();

INSERT INTO `weenie_properties_emote_action` (`emote_Id`, `order`, `type`, `delay`, `extent`, `motion`, `message`, `test_String`, `min`, `max`, `min_64`, `max_64`, `min_Dbl`, `max_Dbl`, `stat`, `display`, `amount`, `amount_64`, `hero_X_P_64`, `percent`, `spell_Id`, `wealth_Rating`, `treasure_Class`, `treasure_Type`, `p_Script`, `sound`, `destination_Type`, `weenie_Class_Id`, `stack_Size`, `palette`, `shade`, `try_To_Bond`, `obj_Cell_Id`, `origin_X`, `origin_Y`, `origin_Z`, `angles_W`, `angles_X`, `angles_Y`, `angles_Z`)
VALUES (@parent_id,  0,  10 /* Tell */, 1, 1, NULL, 'Never thought I would find beauty in a desert', NULL, NULL, NULL, NULL, NULL, NULL, NULL, NULL, NULL, NULL, NULL, NULL, NULL, NULL, NULL, NULL, NULL, NULL, NULL, NULL, NULL, NULL, NULL, NULL, NULL, NULL, NULL, NULL, NULL, NULL, NULL, NULL, NULL);

DELETE FROM `weenie` WHERE `class_Id` = 2000412;

INSERT INTO `weenie` (`class_Id`, `class_Name`, `type`, `last_Modified`)
VALUES (2000412, 'ace2000412-townsfolk', 10, '2019-09-30 13:47:21') /* Creature */;

INSERT INTO `weenie_properties_int` (`object_Id`, `type`, `value`)
VALUES (2000412,   1,         16) /* ItemType - Creature */
     , (2000412,   2,         31) /* CreatureType - Human */
     , (2000412,   6,         -1) /* ItemsCapacity */
     , (2000412,   7,         -1) /* ContainersCapacity */
     , (2000412,   8,        120) /* Mass */
     , (2000412,  16,         32) /* ItemUseable - Remote */
     , (2000412,  25,         16) /* Level */
     , (2000412,  27,          0) /* ArmorType - None */
     , (2000412,  93,    6292504) /* PhysicsState - ReportCollisions, IgnoreCollisions, Gravity, ReportCollisionsAsEnvironment, EdgeSlide */
     , (2000412,  95,          8) /* RadarBlipColor - Yellow */
     , (2000412, 113,          2) /* Gender - Female */
     , (2000412, 133,          4) /* ShowableOnRadar - ShowAlways */
     , (2000412, 134,         16) /* PlayerKillerStatus - RubberGlue */
     , (2000412, 146,        318) /* XpOverride */
     , (2000412, 188,          1) /* HeritageGroup - Aluvian */;

INSERT INTO `weenie_properties_bool` (`object_Id`, `type`, `value`)
VALUES (2000412,   1, True ) /* Stuck */
     , (2000412,   8, True ) /* AllowGive */
     , (2000412,  11, True ) /* IgnoreCollisions */
     , (2000412,  12, True ) /* ReportCollisions */
     , (2000412,  13, False) /* Ethereal */
     , (2000412,  14, True ) /* GravityStatus */
     , (2000412,  19, False) /* Attackable */
     , (2000412,  29, True ) /* NoCorpse */
     , (2000412,  41, True ) /* ReportCollisionsAsEnvironment */
     , (2000412,  42, True ) /* AllowEdgeSlide */
     , (2000412,  52, True ) /* AiImmobile */
     , (2000412,  79, True ) /* AiAcceptEverything */;

INSERT INTO `weenie_properties_float` (`object_Id`, `type`, `value`)
VALUES (2000412,   1,       5) /* HeartbeatInterval */
     , (2000412,   2,       0) /* HeartbeatTimestamp */
     , (2000412,   3, 0.159999996423721) /* HealthRate */
     , (2000412,   4,       5) /* StaminaRate */
     , (2000412,   5,       1) /* ManaRate */
     , (2000412,  13, 0.899999976158142) /* ArmorModVsSlash */
     , (2000412,  14,       1) /* ArmorModVsPierce */
     , (2000412,  15, 1.10000002384186) /* ArmorModVsBludgeon */
     , (2000412,  16, 0.400000005960464) /* ArmorModVsCold */
     , (2000412,  17, 0.400000005960464) /* ArmorModVsFire */
     , (2000412,  18,       1) /* ArmorModVsAcid */
     , (2000412,  19, 0.600000023841858) /* ArmorModVsElectric */
     , (2000412,  54,       3) /* UseRadius */
     , (2000412,  64,       1) /* ResistSlash */
     , (2000412,  65,       1) /* ResistPierce */
     , (2000412,  66,       1) /* ResistBludgeon */
     , (2000412,  67,       1) /* ResistFire */
     , (2000412,  68,       1) /* ResistCold */
     , (2000412,  69,       1) /* ResistAcid */
     , (2000412,  70,       1) /* ResistElectric */
     , (2000412,  71,       1) /* ResistHealthBoost */
     , (2000412,  72,       1) /* ResistStaminaDrain */
     , (2000412,  73,       1) /* ResistStaminaBoost */
     , (2000412,  74,       1) /* ResistManaDrain */
     , (2000412,  75,       1) /* ResistManaBoost */
     , (2000412, 104,      10) /* ObviousRadarRange */
     , (2000412, 125,       1) /* ResistHealthDrain */;

INSERT INTO `weenie_properties_string` (`object_Id`, `type`, `value`)
VALUES (2000412,   1, 'Townsfolk') /* Name */
     , (2000412,   3, 'Female') /* Sex */
     , (2000412,   4, 'Aluvian') /* HeritageGroup */
     , (2000412,   5, 'Herald') /* Template */;

INSERT INTO `weenie_properties_d_i_d` (`object_Id`, `type`, `value`)
VALUES (2000412,   1,   33554510) /* Setup */
     , (2000412,   2,  150994945) /* MotionTable */
     , (2000412,   3,  536870914) /* SoundTable */
     , (2000412,   4,  805306368) /* CombatTable */
     , (2000412,   6,   67108990) /* PaletteBase */
     , (2000412,   8,  100667446) /* Icon */
     , (2000412,   9,   83890279) /* EyesTexture */
     , (2000412,  10,   83890302) /* NoseTexture */
     , (2000412,  11,   83890324) /* MouthTexture */
     , (2000412,  15,   67116982) /* HairPalette */
     , (2000412,  16,   67110063) /* EyesPalette */
     , (2000412,  17,   67109561) /* SkinPalette */;

INSERT INTO `weenie_properties_attribute` (`object_Id`, `type`, `init_Level`, `level_From_C_P`, `c_P_Spent`)
VALUES (2000412,   1, 120, 0, 0) /* Strength */
     , (2000412,   2, 130, 0, 0) /* Endurance */
     , (2000412,   3, 100, 0, 0) /* Quickness */
     , (2000412,   4, 115, 0, 0) /* Coordination */
     , (2000412,   5, 110, 0, 0) /* Focus */
     , (2000412,   6, 100, 0, 0) /* Self */;

INSERT INTO `weenie_properties_attribute_2nd` (`object_Id`, `type`, `init_Level`, `level_From_C_P`, `c_P_Spent`, `current_Level`)
VALUES (2000412,   1,     0, 0, 0, 65) /* MaxHealth */
     , (2000412,   3,     0, 0, 0, 130) /* MaxStamina */
     , (2000412,   5,     0, 0, 0, 100) /* MaxMana */;

INSERT INTO `weenie_properties_skill` (`object_Id`, `type`, `level_From_P_P`, `s_a_c`, `p_p`, `init_Level`, `resistance_At_Last_Check`, `last_Used_Time`)
VALUES (2000412,  6, 0, 2, 0,   1, 0, 0) /* MeleeDefense        Trained */
     , (2000412,  7, 0, 2, 0,   1, 0, 0) /* MissileDefense      Trained */
     , (2000412, 13, 0, 2, 0,   1, 0, 0) /* UnarmedCombat       Trained */;

INSERT INTO `weenie_properties_body_part` (`object_Id`, `key`, `d_Type`, `d_Val`, `d_Var`, `base_Armor`, `armor_Vs_Slash`, `armor_Vs_Pierce`, `armor_Vs_Bludgeon`, `armor_Vs_Cold`, `armor_Vs_Fire`, `armor_Vs_Acid`, `armor_Vs_Electric`, `armor_Vs_Nether`, `b_h`, `h_l_f`, `m_l_f`, `l_l_f`, `h_r_f`, `m_r_f`, `l_r_f`, `h_l_b`, `m_l_b`, `l_l_b`, `h_r_b`, `m_r_b`, `l_r_b`)
VALUES (2000412,  0,  4,  0,    0,    0,    0,    0,    0,    0,    0,    0,    0,    0, 1, 0.33,    0,    0, 0.33,    0,    0, 0.33,    0,    0, 0.33,    0,    0) /* Head */
     , (2000412,  1,  4,  0,    0,    0,    0,    0,    0,    0,    0,    0,    0,    0, 2, 0.44, 0.17,    0, 0.44, 0.17,    0, 0.44, 0.17,    0, 0.44, 0.17,    0) /* Chest */
     , (2000412,  2,  4,  0,    0,    0,    0,    0,    0,    0,    0,    0,    0,    0, 3,    0, 0.17,    0,    0, 0.17,    0,    0, 0.17,    0,    0, 0.17,    0) /* Abdomen */
     , (2000412,  3,  4,  0,    0,    0,    0,    0,    0,    0,    0,    0,    0,    0, 1, 0.23, 0.03,    0, 0.23, 0.03,    0, 0.23, 0.03,    0, 0.23, 0.03,    0) /* UpperArm */
     , (2000412,  4,  4,  0,    0,    0,    0,    0,    0,    0,    0,    0,    0,    0, 2,    0,  0.3,    0,    0,  0.3,    0,    0,  0.3,    0,    0,  0.3,    0) /* LowerArm */
     , (2000412,  5,  4,  2, 0.75,    0,    0,    0,    0,    0,    0,    0,    0,    0, 2,    0,  0.2,    0,    0,  0.2,    0,    0,  0.2,    0,    0,  0.2,    0) /* Hand */
     , (2000412,  6,  4,  0,    0,    0,    0,    0,    0,    0,    0,    0,    0,    0, 3,    0, 0.13, 0.18,    0, 0.13, 0.18,    0, 0.13, 0.18,    0, 0.13, 0.18) /* UpperLeg */
     , (2000412,  7,  4,  0,    0,    0,    0,    0,    0,    0,    0,    0,    0,    0, 3,    0,    0,  0.6,    0,    0,  0.6,    0,    0,  0.6,    0,    0,  0.6) /* LowerLeg */
     , (2000412,  8,  4,  2, 0.75,    0,    0,    0,    0,    0,    0,    0,    0,    0, 3,    0,    0, 0.22,    0,    0, 0.22,    0,    0, 0.22,    0,    0, 0.22) /* Foot */;

INSERT INTO `weenie_properties_emote` (`object_Id`, `category`, `probability`, `weenie_Class_Id`, `style`, `substyle`, `quest`, `vendor_Type`, `min_Health`, `max_Health`)
VALUES (2000412,  7 /* Use */,      1, NULL, NULL, NULL, NULL, NULL, NULL, NULL);

SET @parent_id = LAST_INSERT_ID();

INSERT INTO `weenie_properties_emote_action` (`emote_Id`, `order`, `type`, `delay`, `extent`, `motion`, `message`, `test_String`, `min`, `max`, `min_64`, `max_64`, `min_Dbl`, `max_Dbl`, `stat`, `display`, `amount`, `amount_64`, `hero_X_P_64`, `percent`, `spell_Id`, `wealth_Rating`, `treasure_Class`, `treasure_Type`, `p_Script`, `sound`, `destination_Type`, `weenie_Class_Id`, `stack_Size`, `palette`, `shade`, `try_To_Bond`, `obj_Cell_Id`, `origin_X`, `origin_Y`, `origin_Z`, `angles_W`, `angles_X`, `angles_Y`, `angles_Z`)
VALUES (@parent_id,  0,  10 /* Tell */, 0, 1, NULL, 'So glad to see the children happy again', NULL, NULL, NULL, NULL, NULL, NULL, NULL, NULL, NULL, NULL, NULL, NULL, NULL, NULL, NULL, NULL, NULL, NULL, NULL, NULL, NULL, NULL, NULL, NULL, NULL, NULL, NULL, NULL, NULL, NULL, NULL, NULL, NULL);

INSERT INTO `weenie_properties_create_list` (`object_Id`, `destination_Type`, `weenie_Class_Id`, `stack_Size`, `palette`, `shade`, `try_To_Bond`)
VALUES (2000412, 2,   121,  0, 90, 0.8, False) /* Create Gloves (121) for Wield */
     , (2000412, 2, 25701,  0, 87, 1, False) /* Create Sleek Dress (25701) for Wield */
     , (2000412, 2,  2604,  0, 92, 1, False) /* Create Breeches (2604) for Wield */;

DELETE FROM `weenie` WHERE `class_Id` = 2000413;

INSERT INTO `weenie` (`class_Id`, `class_Name`, `type`, `last_Modified`)
VALUES (2000413, 'ace2000413-townsfolk', 10, '2019-09-30 13:47:22') /* Creature */;

INSERT INTO `weenie_properties_int` (`object_Id`, `type`, `value`)
VALUES (2000413,   1,         16) /* ItemType - Creature */
     , (2000413,   2,         31) /* CreatureType - Human */
     , (2000413,   6,         -1) /* ItemsCapacity */
     , (2000413,   7,         -1) /* ContainersCapacity */
     , (2000413,   8,        120) /* Mass */
     , (2000413,  16,         32) /* ItemUseable - Remote */
     , (2000413,  25,         16) /* Level */
     , (2000413,  27,          0) /* ArmorType - None */
     , (2000413,  93,    6292504) /* PhysicsState - ReportCollisions, IgnoreCollisions, Gravity, ReportCollisionsAsEnvironment, EdgeSlide */
     , (2000413,  95,          8) /* RadarBlipColor - Yellow */
     , (2000413, 113,          2) /* Gender - Female */
     , (2000413, 133,          4) /* ShowableOnRadar - ShowAlways */
     , (2000413, 134,         16) /* PlayerKillerStatus - RubberGlue */
     , (2000413, 146,        318) /* XpOverride */
     , (2000413, 188,          1) /* HeritageGroup - Aluvian */;

INSERT INTO `weenie_properties_bool` (`object_Id`, `type`, `value`)
VALUES (2000413,   1, True ) /* Stuck */
     , (2000413,   8, True ) /* AllowGive */
     , (2000413,  11, True ) /* IgnoreCollisions */
     , (2000413,  12, True ) /* ReportCollisions */
     , (2000413,  13, False) /* Ethereal */
     , (2000413,  14, True ) /* GravityStatus */
     , (2000413,  19, False) /* Attackable */
     , (2000413,  29, True ) /* NoCorpse */
     , (2000413,  41, True ) /* ReportCollisionsAsEnvironment */
     , (2000413,  42, True ) /* AllowEdgeSlide */
     , (2000413,  52, True ) /* AiImmobile */
     , (2000413,  79, True ) /* AiAcceptEverything */;

INSERT INTO `weenie_properties_float` (`object_Id`, `type`, `value`)
VALUES (2000413,   1,       5) /* HeartbeatInterval */
     , (2000413,   2,       0) /* HeartbeatTimestamp */
     , (2000413,   3, 0.159999996423721) /* HealthRate */
     , (2000413,   4,       5) /* StaminaRate */
     , (2000413,   5,       1) /* ManaRate */
     , (2000413,  13, 0.899999976158142) /* ArmorModVsSlash */
     , (2000413,  14,       1) /* ArmorModVsPierce */
     , (2000413,  15, 1.10000002384186) /* ArmorModVsBludgeon */
     , (2000413,  16, 0.400000005960464) /* ArmorModVsCold */
     , (2000413,  17, 0.400000005960464) /* ArmorModVsFire */
     , (2000413,  18,       1) /* ArmorModVsAcid */
     , (2000413,  19, 0.600000023841858) /* ArmorModVsElectric */
     , (2000413,  54,       3) /* UseRadius */
     , (2000413,  64,       1) /* ResistSlash */
     , (2000413,  65,       1) /* ResistPierce */
     , (2000413,  66,       1) /* ResistBludgeon */
     , (2000413,  67,       1) /* ResistFire */
     , (2000413,  68,       1) /* ResistCold */
     , (2000413,  69,       1) /* ResistAcid */
     , (2000413,  70,       1) /* ResistElectric */
     , (2000413,  71,       1) /* ResistHealthBoost */
     , (2000413,  72,       1) /* ResistStaminaDrain */
     , (2000413,  73,       1) /* ResistStaminaBoost */
     , (2000413,  74,       1) /* ResistManaDrain */
     , (2000413,  75,       1) /* ResistManaBoost */
     , (2000413, 104,      10) /* ObviousRadarRange */
     , (2000413, 125,       1) /* ResistHealthDrain */;

INSERT INTO `weenie_properties_string` (`object_Id`, `type`, `value`)
VALUES (2000413,   1, 'Townsfolk') /* Name */
     , (2000413,   3, 'Female') /* Sex */
     , (2000413,   4, 'Aluvian') /* HeritageGroup */
     , (2000413,   5, 'Herald') /* Template */;

INSERT INTO `weenie_properties_d_i_d` (`object_Id`, `type`, `value`)
VALUES (2000413,   1,   33554510) /* Setup */
     , (2000413,   2,  150994945) /* MotionTable */
     , (2000413,   3,  536870914) /* SoundTable */
     , (2000413,   4,  805306368) /* CombatTable */
     , (2000413,   6,   67108990) /* PaletteBase */
     , (2000413,   8,  100667446) /* Icon */
     , (2000413,   9,   83890279) /* EyesTexture */
     , (2000413,  10,   83890302) /* NoseTexture */
     , (2000413,  11,   83890324) /* MouthTexture */
     , (2000413,  15,   67116982) /* HairPalette */
     , (2000413,  16,   67110063) /* EyesPalette */
     , (2000413,  17,   67109561) /* SkinPalette */;

INSERT INTO `weenie_properties_attribute` (`object_Id`, `type`, `init_Level`, `level_From_C_P`, `c_P_Spent`)
VALUES (2000413,   1, 120, 0, 0) /* Strength */
     , (2000413,   2, 130, 0, 0) /* Endurance */
     , (2000413,   3, 100, 0, 0) /* Quickness */
     , (2000413,   4, 115, 0, 0) /* Coordination */
     , (2000413,   5, 110, 0, 0) /* Focus */
     , (2000413,   6, 100, 0, 0) /* Self */;

INSERT INTO `weenie_properties_attribute_2nd` (`object_Id`, `type`, `init_Level`, `level_From_C_P`, `c_P_Spent`, `current_Level`)
VALUES (2000413,   1,     0, 0, 0, 65) /* MaxHealth */
     , (2000413,   3,     0, 0, 0, 130) /* MaxStamina */
     , (2000413,   5,     0, 0, 0, 100) /* MaxMana */;

INSERT INTO `weenie_properties_skill` (`object_Id`, `type`, `level_From_P_P`, `s_a_c`, `p_p`, `init_Level`, `resistance_At_Last_Check`, `last_Used_Time`)
VALUES (2000413,  6, 0, 2, 0,   1, 0, 0) /* MeleeDefense        Trained */
     , (2000413,  7, 0, 2, 0,   1, 0, 0) /* MissileDefense      Trained */
     , (2000413, 13, 0, 2, 0,   1, 0, 0) /* UnarmedCombat       Trained */;

INSERT INTO `weenie_properties_body_part` (`object_Id`, `key`, `d_Type`, `d_Val`, `d_Var`, `base_Armor`, `armor_Vs_Slash`, `armor_Vs_Pierce`, `armor_Vs_Bludgeon`, `armor_Vs_Cold`, `armor_Vs_Fire`, `armor_Vs_Acid`, `armor_Vs_Electric`, `armor_Vs_Nether`, `b_h`, `h_l_f`, `m_l_f`, `l_l_f`, `h_r_f`, `m_r_f`, `l_r_f`, `h_l_b`, `m_l_b`, `l_l_b`, `h_r_b`, `m_r_b`, `l_r_b`)
VALUES (2000413,  0,  4,  0,    0,    0,    0,    0,    0,    0,    0,    0,    0,    0, 1, 0.33,    0,    0, 0.33,    0,    0, 0.33,    0,    0, 0.33,    0,    0) /* Head */
     , (2000413,  1,  4,  0,    0,    0,    0,    0,    0,    0,    0,    0,    0,    0, 2, 0.44, 0.17,    0, 0.44, 0.17,    0, 0.44, 0.17,    0, 0.44, 0.17,    0) /* Chest */
     , (2000413,  2,  4,  0,    0,    0,    0,    0,    0,    0,    0,    0,    0,    0, 3,    0, 0.17,    0,    0, 0.17,    0,    0, 0.17,    0,    0, 0.17,    0) /* Abdomen */
     , (2000413,  3,  4,  0,    0,    0,    0,    0,    0,    0,    0,    0,    0,    0, 1, 0.23, 0.03,    0, 0.23, 0.03,    0, 0.23, 0.03,    0, 0.23, 0.03,    0) /* UpperArm */
     , (2000413,  4,  4,  0,    0,    0,    0,    0,    0,    0,    0,    0,    0,    0, 2,    0,  0.3,    0,    0,  0.3,    0,    0,  0.3,    0,    0,  0.3,    0) /* LowerArm */
     , (2000413,  5,  4,  2, 0.75,    0,    0,    0,    0,    0,    0,    0,    0,    0, 2,    0,  0.2,    0,    0,  0.2,    0,    0,  0.2,    0,    0,  0.2,    0) /* Hand */
     , (2000413,  6,  4,  0,    0,    0,    0,    0,    0,    0,    0,    0,    0,    0, 3,    0, 0.13, 0.18,    0, 0.13, 0.18,    0, 0.13, 0.18,    0, 0.13, 0.18) /* UpperLeg */
     , (2000413,  7,  4,  0,    0,    0,    0,    0,    0,    0,    0,    0,    0,    0, 3,    0,    0,  0.6,    0,    0,  0.6,    0,    0,  0.6,    0,    0,  0.6) /* LowerLeg */
     , (2000413,  8,  4,  2, 0.75,    0,    0,    0,    0,    0,    0,    0,    0,    0, 3,    0,    0, 0.22,    0,    0, 0.22,    0,    0, 0.22,    0,    0, 0.22) /* Foot */;

INSERT INTO `weenie_properties_emote` (`object_Id`, `category`, `probability`, `weenie_Class_Id`, `style`, `substyle`, `quest`, `vendor_Type`, `min_Health`, `max_Health`)
VALUES (2000413,  7 /* Use */,      1, NULL, NULL, NULL, NULL, NULL, NULL, NULL);

SET @parent_id = LAST_INSERT_ID();

INSERT INTO `weenie_properties_emote_action` (`emote_Id`, `order`, `type`, `delay`, `extent`, `motion`, `message`, `test_String`, `min`, `max`, `min_64`, `max_64`, `min_Dbl`, `max_Dbl`, `stat`, `display`, `amount`, `amount_64`, `hero_X_P_64`, `percent`, `spell_Id`, `wealth_Rating`, `treasure_Class`, `treasure_Type`, `p_Script`, `sound`, `destination_Type`, `weenie_Class_Id`, `stack_Size`, `palette`, `shade`, `try_To_Bond`, `obj_Cell_Id`, `origin_X`, `origin_Y`, `origin_Z`, `angles_W`, `angles_X`, `angles_Y`, `angles_Z`)
VALUES (@parent_id,  0,  10 /* Tell */, 0, 1, NULL, 'Glad to see so many people helping out little home', NULL, NULL, NULL, NULL, NULL, NULL, NULL, NULL, NULL, NULL, NULL, NULL, NULL, NULL, NULL, NULL, NULL, NULL, NULL, NULL, NULL, NULL, NULL, NULL, NULL, NULL, NULL, NULL, NULL, NULL, NULL, NULL, NULL);

INSERT INTO `weenie_properties_create_list` (`object_Id`, `destination_Type`, `weenie_Class_Id`, `stack_Size`, `palette`, `shade`, `try_To_Bond`)
VALUES (2000413, 2,   121,  0, 90, 0.8, False) /* Create Gloves (121) for Wield */
     , (2000413, 2,  2032,  0, 87, 1, False) /* Create Branith's Shirt (2032) for Wield */
     , (2000413, 2,  2604,  0, 92, 1, False) /* Create Breeches (2604) for Wield */;

DELETE FROM `weenie` WHERE `class_Id` = 2000414;

INSERT INTO `weenie` (`class_Id`, `class_Name`, `type`, `last_Modified`)
VALUES (2000414, 'ace2000414-townsfolk', 10, '2019-09-30 13:47:23') /* Creature */;

INSERT INTO `weenie_properties_int` (`object_Id`, `type`, `value`)
VALUES (2000414,   1,         16) /* ItemType - Creature */
     , (2000414,   2,         31) /* CreatureType - Human */
     , (2000414,   6,         -1) /* ItemsCapacity */
     , (2000414,   7,         -1) /* ContainersCapacity */
     , (2000414,   8,        120) /* Mass */
     , (2000414,  16,         32) /* ItemUseable - Remote */
     , (2000414,  25,         16) /* Level */
     , (2000414,  27,          0) /* ArmorType - None */
     , (2000414,  93,    6292504) /* PhysicsState - ReportCollisions, IgnoreCollisions, Gravity, ReportCollisionsAsEnvironment, EdgeSlide */
     , (2000414,  95,          8) /* RadarBlipColor - Yellow */
     , (2000414, 113,          2) /* Gender - Female */
     , (2000414, 133,          4) /* ShowableOnRadar - ShowAlways */
     , (2000414, 134,         16) /* PlayerKillerStatus - RubberGlue */
     , (2000414, 146,        318) /* XpOverride */
     , (2000414, 188,          1) /* HeritageGroup - Aluvian */;

INSERT INTO `weenie_properties_bool` (`object_Id`, `type`, `value`)
VALUES (2000414,   1, True ) /* Stuck */
     , (2000414,   8, True ) /* AllowGive */
     , (2000414,  11, True ) /* IgnoreCollisions */
     , (2000414,  12, True ) /* ReportCollisions */
     , (2000414,  13, False) /* Ethereal */
     , (2000414,  14, True ) /* GravityStatus */
     , (2000414,  19, False) /* Attackable */
     , (2000414,  29, True ) /* NoCorpse */
     , (2000414,  41, True ) /* ReportCollisionsAsEnvironment */
     , (2000414,  42, True ) /* AllowEdgeSlide */
     , (2000414,  52, True ) /* AiImmobile */
     , (2000414,  79, True ) /* AiAcceptEverything */;

INSERT INTO `weenie_properties_float` (`object_Id`, `type`, `value`)
VALUES (2000414,   1,       5) /* HeartbeatInterval */
     , (2000414,   2,       0) /* HeartbeatTimestamp */
     , (2000414,   3, 0.159999996423721) /* HealthRate */
     , (2000414,   4,       5) /* StaminaRate */
     , (2000414,   5,       1) /* ManaRate */
     , (2000414,  13, 0.899999976158142) /* ArmorModVsSlash */
     , (2000414,  14,       1) /* ArmorModVsPierce */
     , (2000414,  15, 1.10000002384186) /* ArmorModVsBludgeon */
     , (2000414,  16, 0.400000005960464) /* ArmorModVsCold */
     , (2000414,  17, 0.400000005960464) /* ArmorModVsFire */
     , (2000414,  18,       1) /* ArmorModVsAcid */
     , (2000414,  19, 0.600000023841858) /* ArmorModVsElectric */
     , (2000414,  54,       3) /* UseRadius */
     , (2000414,  64,       1) /* ResistSlash */
     , (2000414,  65,       1) /* ResistPierce */
     , (2000414,  66,       1) /* ResistBludgeon */
     , (2000414,  67,       1) /* ResistFire */
     , (2000414,  68,       1) /* ResistCold */
     , (2000414,  69,       1) /* ResistAcid */
     , (2000414,  70,       1) /* ResistElectric */
     , (2000414,  71,       1) /* ResistHealthBoost */
     , (2000414,  72,       1) /* ResistStaminaDrain */
     , (2000414,  73,       1) /* ResistStaminaBoost */
     , (2000414,  74,       1) /* ResistManaDrain */
     , (2000414,  75,       1) /* ResistManaBoost */
     , (2000414, 104,      10) /* ObviousRadarRange */
     , (2000414, 125,       1) /* ResistHealthDrain */;

INSERT INTO `weenie_properties_string` (`object_Id`, `type`, `value`)
VALUES (2000414,   1, 'Townsfolk') /* Name */
     , (2000414,   3, 'Female') /* Sex */
     , (2000414,   4, 'Aluvian') /* HeritageGroup */
     , (2000414,   5, 'Herald') /* Template */;

INSERT INTO `weenie_properties_d_i_d` (`object_Id`, `type`, `value`)
VALUES (2000414,   1,   33554510) /* Setup */
     , (2000414,   2,  150994945) /* MotionTable */
     , (2000414,   3,  536870914) /* SoundTable */
     , (2000414,   4,  805306368) /* CombatTable */
     , (2000414,   6,   67108990) /* PaletteBase */
     , (2000414,   8,  100667446) /* Icon */
     , (2000414,   9,   83890279) /* EyesTexture */
     , (2000414,  10,   83890302) /* NoseTexture */
     , (2000414,  11,   83890324) /* MouthTexture */
     , (2000414,  15,   67116982) /* HairPalette */
     , (2000414,  16,   67110063) /* EyesPalette */
     , (2000414,  17,   67109561) /* SkinPalette */;

INSERT INTO `weenie_properties_attribute` (`object_Id`, `type`, `init_Level`, `level_From_C_P`, `c_P_Spent`)
VALUES (2000414,   1, 120, 0, 0) /* Strength */
     , (2000414,   2, 130, 0, 0) /* Endurance */
     , (2000414,   3, 100, 0, 0) /* Quickness */
     , (2000414,   4, 115, 0, 0) /* Coordination */
     , (2000414,   5, 110, 0, 0) /* Focus */
     , (2000414,   6, 100, 0, 0) /* Self */;

INSERT INTO `weenie_properties_attribute_2nd` (`object_Id`, `type`, `init_Level`, `level_From_C_P`, `c_P_Spent`, `current_Level`)
VALUES (2000414,   1,     0, 0, 0, 65) /* MaxHealth */
     , (2000414,   3,     0, 0, 0, 130) /* MaxStamina */
     , (2000414,   5,     0, 0, 0, 100) /* MaxMana */;

INSERT INTO `weenie_properties_skill` (`object_Id`, `type`, `level_From_P_P`, `s_a_c`, `p_p`, `init_Level`, `resistance_At_Last_Check`, `last_Used_Time`)
VALUES (2000414,  6, 0, 2, 0,   1, 0, 0) /* MeleeDefense        Trained */
     , (2000414,  7, 0, 2, 0,   1, 0, 0) /* MissileDefense      Trained */
     , (2000414, 13, 0, 2, 0,   1, 0, 0) /* UnarmedCombat       Trained */;

INSERT INTO `weenie_properties_body_part` (`object_Id`, `key`, `d_Type`, `d_Val`, `d_Var`, `base_Armor`, `armor_Vs_Slash`, `armor_Vs_Pierce`, `armor_Vs_Bludgeon`, `armor_Vs_Cold`, `armor_Vs_Fire`, `armor_Vs_Acid`, `armor_Vs_Electric`, `armor_Vs_Nether`, `b_h`, `h_l_f`, `m_l_f`, `l_l_f`, `h_r_f`, `m_r_f`, `l_r_f`, `h_l_b`, `m_l_b`, `l_l_b`, `h_r_b`, `m_r_b`, `l_r_b`)
VALUES (2000414,  0,  4,  0,    0,    0,    0,    0,    0,    0,    0,    0,    0,    0, 1, 0.33,    0,    0, 0.33,    0,    0, 0.33,    0,    0, 0.33,    0,    0) /* Head */
     , (2000414,  1,  4,  0,    0,    0,    0,    0,    0,    0,    0,    0,    0,    0, 2, 0.44, 0.17,    0, 0.44, 0.17,    0, 0.44, 0.17,    0, 0.44, 0.17,    0) /* Chest */
     , (2000414,  2,  4,  0,    0,    0,    0,    0,    0,    0,    0,    0,    0,    0, 3,    0, 0.17,    0,    0, 0.17,    0,    0, 0.17,    0,    0, 0.17,    0) /* Abdomen */
     , (2000414,  3,  4,  0,    0,    0,    0,    0,    0,    0,    0,    0,    0,    0, 1, 0.23, 0.03,    0, 0.23, 0.03,    0, 0.23, 0.03,    0, 0.23, 0.03,    0) /* UpperArm */
     , (2000414,  4,  4,  0,    0,    0,    0,    0,    0,    0,    0,    0,    0,    0, 2,    0,  0.3,    0,    0,  0.3,    0,    0,  0.3,    0,    0,  0.3,    0) /* LowerArm */
     , (2000414,  5,  4,  2, 0.75,    0,    0,    0,    0,    0,    0,    0,    0,    0, 2,    0,  0.2,    0,    0,  0.2,    0,    0,  0.2,    0,    0,  0.2,    0) /* Hand */
     , (2000414,  6,  4,  0,    0,    0,    0,    0,    0,    0,    0,    0,    0,    0, 3,    0, 0.13, 0.18,    0, 0.13, 0.18,    0, 0.13, 0.18,    0, 0.13, 0.18) /* UpperLeg */
     , (2000414,  7,  4,  0,    0,    0,    0,    0,    0,    0,    0,    0,    0,    0, 3,    0,    0,  0.6,    0,    0,  0.6,    0,    0,  0.6,    0,    0,  0.6) /* LowerLeg */
     , (2000414,  8,  4,  2, 0.75,    0,    0,    0,    0,    0,    0,    0,    0,    0, 3,    0,    0, 0.22,    0,    0, 0.22,    0,    0, 0.22,    0,    0, 0.22) /* Foot */;

INSERT INTO `weenie_properties_emote` (`object_Id`, `category`, `probability`, `weenie_Class_Id`, `style`, `substyle`, `quest`, `vendor_Type`, `min_Health`, `max_Health`)
VALUES (2000414,  7 /* Use */,      1, NULL, NULL, NULL, NULL, NULL, NULL, NULL);

SET @parent_id = LAST_INSERT_ID();

INSERT INTO `weenie_properties_emote_action` (`emote_Id`, `order`, `type`, `delay`, `extent`, `motion`, `message`, `test_String`, `min`, `max`, `min_64`, `max_64`, `min_Dbl`, `max_Dbl`, `stat`, `display`, `amount`, `amount_64`, `hero_X_P_64`, `percent`, `spell_Id`, `wealth_Rating`, `treasure_Class`, `treasure_Type`, `p_Script`, `sound`, `destination_Type`, `weenie_Class_Id`, `stack_Size`, `palette`, `shade`, `try_To_Bond`, `obj_Cell_Id`, `origin_X`, `origin_Y`, `origin_Z`, `angles_W`, `angles_X`, `angles_Y`, `angles_Z`)
VALUES (@parent_id,  0,  10 /* Tell */, 0, 1, NULL, 'Did you see the shields being made from the Caulnalain Crystal? Amazing.', NULL, NULL, NULL, NULL, NULL, NULL, NULL, NULL, NULL, NULL, NULL, NULL, NULL, NULL, NULL, NULL, NULL, NULL, NULL, NULL, NULL, NULL, NULL, NULL, NULL, NULL, NULL, NULL, NULL, NULL, NULL, NULL, NULL);

INSERT INTO `weenie_properties_create_list` (`object_Id`, `destination_Type`, `weenie_Class_Id`, `stack_Size`, `palette`, `shade`, `try_To_Bond`)
VALUES (2000414, 2,   121,  0, 90, 0.8, False) /* Create Gloves (121) for Wield */
     , (2000414, 2,  2588,  0, 89, 1, False) /* Create Shirt (2588) for Wield */
     , (2000414, 2,  2604,  0, 91, 1, False) /* Create Breeches (2604) for Wield */;

DELETE FROM `weenie` WHERE `class_Id` = 2000415;

INSERT INTO `weenie` (`class_Id`, `class_Name`, `type`, `last_Modified`)
VALUES (2000415, 'ace2000415-townsfolk', 10, '2019-09-30 13:47:24') /* Creature */;

INSERT INTO `weenie_properties_int` (`object_Id`, `type`, `value`)
VALUES (2000415,   1,         16) /* ItemType - Creature */
     , (2000415,   2,         31) /* CreatureType - Human */
     , (2000415,   6,         -1) /* ItemsCapacity */
     , (2000415,   7,         -1) /* ContainersCapacity */
     , (2000415,   8,        120) /* Mass */
     , (2000415,  16,         32) /* ItemUseable - Remote */
     , (2000415,  25,         16) /* Level */
     , (2000415,  27,          0) /* ArmorType - None */
     , (2000415,  93,    6292504) /* PhysicsState - ReportCollisions, IgnoreCollisions, Gravity, ReportCollisionsAsEnvironment, EdgeSlide */
     , (2000415,  95,          8) /* RadarBlipColor - Yellow */
     , (2000415, 113,          2) /* Gender - Female */
     , (2000415, 133,          4) /* ShowableOnRadar - ShowAlways */
     , (2000415, 134,         16) /* PlayerKillerStatus - RubberGlue */
     , (2000415, 146,        318) /* XpOverride */
     , (2000415, 188,          1) /* HeritageGroup - Aluvian */;

INSERT INTO `weenie_properties_bool` (`object_Id`, `type`, `value`)
VALUES (2000415,   1, True ) /* Stuck */
     , (2000415,   8, True ) /* AllowGive */
     , (2000415,  11, True ) /* IgnoreCollisions */
     , (2000415,  12, True ) /* ReportCollisions */
     , (2000415,  13, False) /* Ethereal */
     , (2000415,  14, True ) /* GravityStatus */
     , (2000415,  19, False) /* Attackable */
     , (2000415,  29, True ) /* NoCorpse */
     , (2000415,  41, True ) /* ReportCollisionsAsEnvironment */
     , (2000415,  42, True ) /* AllowEdgeSlide */
     , (2000415,  52, True ) /* AiImmobile */
     , (2000415,  79, True ) /* AiAcceptEverything */;

INSERT INTO `weenie_properties_float` (`object_Id`, `type`, `value`)
VALUES (2000415,   1,       5) /* HeartbeatInterval */
     , (2000415,   2,       0) /* HeartbeatTimestamp */
     , (2000415,   3, 0.159999996423721) /* HealthRate */
     , (2000415,   4,       5) /* StaminaRate */
     , (2000415,   5,       1) /* ManaRate */
     , (2000415,  13, 0.899999976158142) /* ArmorModVsSlash */
     , (2000415,  14,       1) /* ArmorModVsPierce */
     , (2000415,  15, 1.10000002384186) /* ArmorModVsBludgeon */
     , (2000415,  16, 0.400000005960464) /* ArmorModVsCold */
     , (2000415,  17, 0.400000005960464) /* ArmorModVsFire */
     , (2000415,  18,       1) /* ArmorModVsAcid */
     , (2000415,  19, 0.600000023841858) /* ArmorModVsElectric */
     , (2000415,  54,       3) /* UseRadius */
     , (2000415,  64,       1) /* ResistSlash */
     , (2000415,  65,       1) /* ResistPierce */
     , (2000415,  66,       1) /* ResistBludgeon */
     , (2000415,  67,       1) /* ResistFire */
     , (2000415,  68,       1) /* ResistCold */
     , (2000415,  69,       1) /* ResistAcid */
     , (2000415,  70,       1) /* ResistElectric */
     , (2000415,  71,       1) /* ResistHealthBoost */
     , (2000415,  72,       1) /* ResistStaminaDrain */
     , (2000415,  73,       1) /* ResistStaminaBoost */
     , (2000415,  74,       1) /* ResistManaDrain */
     , (2000415,  75,       1) /* ResistManaBoost */
     , (2000415, 104,      10) /* ObviousRadarRange */
     , (2000415, 125,       1) /* ResistHealthDrain */;

INSERT INTO `weenie_properties_string` (`object_Id`, `type`, `value`)
VALUES (2000415,   1, 'Townsfolk') /* Name */
     , (2000415,   3, 'Female') /* Sex */
     , (2000415,   4, 'Aluvian') /* HeritageGroup */
     , (2000415,   5, 'Herald') /* Template */;

INSERT INTO `weenie_properties_d_i_d` (`object_Id`, `type`, `value`)
VALUES (2000415,   1,   33554510) /* Setup */
     , (2000415,   2,  150994945) /* MotionTable */
     , (2000415,   3,  536870914) /* SoundTable */
     , (2000415,   4,  805306368) /* CombatTable */
     , (2000415,   6,   67108990) /* PaletteBase */
     , (2000415,   8,  100667446) /* Icon */
     , (2000415,   9,   83890279) /* EyesTexture */
     , (2000415,  10,   83890302) /* NoseTexture */
     , (2000415,  11,   83890324) /* MouthTexture */
     , (2000415,  15,   67116982) /* HairPalette */
     , (2000415,  16,   67110063) /* EyesPalette */
     , (2000415,  17,   67109561) /* SkinPalette */;

INSERT INTO `weenie_properties_attribute` (`object_Id`, `type`, `init_Level`, `level_From_C_P`, `c_P_Spent`)
VALUES (2000415,   1, 120, 0, 0) /* Strength */
     , (2000415,   2, 130, 0, 0) /* Endurance */
     , (2000415,   3, 100, 0, 0) /* Quickness */
     , (2000415,   4, 115, 0, 0) /* Coordination */
     , (2000415,   5, 110, 0, 0) /* Focus */
     , (2000415,   6, 100, 0, 0) /* Self */;

INSERT INTO `weenie_properties_attribute_2nd` (`object_Id`, `type`, `init_Level`, `level_From_C_P`, `c_P_Spent`, `current_Level`)
VALUES (2000415,   1,     0, 0, 0, 65) /* MaxHealth */
     , (2000415,   3,     0, 0, 0, 130) /* MaxStamina */
     , (2000415,   5,     0, 0, 0, 100) /* MaxMana */;

INSERT INTO `weenie_properties_skill` (`object_Id`, `type`, `level_From_P_P`, `s_a_c`, `p_p`, `init_Level`, `resistance_At_Last_Check`, `last_Used_Time`)
VALUES (2000415,  6, 0, 2, 0,   1, 0, 0) /* MeleeDefense        Trained */
     , (2000415,  7, 0, 2, 0,   1, 0, 0) /* MissileDefense      Trained */
     , (2000415, 13, 0, 2, 0,   1, 0, 0) /* UnarmedCombat       Trained */;

INSERT INTO `weenie_properties_body_part` (`object_Id`, `key`, `d_Type`, `d_Val`, `d_Var`, `base_Armor`, `armor_Vs_Slash`, `armor_Vs_Pierce`, `armor_Vs_Bludgeon`, `armor_Vs_Cold`, `armor_Vs_Fire`, `armor_Vs_Acid`, `armor_Vs_Electric`, `armor_Vs_Nether`, `b_h`, `h_l_f`, `m_l_f`, `l_l_f`, `h_r_f`, `m_r_f`, `l_r_f`, `h_l_b`, `m_l_b`, `l_l_b`, `h_r_b`, `m_r_b`, `l_r_b`)
VALUES (2000415,  0,  4,  0,    0,    0,    0,    0,    0,    0,    0,    0,    0,    0, 1, 0.33,    0,    0, 0.33,    0,    0, 0.33,    0,    0, 0.33,    0,    0) /* Head */
     , (2000415,  1,  4,  0,    0,    0,    0,    0,    0,    0,    0,    0,    0,    0, 2, 0.44, 0.17,    0, 0.44, 0.17,    0, 0.44, 0.17,    0, 0.44, 0.17,    0) /* Chest */
     , (2000415,  2,  4,  0,    0,    0,    0,    0,    0,    0,    0,    0,    0,    0, 3,    0, 0.17,    0,    0, 0.17,    0,    0, 0.17,    0,    0, 0.17,    0) /* Abdomen */
     , (2000415,  3,  4,  0,    0,    0,    0,    0,    0,    0,    0,    0,    0,    0, 1, 0.23, 0.03,    0, 0.23, 0.03,    0, 0.23, 0.03,    0, 0.23, 0.03,    0) /* UpperArm */
     , (2000415,  4,  4,  0,    0,    0,    0,    0,    0,    0,    0,    0,    0,    0, 2,    0,  0.3,    0,    0,  0.3,    0,    0,  0.3,    0,    0,  0.3,    0) /* LowerArm */
     , (2000415,  5,  4,  2, 0.75,    0,    0,    0,    0,    0,    0,    0,    0,    0, 2,    0,  0.2,    0,    0,  0.2,    0,    0,  0.2,    0,    0,  0.2,    0) /* Hand */
     , (2000415,  6,  4,  0,    0,    0,    0,    0,    0,    0,    0,    0,    0,    0, 3,    0, 0.13, 0.18,    0, 0.13, 0.18,    0, 0.13, 0.18,    0, 0.13, 0.18) /* UpperLeg */
     , (2000415,  7,  4,  0,    0,    0,    0,    0,    0,    0,    0,    0,    0,    0, 3,    0,    0,  0.6,    0,    0,  0.6,    0,    0,  0.6,    0,    0,  0.6) /* LowerLeg */
     , (2000415,  8,  4,  2, 0.75,    0,    0,    0,    0,    0,    0,    0,    0,    0, 3,    0,    0, 0.22,    0,    0, 0.22,    0,    0, 0.22,    0,    0, 0.22) /* Foot */;

INSERT INTO `weenie_properties_emote` (`object_Id`, `category`, `probability`, `weenie_Class_Id`, `style`, `substyle`, `quest`, `vendor_Type`, `min_Health`, `max_Health`)
VALUES (2000415,  7 /* Use */,      1, NULL, NULL, NULL, NULL, NULL, NULL, NULL);

SET @parent_id = LAST_INSERT_ID();

INSERT INTO `weenie_properties_emote_action` (`emote_Id`, `order`, `type`, `delay`, `extent`, `motion`, `message`, `test_String`, `min`, `max`, `min_64`, `max_64`, `min_Dbl`, `max_Dbl`, `stat`, `display`, `amount`, `amount_64`, `hero_X_P_64`, `percent`, `spell_Id`, `wealth_Rating`, `treasure_Class`, `treasure_Type`, `p_Script`, `sound`, `destination_Type`, `weenie_Class_Id`, `stack_Size`, `palette`, `shade`, `try_To_Bond`, `obj_Cell_Id`, `origin_X`, `origin_Y`, `origin_Z`, `angles_W`, `angles_X`, `angles_Y`, `angles_Z`)
VALUES (@parent_id,  0,  10 /* Tell */, 0, 1, NULL, 'Honey make dinner like the idiot can''t help me or something.', NULL, NULL, NULL, NULL, NULL, NULL, NULL, NULL, NULL, NULL, NULL, NULL, NULL, NULL, NULL, NULL, NULL, NULL, NULL, NULL, NULL, NULL, NULL, NULL, NULL, NULL, NULL, NULL, NULL, NULL, NULL, NULL, NULL);

INSERT INTO `weenie_properties_create_list` (`object_Id`, `destination_Type`, `weenie_Class_Id`, `stack_Size`, `palette`, `shade`, `try_To_Bond`)
VALUES (2000415, 2,   121,  0, 90, 0.8, False) /* Create Gloves (121) for Wield */
     , (2000415, 2,  8372,  0, 93, 1, False) /* Create Yifan Dress (8372) for Wield */
     , (2000415, 2,  2604,  0, 91, 1, False) /* Create Breeches (2604) for Wield */;

DELETE FROM `weenie` WHERE `class_Id` = 2000416;

INSERT INTO `weenie` (`class_Id`, `class_Name`, `type`, `last_Modified`)
VALUES (2000416, 'ace2000416-townsfolk', 10, '2019-09-30 13:47:26') /* Creature */;

INSERT INTO `weenie_properties_int` (`object_Id`, `type`, `value`)
VALUES (2000416,   1,         16) /* ItemType - Creature */
     , (2000416,   2,         31) /* CreatureType - Human */
     , (2000416,   6,         -1) /* ItemsCapacity */
     , (2000416,   7,         -1) /* ContainersCapacity */
     , (2000416,   8,        120) /* Mass */
     , (2000416,  16,         32) /* ItemUseable - Remote */
     , (2000416,  25,         16) /* Level */
     , (2000416,  27,          0) /* ArmorType - None */
     , (2000416,  93,    6292504) /* PhysicsState - ReportCollisions, IgnoreCollisions, Gravity, ReportCollisionsAsEnvironment, EdgeSlide */
     , (2000416,  95,          8) /* RadarBlipColor - Yellow */
     , (2000416, 113,          2) /* Gender - Female */
     , (2000416, 133,          4) /* ShowableOnRadar - ShowAlways */
     , (2000416, 134,         16) /* PlayerKillerStatus - RubberGlue */
     , (2000416, 146,        318) /* XpOverride */
     , (2000416, 188,          1) /* HeritageGroup - Aluvian */;

INSERT INTO `weenie_properties_bool` (`object_Id`, `type`, `value`)
VALUES (2000416,   1, True ) /* Stuck */
     , (2000416,   8, True ) /* AllowGive */
     , (2000416,  11, True ) /* IgnoreCollisions */
     , (2000416,  12, True ) /* ReportCollisions */
     , (2000416,  13, False) /* Ethereal */
     , (2000416,  14, True ) /* GravityStatus */
     , (2000416,  19, False) /* Attackable */
     , (2000416,  29, True ) /* NoCorpse */
     , (2000416,  41, True ) /* ReportCollisionsAsEnvironment */
     , (2000416,  42, True ) /* AllowEdgeSlide */
     , (2000416,  52, True ) /* AiImmobile */
     , (2000416,  79, True ) /* AiAcceptEverything */;

INSERT INTO `weenie_properties_float` (`object_Id`, `type`, `value`)
VALUES (2000416,   1,       5) /* HeartbeatInterval */
     , (2000416,   2,       0) /* HeartbeatTimestamp */
     , (2000416,   3, 0.159999996423721) /* HealthRate */
     , (2000416,   4,       5) /* StaminaRate */
     , (2000416,   5,       1) /* ManaRate */
     , (2000416,  13, 0.899999976158142) /* ArmorModVsSlash */
     , (2000416,  14,       1) /* ArmorModVsPierce */
     , (2000416,  15, 1.10000002384186) /* ArmorModVsBludgeon */
     , (2000416,  16, 0.400000005960464) /* ArmorModVsCold */
     , (2000416,  17, 0.400000005960464) /* ArmorModVsFire */
     , (2000416,  18,       1) /* ArmorModVsAcid */
     , (2000416,  19, 0.600000023841858) /* ArmorModVsElectric */
     , (2000416,  54,       3) /* UseRadius */
     , (2000416,  64,       1) /* ResistSlash */
     , (2000416,  65,       1) /* ResistPierce */
     , (2000416,  66,       1) /* ResistBludgeon */
     , (2000416,  67,       1) /* ResistFire */
     , (2000416,  68,       1) /* ResistCold */
     , (2000416,  69,       1) /* ResistAcid */
     , (2000416,  70,       1) /* ResistElectric */
     , (2000416,  71,       1) /* ResistHealthBoost */
     , (2000416,  72,       1) /* ResistStaminaDrain */
     , (2000416,  73,       1) /* ResistStaminaBoost */
     , (2000416,  74,       1) /* ResistManaDrain */
     , (2000416,  75,       1) /* ResistManaBoost */
     , (2000416, 104,      10) /* ObviousRadarRange */
     , (2000416, 125,       1) /* ResistHealthDrain */;

INSERT INTO `weenie_properties_string` (`object_Id`, `type`, `value`)
VALUES (2000416,   1, 'Townsfolk') /* Name */
     , (2000416,   3, 'Female') /* Sex */
     , (2000416,   4, 'Aluvian') /* HeritageGroup */
     , (2000416,   5, 'Herald') /* Template */;

INSERT INTO `weenie_properties_d_i_d` (`object_Id`, `type`, `value`)
VALUES (2000416,   1,   33554510) /* Setup */
     , (2000416,   2,  150994945) /* MotionTable */
     , (2000416,   3,  536870914) /* SoundTable */
     , (2000416,   4,  805306368) /* CombatTable */
     , (2000416,   6,   67108990) /* PaletteBase */
     , (2000416,   8,  100667446) /* Icon */
     , (2000416,   9,   83890279) /* EyesTexture */
     , (2000416,  10,   83890302) /* NoseTexture */
     , (2000416,  11,   83890324) /* MouthTexture */
     , (2000416,  15,   67116982) /* HairPalette */
     , (2000416,  16,   67110063) /* EyesPalette */
     , (2000416,  17,   67109561) /* SkinPalette */;

INSERT INTO `weenie_properties_attribute` (`object_Id`, `type`, `init_Level`, `level_From_C_P`, `c_P_Spent`)
VALUES (2000416,   1, 120, 0, 0) /* Strength */
     , (2000416,   2, 130, 0, 0) /* Endurance */
     , (2000416,   3, 100, 0, 0) /* Quickness */
     , (2000416,   4, 115, 0, 0) /* Coordination */
     , (2000416,   5, 110, 0, 0) /* Focus */
     , (2000416,   6, 100, 0, 0) /* Self */;

INSERT INTO `weenie_properties_attribute_2nd` (`object_Id`, `type`, `init_Level`, `level_From_C_P`, `c_P_Spent`, `current_Level`)
VALUES (2000416,   1,     0, 0, 0, 65) /* MaxHealth */
     , (2000416,   3,     0, 0, 0, 130) /* MaxStamina */
     , (2000416,   5,     0, 0, 0, 100) /* MaxMana */;

INSERT INTO `weenie_properties_skill` (`object_Id`, `type`, `level_From_P_P`, `s_a_c`, `p_p`, `init_Level`, `resistance_At_Last_Check`, `last_Used_Time`)
VALUES (2000416,  6, 0, 2, 0,   1, 0, 0) /* MeleeDefense        Trained */
     , (2000416,  7, 0, 2, 0,   1, 0, 0) /* MissileDefense      Trained */
     , (2000416, 13, 0, 2, 0,   1, 0, 0) /* UnarmedCombat       Trained */;

INSERT INTO `weenie_properties_body_part` (`object_Id`, `key`, `d_Type`, `d_Val`, `d_Var`, `base_Armor`, `armor_Vs_Slash`, `armor_Vs_Pierce`, `armor_Vs_Bludgeon`, `armor_Vs_Cold`, `armor_Vs_Fire`, `armor_Vs_Acid`, `armor_Vs_Electric`, `armor_Vs_Nether`, `b_h`, `h_l_f`, `m_l_f`, `l_l_f`, `h_r_f`, `m_r_f`, `l_r_f`, `h_l_b`, `m_l_b`, `l_l_b`, `h_r_b`, `m_r_b`, `l_r_b`)
VALUES (2000416,  0,  4,  0,    0,    0,    0,    0,    0,    0,    0,    0,    0,    0, 1, 0.33,    0,    0, 0.33,    0,    0, 0.33,    0,    0, 0.33,    0,    0) /* Head */
     , (2000416,  1,  4,  0,    0,    0,    0,    0,    0,    0,    0,    0,    0,    0, 2, 0.44, 0.17,    0, 0.44, 0.17,    0, 0.44, 0.17,    0, 0.44, 0.17,    0) /* Chest */
     , (2000416,  2,  4,  0,    0,    0,    0,    0,    0,    0,    0,    0,    0,    0, 3,    0, 0.17,    0,    0, 0.17,    0,    0, 0.17,    0,    0, 0.17,    0) /* Abdomen */
     , (2000416,  3,  4,  0,    0,    0,    0,    0,    0,    0,    0,    0,    0,    0, 1, 0.23, 0.03,    0, 0.23, 0.03,    0, 0.23, 0.03,    0, 0.23, 0.03,    0) /* UpperArm */
     , (2000416,  4,  4,  0,    0,    0,    0,    0,    0,    0,    0,    0,    0,    0, 2,    0,  0.3,    0,    0,  0.3,    0,    0,  0.3,    0,    0,  0.3,    0) /* LowerArm */
     , (2000416,  5,  4,  2, 0.75,    0,    0,    0,    0,    0,    0,    0,    0,    0, 2,    0,  0.2,    0,    0,  0.2,    0,    0,  0.2,    0,    0,  0.2,    0) /* Hand */
     , (2000416,  6,  4,  0,    0,    0,    0,    0,    0,    0,    0,    0,    0,    0, 3,    0, 0.13, 0.18,    0, 0.13, 0.18,    0, 0.13, 0.18,    0, 0.13, 0.18) /* UpperLeg */
     , (2000416,  7,  4,  0,    0,    0,    0,    0,    0,    0,    0,    0,    0,    0, 3,    0,    0,  0.6,    0,    0,  0.6,    0,    0,  0.6,    0,    0,  0.6) /* LowerLeg */
     , (2000416,  8,  4,  2, 0.75,    0,    0,    0,    0,    0,    0,    0,    0,    0, 3,    0,    0, 0.22,    0,    0, 0.22,    0,    0, 0.22,    0,    0, 0.22) /* Foot */;

INSERT INTO `weenie_properties_emote` (`object_Id`, `category`, `probability`, `weenie_Class_Id`, `style`, `substyle`, `quest`, `vendor_Type`, `min_Health`, `max_Health`)
VALUES (2000416,  7 /* Use */,      1, NULL, NULL, NULL, NULL, NULL, NULL, NULL);

SET @parent_id = LAST_INSERT_ID();

INSERT INTO `weenie_properties_emote_action` (`emote_Id`, `order`, `type`, `delay`, `extent`, `motion`, `message`, `test_String`, `min`, `max`, `min_64`, `max_64`, `min_Dbl`, `max_Dbl`, `stat`, `display`, `amount`, `amount_64`, `hero_X_P_64`, `percent`, `spell_Id`, `wealth_Rating`, `treasure_Class`, `treasure_Type`, `p_Script`, `sound`, `destination_Type`, `weenie_Class_Id`, `stack_Size`, `palette`, `shade`, `try_To_Bond`, `obj_Cell_Id`, `origin_X`, `origin_Y`, `origin_Z`, `angles_W`, `angles_X`, `angles_Y`, `angles_Z`)
VALUES (@parent_id,  0,  10 /* Tell */, 0, 1, NULL, 'Beautiful fountain', NULL, NULL, NULL, NULL, NULL, NULL, NULL, NULL, NULL, NULL, NULL, NULL, NULL, NULL, NULL, NULL, NULL, NULL, NULL, NULL, NULL, NULL, NULL, NULL, NULL, NULL, NULL, NULL, NULL, NULL, NULL, NULL, NULL);

INSERT INTO `weenie_properties_create_list` (`object_Id`, `destination_Type`, `weenie_Class_Id`, `stack_Size`, `palette`, `shade`, `try_To_Bond`)
VALUES (2000416, 2,   121,  0, 90, 0.8, False) /* Create Gloves (121) for Wield */
     , (2000416, 2,  8372,  0, 88, 1, False) /* Create Yifan Dress (8372) for Wield */
     , (2000416, 2,  2604,  0, 91, 1, False) /* Create Breeches (2604) for Wield */;

DELETE FROM `weenie` WHERE `class_Id` = 2000417;

INSERT INTO `weenie` (`class_Id`, `class_Name`, `type`, `last_Modified`)
VALUES (2000417, 'ace2000417-townfolk', 10, '2019-09-30 13:47:27') /* Creature */;

INSERT INTO `weenie_properties_int` (`object_Id`, `type`, `value`)
VALUES (2000417,   1,         16) /* ItemType - Creature */
     , (2000417,   2,          5) /* CreatureType - Lugian */
     , (2000417,   3,         17) /* PaletteTemplate - Yellow */
     , (2000417,   6,         -1) /* ItemsCapacity */
     , (2000417,   7,         -1) /* ContainersCapacity */
     , (2000417,   8,        120) /* Mass */
     , (2000417,  16,         32) /* ItemUseable - Remote */
     , (2000417,  25,        155) /* Level */
     , (2000417,  27,          0) /* ArmorType - None */
     , (2000417,  93,    6292504) /* PhysicsState - ReportCollisions, IgnoreCollisions, Gravity, ReportCollisionsAsEnvironment, EdgeSlide */
     , (2000417,  95,          8) /* RadarBlipColor - Yellow */
     , (2000417, 133,          4) /* ShowableOnRadar - ShowAlways */
     , (2000417, 134,         16) /* PlayerKillerStatus - RubberGlue */
     , (2000417, 146,      17763) /* XpOverride */;

INSERT INTO `weenie_properties_bool` (`object_Id`, `type`, `value`)
VALUES (2000417,   1, True ) /* Stuck */
     , (2000417,   8, True ) /* AllowGive */
     , (2000417,  12, True ) /* ReportCollisions */
     , (2000417,  13, False) /* Ethereal */
     , (2000417,  19, False) /* Attackable */
     , (2000417,  41, True ) /* ReportCollisionsAsEnvironment */
     , (2000417,  42, True ) /* AllowEdgeSlide */
     , (2000417,  52, True ) /* AiImmobile */;

INSERT INTO `weenie_properties_float` (`object_Id`, `type`, `value`)
VALUES (2000417,   1,       5) /* HeartbeatInterval */
     , (2000417,   2,       0) /* HeartbeatTimestamp */
     , (2000417,   3, 0.159999996423721) /* HealthRate */
     , (2000417,   4,       5) /* StaminaRate */
     , (2000417,   5,       1) /* ManaRate */
     , (2000417,  12,     0.5) /* Shade */
     , (2000417,  13, 0.899999976158142) /* ArmorModVsSlash */
     , (2000417,  14,       1) /* ArmorModVsPierce */
     , (2000417,  15, 1.10000002384186) /* ArmorModVsBludgeon */
     , (2000417,  16, 0.400000005960464) /* ArmorModVsCold */
     , (2000417,  17, 0.400000005960464) /* ArmorModVsFire */
     , (2000417,  18,       1) /* ArmorModVsAcid */
     , (2000417,  19, 0.600000023841858) /* ArmorModVsElectric */
     , (2000417,  54,       3) /* UseRadius */
     , (2000417,  64,       1) /* ResistSlash */
     , (2000417,  65,       1) /* ResistPierce */
     , (2000417,  66,       1) /* ResistBludgeon */
     , (2000417,  67,       1) /* ResistFire */
     , (2000417,  68,       1) /* ResistCold */
     , (2000417,  69,       1) /* ResistAcid */
     , (2000417,  70,       1) /* ResistElectric */
     , (2000417,  71,       1) /* ResistHealthBoost */
     , (2000417,  72,       1) /* ResistStaminaDrain */
     , (2000417,  73,       1) /* ResistStaminaBoost */
     , (2000417,  74,       1) /* ResistManaDrain */
     , (2000417,  75,       1) /* ResistManaBoost */
     , (2000417, 104,      10) /* ObviousRadarRange */
     , (2000417, 125,       1) /* ResistHealthDrain */;

INSERT INTO `weenie_properties_string` (`object_Id`, `type`, `value`)
VALUES (2000417,   1, 'Townfolk') /* Name */;

INSERT INTO `weenie_properties_d_i_d` (`object_Id`, `type`, `value`)
VALUES (2000417,   1,   33557003) /* Setup */
     , (2000417,   2,  150994950) /* MotionTable */
     , (2000417,   3,  536870922) /* SoundTable */
     , (2000417,   4,  805306371) /* CombatTable */
     , (2000417,   6,   67113158) /* PaletteBase */
     , (2000417,   7,  268436632) /* ClothingBase */
     , (2000417,   8,  100667447) /* Icon */;

INSERT INTO `weenie_properties_attribute` (`object_Id`, `type`, `init_Level`, `level_From_C_P`, `c_P_Spent`)
VALUES (2000417,   1, 400, 0, 0) /* Strength */
     , (2000417,   2, 360, 0, 0) /* Endurance */
     , (2000417,   3, 350, 0, 0) /* Quickness */
     , (2000417,   4, 420, 0, 0) /* Coordination */
     , (2000417,   5, 250, 0, 0) /* Focus */
     , (2000417,   6, 270, 0, 0) /* Self */;

INSERT INTO `weenie_properties_attribute_2nd` (`object_Id`, `type`, `init_Level`, `level_From_C_P`, `c_P_Spent`, `current_Level`)
VALUES (2000417,   1,   200, 0, 0, 380) /* MaxHealth */
     , (2000417,   3,   100, 0, 0, 460) /* MaxStamina */
     , (2000417,   5,    40, 0, 0, 310) /* MaxMana */;

INSERT INTO `weenie_properties_skill` (`object_Id`, `type`, `level_From_P_P`, `s_a_c`, `p_p`, `init_Level`, `resistance_At_Last_Check`, `last_Used_Time`)
VALUES (2000417,  6, 0, 2, 0,   2, 0, 0) /* MeleeDefense        Trained */
     , (2000417,  7, 0, 2, 0,   2, 0, 0) /* MissileDefense      Trained */
     , (2000417, 13, 0, 2, 0,   2, 0, 0) /* UnarmedCombat       Trained */;

INSERT INTO `weenie_properties_body_part` (`object_Id`, `key`, `d_Type`, `d_Val`, `d_Var`, `base_Armor`, `armor_Vs_Slash`, `armor_Vs_Pierce`, `armor_Vs_Bludgeon`, `armor_Vs_Cold`, `armor_Vs_Fire`, `armor_Vs_Acid`, `armor_Vs_Electric`, `armor_Vs_Nether`, `b_h`, `h_l_f`, `m_l_f`, `l_l_f`, `h_r_f`, `m_r_f`, `l_r_f`, `h_l_b`, `m_l_b`, `l_l_b`, `h_r_b`, `m_r_b`, `l_r_b`)
VALUES (2000417,  0,  4,  0,    0,    0,    0,    0,    0,    0,    0,    0,    0,    0, 1, 0.33,    0,    0, 0.33,    0,    0, 0.33,    0,    0, 0.33,    0,    0) /* Head */
     , (2000417,  1,  4,  0,    0,    0,    0,    0,    0,    0,    0,    0,    0,    0, 2, 0.44, 0.17,    0, 0.44, 0.17,    0, 0.44, 0.17,    0, 0.44, 0.17,    0) /* Chest */
     , (2000417,  2,  4,  0,    0,    0,    0,    0,    0,    0,    0,    0,    0,    0, 3,    0, 0.17,    0,    0, 0.17,    0,    0, 0.17,    0,    0, 0.17,    0) /* Abdomen */
     , (2000417,  3,  4,  0,    0,    0,    0,    0,    0,    0,    0,    0,    0,    0, 1, 0.23, 0.03,    0, 0.23, 0.03,    0, 0.23, 0.03,    0, 0.23, 0.03,    0) /* UpperArm */
     , (2000417,  4,  4,  0,    0,    0,    0,    0,    0,    0,    0,    0,    0,    0, 2,    0,  0.3,    0,    0,  0.3,    0,    0,  0.3,    0,    0,  0.3,    0) /* LowerArm */
     , (2000417,  5,  4,  2, 0.75,    0,    0,    0,    0,    0,    0,    0,    0,    0, 2,    0,  0.2,    0,    0,  0.2,    0,    0,  0.2,    0,    0,  0.2,    0) /* Hand */
     , (2000417,  6,  4,  0,    0,    0,    0,    0,    0,    0,    0,    0,    0,    0, 3,    0, 0.13, 0.18,    0, 0.13, 0.18,    0, 0.13, 0.18,    0, 0.13, 0.18) /* UpperLeg */
     , (2000417,  7,  4,  0,    0,    0,    0,    0,    0,    0,    0,    0,    0,    0, 3,    0,    0,  0.6,    0,    0,  0.6,    0,    0,  0.6,    0,    0,  0.6) /* LowerLeg */
     , (2000417,  8,  4,  2, 0.75,    0,    0,    0,    0,    0,    0,    0,    0,    0, 3,    0,    0, 0.22,    0,    0, 0.22,    0,    0, 0.22,    0,    0, 0.22) /* Foot */;

INSERT INTO `weenie_properties_emote` (`object_Id`, `category`, `probability`, `weenie_Class_Id`, `style`, `substyle`, `quest`, `vendor_Type`, `min_Health`, `max_Health`)
VALUES (2000417,  7 /* Use */,      1, NULL, NULL, NULL, NULL, NULL, NULL, NULL);

SET @parent_id = LAST_INSERT_ID();

INSERT INTO `weenie_properties_emote_action` (`emote_Id`, `order`, `type`, `delay`, `extent`, `motion`, `message`, `test_String`, `min`, `max`, `min_64`, `max_64`, `min_Dbl`, `max_Dbl`, `stat`, `display`, `amount`, `amount_64`, `hero_X_P_64`, `percent`, `spell_Id`, `wealth_Rating`, `treasure_Class`, `treasure_Type`, `p_Script`, `sound`, `destination_Type`, `weenie_Class_Id`, `stack_Size`, `palette`, `shade`, `try_To_Bond`, `obj_Cell_Id`, `origin_X`, `origin_Y`, `origin_Z`, `angles_W`, `angles_X`, `angles_Y`, `angles_Z`)
VALUES (@parent_id,  0,  10 /* Tell */, 1, 1, NULL, 'The buildings here are impressive. But their armor lacks a certain class to me', NULL, NULL, NULL, NULL, NULL, NULL, NULL, NULL, NULL, NULL, NULL, NULL, NULL, NULL, NULL, NULL, NULL, NULL, NULL, NULL, NULL, NULL, NULL, NULL, NULL, NULL, NULL, NULL, NULL, NULL, NULL, NULL, NULL);

DELETE FROM `weenie` WHERE `class_Id` = 2000418;

INSERT INTO `weenie` (`class_Id`, `class_Name`, `type`, `last_Modified`)
VALUES (2000418, 'ace2000418-townsfolk', 10, '2019-09-30 13:47:28') /* Creature */;

INSERT INTO `weenie_properties_int` (`object_Id`, `type`, `value`)
VALUES (2000418,   1,         16) /* ItemType - Creature */
     , (2000418,   2,         31) /* CreatureType - Human */
     , (2000418,   6,         -1) /* ItemsCapacity */
     , (2000418,   7,         -1) /* ContainersCapacity */
     , (2000418,   8,        120) /* Mass */
     , (2000418,  16,         32) /* ItemUseable - Remote */
     , (2000418,  25,         16) /* Level */
     , (2000418,  27,          0) /* ArmorType - None */
     , (2000418,  93,    6292504) /* PhysicsState - ReportCollisions, IgnoreCollisions, Gravity, ReportCollisionsAsEnvironment, EdgeSlide */
     , (2000418,  95,          8) /* RadarBlipColor - Yellow */
     , (2000418, 113,          2) /* Gender - Female */
     , (2000418, 133,          4) /* ShowableOnRadar - ShowAlways */
     , (2000418, 134,         16) /* PlayerKillerStatus - RubberGlue */
     , (2000418, 146,        318) /* XpOverride */
     , (2000418, 188,          1) /* HeritageGroup - Aluvian */;

INSERT INTO `weenie_properties_bool` (`object_Id`, `type`, `value`)
VALUES (2000418,   1, True ) /* Stuck */
     , (2000418,   8, True ) /* AllowGive */
     , (2000418,  11, True ) /* IgnoreCollisions */
     , (2000418,  12, True ) /* ReportCollisions */
     , (2000418,  13, False) /* Ethereal */
     , (2000418,  14, True ) /* GravityStatus */
     , (2000418,  19, False) /* Attackable */
     , (2000418,  29, True ) /* NoCorpse */
     , (2000418,  41, True ) /* ReportCollisionsAsEnvironment */
     , (2000418,  42, True ) /* AllowEdgeSlide */
     , (2000418,  52, True ) /* AiImmobile */
     , (2000418,  79, True ) /* AiAcceptEverything */;

INSERT INTO `weenie_properties_float` (`object_Id`, `type`, `value`)
VALUES (2000418,   1,       5) /* HeartbeatInterval */
     , (2000418,   2,       0) /* HeartbeatTimestamp */
     , (2000418,   3, 0.159999996423721) /* HealthRate */
     , (2000418,   4,       5) /* StaminaRate */
     , (2000418,   5,       1) /* ManaRate */
     , (2000418,  13, 0.899999976158142) /* ArmorModVsSlash */
     , (2000418,  14,       1) /* ArmorModVsPierce */
     , (2000418,  15, 1.10000002384186) /* ArmorModVsBludgeon */
     , (2000418,  16, 0.400000005960464) /* ArmorModVsCold */
     , (2000418,  17, 0.400000005960464) /* ArmorModVsFire */
     , (2000418,  18,       1) /* ArmorModVsAcid */
     , (2000418,  19, 0.600000023841858) /* ArmorModVsElectric */
     , (2000418,  54,       3) /* UseRadius */
     , (2000418,  64,       1) /* ResistSlash */
     , (2000418,  65,       1) /* ResistPierce */
     , (2000418,  66,       1) /* ResistBludgeon */
     , (2000418,  67,       1) /* ResistFire */
     , (2000418,  68,       1) /* ResistCold */
     , (2000418,  69,       1) /* ResistAcid */
     , (2000418,  70,       1) /* ResistElectric */
     , (2000418,  71,       1) /* ResistHealthBoost */
     , (2000418,  72,       1) /* ResistStaminaDrain */
     , (2000418,  73,       1) /* ResistStaminaBoost */
     , (2000418,  74,       1) /* ResistManaDrain */
     , (2000418,  75,       1) /* ResistManaBoost */
     , (2000418, 104,      10) /* ObviousRadarRange */
     , (2000418, 125,       1) /* ResistHealthDrain */;

INSERT INTO `weenie_properties_string` (`object_Id`, `type`, `value`)
VALUES (2000418,   1, 'Townsfolk') /* Name */
     , (2000418,   3, 'Female') /* Sex */
     , (2000418,   4, 'Aluvian') /* HeritageGroup */
     , (2000418,   5, 'Herald') /* Template */;

INSERT INTO `weenie_properties_d_i_d` (`object_Id`, `type`, `value`)
VALUES (2000418,   1,   33554510) /* Setup */
     , (2000418,   2,  150994945) /* MotionTable */
     , (2000418,   3,  536870914) /* SoundTable */
     , (2000418,   4,  805306368) /* CombatTable */
     , (2000418,   6,   67108990) /* PaletteBase */
     , (2000418,   8,  100667446) /* Icon */
     , (2000418,   9,   83890279) /* EyesTexture */
     , (2000418,  10,   83890302) /* NoseTexture */
     , (2000418,  11,   83890324) /* MouthTexture */
     , (2000418,  15,   67116982) /* HairPalette */
     , (2000418,  16,   67110063) /* EyesPalette */
     , (2000418,  17,   67109561) /* SkinPalette */;

INSERT INTO `weenie_properties_attribute` (`object_Id`, `type`, `init_Level`, `level_From_C_P`, `c_P_Spent`)
VALUES (2000418,   1, 120, 0, 0) /* Strength */
     , (2000418,   2, 130, 0, 0) /* Endurance */
     , (2000418,   3, 100, 0, 0) /* Quickness */
     , (2000418,   4, 115, 0, 0) /* Coordination */
     , (2000418,   5, 110, 0, 0) /* Focus */
     , (2000418,   6, 100, 0, 0) /* Self */;

INSERT INTO `weenie_properties_attribute_2nd` (`object_Id`, `type`, `init_Level`, `level_From_C_P`, `c_P_Spent`, `current_Level`)
VALUES (2000418,   1,     0, 0, 0, 65) /* MaxHealth */
     , (2000418,   3,     0, 0, 0, 130) /* MaxStamina */
     , (2000418,   5,     0, 0, 0, 100) /* MaxMana */;

INSERT INTO `weenie_properties_skill` (`object_Id`, `type`, `level_From_P_P`, `s_a_c`, `p_p`, `init_Level`, `resistance_At_Last_Check`, `last_Used_Time`)
VALUES (2000418,  6, 0, 2, 0,   1, 0, 0) /* MeleeDefense        Trained */
     , (2000418,  7, 0, 2, 0,   1, 0, 0) /* MissileDefense      Trained */
     , (2000418, 13, 0, 2, 0,   1, 0, 0) /* UnarmedCombat       Trained */;

INSERT INTO `weenie_properties_body_part` (`object_Id`, `key`, `d_Type`, `d_Val`, `d_Var`, `base_Armor`, `armor_Vs_Slash`, `armor_Vs_Pierce`, `armor_Vs_Bludgeon`, `armor_Vs_Cold`, `armor_Vs_Fire`, `armor_Vs_Acid`, `armor_Vs_Electric`, `armor_Vs_Nether`, `b_h`, `h_l_f`, `m_l_f`, `l_l_f`, `h_r_f`, `m_r_f`, `l_r_f`, `h_l_b`, `m_l_b`, `l_l_b`, `h_r_b`, `m_r_b`, `l_r_b`)
VALUES (2000418,  0,  4,  0,    0,    0,    0,    0,    0,    0,    0,    0,    0,    0, 1, 0.33,    0,    0, 0.33,    0,    0, 0.33,    0,    0, 0.33,    0,    0) /* Head */
     , (2000418,  1,  4,  0,    0,    0,    0,    0,    0,    0,    0,    0,    0,    0, 2, 0.44, 0.17,    0, 0.44, 0.17,    0, 0.44, 0.17,    0, 0.44, 0.17,    0) /* Chest */
     , (2000418,  2,  4,  0,    0,    0,    0,    0,    0,    0,    0,    0,    0,    0, 3,    0, 0.17,    0,    0, 0.17,    0,    0, 0.17,    0,    0, 0.17,    0) /* Abdomen */
     , (2000418,  3,  4,  0,    0,    0,    0,    0,    0,    0,    0,    0,    0,    0, 1, 0.23, 0.03,    0, 0.23, 0.03,    0, 0.23, 0.03,    0, 0.23, 0.03,    0) /* UpperArm */
     , (2000418,  4,  4,  0,    0,    0,    0,    0,    0,    0,    0,    0,    0,    0, 2,    0,  0.3,    0,    0,  0.3,    0,    0,  0.3,    0,    0,  0.3,    0) /* LowerArm */
     , (2000418,  5,  4,  2, 0.75,    0,    0,    0,    0,    0,    0,    0,    0,    0, 2,    0,  0.2,    0,    0,  0.2,    0,    0,  0.2,    0,    0,  0.2,    0) /* Hand */
     , (2000418,  6,  4,  0,    0,    0,    0,    0,    0,    0,    0,    0,    0,    0, 3,    0, 0.13, 0.18,    0, 0.13, 0.18,    0, 0.13, 0.18,    0, 0.13, 0.18) /* UpperLeg */
     , (2000418,  7,  4,  0,    0,    0,    0,    0,    0,    0,    0,    0,    0,    0, 3,    0,    0,  0.6,    0,    0,  0.6,    0,    0,  0.6,    0,    0,  0.6) /* LowerLeg */
     , (2000418,  8,  4,  2, 0.75,    0,    0,    0,    0,    0,    0,    0,    0,    0, 3,    0,    0, 0.22,    0,    0, 0.22,    0,    0, 0.22,    0,    0, 0.22) /* Foot */;

INSERT INTO `weenie_properties_emote` (`object_Id`, `category`, `probability`, `weenie_Class_Id`, `style`, `substyle`, `quest`, `vendor_Type`, `min_Health`, `max_Health`)
VALUES (2000418,  7 /* Use */,      1, NULL, NULL, NULL, NULL, NULL, NULL, NULL);

SET @parent_id = LAST_INSERT_ID();

INSERT INTO `weenie_properties_emote_action` (`emote_Id`, `order`, `type`, `delay`, `extent`, `motion`, `message`, `test_String`, `min`, `max`, `min_64`, `max_64`, `min_Dbl`, `max_Dbl`, `stat`, `display`, `amount`, `amount_64`, `hero_X_P_64`, `percent`, `spell_Id`, `wealth_Rating`, `treasure_Class`, `treasure_Type`, `p_Script`, `sound`, `destination_Type`, `weenie_Class_Id`, `stack_Size`, `palette`, `shade`, `try_To_Bond`, `obj_Cell_Id`, `origin_X`, `origin_Y`, `origin_Z`, `angles_W`, `angles_X`, `angles_Y`, `angles_Z`)
VALUES (@parent_id,  0,  10 /* Tell */, 0, 1, NULL, 'Man those eaters are something else aren''t they.', NULL, NULL, NULL, NULL, NULL, NULL, NULL, NULL, NULL, NULL, NULL, NULL, NULL, NULL, NULL, NULL, NULL, NULL, NULL, NULL, NULL, NULL, NULL, NULL, NULL, NULL, NULL, NULL, NULL, NULL, NULL, NULL, NULL);

INSERT INTO `weenie_properties_create_list` (`object_Id`, `destination_Type`, `weenie_Class_Id`, `stack_Size`, `palette`, `shade`, `try_To_Bond`)
VALUES (2000418, 2,   121,  0, 90, 0.8, False) /* Create Gloves (121) for Wield */
     , (2000418, 2, 25701,  0, 93, 1, False) /* Create Sleek Dress (25701) for Wield */
     , (2000418, 2,  2604,  0, 92, 1, False) /* Create Breeches (2604) for Wield */;

DELETE FROM `weenie` WHERE `class_Id` = 2000419;

INSERT INTO `weenie` (`class_Id`, `class_Name`, `type`, `last_Modified`)
VALUES (2000419, 'ace2000419-townsfolk', 10, '2019-09-30 13:47:29') /* Creature */;

INSERT INTO `weenie_properties_int` (`object_Id`, `type`, `value`)
VALUES (2000419,   1,         16) /* ItemType - Creature */
     , (2000419,   2,         31) /* CreatureType - Human */
     , (2000419,   6,         -1) /* ItemsCapacity */
     , (2000419,   7,         -1) /* ContainersCapacity */
     , (2000419,   8,        120) /* Mass */
     , (2000419,  16,         32) /* ItemUseable - Remote */
     , (2000419,  25,         16) /* Level */
     , (2000419,  27,          0) /* ArmorType - None */
     , (2000419,  93,    6292504) /* PhysicsState - ReportCollisions, IgnoreCollisions, Gravity, ReportCollisionsAsEnvironment, EdgeSlide */
     , (2000419,  95,          8) /* RadarBlipColor - Yellow */
     , (2000419, 113,          2) /* Gender - Female */
     , (2000419, 133,          4) /* ShowableOnRadar - ShowAlways */
     , (2000419, 134,         16) /* PlayerKillerStatus - RubberGlue */
     , (2000419, 146,        318) /* XpOverride */
     , (2000419, 188,          1) /* HeritageGroup - Aluvian */;

INSERT INTO `weenie_properties_bool` (`object_Id`, `type`, `value`)
VALUES (2000419,   1, True ) /* Stuck */
     , (2000419,   8, True ) /* AllowGive */
     , (2000419,  11, True ) /* IgnoreCollisions */
     , (2000419,  12, True ) /* ReportCollisions */
     , (2000419,  13, False) /* Ethereal */
     , (2000419,  14, True ) /* GravityStatus */
     , (2000419,  19, False) /* Attackable */
     , (2000419,  29, True ) /* NoCorpse */
     , (2000419,  41, True ) /* ReportCollisionsAsEnvironment */
     , (2000419,  42, True ) /* AllowEdgeSlide */
     , (2000419,  52, True ) /* AiImmobile */
     , (2000419,  79, True ) /* AiAcceptEverything */;

INSERT INTO `weenie_properties_float` (`object_Id`, `type`, `value`)
VALUES (2000419,   1,       5) /* HeartbeatInterval */
     , (2000419,   2,       0) /* HeartbeatTimestamp */
     , (2000419,   3, 0.159999996423721) /* HealthRate */
     , (2000419,   4,       5) /* StaminaRate */
     , (2000419,   5,       1) /* ManaRate */
     , (2000419,  13, 0.899999976158142) /* ArmorModVsSlash */
     , (2000419,  14,       1) /* ArmorModVsPierce */
     , (2000419,  15, 1.10000002384186) /* ArmorModVsBludgeon */
     , (2000419,  16, 0.400000005960464) /* ArmorModVsCold */
     , (2000419,  17, 0.400000005960464) /* ArmorModVsFire */
     , (2000419,  18,       1) /* ArmorModVsAcid */
     , (2000419,  19, 0.600000023841858) /* ArmorModVsElectric */
     , (2000419,  54,       3) /* UseRadius */
     , (2000419,  64,       1) /* ResistSlash */
     , (2000419,  65,       1) /* ResistPierce */
     , (2000419,  66,       1) /* ResistBludgeon */
     , (2000419,  67,       1) /* ResistFire */
     , (2000419,  68,       1) /* ResistCold */
     , (2000419,  69,       1) /* ResistAcid */
     , (2000419,  70,       1) /* ResistElectric */
     , (2000419,  71,       1) /* ResistHealthBoost */
     , (2000419,  72,       1) /* ResistStaminaDrain */
     , (2000419,  73,       1) /* ResistStaminaBoost */
     , (2000419,  74,       1) /* ResistManaDrain */
     , (2000419,  75,       1) /* ResistManaBoost */
     , (2000419, 104,      10) /* ObviousRadarRange */
     , (2000419, 125,       1) /* ResistHealthDrain */;

INSERT INTO `weenie_properties_string` (`object_Id`, `type`, `value`)
VALUES (2000419,   1, 'Townsfolk') /* Name */
     , (2000419,   3, 'Female') /* Sex */
     , (2000419,   4, 'Aluvian') /* HeritageGroup */
     , (2000419,   5, 'Herald') /* Template */;

INSERT INTO `weenie_properties_d_i_d` (`object_Id`, `type`, `value`)
VALUES (2000419,   1,   33554510) /* Setup */
     , (2000419,   2,  150994945) /* MotionTable */
     , (2000419,   3,  536870914) /* SoundTable */
     , (2000419,   4,  805306368) /* CombatTable */
     , (2000419,   6,   67108990) /* PaletteBase */
     , (2000419,   8,  100667446) /* Icon */
     , (2000419,   9,   83890279) /* EyesTexture */
     , (2000419,  10,   83890302) /* NoseTexture */
     , (2000419,  11,   83890324) /* MouthTexture */
     , (2000419,  15,   67116982) /* HairPalette */
     , (2000419,  16,   67110063) /* EyesPalette */
     , (2000419,  17,   67109561) /* SkinPalette */;

INSERT INTO `weenie_properties_attribute` (`object_Id`, `type`, `init_Level`, `level_From_C_P`, `c_P_Spent`)
VALUES (2000419,   1, 120, 0, 0) /* Strength */
     , (2000419,   2, 130, 0, 0) /* Endurance */
     , (2000419,   3, 100, 0, 0) /* Quickness */
     , (2000419,   4, 115, 0, 0) /* Coordination */
     , (2000419,   5, 110, 0, 0) /* Focus */
     , (2000419,   6, 100, 0, 0) /* Self */;

INSERT INTO `weenie_properties_attribute_2nd` (`object_Id`, `type`, `init_Level`, `level_From_C_P`, `c_P_Spent`, `current_Level`)
VALUES (2000419,   1,     0, 0, 0, 65) /* MaxHealth */
     , (2000419,   3,     0, 0, 0, 130) /* MaxStamina */
     , (2000419,   5,     0, 0, 0, 100) /* MaxMana */;

INSERT INTO `weenie_properties_skill` (`object_Id`, `type`, `level_From_P_P`, `s_a_c`, `p_p`, `init_Level`, `resistance_At_Last_Check`, `last_Used_Time`)
VALUES (2000419,  6, 0, 2, 0,   1, 0, 0) /* MeleeDefense        Trained */
     , (2000419,  7, 0, 2, 0,   1, 0, 0) /* MissileDefense      Trained */
     , (2000419, 13, 0, 2, 0,   1, 0, 0) /* UnarmedCombat       Trained */;

INSERT INTO `weenie_properties_body_part` (`object_Id`, `key`, `d_Type`, `d_Val`, `d_Var`, `base_Armor`, `armor_Vs_Slash`, `armor_Vs_Pierce`, `armor_Vs_Bludgeon`, `armor_Vs_Cold`, `armor_Vs_Fire`, `armor_Vs_Acid`, `armor_Vs_Electric`, `armor_Vs_Nether`, `b_h`, `h_l_f`, `m_l_f`, `l_l_f`, `h_r_f`, `m_r_f`, `l_r_f`, `h_l_b`, `m_l_b`, `l_l_b`, `h_r_b`, `m_r_b`, `l_r_b`)
VALUES (2000419,  0,  4,  0,    0,    0,    0,    0,    0,    0,    0,    0,    0,    0, 1, 0.33,    0,    0, 0.33,    0,    0, 0.33,    0,    0, 0.33,    0,    0) /* Head */
     , (2000419,  1,  4,  0,    0,    0,    0,    0,    0,    0,    0,    0,    0,    0, 2, 0.44, 0.17,    0, 0.44, 0.17,    0, 0.44, 0.17,    0, 0.44, 0.17,    0) /* Chest */
     , (2000419,  2,  4,  0,    0,    0,    0,    0,    0,    0,    0,    0,    0,    0, 3,    0, 0.17,    0,    0, 0.17,    0,    0, 0.17,    0,    0, 0.17,    0) /* Abdomen */
     , (2000419,  3,  4,  0,    0,    0,    0,    0,    0,    0,    0,    0,    0,    0, 1, 0.23, 0.03,    0, 0.23, 0.03,    0, 0.23, 0.03,    0, 0.23, 0.03,    0) /* UpperArm */
     , (2000419,  4,  4,  0,    0,    0,    0,    0,    0,    0,    0,    0,    0,    0, 2,    0,  0.3,    0,    0,  0.3,    0,    0,  0.3,    0,    0,  0.3,    0) /* LowerArm */
     , (2000419,  5,  4,  2, 0.75,    0,    0,    0,    0,    0,    0,    0,    0,    0, 2,    0,  0.2,    0,    0,  0.2,    0,    0,  0.2,    0,    0,  0.2,    0) /* Hand */
     , (2000419,  6,  4,  0,    0,    0,    0,    0,    0,    0,    0,    0,    0,    0, 3,    0, 0.13, 0.18,    0, 0.13, 0.18,    0, 0.13, 0.18,    0, 0.13, 0.18) /* UpperLeg */
     , (2000419,  7,  4,  0,    0,    0,    0,    0,    0,    0,    0,    0,    0,    0, 3,    0,    0,  0.6,    0,    0,  0.6,    0,    0,  0.6,    0,    0,  0.6) /* LowerLeg */
     , (2000419,  8,  4,  2, 0.75,    0,    0,    0,    0,    0,    0,    0,    0,    0, 3,    0,    0, 0.22,    0,    0, 0.22,    0,    0, 0.22,    0,    0, 0.22) /* Foot */;

INSERT INTO `weenie_properties_emote` (`object_Id`, `category`, `probability`, `weenie_Class_Id`, `style`, `substyle`, `quest`, `vendor_Type`, `min_Health`, `max_Health`)
VALUES (2000419,  7 /* Use */,      1, NULL, NULL, NULL, NULL, NULL, NULL, NULL);

SET @parent_id = LAST_INSERT_ID();

INSERT INTO `weenie_properties_emote_action` (`emote_Id`, `order`, `type`, `delay`, `extent`, `motion`, `message`, `test_String`, `min`, `max`, `min_64`, `max_64`, `min_Dbl`, `max_Dbl`, `stat`, `display`, `amount`, `amount_64`, `hero_X_P_64`, `percent`, `spell_Id`, `wealth_Rating`, `treasure_Class`, `treasure_Type`, `p_Script`, `sound`, `destination_Type`, `weenie_Class_Id`, `stack_Size`, `palette`, `shade`, `try_To_Bond`, `obj_Cell_Id`, `origin_X`, `origin_Y`, `origin_Z`, `angles_W`, `angles_X`, `angles_Y`, `angles_Z`)
VALUES (@parent_id,  0,  10 /* Tell */, 0, 1, NULL, 'Can''t say I don''t enjoy the view.', NULL, NULL, NULL, NULL, NULL, NULL, NULL, NULL, NULL, NULL, NULL, NULL, NULL, NULL, NULL, NULL, NULL, NULL, NULL, NULL, NULL, NULL, NULL, NULL, NULL, NULL, NULL, NULL, NULL, NULL, NULL, NULL, NULL);

INSERT INTO `weenie_properties_create_list` (`object_Id`, `destination_Type`, `weenie_Class_Id`, `stack_Size`, `palette`, `shade`, `try_To_Bond`)
VALUES (2000419, 2,   121,  0, 90, 0.8, False) /* Create Gloves (121) for Wield */
     , (2000419, 2, 25701,  0, 87, 1, False) /* Create Sleek Dress (25701) for Wield */
     , (2000419, 2,  2604,  0, 92, 1, False) /* Create Breeches (2604) for Wield */;

DELETE FROM `weenie` WHERE `class_Id` = 2000420;

INSERT INTO `weenie` (`class_Id`, `class_Name`, `type`, `last_Modified`)
VALUES (2000420, 'ace2000420-townsfolk', 10, '2019-09-30 13:47:31') /* Creature */;

INSERT INTO `weenie_properties_int` (`object_Id`, `type`, `value`)
VALUES (2000420,   1,         16) /* ItemType - Creature */
     , (2000420,   2,         31) /* CreatureType - Human */
     , (2000420,   6,         -1) /* ItemsCapacity */
     , (2000420,   7,         -1) /* ContainersCapacity */
     , (2000420,   8,        120) /* Mass */
     , (2000420,  16,         32) /* ItemUseable - Remote */
     , (2000420,  25,         16) /* Level */
     , (2000420,  27,          0) /* ArmorType - None */
     , (2000420,  93,    6292504) /* PhysicsState - ReportCollisions, IgnoreCollisions, Gravity, ReportCollisionsAsEnvironment, EdgeSlide */
     , (2000420,  95,          8) /* RadarBlipColor - Yellow */
     , (2000420, 113,          2) /* Gender - Female */
     , (2000420, 133,          4) /* ShowableOnRadar - ShowAlways */
     , (2000420, 134,         16) /* PlayerKillerStatus - RubberGlue */
     , (2000420, 146,        318) /* XpOverride */
     , (2000420, 188,          1) /* HeritageGroup - Aluvian */;

INSERT INTO `weenie_properties_bool` (`object_Id`, `type`, `value`)
VALUES (2000420,   1, True ) /* Stuck */
     , (2000420,   8, True ) /* AllowGive */
     , (2000420,  11, True ) /* IgnoreCollisions */
     , (2000420,  12, True ) /* ReportCollisions */
     , (2000420,  13, False) /* Ethereal */
     , (2000420,  14, True ) /* GravityStatus */
     , (2000420,  19, False) /* Attackable */
     , (2000420,  29, True ) /* NoCorpse */
     , (2000420,  41, True ) /* ReportCollisionsAsEnvironment */
     , (2000420,  42, True ) /* AllowEdgeSlide */
     , (2000420,  52, True ) /* AiImmobile */
     , (2000420,  79, True ) /* AiAcceptEverything */;

INSERT INTO `weenie_properties_float` (`object_Id`, `type`, `value`)
VALUES (2000420,   1,       5) /* HeartbeatInterval */
     , (2000420,   2,       0) /* HeartbeatTimestamp */
     , (2000420,   3, 0.159999996423721) /* HealthRate */
     , (2000420,   4,       5) /* StaminaRate */
     , (2000420,   5,       1) /* ManaRate */
     , (2000420,  13, 0.899999976158142) /* ArmorModVsSlash */
     , (2000420,  14,       1) /* ArmorModVsPierce */
     , (2000420,  15, 1.10000002384186) /* ArmorModVsBludgeon */
     , (2000420,  16, 0.400000005960464) /* ArmorModVsCold */
     , (2000420,  17, 0.400000005960464) /* ArmorModVsFire */
     , (2000420,  18,       1) /* ArmorModVsAcid */
     , (2000420,  19, 0.600000023841858) /* ArmorModVsElectric */
     , (2000420,  54,       3) /* UseRadius */
     , (2000420,  64,       1) /* ResistSlash */
     , (2000420,  65,       1) /* ResistPierce */
     , (2000420,  66,       1) /* ResistBludgeon */
     , (2000420,  67,       1) /* ResistFire */
     , (2000420,  68,       1) /* ResistCold */
     , (2000420,  69,       1) /* ResistAcid */
     , (2000420,  70,       1) /* ResistElectric */
     , (2000420,  71,       1) /* ResistHealthBoost */
     , (2000420,  72,       1) /* ResistStaminaDrain */
     , (2000420,  73,       1) /* ResistStaminaBoost */
     , (2000420,  74,       1) /* ResistManaDrain */
     , (2000420,  75,       1) /* ResistManaBoost */
     , (2000420, 104,      10) /* ObviousRadarRange */
     , (2000420, 125,       1) /* ResistHealthDrain */;

INSERT INTO `weenie_properties_string` (`object_Id`, `type`, `value`)
VALUES (2000420,   1, 'Townsfolk') /* Name */
     , (2000420,   3, 'Female') /* Sex */
     , (2000420,   4, 'Aluvian') /* HeritageGroup */
     , (2000420,   5, 'Herald') /* Template */;

INSERT INTO `weenie_properties_d_i_d` (`object_Id`, `type`, `value`)
VALUES (2000420,   1,   33554510) /* Setup */
     , (2000420,   2,  150994945) /* MotionTable */
     , (2000420,   3,  536870914) /* SoundTable */
     , (2000420,   4,  805306368) /* CombatTable */
     , (2000420,   6,   67108990) /* PaletteBase */
     , (2000420,   8,  100667446) /* Icon */
     , (2000420,   9,   83890279) /* EyesTexture */
     , (2000420,  10,   83890302) /* NoseTexture */
     , (2000420,  11,   83890324) /* MouthTexture */
     , (2000420,  15,   67116982) /* HairPalette */
     , (2000420,  16,   67110063) /* EyesPalette */
     , (2000420,  17,   67109561) /* SkinPalette */;

INSERT INTO `weenie_properties_attribute` (`object_Id`, `type`, `init_Level`, `level_From_C_P`, `c_P_Spent`)
VALUES (2000420,   1, 120, 0, 0) /* Strength */
     , (2000420,   2, 130, 0, 0) /* Endurance */
     , (2000420,   3, 100, 0, 0) /* Quickness */
     , (2000420,   4, 115, 0, 0) /* Coordination */
     , (2000420,   5, 110, 0, 0) /* Focus */
     , (2000420,   6, 100, 0, 0) /* Self */;

INSERT INTO `weenie_properties_attribute_2nd` (`object_Id`, `type`, `init_Level`, `level_From_C_P`, `c_P_Spent`, `current_Level`)
VALUES (2000420,   1,     0, 0, 0, 65) /* MaxHealth */
     , (2000420,   3,     0, 0, 0, 130) /* MaxStamina */
     , (2000420,   5,     0, 0, 0, 100) /* MaxMana */;

INSERT INTO `weenie_properties_skill` (`object_Id`, `type`, `level_From_P_P`, `s_a_c`, `p_p`, `init_Level`, `resistance_At_Last_Check`, `last_Used_Time`)
VALUES (2000420,  6, 0, 2, 0,   1, 0, 0) /* MeleeDefense        Trained */
     , (2000420,  7, 0, 2, 0,   1, 0, 0) /* MissileDefense      Trained */
     , (2000420, 13, 0, 2, 0,   1, 0, 0) /* UnarmedCombat       Trained */;

INSERT INTO `weenie_properties_body_part` (`object_Id`, `key`, `d_Type`, `d_Val`, `d_Var`, `base_Armor`, `armor_Vs_Slash`, `armor_Vs_Pierce`, `armor_Vs_Bludgeon`, `armor_Vs_Cold`, `armor_Vs_Fire`, `armor_Vs_Acid`, `armor_Vs_Electric`, `armor_Vs_Nether`, `b_h`, `h_l_f`, `m_l_f`, `l_l_f`, `h_r_f`, `m_r_f`, `l_r_f`, `h_l_b`, `m_l_b`, `l_l_b`, `h_r_b`, `m_r_b`, `l_r_b`)
VALUES (2000420,  0,  4,  0,    0,    0,    0,    0,    0,    0,    0,    0,    0,    0, 1, 0.33,    0,    0, 0.33,    0,    0, 0.33,    0,    0, 0.33,    0,    0) /* Head */
     , (2000420,  1,  4,  0,    0,    0,    0,    0,    0,    0,    0,    0,    0,    0, 2, 0.44, 0.17,    0, 0.44, 0.17,    0, 0.44, 0.17,    0, 0.44, 0.17,    0) /* Chest */
     , (2000420,  2,  4,  0,    0,    0,    0,    0,    0,    0,    0,    0,    0,    0, 3,    0, 0.17,    0,    0, 0.17,    0,    0, 0.17,    0,    0, 0.17,    0) /* Abdomen */
     , (2000420,  3,  4,  0,    0,    0,    0,    0,    0,    0,    0,    0,    0,    0, 1, 0.23, 0.03,    0, 0.23, 0.03,    0, 0.23, 0.03,    0, 0.23, 0.03,    0) /* UpperArm */
     , (2000420,  4,  4,  0,    0,    0,    0,    0,    0,    0,    0,    0,    0,    0, 2,    0,  0.3,    0,    0,  0.3,    0,    0,  0.3,    0,    0,  0.3,    0) /* LowerArm */
     , (2000420,  5,  4,  2, 0.75,    0,    0,    0,    0,    0,    0,    0,    0,    0, 2,    0,  0.2,    0,    0,  0.2,    0,    0,  0.2,    0,    0,  0.2,    0) /* Hand */
     , (2000420,  6,  4,  0,    0,    0,    0,    0,    0,    0,    0,    0,    0,    0, 3,    0, 0.13, 0.18,    0, 0.13, 0.18,    0, 0.13, 0.18,    0, 0.13, 0.18) /* UpperLeg */
     , (2000420,  7,  4,  0,    0,    0,    0,    0,    0,    0,    0,    0,    0,    0, 3,    0,    0,  0.6,    0,    0,  0.6,    0,    0,  0.6,    0,    0,  0.6) /* LowerLeg */
     , (2000420,  8,  4,  2, 0.75,    0,    0,    0,    0,    0,    0,    0,    0,    0, 3,    0,    0, 0.22,    0,    0, 0.22,    0,    0, 0.22,    0,    0, 0.22) /* Foot */;

INSERT INTO `weenie_properties_emote` (`object_Id`, `category`, `probability`, `weenie_Class_Id`, `style`, `substyle`, `quest`, `vendor_Type`, `min_Health`, `max_Health`)
VALUES (2000420,  7 /* Use */,      1, NULL, NULL, NULL, NULL, NULL, NULL, NULL);

SET @parent_id = LAST_INSERT_ID();

INSERT INTO `weenie_properties_emote_action` (`emote_Id`, `order`, `type`, `delay`, `extent`, `motion`, `message`, `test_String`, `min`, `max`, `min_64`, `max_64`, `min_Dbl`, `max_Dbl`, `stat`, `display`, `amount`, `amount_64`, `hero_X_P_64`, `percent`, `spell_Id`, `wealth_Rating`, `treasure_Class`, `treasure_Type`, `p_Script`, `sound`, `destination_Type`, `weenie_Class_Id`, `stack_Size`, `palette`, `shade`, `try_To_Bond`, `obj_Cell_Id`, `origin_X`, `origin_Y`, `origin_Z`, `angles_W`, `angles_X`, `angles_Y`, `angles_Z`)
VALUES (@parent_id,  0,  10 /* Tell */, 0, 1, NULL, 'Safer here than the mainland these days', NULL, NULL, NULL, NULL, NULL, NULL, NULL, NULL, NULL, NULL, NULL, NULL, NULL, NULL, NULL, NULL, NULL, NULL, NULL, NULL, NULL, NULL, NULL, NULL, NULL, NULL, NULL, NULL, NULL, NULL, NULL, NULL, NULL);

INSERT INTO `weenie_properties_create_list` (`object_Id`, `destination_Type`, `weenie_Class_Id`, `stack_Size`, `palette`, `shade`, `try_To_Bond`)
VALUES (2000420, 2,   121,  0, 90, 0.8, False) /* Create Gloves (121) for Wield */
     , (2000420, 2,  2588,  0, 89, 1, False) /* Create Shirt (2588) for Wield */
     , (2000420, 2,  2604,  0, 91, 1, False) /* Create Breeches (2604) for Wield */;

DELETE FROM `weenie` WHERE `class_Id` = 2000421;

INSERT INTO `weenie` (`class_Id`, `class_Name`, `type`, `last_Modified`)
VALUES (2000421, 'ace2000421-townfolk', 10, '2019-09-30 13:47:32') /* Creature */;

INSERT INTO `weenie_properties_int` (`object_Id`, `type`, `value`)
VALUES (2000421,   1,         16) /* ItemType - Creature */
     , (2000421,   2,          5) /* CreatureType - Lugian */
     , (2000421,   3,         17) /* PaletteTemplate - Yellow */
     , (2000421,   6,         -1) /* ItemsCapacity */
     , (2000421,   7,         -1) /* ContainersCapacity */
     , (2000421,   8,        120) /* Mass */
     , (2000421,  16,         32) /* ItemUseable - Remote */
     , (2000421,  25,        155) /* Level */
     , (2000421,  27,          0) /* ArmorType - None */
     , (2000421,  93,    6292504) /* PhysicsState - ReportCollisions, IgnoreCollisions, Gravity, ReportCollisionsAsEnvironment, EdgeSlide */
     , (2000421,  95,          8) /* RadarBlipColor - Yellow */
     , (2000421, 133,          4) /* ShowableOnRadar - ShowAlways */
     , (2000421, 134,         16) /* PlayerKillerStatus - RubberGlue */
     , (2000421, 146,      17763) /* XpOverride */;

INSERT INTO `weenie_properties_bool` (`object_Id`, `type`, `value`)
VALUES (2000421,   1, True ) /* Stuck */
     , (2000421,   8, True ) /* AllowGive */
     , (2000421,  12, True ) /* ReportCollisions */
     , (2000421,  13, False) /* Ethereal */
     , (2000421,  19, False) /* Attackable */
     , (2000421,  41, True ) /* ReportCollisionsAsEnvironment */
     , (2000421,  42, True ) /* AllowEdgeSlide */
     , (2000421,  52, True ) /* AiImmobile */;

INSERT INTO `weenie_properties_float` (`object_Id`, `type`, `value`)
VALUES (2000421,   1,       5) /* HeartbeatInterval */
     , (2000421,   2,       0) /* HeartbeatTimestamp */
     , (2000421,   3, 0.159999996423721) /* HealthRate */
     , (2000421,   4,       5) /* StaminaRate */
     , (2000421,   5,       1) /* ManaRate */
     , (2000421,  12,     0.5) /* Shade */
     , (2000421,  13, 0.899999976158142) /* ArmorModVsSlash */
     , (2000421,  14,       1) /* ArmorModVsPierce */
     , (2000421,  15, 1.10000002384186) /* ArmorModVsBludgeon */
     , (2000421,  16, 0.400000005960464) /* ArmorModVsCold */
     , (2000421,  17, 0.400000005960464) /* ArmorModVsFire */
     , (2000421,  18,       1) /* ArmorModVsAcid */
     , (2000421,  19, 0.600000023841858) /* ArmorModVsElectric */
     , (2000421,  54,       3) /* UseRadius */
     , (2000421,  64,       1) /* ResistSlash */
     , (2000421,  65,       1) /* ResistPierce */
     , (2000421,  66,       1) /* ResistBludgeon */
     , (2000421,  67,       1) /* ResistFire */
     , (2000421,  68,       1) /* ResistCold */
     , (2000421,  69,       1) /* ResistAcid */
     , (2000421,  70,       1) /* ResistElectric */
     , (2000421,  71,       1) /* ResistHealthBoost */
     , (2000421,  72,       1) /* ResistStaminaDrain */
     , (2000421,  73,       1) /* ResistStaminaBoost */
     , (2000421,  74,       1) /* ResistManaDrain */
     , (2000421,  75,       1) /* ResistManaBoost */
     , (2000421, 104,      10) /* ObviousRadarRange */
     , (2000421, 125,       1) /* ResistHealthDrain */;

INSERT INTO `weenie_properties_string` (`object_Id`, `type`, `value`)
VALUES (2000421,   1, 'Townfolk') /* Name */;

INSERT INTO `weenie_properties_d_i_d` (`object_Id`, `type`, `value`)
VALUES (2000421,   1,   33557003) /* Setup */
     , (2000421,   2,  150994950) /* MotionTable */
     , (2000421,   3,  536870922) /* SoundTable */
     , (2000421,   4,  805306371) /* CombatTable */
     , (2000421,   6,   67113158) /* PaletteBase */
     , (2000421,   7,  268436632) /* ClothingBase */
     , (2000421,   8,  100667447) /* Icon */;

INSERT INTO `weenie_properties_attribute` (`object_Id`, `type`, `init_Level`, `level_From_C_P`, `c_P_Spent`)
VALUES (2000421,   1, 400, 0, 0) /* Strength */
     , (2000421,   2, 360, 0, 0) /* Endurance */
     , (2000421,   3, 350, 0, 0) /* Quickness */
     , (2000421,   4, 420, 0, 0) /* Coordination */
     , (2000421,   5, 250, 0, 0) /* Focus */
     , (2000421,   6, 270, 0, 0) /* Self */;

INSERT INTO `weenie_properties_attribute_2nd` (`object_Id`, `type`, `init_Level`, `level_From_C_P`, `c_P_Spent`, `current_Level`)
VALUES (2000421,   1,   200, 0, 0, 380) /* MaxHealth */
     , (2000421,   3,   100, 0, 0, 460) /* MaxStamina */
     , (2000421,   5,    40, 0, 0, 310) /* MaxMana */;

INSERT INTO `weenie_properties_skill` (`object_Id`, `type`, `level_From_P_P`, `s_a_c`, `p_p`, `init_Level`, `resistance_At_Last_Check`, `last_Used_Time`)
VALUES (2000421,  6, 0, 2, 0,   2, 0, 0) /* MeleeDefense        Trained */
     , (2000421,  7, 0, 2, 0,   2, 0, 0) /* MissileDefense      Trained */
     , (2000421, 13, 0, 2, 0,   2, 0, 0) /* UnarmedCombat       Trained */;

INSERT INTO `weenie_properties_body_part` (`object_Id`, `key`, `d_Type`, `d_Val`, `d_Var`, `base_Armor`, `armor_Vs_Slash`, `armor_Vs_Pierce`, `armor_Vs_Bludgeon`, `armor_Vs_Cold`, `armor_Vs_Fire`, `armor_Vs_Acid`, `armor_Vs_Electric`, `armor_Vs_Nether`, `b_h`, `h_l_f`, `m_l_f`, `l_l_f`, `h_r_f`, `m_r_f`, `l_r_f`, `h_l_b`, `m_l_b`, `l_l_b`, `h_r_b`, `m_r_b`, `l_r_b`)
VALUES (2000421,  0,  4,  0,    0,    0,    0,    0,    0,    0,    0,    0,    0,    0, 1, 0.33,    0,    0, 0.33,    0,    0, 0.33,    0,    0, 0.33,    0,    0) /* Head */
     , (2000421,  1,  4,  0,    0,    0,    0,    0,    0,    0,    0,    0,    0,    0, 2, 0.44, 0.17,    0, 0.44, 0.17,    0, 0.44, 0.17,    0, 0.44, 0.17,    0) /* Chest */
     , (2000421,  2,  4,  0,    0,    0,    0,    0,    0,    0,    0,    0,    0,    0, 3,    0, 0.17,    0,    0, 0.17,    0,    0, 0.17,    0,    0, 0.17,    0) /* Abdomen */
     , (2000421,  3,  4,  0,    0,    0,    0,    0,    0,    0,    0,    0,    0,    0, 1, 0.23, 0.03,    0, 0.23, 0.03,    0, 0.23, 0.03,    0, 0.23, 0.03,    0) /* UpperArm */
     , (2000421,  4,  4,  0,    0,    0,    0,    0,    0,    0,    0,    0,    0,    0, 2,    0,  0.3,    0,    0,  0.3,    0,    0,  0.3,    0,    0,  0.3,    0) /* LowerArm */
     , (2000421,  5,  4,  2, 0.75,    0,    0,    0,    0,    0,    0,    0,    0,    0, 2,    0,  0.2,    0,    0,  0.2,    0,    0,  0.2,    0,    0,  0.2,    0) /* Hand */
     , (2000421,  6,  4,  0,    0,    0,    0,    0,    0,    0,    0,    0,    0,    0, 3,    0, 0.13, 0.18,    0, 0.13, 0.18,    0, 0.13, 0.18,    0, 0.13, 0.18) /* UpperLeg */
     , (2000421,  7,  4,  0,    0,    0,    0,    0,    0,    0,    0,    0,    0,    0, 3,    0,    0,  0.6,    0,    0,  0.6,    0,    0,  0.6,    0,    0,  0.6) /* LowerLeg */
     , (2000421,  8,  4,  2, 0.75,    0,    0,    0,    0,    0,    0,    0,    0,    0, 3,    0,    0, 0.22,    0,    0, 0.22,    0,    0, 0.22,    0,    0, 0.22) /* Foot */;

INSERT INTO `weenie_properties_emote` (`object_Id`, `category`, `probability`, `weenie_Class_Id`, `style`, `substyle`, `quest`, `vendor_Type`, `min_Health`, `max_Health`)
VALUES (2000421,  7 /* Use */,      1, NULL, NULL, NULL, NULL, NULL, NULL, NULL);

SET @parent_id = LAST_INSERT_ID();

INSERT INTO `weenie_properties_emote_action` (`emote_Id`, `order`, `type`, `delay`, `extent`, `motion`, `message`, `test_String`, `min`, `max`, `min_64`, `max_64`, `min_Dbl`, `max_Dbl`, `stat`, `display`, `amount`, `amount_64`, `hero_X_P_64`, `percent`, `spell_Id`, `wealth_Rating`, `treasure_Class`, `treasure_Type`, `p_Script`, `sound`, `destination_Type`, `weenie_Class_Id`, `stack_Size`, `palette`, `shade`, `try_To_Bond`, `obj_Cell_Id`, `origin_X`, `origin_Y`, `origin_Z`, `angles_W`, `angles_X`, `angles_Y`, `angles_Z`)
VALUES (@parent_id,  0,  10 /* Tell */, 1, 1, NULL, 'You humans choose to live in interesting places.', NULL, NULL, NULL, NULL, NULL, NULL, NULL, NULL, NULL, NULL, NULL, NULL, NULL, NULL, NULL, NULL, NULL, NULL, NULL, NULL, NULL, NULL, NULL, NULL, NULL, NULL, NULL, NULL, NULL, NULL, NULL, NULL, NULL);

DELETE FROM `weenie` WHERE `class_Id` = 2000422;

INSERT INTO `weenie` (`class_Id`, `class_Name`, `type`, `last_Modified`)
VALUES (2000422, 'ace2000422-townsfolk', 10, '2019-09-30 13:47:33') /* Creature */;

INSERT INTO `weenie_properties_int` (`object_Id`, `type`, `value`)
VALUES (2000422,   1,         16) /* ItemType - Creature */
     , (2000422,   2,         31) /* CreatureType - Human */
     , (2000422,   6,         -1) /* ItemsCapacity */
     , (2000422,   7,         -1) /* ContainersCapacity */
     , (2000422,   8,        120) /* Mass */
     , (2000422,  16,         32) /* ItemUseable - Remote */
     , (2000422,  25,         16) /* Level */
     , (2000422,  27,          0) /* ArmorType - None */
     , (2000422,  93,    6292504) /* PhysicsState - ReportCollisions, IgnoreCollisions, Gravity, ReportCollisionsAsEnvironment, EdgeSlide */
     , (2000422,  95,          8) /* RadarBlipColor - Yellow */
     , (2000422, 113,          2) /* Gender - Female */
     , (2000422, 133,          4) /* ShowableOnRadar - ShowAlways */
     , (2000422, 134,         16) /* PlayerKillerStatus - RubberGlue */
     , (2000422, 146,        318) /* XpOverride */
     , (2000422, 188,          1) /* HeritageGroup - Aluvian */;

INSERT INTO `weenie_properties_bool` (`object_Id`, `type`, `value`)
VALUES (2000422,   1, True ) /* Stuck */
     , (2000422,   8, True ) /* AllowGive */
     , (2000422,  11, True ) /* IgnoreCollisions */
     , (2000422,  12, True ) /* ReportCollisions */
     , (2000422,  13, False) /* Ethereal */
     , (2000422,  14, True ) /* GravityStatus */
     , (2000422,  19, False) /* Attackable */
     , (2000422,  29, True ) /* NoCorpse */
     , (2000422,  41, True ) /* ReportCollisionsAsEnvironment */
     , (2000422,  42, True ) /* AllowEdgeSlide */
     , (2000422,  52, True ) /* AiImmobile */
     , (2000422,  79, True ) /* AiAcceptEverything */;

INSERT INTO `weenie_properties_float` (`object_Id`, `type`, `value`)
VALUES (2000422,   1,       5) /* HeartbeatInterval */
     , (2000422,   2,       0) /* HeartbeatTimestamp */
     , (2000422,   3, 0.159999996423721) /* HealthRate */
     , (2000422,   4,       5) /* StaminaRate */
     , (2000422,   5,       1) /* ManaRate */
     , (2000422,  13, 0.899999976158142) /* ArmorModVsSlash */
     , (2000422,  14,       1) /* ArmorModVsPierce */
     , (2000422,  15, 1.10000002384186) /* ArmorModVsBludgeon */
     , (2000422,  16, 0.400000005960464) /* ArmorModVsCold */
     , (2000422,  17, 0.400000005960464) /* ArmorModVsFire */
     , (2000422,  18,       1) /* ArmorModVsAcid */
     , (2000422,  19, 0.600000023841858) /* ArmorModVsElectric */
     , (2000422,  54,       3) /* UseRadius */
     , (2000422,  64,       1) /* ResistSlash */
     , (2000422,  65,       1) /* ResistPierce */
     , (2000422,  66,       1) /* ResistBludgeon */
     , (2000422,  67,       1) /* ResistFire */
     , (2000422,  68,       1) /* ResistCold */
     , (2000422,  69,       1) /* ResistAcid */
     , (2000422,  70,       1) /* ResistElectric */
     , (2000422,  71,       1) /* ResistHealthBoost */
     , (2000422,  72,       1) /* ResistStaminaDrain */
     , (2000422,  73,       1) /* ResistStaminaBoost */
     , (2000422,  74,       1) /* ResistManaDrain */
     , (2000422,  75,       1) /* ResistManaBoost */
     , (2000422, 104,      10) /* ObviousRadarRange */
     , (2000422, 125,       1) /* ResistHealthDrain */;

INSERT INTO `weenie_properties_string` (`object_Id`, `type`, `value`)
VALUES (2000422,   1, 'Townsfolk') /* Name */
     , (2000422,   3, 'Female') /* Sex */
     , (2000422,   4, 'Aluvian') /* HeritageGroup */
     , (2000422,   5, 'Herald') /* Template */;

INSERT INTO `weenie_properties_d_i_d` (`object_Id`, `type`, `value`)
VALUES (2000422,   1,   33554510) /* Setup */
     , (2000422,   2,  150994945) /* MotionTable */
     , (2000422,   3,  536870914) /* SoundTable */
     , (2000422,   4,  805306368) /* CombatTable */
     , (2000422,   6,   67108990) /* PaletteBase */
     , (2000422,   8,  100667446) /* Icon */
     , (2000422,   9,   83890279) /* EyesTexture */
     , (2000422,  10,   83890302) /* NoseTexture */
     , (2000422,  11,   83890324) /* MouthTexture */
     , (2000422,  15,   67116982) /* HairPalette */
     , (2000422,  16,   67110063) /* EyesPalette */
     , (2000422,  17,   67109561) /* SkinPalette */;

INSERT INTO `weenie_properties_attribute` (`object_Id`, `type`, `init_Level`, `level_From_C_P`, `c_P_Spent`)
VALUES (2000422,   1, 120, 0, 0) /* Strength */
     , (2000422,   2, 130, 0, 0) /* Endurance */
     , (2000422,   3, 100, 0, 0) /* Quickness */
     , (2000422,   4, 115, 0, 0) /* Coordination */
     , (2000422,   5, 110, 0, 0) /* Focus */
     , (2000422,   6, 100, 0, 0) /* Self */;

INSERT INTO `weenie_properties_attribute_2nd` (`object_Id`, `type`, `init_Level`, `level_From_C_P`, `c_P_Spent`, `current_Level`)
VALUES (2000422,   1,     0, 0, 0, 65) /* MaxHealth */
     , (2000422,   3,     0, 0, 0, 130) /* MaxStamina */
     , (2000422,   5,     0, 0, 0, 100) /* MaxMana */;

INSERT INTO `weenie_properties_skill` (`object_Id`, `type`, `level_From_P_P`, `s_a_c`, `p_p`, `init_Level`, `resistance_At_Last_Check`, `last_Used_Time`)
VALUES (2000422,  6, 0, 2, 0,   1, 0, 0) /* MeleeDefense        Trained */
     , (2000422,  7, 0, 2, 0,   1, 0, 0) /* MissileDefense      Trained */
     , (2000422, 13, 0, 2, 0,   1, 0, 0) /* UnarmedCombat       Trained */;

INSERT INTO `weenie_properties_body_part` (`object_Id`, `key`, `d_Type`, `d_Val`, `d_Var`, `base_Armor`, `armor_Vs_Slash`, `armor_Vs_Pierce`, `armor_Vs_Bludgeon`, `armor_Vs_Cold`, `armor_Vs_Fire`, `armor_Vs_Acid`, `armor_Vs_Electric`, `armor_Vs_Nether`, `b_h`, `h_l_f`, `m_l_f`, `l_l_f`, `h_r_f`, `m_r_f`, `l_r_f`, `h_l_b`, `m_l_b`, `l_l_b`, `h_r_b`, `m_r_b`, `l_r_b`)
VALUES (2000422,  0,  4,  0,    0,    0,    0,    0,    0,    0,    0,    0,    0,    0, 1, 0.33,    0,    0, 0.33,    0,    0, 0.33,    0,    0, 0.33,    0,    0) /* Head */
     , (2000422,  1,  4,  0,    0,    0,    0,    0,    0,    0,    0,    0,    0,    0, 2, 0.44, 0.17,    0, 0.44, 0.17,    0, 0.44, 0.17,    0, 0.44, 0.17,    0) /* Chest */
     , (2000422,  2,  4,  0,    0,    0,    0,    0,    0,    0,    0,    0,    0,    0, 3,    0, 0.17,    0,    0, 0.17,    0,    0, 0.17,    0,    0, 0.17,    0) /* Abdomen */
     , (2000422,  3,  4,  0,    0,    0,    0,    0,    0,    0,    0,    0,    0,    0, 1, 0.23, 0.03,    0, 0.23, 0.03,    0, 0.23, 0.03,    0, 0.23, 0.03,    0) /* UpperArm */
     , (2000422,  4,  4,  0,    0,    0,    0,    0,    0,    0,    0,    0,    0,    0, 2,    0,  0.3,    0,    0,  0.3,    0,    0,  0.3,    0,    0,  0.3,    0) /* LowerArm */
     , (2000422,  5,  4,  2, 0.75,    0,    0,    0,    0,    0,    0,    0,    0,    0, 2,    0,  0.2,    0,    0,  0.2,    0,    0,  0.2,    0,    0,  0.2,    0) /* Hand */
     , (2000422,  6,  4,  0,    0,    0,    0,    0,    0,    0,    0,    0,    0,    0, 3,    0, 0.13, 0.18,    0, 0.13, 0.18,    0, 0.13, 0.18,    0, 0.13, 0.18) /* UpperLeg */
     , (2000422,  7,  4,  0,    0,    0,    0,    0,    0,    0,    0,    0,    0,    0, 3,    0,    0,  0.6,    0,    0,  0.6,    0,    0,  0.6,    0,    0,  0.6) /* LowerLeg */
     , (2000422,  8,  4,  2, 0.75,    0,    0,    0,    0,    0,    0,    0,    0,    0, 3,    0,    0, 0.22,    0,    0, 0.22,    0,    0, 0.22,    0,    0, 0.22) /* Foot */;

INSERT INTO `weenie_properties_emote` (`object_Id`, `category`, `probability`, `weenie_Class_Id`, `style`, `substyle`, `quest`, `vendor_Type`, `min_Health`, `max_Health`)
VALUES (2000422,  7 /* Use */,      1, NULL, NULL, NULL, NULL, NULL, NULL, NULL);

SET @parent_id = LAST_INSERT_ID();

INSERT INTO `weenie_properties_emote_action` (`emote_Id`, `order`, `type`, `delay`, `extent`, `motion`, `message`, `test_String`, `min`, `max`, `min_64`, `max_64`, `min_Dbl`, `max_Dbl`, `stat`, `display`, `amount`, `amount_64`, `hero_X_P_64`, `percent`, `spell_Id`, `wealth_Rating`, `treasure_Class`, `treasure_Type`, `p_Script`, `sound`, `destination_Type`, `weenie_Class_Id`, `stack_Size`, `palette`, `shade`, `try_To_Bond`, `obj_Cell_Id`, `origin_X`, `origin_Y`, `origin_Z`, `angles_W`, `angles_X`, `angles_Y`, `angles_Z`)
VALUES (@parent_id,  0,  10 /* Tell */, 0, 1, NULL, 'One day this virindi will not be paying attention and I will kill him where he stands.', NULL, NULL, NULL, NULL, NULL, NULL, NULL, NULL, NULL, NULL, NULL, NULL, NULL, NULL, NULL, NULL, NULL, NULL, NULL, NULL, NULL, NULL, NULL, NULL, NULL, NULL, NULL, NULL, NULL, NULL, NULL, NULL, NULL);

INSERT INTO `weenie_properties_create_list` (`object_Id`, `destination_Type`, `weenie_Class_Id`, `stack_Size`, `palette`, `shade`, `try_To_Bond`)
VALUES (2000422, 2,   121,  0, 93, 0.8, False) /* Create Gloves (121) for Wield */
     , (2000422, 2,  2596,  0, 9, 1, False) /* Create Doublet (2596) for Wield */
     , (2000422, 2,  2604,  0, 9, 1, False) /* Create Breeches (2604) for Wield */;










/* #endregion */

/* #region Townsfolk Install*/

INSERT INTO `landblock_instance` (`weenie_Class_Id`, `obj_Cell_Id`, `origin_X`, `origin_Y`, `origin_Z`, `angles_W`, `angles_X`, `angles_Y`, `angles_Z`, `is_Link_Child`, `last_Modified`)
	VALUES (2000220, 2847146017, 109.675117, 5.355331, 94.005005, 0.730917, 0.000000, 0.000000, -0.682466, False, '2019-07-27 14:14:00'); /* Linkable Monster Generator ( 5 Min.) */
/* @teleloc A9B40021 109.675117 5.355331 94.005005 0.730917 0.000000 0.000000 -0.682466 */;

INSERT INTO `landblock_instance` (`weenie_Class_Id`, `obj_Cell_Id`, `origin_X`, `origin_Y`, `origin_Z`, `angles_W`, `angles_X`, `angles_Y`, `angles_Z`, `is_Link_Child`, `last_Modified`)
	VALUES (2000221, 2847146030, 125.878693, 128.877335, 66.005005, -0.518291, 0.000000, 0.000000, 0.855204, False, '2019-07-27 14:14:00'); /* Linkable Monster Generator ( 5 Min.) */
/* @teleloc A9B4002E 125.878693 128.877335 66.005005 -0.518291 0.000000 0.000000 0.855204 */;

INSERT INTO `landblock_instance` (`weenie_Class_Id`, `obj_Cell_Id`, `origin_X`, `origin_Y`, `origin_Z`, `angles_W`, `angles_X`, `angles_Y`, `angles_Z`, `is_Link_Child`, `last_Modified`)
	VALUES (2000222, 2847146020, 113.377869, 95.593079, 80.005005, 0.994031, 0.000000, 0.000000, -0.10910, False, '2019-07-27 14:14:00'); /* Linkable Monster Generator ( 5 Min.) */
/* @teleloc A9B40024 113.377869 95.593079 80.005005 0.994031 0.000000 0.000000 -0.10910 */;

INSERT INTO `landblock_instance` (`weenie_Class_Id`, `obj_Cell_Id`, `origin_X`, `origin_Y`, `origin_Z`, `angles_W`, `angles_X`, `angles_Y`, `angles_Z`, `is_Link_Child`, `last_Modified`)
	VALUES (2000223, 3164536893, 190.272537, 107.990051, 32.005005, 0.471652, 0.000000, 0.000000, -0.881785, False, '2019-07-27 14:14:00'); /* Linkable Monster Generator ( 5 Min.) */
/* @teleloc BC9F003D 190.272537 107.990051 32.005005 0.471652 0.000000 0.000000 -0.881785 */;

INSERT INTO `landblock_instance` (`weenie_Class_Id`, `obj_Cell_Id`, `origin_X`, `origin_Y`, `origin_Z`, `angles_W`, `angles_X`, `angles_Y`, `angles_Z`, `is_Link_Child`, `last_Modified`)
	VALUES (2000224, 3164536893, 188.998337, 106.080696, 32.005005, 0.214484, 0.000000, 0.000000, -0.976728, False, '2019-07-27 14:14:00'); /* Linkable Monster Generator ( 5 Min.) */
/* @teleloc BC9F003D 188.998337 106.080696 32.005005 0.214484 0.000000 0.000000 -0.976728 */;

INSERT INTO `landblock_instance` (`weenie_Class_Id`, `obj_Cell_Id`, `origin_X`, `origin_Y`, `origin_Z`, `angles_W`, `angles_X`, `angles_Y`, `angles_Z`, `is_Link_Child`, `last_Modified`)
	VALUES (2000225, 3181314061, 46.786339, 119.839409, 40.005001, -0.655604, 0.000000, 0.000000, 0.755105, False, '2019-07-27 14:14:00'); /* Linkable Monster Generator ( 5 Min.) */
/* @teleloc BD9F000D 46.786339 119.839409 40.005001 -0.655604 0.000000 0.000000 0.755105 */;

INSERT INTO `landblock_instance` (`weenie_Class_Id`, `obj_Cell_Id`, `origin_X`, `origin_Y`, `origin_Z`, `angles_W`, `angles_X`, `angles_Y`, `angles_Z`, `is_Link_Child`, `last_Modified`)
	VALUES (2000226, 3332964372, 49.068020, 78.908203, 42.005001, 0.285901, 0.000000, 0.000000, 0.958259, False, '2019-07-27 14:14:00'); /* Linkable Monster Generator ( 5 Min.) */
/* @teleloc C6A90014 49.068020 78.908203 42.005001 0.285901 0.000000 0.000000 0.958259 */;

INSERT INTO `landblock_instance` (`weenie_Class_Id`, `obj_Cell_Id`, `origin_X`, `origin_Y`, `origin_Z`, `angles_W`, `angles_X`, `angles_Y`, `angles_Z`, `is_Link_Child`, `last_Modified`)
	VALUES (2000227, 3332964371, 54.782742, 63.412014, 42.005001, 0.129553, 0.000000, 0.000000, 0.991573, False, '2019-07-27 14:14:00'); /* Linkable Monster Generator ( 5 Min.) */
/* @teleloc C6A90013 54.782742 63.412014 42.005001 0.129553 0.000000 0.000000 0.991573 */;

INSERT INTO `landblock_instance` (`weenie_Class_Id`, `obj_Cell_Id`, `origin_X`, `origin_Y`, `origin_Z`, `angles_W`, `angles_X`, `angles_Y`, `angles_Z`, `is_Link_Child`, `last_Modified`)
	VALUES (2000228, 3332964380, 84.424858, 77.784096, 42.005001, 0.999498, 0.000000, 0.000000, -0.0316, False, '2019-07-27 14:14:00'); /* Linkable Monster Generator ( 5 Min.) */
/* @teleloc C6A9001C 84.424858 77.784096 42.005001 0.999498 0.000000 0.000000 -0.0316 */;

INSERT INTO `landblock_instance` (`weenie_Class_Id`, `obj_Cell_Id`, `origin_X`, `origin_Y`, `origin_Z`, `angles_W`, `angles_X`, `angles_Y`, `angles_Z`, `is_Link_Child`, `last_Modified`)
	VALUES (2000229, 3665100850, 154.154221, 41.822727, 18.004999, 0.781638, 0.000000, 0.000000, 0.623732, False, '2019-07-27 14:14:00'); /* Linkable Monster Generator ( 5 Min.) */
/* @teleloc DA750032 154.154221 41.822727 18.004999 0.781638 0.000000 0.000000 0.623732 */;

INSERT INTO `landblock_instance` (`weenie_Class_Id`, `obj_Cell_Id`, `origin_X`, `origin_Y`, `origin_Z`, `angles_W`, `angles_X`, `angles_Y`, `angles_Z`, `is_Link_Child`, `last_Modified`)
	VALUES (2000230, 3665100850, 146.126205, 41.994572, 18.004999, 0.559933, 0.000000, 0.000000, -0.828538, False, '2019-07-27 14:14:00'); /* Linkable Monster Generator ( 5 Min.) */
/* @teleloc DA750032 146.126205 41.994572 18.004999 0.559933 0.000000 0.000000 -0.828538 */;

INSERT INTO `landblock_instance` (`weenie_Class_Id`, `obj_Cell_Id`, `origin_X`, `origin_Y`, `origin_Z`, `angles_W`, `angles_X`, `angles_Y`, `angles_Z`, `is_Link_Child`, `last_Modified`)
	VALUES (2000231, 3465871406, 133.680084, 135.577072, 20.004999, 0.226349, 0.000000, 0.000000, 0.974046, False, '2019-07-27 14:14:00'); /* Linkable Monster Generator ( 5 Min.) */
/* @teleloc CE95002E 133.680084 135.577072 20.004999 0.226349 0.000000 0.000000 0.974046 */;

INSERT INTO `landblock_instance` (`weenie_Class_Id`, `obj_Cell_Id`, `origin_X`, `origin_Y`, `origin_Z`, `angles_W`, `angles_X`, `angles_Y`, `angles_Z`, `is_Link_Child`, `last_Modified`)
	VALUES (2000232, 3465871396, 99.507668, 76.000946, 20.004999, -0.998622, 0.000000, 0.000000, 0.052478, False, '2019-07-27 14:14:00'); /* Linkable Monster Generator ( 5 Min.) */
/* @teleloc CE950024 99.507668 76.000946 20.004999 -0.998622 0.000000 0.000000 0.052478 */;

INSERT INTO `landblock_instance` (`weenie_Class_Id`, `obj_Cell_Id`, `origin_X`, `origin_Y`, `origin_Z`, `angles_W`, `angles_X`, `angles_Y`, `angles_Z`, `is_Link_Child`, `last_Modified`)
	VALUES (2000233, 3465871402, 131.441986, 24.916586, 20.004999, -0.997109, 0.000000, 0.000000, 0.075990, False, '2019-07-27 14:14:00'); /* Linkable Monster Generator ( 5 Min.) */
/* @teleloc CE95002A 131.441986 24.916586 20.004999 -0.997109 0.000000 0.000000 0.075990 */;

INSERT INTO `landblock_instance` (`weenie_Class_Id`, `obj_Cell_Id`, `origin_X`, `origin_Y`, `origin_Z`, `angles_W`, `angles_X`, `angles_Y`, `angles_Z`, `is_Link_Child`, `last_Modified`)
	VALUES (2000234, 629211170, 99.044930, 39.988754, 220.004990, 0.848507, 0.000000, 0.000000, -0.529185, False, '2019-07-27 14:14:00'); /* Linkable Monster Generator ( 5 Min.) */
/* @teleloc 25810022 99.044930 39.988754 220.004990 0.848507 0.000000 0.000000 -0.529185 */;

INSERT INTO `landblock_instance` (`weenie_Class_Id`, `obj_Cell_Id`, `origin_X`, `origin_Y`, `origin_Z`, `angles_W`, `angles_X`, `angles_Y`, `angles_Z`, `is_Link_Child`, `last_Modified`)
	VALUES (2000235, 629211165, 89.896675, 96.271820, 220.004990, -0.409941, 0.000000, 0.000000, -0.912112, False, '2019-07-27 14:14:00'); /* Linkable Monster Generator ( 5 Min.) */
/* @teleloc 2581001D 89.896675 96.271820 220.004990 -0.409941 0.000000 0.000000 -0.912112 */;

INSERT INTO `landblock_instance` (`weenie_Class_Id`, `obj_Cell_Id`, `origin_X`, `origin_Y`, `origin_Z`, `angles_W`, `angles_X`, `angles_Y`, `angles_Z`, `is_Link_Child`, `last_Modified`)
	VALUES (2000236, 629211181, 131.253693, 117.667862, 224.004990, -0.948065, 0.000000, 0.000000, 0.318076, False, '2019-07-27 14:14:00'); /* Linkable Monster Generator ( 5 Min.) */
/* @teleloc 2581002D 131.253693 117.667862 224.004990 -0.948065 0.000000 0.000000 0.318076 */;

INSERT INTO `landblock_instance` (`weenie_Class_Id`, `obj_Cell_Id`, `origin_X`, `origin_Y`, `origin_Z`, `angles_W`, `angles_X`, `angles_Y`, `angles_Z`, `is_Link_Child`, `last_Modified`)
	VALUES (2000237, 2711879735, 144.194901, 146.898254, 50.005001, -0.868217, 0.000000, 0.000000, -0.496185, False, '2019-07-27 14:14:00'); /* Linkable Monster Generator ( 5 Min.) */
/* @teleloc A1A40037 144.194901 146.898254 50.005001 -0.868217 0.000000 0.000000 -0.496185 */;

INSERT INTO `landblock_instance` (`weenie_Class_Id`, `obj_Cell_Id`, `origin_X`, `origin_Y`, `origin_Z`, `angles_W`, `angles_X`, `angles_Y`, `angles_Z`, `is_Link_Child`, `last_Modified`)
	VALUES (2000238, 2695102525, 184.719376, 99.925911, 50.005001, 0.792691, 0.000000, 0.000000, -0.609623, False, '2019-07-27 14:14:00'); /* Linkable Monster Generator ( 5 Min.) */
/* @teleloc A0A4003D 184.719376 99.925911 50.005001 0.792691 0.000000 0.000000 -0.609623 */;

INSERT INTO `landblock_instance` (`weenie_Class_Id`, `obj_Cell_Id`, `origin_X`, `origin_Y`, `origin_Z`, `angles_W`, `angles_X`, `angles_Y`, `angles_Z`, `is_Link_Child`, `last_Modified`)
	VALUES (2000239, 2711879718, 109.663895, 131.655685, 50.005001, 0.990654, 0.000000, 0.000000, -0.136401, False, '2019-07-27 14:14:00'); /* Linkable Monster Generator ( 5 Min.) */
/* @teleloc A1A40026 109.663895 131.655685 50.005001 0.990654 0.000000 0.000000 -0.136401 */;

INSERT INTO `landblock_instance` (`weenie_Class_Id`, `obj_Cell_Id`, `origin_X`, `origin_Y`, `origin_Z`, `angles_W`, `angles_X`, `angles_Y`, `angles_Z`, `is_Link_Child`, `last_Modified`)
	VALUES (2000240, 3212836898, 118.308784, 34.591827, 33.864067, -0.559560, 0.000000, 0.000000, 0.828790, False, '2019-07-27 14:14:00'); /* Linkable Monster Generator ( 5 Min.) */
/* @teleloc BF800022 118.308784 34.591827 33.864067 -0.559560 0.000000 0.000000 0.828790 */;

INSERT INTO `landblock_instance` (`weenie_Class_Id`, `obj_Cell_Id`, `origin_X`, `origin_Y`, `origin_Z`, `angles_W`, `angles_X`, `angles_Y`, `angles_Z`, `is_Link_Child`, `last_Modified`)
	VALUES (2000241, 3212836883, 64.514137, 59.447659, 41.252647, 0.318293, 0.000000, 0.000000, 0.947992, False, '2019-07-27 14:14:00'); /* Linkable Monster Generator ( 5 Min.) */
/* @teleloc BF800013 64.514137 59.447659 41.252647 0.318293 0.000000 0.000000 0.947992 */;

INSERT INTO `landblock_instance` (`weenie_Class_Id`, `obj_Cell_Id`, `origin_X`, `origin_Y`, `origin_Z`, `angles_W`, `angles_X`, `angles_Y`, `angles_Z`, `is_Link_Child`, `last_Modified`)
	VALUES (2000242, 3212836883, 57.892269, 55.688301, 42.356289, -0.900439, 0.000000, 0.000000, 0.434982, False, '2019-07-27 14:14:00'); /* Linkable Monster Generator ( 5 Min.) */
/* @teleloc BF800013 57.892269 55.688301 42.356289 -0.900439 0.000000 0.000000 0.434982 */;

INSERT INTO `landblock_instance` (`weenie_Class_Id`, `obj_Cell_Id`, `origin_X`, `origin_Y`, `origin_Z`, `angles_W`, `angles_X`, `angles_Y`, `angles_Z`, `is_Link_Child`, `last_Modified`)
	VALUES (2000243, 1236664342, 57.694923, 135.980530, 240.004990, 0.159557, 0.000000, 0.000000, 0.987189, False, '2019-07-27 14:14:00'); /* Linkable Monster Generator ( 5 Min.) */
/* @teleloc 49B60016 57.694923 135.980530 240.004990 0.159557 0.000000 0.000000 0.987189 */;

INSERT INTO `landblock_instance` (`weenie_Class_Id`, `obj_Cell_Id`, `origin_X`, `origin_Y`, `origin_Z`, `angles_W`, `angles_X`, `angles_Y`, `angles_Z`, `is_Link_Child`, `last_Modified`)
	VALUES (2000244, 3381395464, 15.675302, 177.088303, 25.608555, 0.134386, 0.000000, 0.000000, -0.990929, False, '2019-07-27 14:14:00'); /* Linkable Monster Generator ( 5 Min.) */
/* @teleloc C98C0008 15.675302 177.088303 25.608555 0.134386 0.000000 0.000000 -0.990929 */;

INSERT INTO `landblock_instance` (`weenie_Class_Id`, `obj_Cell_Id`, `origin_X`, `origin_Y`, `origin_Z`, `angles_W`, `angles_X`, `angles_Y`, `angles_Z`, `is_Link_Child`, `last_Modified`)
	VALUES (2000245, 3364618263, 59.476051, 165.692200, 22.004999, 0.996736, 0.000000, 0.000000, 0.08072, False, '2019-07-27 14:14:00'); /* Linkable Monster Generator ( 5 Min.) */
/* @teleloc C88C0017 59.476051 165.692200 22.004999 0.996736 0.000000 0.000000 0.08072 */;

INSERT INTO `landblock_instance` (`weenie_Class_Id`, `obj_Cell_Id`, `origin_X`, `origin_Y`, `origin_Z`, `angles_W`, `angles_X`, `angles_Y`, `angles_Z`, `is_Link_Child`, `last_Modified`)
	VALUES (2000246, 3364618261, 62.519447, 102.752907, 22.004999, 0.996744, 0.000000, 0.000000, -0.080632, False, '2019-07-27 14:14:00'); /* Linkable Monster Generator ( 5 Min.) */
/* @teleloc C88C0015 62.519447 102.752907 22.004999 0.996744 0.000000 0.000000 -0.080632 */;

INSERT INTO `landblock_instance` (`weenie_Class_Id`, `obj_Cell_Id`, `origin_X`, `origin_Y`, `origin_Z`, `angles_W`, `angles_X`, `angles_Y`, `angles_Z`, `is_Link_Child`, `last_Modified`)
	VALUES (2000247, 1691680805, 106.031403, 108.474792, 78.005005, -0.529063, 0.000000, 0.000000, -0.848582, False, '2019-07-27 14:14:00'); /* Linkable Monster Generator ( 5 Min.) */
/* @teleloc 64D50025 106.031403 108.474792 78.005005 -0.529063 0.000000 0.000000 -0.848582 */;

INSERT INTO `landblock_instance` (`weenie_Class_Id`, `obj_Cell_Id`, `origin_X`, `origin_Y`, `origin_Z`, `angles_W`, `angles_X`, `angles_Y`, `angles_Z`, `is_Link_Child`, `last_Modified`)
	VALUES (2000248, 1691680789, 65.050438, 111.414169, 78.005005, -0.551708, 0.000000, 0.000000, -0.834037, False, '2019-07-27 14:14:00'); /* Linkable Monster Generator ( 5 Min.) */
/* @teleloc 64D50015 65.050438 111.414169 78.005005 -0.551708 0.000000 0.000000 -0.834037 */;

INSERT INTO `landblock_instance` (`weenie_Class_Id`, `obj_Cell_Id`, `origin_X`, `origin_Y`, `origin_Z`, `angles_W`, `angles_X`, `angles_Y`, `angles_Z`, `is_Link_Child`, `last_Modified`)
	VALUES (2000249, 3663003669, 50.835316, 111.629066, 20.004999, 0.675360, 0.000000, 0.000000, 0.737488, False, '2019-07-27 14:14:00'); /* Linkable Monster Generator ( 5 Min.) */
/* @teleloc DA550015 50.835316 111.629066 20.004999 0.675360 0.000000 0.000000 0.737488 */;

INSERT INTO `landblock_instance` (`weenie_Class_Id`, `obj_Cell_Id`, `origin_X`, `origin_Y`, `origin_Z`, `angles_W`, `angles_X`, `angles_Y`, `angles_Z`, `is_Link_Child`, `last_Modified`)
	VALUES (2000250, 3663003660, 42.199982, 76.720665, 20.004999, 0.844137, 0.000000, 0.000000, -0.536128, False, '2019-07-27 14:14:00'); /* Linkable Monster Generator ( 5 Min.) */
/* @teleloc DA55000C 42.199982 76.720665 20.004999 0.844137 0.000000 0.000000 -0.536128 */;

INSERT INTO `landblock_instance` (`weenie_Class_Id`, `obj_Cell_Id`, `origin_X`, `origin_Y`, `origin_Z`, `angles_W`, `angles_X`, `angles_Y`, `angles_Z`, `is_Link_Child`, `last_Modified`)
	VALUES (2000251, 3663003691, 122.901131, 54.324154, 20.004999, -0.867585, 0.000000, 0.000000, -0.497288, False, '2019-07-27 14:14:00'); /* Linkable Monster Generator ( 5 Min.) */
/* @teleloc DA55002B 122.901131 54.324154 20.004999 -0.867585 0.000000 0.000000 -0.497288 */;

INSERT INTO `landblock_instance` (`weenie_Class_Id`, `obj_Cell_Id`, `origin_X`, `origin_Y`, `origin_Z`, `angles_W`, `angles_X`, `angles_Y`, `angles_Z`, `is_Link_Child`, `last_Modified`)
	VALUES (2000252, 3880648730, 73.114143, 38.546997, 32.004997, 0.290688, 0.000000, 0.000000, -0.956818, False, '2019-07-27 14:14:00'); /* Linkable Monster Generator ( 5 Min.) */
/* @teleloc E74E001A 73.114143 38.546997 32.004997 0.290688 0.000000 0.000000 -0.956818 */;

INSERT INTO `landblock_instance` (`weenie_Class_Id`, `obj_Cell_Id`, `origin_X`, `origin_Y`, `origin_Z`, `angles_W`, `angles_X`, `angles_Y`, `angles_Z`, `is_Link_Child`, `last_Modified`)
	VALUES (2000253, 3880648726, 64.374466, 132.457108, 32.004997, 0.396701, 0.000000, 0.000000, -0.917948, False, '2019-07-27 14:14:00'); /* Linkable Monster Generator ( 5 Min.) */
/* @teleloc E74E0016 64.374466 132.457108 32.004997 0.396701 0.000000 0.000000 -0.917948 */;

INSERT INTO `landblock_instance` (`weenie_Class_Id`, `obj_Cell_Id`, `origin_X`, `origin_Y`, `origin_Z`, `angles_W`, `angles_X`, `angles_Y`, `angles_Z`, `is_Link_Child`, `last_Modified`)
	VALUES (2000254, 3880648726, 62.742504, 137.661377, 32.004997, 0.396701, 0.000000, 0.000000, -0.917948, False, '2019-07-27 14:14:00'); /* Linkable Monster Generator ( 5 Min.) */
/* @teleloc E74E0016 62.742504 137.661377 32.004997 0.396701 0.000000 0.000000 -0.917948 */;

INSERT INTO `landblock_instance` (`weenie_Class_Id`, `obj_Cell_Id`, `origin_X`, `origin_Y`, `origin_Z`, `angles_W`, `angles_X`, `angles_Y`, `angles_Z`, `is_Link_Child`, `last_Modified`)
	VALUES (2000255, 3443589165, 126.886055, 103.090088, 54.346004, -0.066303, 0.000000, 0.000000, -0.997800, False, '2019-07-27 14:14:00'); /* Linkable Monster Generator ( 5 Min.) */
/* @teleloc CD41002D 126.886055 103.090088 54.346004 -0.066303 0.000000 0.000000 -0.997800 */;

INSERT INTO `landblock_instance` (`weenie_Class_Id`, `obj_Cell_Id`, `origin_X`, `origin_Y`, `origin_Z`, `angles_W`, `angles_X`, `angles_Y`, `angles_Z`, `is_Link_Child`, `last_Modified`)
	VALUES (2000256, 3443589142, 63.282776, 122.255028, 54.005001, -0.401574, 0.000000, 0.000000, 0.915826, False, '2019-07-27 14:14:00'); /* Linkable Monster Generator ( 5 Min.) */
/* @teleloc CD410016 63.282776 122.255028 54.005001 -0.401574 0.000000 0.000000 0.915826 */;

INSERT INTO `landblock_instance` (`weenie_Class_Id`, `obj_Cell_Id`, `origin_X`, `origin_Y`, `origin_Z`, `angles_W`, `angles_X`, `angles_Y`, `angles_Z`, `is_Link_Child`, `last_Modified`)
	VALUES (2000257, 3443589155, 102.602226, 70.277687, 54.005001, -0.782732, 0.000000, 0.000000, -0.622359, False, '2019-07-27 14:14:00'); /* Linkable Monster Generator ( 5 Min.) */
/* @teleloc CD410023 102.602226 70.277687 54.005001 -0.782732 0.000000 0.000000 -0.622359 */;

INSERT INTO `landblock_instance` (`weenie_Class_Id`, `obj_Cell_Id`, `origin_X`, `origin_Y`, `origin_Z`, `angles_W`, `angles_X`, `angles_Y`, `angles_Z`, `is_Link_Child`, `last_Modified`)
	VALUES (2000258, 3122069531, 76.291443, 50.032104, 132.004990, -0.995275, 0.000000, 0.000000, 0.097100, False, '2019-07-27 14:14:00'); /* Linkable Monster Generator ( 5 Min.) */
/* @teleloc BA17001B 76.291443 50.032104 132.004990 -0.995275 0.000000 0.000000 0.097100 */;

INSERT INTO `landblock_instance` (`weenie_Class_Id`, `obj_Cell_Id`, `origin_X`, `origin_Y`, `origin_Z`, `angles_W`, `angles_X`, `angles_Y`, `angles_Z`, `is_Link_Child`, `last_Modified`)
	VALUES (2000259, 3122069524, 63.449459, 88.351326, 132.004990, -0.277999, 0.000000, 0.000000, 0.960581, False, '2019-07-27 14:14:00'); /* Linkable Monster Generator ( 5 Min.) */
/* @teleloc BA170014 63.449459 88.351326 132.004990 -0.277999 0.000000 0.000000 0.960581 */;

INSERT INTO `landblock_instance` (`weenie_Class_Id`, `obj_Cell_Id`, `origin_X`, `origin_Y`, `origin_Z`, `angles_W`, `angles_X`, `angles_Y`, `angles_Z`, `is_Link_Child`, `last_Modified`)
	VALUES (2000260, 3894542390, 163.657394, 127.263931, 0.005000, 0.728939, 0.000000, 0.000000, -0.684579, False, '2019-07-27 14:14:00'); /* Linkable Monster Generator ( 5 Min.) */
/* @teleloc E8220036 163.657394 127.263931 0.005000 0.728939 0.000000 0.000000 -0.684579 */;

INSERT INTO `landblock_instance` (`weenie_Class_Id`, `obj_Cell_Id`, `origin_X`, `origin_Y`, `origin_Z`, `angles_W`, `angles_X`, `angles_Y`, `angles_Z`, `is_Link_Child`, `last_Modified`)
	VALUES (2000261, 3894542398, 172.609360, 127.035339, -0.095000, 0.821622, 0.000000, 0.000000, 0.570032, False, '2019-07-27 14:14:00'); /* Linkable Monster Generator ( 5 Min.) */
/* @teleloc E822003E 172.609360 127.035339 -0.095000 0.821622 0.000000 0.000000 0.570032 */;

INSERT INTO `landblock_instance` (`weenie_Class_Id`, `obj_Cell_Id`, `origin_X`, `origin_Y`, `origin_Z`, `angles_W`, `angles_X`, `angles_Y`, `angles_Z`, `is_Link_Child`, `last_Modified`)
	VALUES (2000262, 3911319573, 48.109726, 119.638802, 0.005000, 0.992576, 0.000000, 0.000000, 0.121627, False, '2019-07-27 14:14:00'); /* Linkable Monster Generator ( 5 Min.) */
/* @teleloc E9220015 48.109726 119.638802 0.005000 0.992576 0.000000 0.000000 0.121627 */;

INSERT INTO `landblock_instance` (`weenie_Class_Id`, `obj_Cell_Id`, `origin_X`, `origin_Y`, `origin_Z`, `angles_W`, `angles_X`, `angles_Y`, `angles_Z`, `is_Link_Child`, `last_Modified`)
	VALUES (2000263, 3661299769, 169.815247, 6.510406, 0.005000, 0.129801, 0.000000, 0.000000, 0.991540, False, '2019-07-27 14:14:00'); /* Linkable Monster Generator ( 5 Min.) */
/* @teleloc DA3B0039 169.815247 6.510406 0.005000 0.129801 0.000000 0.000000 0.991540 */;

INSERT INTO `landblock_instance` (`weenie_Class_Id`, `obj_Cell_Id`, `origin_X`, `origin_Y`, `origin_Z`, `angles_W`, `angles_X`, `angles_Y`, `angles_Z`, `is_Link_Child`, `last_Modified`)
	VALUES (2000264, 3661299761, 166.045853, 0.203604, 0.005000, -0.896010, 0.000000, 0.000000, 0.444034, False, '2019-07-27 14:14:00'); /* Linkable Monster Generator ( 5 Min.) */
/* @teleloc DA3B0031 166.045853 0.203604 0.005000 -0.896010 0.000000 0.000000 0.444034 */;

INSERT INTO `landblock_instance` (`weenie_Class_Id`, `obj_Cell_Id`, `origin_X`, `origin_Y`, `origin_Z`, `angles_W`, `angles_X`, `angles_Y`, `angles_Z`, `is_Link_Child`, `last_Modified`)
	VALUES (2000265, 3661299763, 155.807327, 48.037487, 0.005000, -0.767005, 0.000000, 0.000000, 0.641641, False, '2019-07-27 14:14:00'); /* Linkable Monster Generator ( 5 Min.) */
/* @teleloc DA3B0033 155.807327 48.037487 0.005000 -0.767005 0.000000 0.000000 0.641641 */;

INSERT INTO `landblock_instance` (`weenie_Class_Id`, `obj_Cell_Id`, `origin_X`, `origin_Y`, `origin_Z`, `angles_W`, `angles_X`, `angles_Y`, `angles_Z`, `is_Link_Child`, `last_Modified`)
	VALUES (2000266, 3845259314, 165.456009, 43.140583, 28.004999, -0.994996, 0.000000, 0.000000, -0.099911, False, '2019-07-27 14:14:00'); /* Linkable Monster Generator ( 5 Min.) */
/* @teleloc E5320032 165.456009 43.140583 28.004999 -0.994996 0.000000 0.000000 -0.099911 */;

INSERT INTO `landblock_instance` (`weenie_Class_Id`, `obj_Cell_Id`, `origin_X`, `origin_Y`, `origin_Z`, `angles_W`, `angles_X`, `angles_Y`, `angles_Z`, `is_Link_Child`, `last_Modified`)
	VALUES (2000267, 3862036505, 79.671585, 15.011986, 28.004999, -0.866083, 0.000000, 0.000000, 0.499900, False, '2019-07-27 14:14:00'); /* Linkable Monster Generator ( 5 Min.) */
/* @teleloc E6320019 79.671585 15.011986 28.004999 -0.866083 0.000000 0.000000 0.499900 */;

INSERT INTO `landblock_instance` (`weenie_Class_Id`, `obj_Cell_Id`, `origin_X`, `origin_Y`, `origin_Z`, `angles_W`, `angles_X`, `angles_Y`, `angles_Z`, `is_Link_Child`, `last_Modified`)
	VALUES (2000268, 3845259319, 148.390091, 153.747101, 28.004999, -0.789993, 0.000000, 0.000000, 0.613116, False, '2019-07-27 14:14:00'); /* Linkable Monster Generator ( 5 Min.) */
/* @teleloc E5320037 148.390091 153.747101 28.004999 -0.789993 0.000000 0.000000 0.613116 */;

INSERT INTO `landblock_instance` (`weenie_Class_Id`, `obj_Cell_Id`, `origin_X`, `origin_Y`, `origin_Z`, `angles_W`, `angles_X`, `angles_Y`, `angles_Z`, `is_Link_Child`, `last_Modified`)
	VALUES (2000269, 3862757383, 10.594790, 155.424179, 96.005005, 0.891512, 0.000000, 0.000000, 0.452998, False, '2019-07-27 14:14:00'); /* Linkable Monster Generator ( 5 Min.) */
/* @teleloc E63D0007 10.594790 155.424179 96.005005 0.891512 0.000000 0.000000 0.452998 */;

INSERT INTO `landblock_instance` (`weenie_Class_Id`, `obj_Cell_Id`, `origin_X`, `origin_Y`, `origin_Z`, `angles_W`, `angles_X`, `angles_Y`, `angles_Z`, `is_Link_Child`, `last_Modified`)
	VALUES (2000270, 3862757406, 81.625206, 138.305496, 86.005005, -0.294402, 0.000000, 0.000000, 0.955682, False, '2019-07-27 14:14:00'); /* Linkable Monster Generator ( 5 Min.) */
/* @teleloc E63D001E 81.625206 138.305496 86.005005 -0.294402 0.000000 0.000000 0.955682 */;

INSERT INTO `landblock_instance` (`weenie_Class_Id`, `obj_Cell_Id`, `origin_X`, `origin_Y`, `origin_Z`, `angles_W`, `angles_X`, `angles_Y`, `angles_Z`, `is_Link_Child`, `last_Modified`)
	VALUES (2000271, 3862757414, 99.129776, 137.916534, 86.005005, -0.333844, 0.000000, 0.000000, -0.942628, False, '2019-07-27 14:14:00'); /* Linkable Monster Generator ( 5 Min.) */
/* @teleloc E63D0026 99.129776 137.916534 86.005005 -0.333844 0.000000 0.000000 -0.942628 */;

INSERT INTO `landblock_instance` (`weenie_Class_Id`, `obj_Cell_Id`, `origin_X`, `origin_Y`, `origin_Z`, `angles_W`, `angles_X`, `angles_Y`, `angles_Z`, `is_Link_Child`, `last_Modified`)
	VALUES (2000272, 3378184229, 106.954437, 101.334549, 12.004999, 0.265865, 0.000000, 0.000000, -0.964010, False, '2019-07-27 14:14:00'); /* Linkable Monster Generator ( 5 Min.) */
/* @teleloc C95B0025 106.954437 101.334549 12.004999 0.265865 0.000000 0.000000 -0.964010 */;

INSERT INTO `landblock_instance` (`weenie_Class_Id`, `obj_Cell_Id`, `origin_X`, `origin_Y`, `origin_Z`, `angles_W`, `angles_X`, `angles_Y`, `angles_Z`, `is_Link_Child`, `last_Modified`)
	VALUES (2000273, 3378184229, 103.861076, 98.093948, 12.004999, 0.630038, 0.000000, 0.000000, -0.776565, False, '2019-07-27 14:14:00'); /* Linkable Monster Generator ( 5 Min.) */
/* @teleloc C95B0025 103.861076 98.093948 12.004999 0.630038 0.000000 0.000000 -0.776565 */;

INSERT INTO `landblock_instance` (`weenie_Class_Id`, `obj_Cell_Id`, `origin_X`, `origin_Y`, `origin_Z`, `angles_W`, `angles_X`, `angles_Y`, `angles_Z`, `is_Link_Child`, `last_Modified`)
	VALUES (2000274, 3378184231, 116.365807, 147.371368, 12.004999, -0.430727, 0.000000, 0.000000, -0.902482, False, '2019-07-27 14:14:00'); /* Linkable Monster Generator ( 5 Min.) */
/* @teleloc C95B0027 116.365807 147.371368 12.004999 -0.430727 0.000000 0.000000 -0.902482 */;

INSERT INTO `landblock_instance` (`weenie_Class_Id`, `obj_Cell_Id`, `origin_X`, `origin_Y`, `origin_Z`, `angles_W`, `angles_X`, `angles_Y`, `angles_Z`, `is_Link_Child`, `last_Modified`)
	VALUES (2000275, 1060241705, 7.504495, 15.476353, 7.805001, 0.497616, 0.000000, 0.000000, -0.867397, False, '2019-07-27 14:14:00'); /* Linkable Monster Generator ( 5 Min.) */
/* @teleloc 3F320129 7.504495 15.476353 7.805001 0.497616 0.000000 0.000000 -0.867397 */;

INSERT INTO `landblock_instance` (`weenie_Class_Id`, `obj_Cell_Id`, `origin_X`, `origin_Y`, `origin_Z`, `angles_W`, `angles_X`, `angles_Y`, `angles_Z`, `is_Link_Child`, `last_Modified`)
	VALUES (2000276, 1060241705, 13.513181, 13.062407, 7.805001, -0.992657, 0.000000, 0.000000, -0.120960, False, '2019-07-27 14:14:00'); /* Linkable Monster Generator ( 5 Min.) */
/* @teleloc 3F320129 13.513181 13.062407 7.805001 -0.992657 0.000000 0.000000 -0.120960 */;

INSERT INTO `landblock_instance` (`weenie_Class_Id`, `obj_Cell_Id`, `origin_X`, `origin_Y`, `origin_Z`, `angles_W`, `angles_X`, `angles_Y`, `angles_Z`, `is_Link_Child`, `last_Modified`)
	VALUES (2000277, 3043950613, 59.932930, 96.672401, 22.004999, 0.438130, 0.000000, 0.000000, -0.898912, False, '2019-07-27 14:14:00'); /* Linkable Monster Generator ( 5 Min.) */
/* @teleloc B56F0015 59.932930 96.672401 22.004999 0.438130 0.000000 0.000000 -0.898912 */;

INSERT INTO `landblock_instance` (`weenie_Class_Id`, `obj_Cell_Id`, `origin_X`, `origin_Y`, `origin_Z`, `angles_W`, `angles_X`, `angles_Y`, `angles_Z`, `is_Link_Child`, `last_Modified`)
	VALUES (2000278, 3043950598, 3.882855, 122.577675, 22.004999, 0.433358, 0.000000, 0.000000, -0.901222, False, '2019-07-27 14:14:00'); /* Linkable Monster Generator ( 5 Min.) */
/* @teleloc B56F0006 3.882855 122.577675 22.004999 0.433358 0.000000 0.000000 -0.901222 */;

INSERT INTO `landblock_instance` (`weenie_Class_Id`, `obj_Cell_Id`, `origin_X`, `origin_Y`, `origin_Z`, `angles_W`, `angles_X`, `angles_Y`, `angles_Z`, `is_Link_Child`, `last_Modified`)
	VALUES (2000279, 3027238941, 92.695206, 98.686592, 48.005001, 0.112888, 0.000000, 0.000000, -0.993608, False, '2019-07-27 14:14:00'); /* Linkable Monster Generator ( 5 Min.) */
/* @teleloc B470001D 92.695206 98.686592 48.005001 0.112888 0.000000 0.000000 -0.993608 */;

INSERT INTO `landblock_instance` (`weenie_Class_Id`, `obj_Cell_Id`, `origin_X`, `origin_Y`, `origin_Z`, `angles_W`, `angles_X`, `angles_Y`, `angles_Z`, `is_Link_Child`, `last_Modified`)
	VALUES (2000280, 2103705621, 59.997547, 99.911461, 12.004999, 0.614649, 0.000000, 0.000000, 0.788801, False, '2019-07-27 14:14:00'); /* Linkable Monster Generator ( 5 Min.) */
/* @teleloc 7D640015 59.997547 99.911461 12.004999 0.614649 0.000000 0.000000 0.788801 */;

INSERT INTO `landblock_instance` (`weenie_Class_Id`, `obj_Cell_Id`, `origin_X`, `origin_Y`, `origin_Z`, `angles_W`, `angles_X`, `angles_Y`, `angles_Z`, `is_Link_Child`, `last_Modified`)
	VALUES (2000281, 2103705622, 71.693260, 140.936783, 12.004999, -0.018821, 0.000000, 0.000000, 0.999823, False, '2019-07-27 14:14:00'); /* Linkable Monster Generator ( 5 Min.) */
/* @teleloc 7D640016 71.693260 140.936783 12.004999 -0.018821 0.000000 0.000000 0.999823 */;

INSERT INTO `landblock_instance` (`weenie_Class_Id`, `obj_Cell_Id`, `origin_X`, `origin_Y`, `origin_Z`, `angles_W`, `angles_X`, `angles_Y`, `angles_Z`, `is_Link_Child`, `last_Modified`)
	VALUES (2000282, 2103705629, 89.420692, 99.012802, 12.004999, 0.806329, 0.000000, 0.000000, 0.591467, False, '2019-07-27 14:14:00'); /* Linkable Monster Generator ( 5 Min.) */
/* @teleloc 7D64001D 89.420692 99.012802 12.004999 0.806329 0.000000 0.000000 0.591467 */;

INSERT INTO `landblock_instance` (`weenie_Class_Id`, `obj_Cell_Id`, `origin_X`, `origin_Y`, `origin_Z`, `angles_W`, `angles_X`, `angles_Y`, `angles_Z`, `is_Link_Child`, `last_Modified`)
	VALUES (2000283, 2156920852, 52.227852, 94.313614, 124.005005, -0.719262, 0.000000, 0.000000, -0.694739, False, '2019-07-27 14:14:00'); /* Linkable Monster Generator ( 5 Min.) */
/* @teleloc 80900014 52.227852 94.313614 124.005005 -0.719262 0.000000 0.000000 -0.694739 */;

INSERT INTO `landblock_instance` (`weenie_Class_Id`, `obj_Cell_Id`, `origin_X`, `origin_Y`, `origin_Z`, `angles_W`, `angles_X`, `angles_Y`, `angles_Z`, `is_Link_Child`, `last_Modified`)
	VALUES (2000284, 2140143645, 94.726440, 117.207947, 144.004990, -0.998060, 0.000000, 0.000000, -0.062259, False, '2019-07-27 14:14:00'); /* Linkable Monster Generator ( 5 Min.) */
/* @teleloc 7F90001D 94.726440 117.207947 144.004990 -0.998060 0.000000 0.000000 -0.062259 */;

INSERT INTO `landblock_instance` (`weenie_Class_Id`, `obj_Cell_Id`, `origin_X`, `origin_Y`, `origin_Z`, `angles_W`, `angles_X`, `angles_Y`, `angles_Z`, `is_Link_Child`, `last_Modified`)
	VALUES (2000285, 2140143654, 114.909241, 131.713425, 144.004990, -0.115062, 0.000000, 0.000000, 0.993358, False, '2019-07-27 14:14:00'); /* Linkable Monster Generator ( 5 Min.) */
/* @teleloc 7F900026 114.909241 131.713425 144.004990 -0.115062 0.000000 0.000000 0.993358 */;

INSERT INTO `landblock_instance` (`weenie_Class_Id`, `obj_Cell_Id`, `origin_X`, `origin_Y`, `origin_Z`, `angles_W`, `angles_X`, `angles_Y`, `angles_Z`, `is_Link_Child`, `last_Modified`)
	VALUES (2000286, 2421686299, 93.221321, 52.920746, -0.095000, 0.983995, 0.000000, 0.000000, -0.178194, False, '2019-07-27 14:14:00'); /* Linkable Monster Generator ( 5 Min.) */
/* @teleloc 9058001B 93.221321 52.920746 -0.095000 0.983995 0.000000 0.000000 -0.178194 */;

INSERT INTO `landblock_instance` (`weenie_Class_Id`, `obj_Cell_Id`, `origin_X`, `origin_Y`, `origin_Z`, `angles_W`, `angles_X`, `angles_Y`, `angles_Z`, `is_Link_Child`, `last_Modified`)
	VALUES (2000287, 2421686325, 148.178482, 107.114159, 0.005000, 0.422323, 0.000000, 0.000000, 0.906445, False, '2019-07-27 14:14:00'); /* Linkable Monster Generator ( 5 Min.) */
/* @teleloc 90580035 148.178482 107.114159 0.005000 0.422323 0.000000 0.000000 0.906445 */;

INSERT INTO `landblock_instance` (`weenie_Class_Id`, `obj_Cell_Id`, `origin_X`, `origin_Y`, `origin_Z`, `angles_W`, `angles_X`, `angles_Y`, `angles_Z`, `is_Link_Child`, `last_Modified`)
	VALUES (2000288, 2240282664, 111.077728, 168.546707, 86.005005, 0.092732, 0.000000, 0.000000, 0.995691, False, '2019-07-27 14:14:00'); /* Linkable Monster Generator ( 5 Min.) */
/* @teleloc 85880028 111.077728 168.546707 86.005005 0.092732 0.000000 0.000000 0.995691 */;

INSERT INTO `landblock_instance` (`weenie_Class_Id`, `obj_Cell_Id`, `origin_X`, `origin_Y`, `origin_Z`, `angles_W`, `angles_X`, `angles_Y`, `angles_Z`, `is_Link_Child`, `last_Modified`)
	VALUES (2000289, 2240282663, 108.985924, 159.704758, 86.005005, -0.995453, 0.000000, 0.000000, 0.095249, False, '2019-07-27 14:14:00'); /* Linkable Monster Generator ( 5 Min.) */
/* @teleloc 85880027 108.985924 159.704758 86.005005 -0.995453 0.000000 0.000000 0.095249 */;

INSERT INTO `landblock_instance` (`weenie_Class_Id`, `obj_Cell_Id`, `origin_X`, `origin_Y`, `origin_Z`, `angles_W`, `angles_X`, `angles_Y`, `angles_Z`, `is_Link_Child`, `last_Modified`)
	VALUES (2000290, 2240282637, 40.463085, 101.493919, 86.005005, -0.014285, 0.000000, 0.000000, -0.999898, False, '2019-07-27 14:14:00'); /* Linkable Monster Generator ( 5 Min.) */
/* @teleloc 8588000D 40.463085 101.493919 86.005005 -0.014285 0.000000 0.000000 -0.999898 */;

INSERT INTO `landblock_instance` (`weenie_Class_Id`, `obj_Cell_Id`, `origin_X`, `origin_Y`, `origin_Z`, `angles_W`, `angles_X`, `angles_Y`, `angles_Z`, `is_Link_Child`, `last_Modified`)
	VALUES (2000291, 288620581, 108.798409, 105.807373, 42.005001, -0.930210, 0.000000, 0.000000, -0.367028, False, '2019-07-27 14:14:00'); /* Linkable Monster Generator ( 5 Min.) */
/* @teleloc 11340025 108.798409 105.807373 42.005001 -0.930210 0.000000 0.000000 -0.367028 */;

INSERT INTO `landblock_instance` (`weenie_Class_Id`, `obj_Cell_Id`, `origin_X`, `origin_Y`, `origin_Z`, `angles_W`, `angles_X`, `angles_Y`, `angles_Z`, `is_Link_Child`, `last_Modified`)
	VALUES (2000292, 288620573, 92.809402, 113.262726, 42.005001, 0.559627, 0.000000, 0.000000, -0.828744, False, '2019-07-27 14:14:00'); /* Linkable Monster Generator ( 5 Min.) */
/* @teleloc 1134001D 92.809402 113.262726 42.005001 0.559627 0.000000 0.000000 -0.828744 */;

INSERT INTO `landblock_instance` (`weenie_Class_Id`, `obj_Cell_Id`, `origin_X`, `origin_Y`, `origin_Z`, `angles_W`, `angles_X`, `angles_Y`, `angles_Z`, `is_Link_Child`, `last_Modified`)
	VALUES (2000293, 288620565, 60.354958, 105.615692, 42.005001, -0.974293, 0.000000, 0.000000, -0.225286, False, '2019-07-27 14:14:00'); /* Linkable Monster Generator ( 5 Min.) */
/* @teleloc 11340015 60.354958 105.615692 42.005001 -0.974293 0.000000 0.000000 -0.225286 */;

INSERT INTO `landblock_instance` (`weenie_Class_Id`, `obj_Cell_Id`, `origin_X`, `origin_Y`, `origin_Z`, `angles_W`, `angles_X`, `angles_Y`, `angles_Z`, `is_Link_Child`, `last_Modified`)
	VALUES (2000294, 2655256593, 52.624256, 18.038303, 46.005001, 0.124455, 0.000000, 0.000000, -0.992225, False, '2019-07-27 14:14:00'); /* Linkable Monster Generator ( 5 Min.) */
/* @teleloc 9E440011 52.624256 18.038303 46.005001 0.124455 0.000000 0.000000 -0.992225 */;

INSERT INTO `landblock_instance` (`weenie_Class_Id`, `obj_Cell_Id`, `origin_X`, `origin_Y`, `origin_Z`, `angles_W`, `angles_X`, `angles_Y`, `angles_Z`, `is_Link_Child`, `last_Modified`)
	VALUES (2000295, 2655191064, 56.938679, 184.414917, 46.005001, 0.973790, 0.000000, 0.000000, 0.227448, False, '2019-07-27 14:14:00'); /* Linkable Monster Generator ( 5 Min.) */
/* @teleloc 9E430018 56.938679 184.414917 46.005001 0.973790 0.000000 0.000000 0.227448 */;

INSERT INTO `landblock_instance` (`weenie_Class_Id`, `obj_Cell_Id`, `origin_X`, `origin_Y`, `origin_Z`, `angles_W`, `angles_X`, `angles_Y`, `angles_Z`, `is_Link_Child`, `last_Modified`)
	VALUES (2000296, 2655256610, 116.020760, 34.664677, 35.673397, 0.523101, 0.000000, 0.000000, 0.852271, False, '2019-07-27 14:14:00'); /* Linkable Monster Generator ( 5 Min.) */
/* @teleloc 9E440022 116.020760 34.664677 35.673397 0.523101 0.000000 0.000000 0.852271 */;

INSERT INTO `landblock_instance` (`weenie_Class_Id`, `obj_Cell_Id`, `origin_X`, `origin_Y`, `origin_Z`, `angles_W`, `angles_X`, `angles_Y`, `angles_Z`, `is_Link_Child`, `last_Modified`)
	VALUES (2000297, 2535587855, 37.039814, 161.626450, 102.005005, -0.580811, 0.000000, 0.000000, 0.814039, False, '2019-07-27 14:14:00'); /* Linkable Monster Generator ( 5 Min.) */
/* @teleloc 9722000F 37.039814 161.626450 102.005005 -0.580811 0.000000 0.000000 0.814039 */;

INSERT INTO `landblock_instance` (`weenie_Class_Id`, `obj_Cell_Id`, `origin_X`, `origin_Y`, `origin_Z`, `angles_W`, `angles_X`, `angles_Y`, `angles_Z`, `is_Link_Child`, `last_Modified`)
	VALUES (2000298, 2535587868, 85.498154, 88.504631, 102.005005, -0.252522, 0.000000, 0.000000, 0.967591, False, '2019-07-27 14:14:00'); /* Linkable Monster Generator ( 5 Min.) */
/* @teleloc 9722001C 85.498154 88.504631 102.005005 -0.252522 0.000000 0.000000 0.967591 */;

INSERT INTO `landblock_instance` (`weenie_Class_Id`, `obj_Cell_Id`, `origin_X`, `origin_Y`, `origin_Z`, `angles_W`, `angles_X`, `angles_Y`, `angles_Z`, `is_Link_Child`, `last_Modified`)
	VALUES (2000299, 2535587869, 89.646805, 111.062302, 102.005005, 0.276164, 0.000000, 0.000000, 0.961110, False, '2019-07-27 14:14:00'); /* Linkable Monster Generator ( 5 Min.) */
/* @teleloc 9722001D 89.646805 111.062302 102.005005 0.276164 0.000000 0.000000 0.961110 */;

INSERT INTO `landblock_instance` (`weenie_Class_Id`, `obj_Cell_Id`, `origin_X`, `origin_Y`, `origin_Z`, `angles_W`, `angles_X`, `angles_Y`, `angles_Z`, `is_Link_Child`, `last_Modified`)
	VALUES (2000300, 2541420574, 95.670418, 130.415817, 0.005000, 0.951446, 0.000000, 0.000000, 0.307814, False, '2019-07-27 14:14:00'); /* Linkable Monster Generator ( 5 Min.) */
/* @teleloc 977B001E 95.670418 130.415817 0.005000 0.951446 0.000000 0.000000 0.307814 */;

INSERT INTO `landblock_instance` (`weenie_Class_Id`, `obj_Cell_Id`, `origin_X`, `origin_Y`, `origin_Z`, `angles_W`, `angles_X`, `angles_Y`, `angles_Z`, `is_Link_Child`, `last_Modified`)
	VALUES (2000301, 2541420592, 138.024155, 168.050919, 0.005000, 0.810352, 0.000000, 0.000000, -0.585944, False, '2019-07-27 14:14:00'); /* Linkable Monster Generator ( 5 Min.) */
/* @teleloc 977B0030 138.024155 168.050919 0.005000 0.810352 0.000000 0.000000 -0.585944 */;

INSERT INTO `landblock_instance` (`weenie_Class_Id`, `obj_Cell_Id`, `origin_X`, `origin_Y`, `origin_Z`, `angles_W`, `angles_X`, `angles_Y`, `angles_Z`, `is_Link_Child`, `last_Modified`)
	VALUES (2000302, 2558197767, 5.563891, 157.294800, 0.005000, 0.383259, 0.000000, 0.000000, -0.923641, False, '2019-07-27 14:14:00'); /* Linkable Monster Generator ( 5 Min.) */
/* @teleloc 987B0007 5.563891 157.294800 0.005000 0.383259 0.000000 0.000000 -0.923641 */;

INSERT INTO `landblock_instance` (`weenie_Class_Id`, `obj_Cell_Id`, `origin_X`, `origin_Y`, `origin_Z`, `angles_W`, `angles_X`, `angles_Y`, `angles_Z`, `is_Link_Child`, `last_Modified`)
	VALUES (2000303, 2255224895, 175.730377, 149.335312, 12.581792, -0.829027, 0.000000, 0.000000, 0.559209, False, '2019-07-27 14:14:00'); /* Linkable Monster Generator ( 5 Min.) */
/* @teleloc 866C003F 175.730377 149.335312 12.581792 -0.829027 0.000000 0.000000 0.559209 */;

INSERT INTO `landblock_instance` (`weenie_Class_Id`, `obj_Cell_Id`, `origin_X`, `origin_Y`, `origin_Z`, `angles_W`, `angles_X`, `angles_Y`, `angles_Z`, `is_Link_Child`, `last_Modified`)
	VALUES (2000304, 2238513200, 143.163971, 173.438721, 14.004999, 0.948607, 0.000000, 0.000000, -0.316456, False, '2019-07-27 14:14:00'); /* Linkable Monster Generator ( 5 Min.) */
/* @teleloc 856D0030 143.163971 173.438721 14.004999 0.948607 0.000000 0.000000 -0.316456 */;

INSERT INTO `landblock_instance` (`weenie_Class_Id`, `obj_Cell_Id`, `origin_X`, `origin_Y`, `origin_Z`, `angles_W`, `angles_X`, `angles_Y`, `angles_Z`, `is_Link_Child`, `last_Modified`)
	VALUES (2000305, 2238578745, 174.041428, 21.895451, -0.095000, 0.992450, 0.000000, 0.000000, -0.122651, False, '2019-07-27 14:14:00'); /* Linkable Monster Generator ( 5 Min.) */
/* @teleloc 856E0039 174.041428 21.895451 -0.095000 0.992450 0.000000 0.000000 -0.122651 */;

INSERT INTO `landblock_instance` (`weenie_Class_Id`, `obj_Cell_Id`, `origin_X`, `origin_Y`, `origin_Z`, `angles_W`, `angles_X`, `angles_Y`, `angles_Z`, `is_Link_Child`, `last_Modified`)
	VALUES (2000306, 2255355922, 51.796791, 42.905190, 20.005001, -0.572729, 0.000000, 0.000000, -0.819745, False, '2019-07-27 14:14:00'); /* Linkable Monster Generator ( 5 Min.) */
/* @teleloc 866E0012 51.796791 42.905190 20.005001 -0.572729 0.000000 0.000000 -0.819745 */;

INSERT INTO `landblock_instance` (`weenie_Class_Id`, `obj_Cell_Id`, `origin_X`, `origin_Y`, `origin_Z`, `angles_W`, `angles_X`, `angles_Y`, `angles_Z`, `is_Link_Child`, `last_Modified`)
	VALUES (2000307, 2724134958, 137.292435, 122.700912, 20.004999, 0.281359, 0.000000, 0.000000, -0.959603, False, '2019-07-27 14:14:00'); /* Linkable Monster Generator ( 5 Min.) */
/* @teleloc A25F002E 137.292435 122.700912 20.004999 0.281359 0.000000 0.000000 -0.959603 */;

INSERT INTO `landblock_instance` (`weenie_Class_Id`, `obj_Cell_Id`, `origin_X`, `origin_Y`, `origin_Z`, `angles_W`, `angles_X`, `angles_Y`, `angles_Z`, `is_Link_Child`, `last_Modified`)
	VALUES (2000308, 2724200498, 150.410736, 44.390488, 20.004999, -0.912909, 0.000000, 0.000000, -0.408162, False, '2019-07-27 14:14:00'); /* Linkable Monster Generator ( 5 Min.) */
/* @teleloc A2600032 150.410736 44.390488 20.004999 -0.912909 0.000000 0.000000 -0.408162 */;

INSERT INTO `landblock_instance` (`weenie_Class_Id`, `obj_Cell_Id`, `origin_X`, `origin_Y`, `origin_Z`, `angles_W`, `angles_X`, `angles_Y`, `angles_Z`, `is_Link_Child`, `last_Modified`)
	VALUES (2000309, 2471165987, 116.825119, 48.638206, 14.004999, 0.210052, 0.000000, 0.000000, -0.977690, False, '2019-07-27 14:14:00'); /* Linkable Monster Generator ( 5 Min.) */
/* @teleloc 934B0023 116.825119 48.638206 14.004999 0.210052 0.000000 0.000000 -0.977690 */;

INSERT INTO `landblock_instance` (`weenie_Class_Id`, `obj_Cell_Id`, `origin_X`, `origin_Y`, `origin_Z`, `angles_W`, `angles_X`, `angles_Y`, `angles_Z`, `is_Link_Child`, `last_Modified`)
	VALUES (2000310, 2471165962, 47.729923, 37.276619, 14.004999, -0.669127, 0.000000, 0.000000, 0.743148, False, '2019-07-27 14:14:00'); /* Linkable Monster Generator ( 5 Min.) */
/* @teleloc 934B000A 47.729923 37.276619 14.004999 -0.669127 0.000000 0.000000 0.743148 */;

INSERT INTO `landblock_instance` (`weenie_Class_Id`, `obj_Cell_Id`, `origin_X`, `origin_Y`, `origin_Z`, `angles_W`, `angles_X`, `angles_Y`, `angles_Z`, `is_Link_Child`, `last_Modified`)
	VALUES (2000311, 869859339, 24.712582, 62.062534, 52.005001, 0.745533, 0.000000, 0.000000, -0.666469, False, '2019-07-27 14:14:00'); /* Linkable Monster Generator ( 5 Min.) */
/* @teleloc 33D9000B 24.712582 62.062534 52.005001 0.745533 0.000000 0.000000 -0.666469 */;

INSERT INTO `landblock_instance` (`weenie_Class_Id`, `obj_Cell_Id`, `origin_X`, `origin_Y`, `origin_Z`, `angles_W`, `angles_X`, `angles_Y`, `angles_Z`, `is_Link_Child`, `last_Modified`)
	VALUES (2000312, 853082162, 150.336899, 42.362854, 52.005001, 0.738766, 0.000000, 0.000000, -0.673962, False, '2019-07-27 14:14:00'); /* Linkable Monster Generator ( 5 Min.) */
/* @teleloc 32D90032 150.336899 42.362854 52.005001 0.738766 0.000000 0.000000 -0.673962 */;

INSERT INTO `landblock_instance` (`weenie_Class_Id`, `obj_Cell_Id`, `origin_X`, `origin_Y`, `origin_Z`, `angles_W`, `angles_X`, `angles_Y`, `angles_Z`, `is_Link_Child`, `last_Modified`)
	VALUES (2000313, 853082164, 146.079041, 79.936821, 52.005001, 0.481525, 0.000000, 0.000000, -0.876432, False, '2019-07-27 14:14:00'); /* Linkable Monster Generator ( 5 Min.) */
/* @teleloc 32D90034 146.079041 79.936821 52.005001 0.481525 0.000000 0.000000 -0.876432 */;

INSERT INTO `landblock_instance` (`weenie_Class_Id`, `obj_Cell_Id`, `origin_X`, `origin_Y`, `origin_Z`, `angles_W`, `angles_X`, `angles_Y`, `angles_Z`, `is_Link_Child`, `last_Modified`)
	VALUES (2000314, 565182500, 115.117401, 94.892929, 1.598117, -0.720069, 0.000000, 0.000000, -0.693902, False, '2019-07-27 14:14:00'); /* Linkable Monster Generator ( 5 Min.) */
/* @teleloc 21B00024 115.117401 94.892929 1.598117 -0.720069 0.000000 0.000000 -0.693902 */;

INSERT INTO `landblock_instance` (`weenie_Class_Id`, `obj_Cell_Id`, `origin_X`, `origin_Y`, `origin_Z`, `angles_W`, `angles_X`, `angles_Y`, `angles_Z`, `is_Link_Child`, `last_Modified`)
	VALUES (2000315, 565182486, 71.260460, 132.409622, 0.005000, 0.797996, 0.000000, 0.000000, -0.602663, False, '2019-07-27 14:14:00'); /* Linkable Monster Generator ( 5 Min.) */
/* @teleloc 21B00016 71.260460 132.409622 0.005000 0.797996 0.000000 0.000000 -0.602663 */;

INSERT INTO `landblock_instance` (`weenie_Class_Id`, `obj_Cell_Id`, `origin_X`, `origin_Y`, `origin_Z`, `angles_W`, `angles_X`, `angles_Y`, `angles_Z`, `is_Link_Child`, `last_Modified`)
	VALUES (2000316, 733282349, 141.108887, 96.203697, 0.005000, -0.900911, 0.000000, 0.000000, 0.434005, False, '2019-07-27 14:14:00'); /* Linkable Monster Generator ( 5 Min.) */
/* @teleloc 2BB5002D 141.108887 96.203697 0.005000 -0.900911 0.000000 0.000000 0.434005 */;

INSERT INTO `landblock_instance` (`weenie_Class_Id`, `obj_Cell_Id`, `origin_X`, `origin_Y`, `origin_Z`, `angles_W`, `angles_X`, `angles_Y`, `angles_Z`, `is_Link_Child`, `last_Modified`)
	VALUES (2000317, 750059531, 33.765011, 52.839516, 0.005000, 0.463708, 0.000000, 0.000000, -0.885988, False, '2019-07-27 14:14:00'); /* Linkable Monster Generator ( 5 Min.) */
/* @teleloc 2CB5000B 33.765011 52.839516 0.005000 0.463708 0.000000 0.000000 -0.885988 */;

INSERT INTO `landblock_instance` (`weenie_Class_Id`, `obj_Cell_Id`, `origin_X`, `origin_Y`, `origin_Z`, `angles_W`, `angles_X`, `angles_Y`, `angles_Z`, `is_Link_Child`, `last_Modified`)
	VALUES (2000318, 397541402, 89.987320, 45.734623, 43.816219, -0.781829, 0.000000, 0.000000, 0.623492, False, '2019-07-27 14:14:00'); /* Linkable Monster Generator ( 5 Min.) */
/* @teleloc 17B2001A 89.987320 45.734623 43.816219 -0.781829 0.000000 0.000000 0.623492 */;

INSERT INTO `landblock_instance` (`weenie_Class_Id`, `obj_Cell_Id`, `origin_X`, `origin_Y`, `origin_Z`, `angles_W`, `angles_X`, `angles_Y`, `angles_Z`, `is_Link_Child`, `last_Modified`)
	VALUES (2000319, 397541395, 50.041344, 56.766388, 45.834888, 0.957908, 0.000000, 0.000000, -0.287074, False, '2019-07-27 14:14:00'); /* Linkable Monster Generator ( 5 Min.) */
/* @teleloc 17B20013 50.041344 56.766388 45.834888 0.957908 0.000000 0.000000 -0.287074 */;

INSERT INTO `landblock_instance` (`weenie_Class_Id`, `obj_Cell_Id`, `origin_X`, `origin_Y`, `origin_Z`, `angles_W`, `angles_X`, `angles_Y`, `angles_Z`, `is_Link_Child`, `last_Modified`)
	VALUES (2000320, 669777949, 72.357193, 119.314651, 80.005005, 0.454859, 0.000000, 0.000000, 0.890564, False, '2019-07-27 14:14:00'); /* Linkable Monster Generator ( 5 Min.) */
/* @teleloc 27EC001D 72.357193 119.314651 80.005005 0.454859 0.000000 0.000000 0.890564 */;

INSERT INTO `landblock_instance` (`weenie_Class_Id`, `obj_Cell_Id`, `origin_X`, `origin_Y`, `origin_Z`, `angles_W`, `angles_X`, `angles_Y`, `angles_Z`, `is_Link_Child`, `last_Modified`)
	VALUES (2000321, 669777948, 83.566124, 82.027740, 80.005005, 0.981665, 0.000000, 0.000000, -0.190613, False, '2019-07-27 14:14:00'); /* Linkable Monster Generator ( 5 Min.) */
/* @teleloc 27EC001C 83.566124 82.027740 80.005005 0.981665 0.000000 0.000000 -0.190613 */;

INSERT INTO `landblock_instance` (`weenie_Class_Id`, `obj_Cell_Id`, `origin_X`, `origin_Y`, `origin_Z`, `angles_W`, `angles_X`, `angles_Y`, `angles_Z`, `is_Link_Child`, `last_Modified`)
	VALUES (2000322, 601489451, 134.444885, 61.323631, 2.005000, -0.991524, 0.000000, 0.000000, -0.129922, False, '2019-07-27 14:14:00'); /* Linkable Monster Generator ( 5 Min.) */
/* @teleloc 23DA002B 134.444885 61.323631 2.005000 -0.991524 0.000000 0.000000 -0.129922 */;

INSERT INTO `landblock_instance` (`weenie_Class_Id`, `obj_Cell_Id`, `origin_X`, `origin_Y`, `origin_Z`, `angles_W`, `angles_X`, `angles_Y`, `angles_Z`, `is_Link_Child`, `last_Modified`)
	VALUES (2000323, 1240465461, 162.282242, 96.744675, 170.004990, 0.793346, 0.000000, 0.000000, -0.608772, False, '2019-07-27 14:14:00'); /* Linkable Monster Generator ( 5 Min.) */
/* @teleloc 49F00035 162.282242 96.744675 170.004990 0.793346 0.000000 0.000000 -0.608772 */;

INSERT INTO `landblock_instance` (`weenie_Class_Id`, `obj_Cell_Id`, `origin_X`, `origin_Y`, `origin_Z`, `angles_W`, `angles_X`, `angles_Y`, `angles_Z`, `is_Link_Child`, `last_Modified`)
	VALUES (2000324, 955711513, 88.636871, 22.568563, 2.005000, 0.918598, 0.000000, 0.000000, 0.395193, False, '2019-07-27 14:14:00'); /* Linkable Monster Generator ( 5 Min.) */
/* @teleloc 38F70019 88.636871 22.568563 2.005000 0.918598 0.000000 0.000000 0.395193 */;

INSERT INTO `landblock_instance` (`weenie_Class_Id`, `obj_Cell_Id`, `origin_X`, `origin_Y`, `origin_Z`, `angles_W`, `angles_X`, `angles_Y`, `angles_Z`, `is_Link_Child`, `last_Modified`)
	VALUES (2000325, 498466869, 154.549164, 114.980682, 120.005005, 0.992512, 0.000000, 0.000000, -0.122151, False, '2019-07-27 14:14:00'); /* Linkable Monster Generator ( 5 Min.) */
/* @teleloc 1DB60035 154.549164 114.980682 120.005005 0.992512 0.000000 0.000000 -0.122151 */;

INSERT INTO `landblock_instance` (`weenie_Class_Id`, `obj_Cell_Id`, `origin_X`, `origin_Y`, `origin_Z`, `angles_W`, `angles_X`, `angles_Y`, `angles_Z`, `is_Link_Child`, `last_Modified`)
	VALUES (2000326, 2719875116, 140.399246, 84.613152, 592.005005, -0.729523, 0.000000, 0.000000, 0.683957, False, '2019-07-27 14:14:00'); /* Linkable Monster Generator ( 5 Min.) */
/* @teleloc A21E002C 140.399246 84.613152 592.005005 -0.729523 0.000000 0.000000 0.683957 */;

INSERT INTO `landblock_instance` (`weenie_Class_Id`, `obj_Cell_Id`, `origin_X`, `origin_Y`, `origin_Z`, `angles_W`, `angles_X`, `angles_Y`, `angles_Z`, `is_Link_Child`, `last_Modified`)
	VALUES (2000327, 722534431, 72.217278, 161.357040, 48.005001, -0.590983, 0.000000, 0.000000, 0.806684, False, '2019-07-27 14:14:00'); /* Linkable Monster Generator ( 5 Min.) */
/* @teleloc 2B11001F 72.217278 161.357040 48.005001 -0.590983 0.000000 0.000000 0.806684 */;

INSERT INTO `landblock_instance` (`weenie_Class_Id`, `obj_Cell_Id`, `origin_X`, `origin_Y`, `origin_Z`, `angles_W`, `angles_X`, `angles_Y`, `angles_Z`, `is_Link_Child`, `last_Modified`)
	VALUES (2000328, 722534431, 83.052010, 163.447540, 48.005001, 0.610849, 0.000000, 0.000000, 0.791747, False, '2019-07-27 14:14:00'); /* Linkable Monster Generator ( 5 Min.) */
/* @teleloc 2B11001F 83.052010 163.447540 48.005001 0.610849 0.000000 0.000000 0.791747 */;

INSERT INTO `landblock_instance` (`weenie_Class_Id`, `obj_Cell_Id`, `origin_X`, `origin_Y`, `origin_Z`, `angles_W`, `angles_X`, `angles_Y`, `angles_Z`, `is_Link_Child`, `last_Modified`)
	VALUES (2000329, 722534448, 130.605927, 183.722870, 48.005001, 0.427087, 0.000000, 0.000000, 0.904210, False, '2019-07-27 14:14:00'); /* Linkable Monster Generator ( 5 Min.) */
/* @teleloc 2B110030 130.605927 183.722870 48.005001 0.427087 0.000000 0.000000 0.904210 */;

INSERT INTO `landblock_instance` (`weenie_Class_Id`, `obj_Cell_Id`, `origin_X`, `origin_Y`, `origin_Z`, `angles_W`, `angles_X`, `angles_Y`, `angles_Z`, `is_Link_Child`, `last_Modified`)
	VALUES (2000330, 4116250686, 187.675995, 121.020561, 20.004999, 0.110225, 0.000000, 0.000000, -0.993907, False, '2019-07-27 14:14:00'); /* Linkable Monster Generator ( 5 Min.) */
/* @teleloc F559003E 187.675995 121.020561 20.004999 0.110225 0.000000 0.000000 -0.993907 */;

/* Batch Two */

INSERT INTO `landblock_instance` (`weenie_Class_Id`, `obj_Cell_Id`, `origin_X`, `origin_Y`, `origin_Z`, `angles_W`, `angles_X`, `angles_Y`, `angles_Z`, `is_Link_Child`, `last_Modified`)
	VALUES (2000331, 2847146034, 167.368958, 47.334255, 94.005005, -0.932947, 0.000000, 0.000000, 0.360013, False, '2019-07-27 14:14:00'); /* Linkable Monster Generator ( 5 Min.) */
/* @teleloc A9B40032 167.368958 47.334255 94.005005 -0.932947 0.000000 0.000000 0.360013 */;

INSERT INTO `landblock_instance` (`weenie_Class_Id`, `obj_Cell_Id`, `origin_X`, `origin_Y`, `origin_Z`, `angles_W`, `angles_X`, `angles_Y`, `angles_Z`, `is_Link_Child`, `last_Modified`)
	VALUES (2000332, 2847146007, 60.815739, 144.696838, 66.005005, -0.716111, 0.000000, 0.000000, -0.697987, False, '2019-07-27 14:14:00'); /* Linkable Monster Generator ( 5 Min.) */
/* @teleloc A9B40017 60.815739 144.696838 66.005005 -0.716111 0.000000 0.000000 -0.697987 */;

INSERT INTO `landblock_instance` (`weenie_Class_Id`, `obj_Cell_Id`, `origin_X`, `origin_Y`, `origin_Z`, `angles_W`, `angles_X`, `angles_Y`, `angles_Z`, `is_Link_Child`, `last_Modified`)
	VALUES (2000333, 2847145998, 44.706398, 127.425430, 66.005005, 0.673021, 0.000000, 0.000000, 0.739624, False, '2019-07-27 14:14:00'); /* Linkable Monster Generator ( 5 Min.) */
/* @teleloc A9B4000E 44.706398 127.425430 66.005005 0.673021 0.000000 0.000000 0.739624 */;

INSERT INTO `landblock_instance` (`weenie_Class_Id`, `obj_Cell_Id`, `origin_X`, `origin_Y`, `origin_Z`, `angles_W`, `angles_X`, `angles_Y`, `angles_Z`, `is_Link_Child`, `last_Modified`)
	VALUES (2000334, 3164536891, 185.577637, 71.835114, 32.005001, -0.986429, 0.000000, 0.000000, 0.164189, False, '2019-07-27 14:14:00'); /* Linkable Monster Generator ( 5 Min.) */
/* @teleloc BC9F003B 185.577637 71.835114 32.005001 -0.986429 0.000000 0.000000 0.164189 */;

INSERT INTO `landblock_instance` (`weenie_Class_Id`, `obj_Cell_Id`, `origin_X`, `origin_Y`, `origin_Z`, `angles_W`, `angles_X`, `angles_Y`, `angles_Z`, `is_Link_Child`, `last_Modified`)
	VALUES (2000335, 3164536861, 91.366814, 102.638985, 54.005001, -0.654601, 0.000000, 0.000000, -0.755975, False, '2019-07-27 14:14:00'); /* Linkable Monster Generator ( 5 Min.) */
/* @teleloc BC9F001D 91.366814 102.638985 54.005001 -0.654601 0.000000 0.000000 -0.755975 */;

INSERT INTO `landblock_instance` (`weenie_Class_Id`, `obj_Cell_Id`, `origin_X`, `origin_Y`, `origin_Z`, `angles_W`, `angles_X`, `angles_Y`, `angles_Z`, `is_Link_Child`, `last_Modified`)
	VALUES (2000336, 3164536890, 182.454742, 26.188761, 32.005001, -0.971692, 0.000000, 0.000000, 0.236251, False, '2019-07-27 14:14:00'); /* Linkable Monster Generator ( 5 Min.) */
/* @teleloc BC9F003A 182.454742 26.188761 32.005001 -0.971692 0.000000 0.000000 0.236251 */;

INSERT INTO `landblock_instance` (`weenie_Class_Id`, `obj_Cell_Id`, `origin_X`, `origin_Y`, `origin_Z`, `angles_W`, `angles_X`, `angles_Y`, `angles_Z`, `is_Link_Child`, `last_Modified`)
	VALUES (2000337, 3332964362, 29.935169, 42.782986, 42.005001, 0.998727, 0.000000, 0.000000, 0.050439, False, '2019-07-27 14:14:00'); /* Linkable Monster Generator ( 5 Min.) */
/* @teleloc C6A9000A 29.935169 42.782986 42.005001 0.998727 0.000000 0.000000 0.050439 */;

INSERT INTO `landblock_instance` (`weenie_Class_Id`, `obj_Cell_Id`, `origin_X`, `origin_Y`, `origin_Z`, `angles_W`, `angles_X`, `angles_Y`, `angles_Z`, `is_Link_Child`, `last_Modified`)
	VALUES (2000338, 3316187188, 155.992798, 75.128777, 42.005001, -0.030609, 0.000000, 0.000000, 0.999531, False, '2019-07-27 14:14:00'); /* Linkable Monster Generator ( 5 Min.) */
/* @teleloc C5A90034 155.992798 75.128777 42.005001 -0.030609 0.000000 0.000000 0.999531 */;

INSERT INTO `landblock_instance` (`weenie_Class_Id`, `obj_Cell_Id`, `origin_X`, `origin_Y`, `origin_Z`, `angles_W`, `angles_X`, `angles_Y`, `angles_Z`, `is_Link_Child`, `last_Modified`)
	VALUES (2000339, 3332964386, 101.940224, 41.974838, 42.005001, -0.948560, 0.000000, 0.000000, -0.316597, False, '2019-07-27 14:14:00'); /* Linkable Monster Generator ( 5 Min.) */
/* @teleloc C6A90022 101.940224 41.974838 42.005001 -0.948560 0.000000 0.000000 -0.316597 */;

INSERT INTO `landblock_instance` (`weenie_Class_Id`, `obj_Cell_Id`, `origin_X`, `origin_Y`, `origin_Z`, `angles_W`, `angles_X`, `angles_Y`, `angles_Z`, `is_Link_Child`, `last_Modified`)
	VALUES (2000340, 3665100851, 147.274796, 57.999378, 21.504999, -0.959026, 0.000000, 0.000000, -0.283317, False, '2019-07-27 14:14:00'); /* Linkable Monster Generator ( 5 Min.) */
/* @teleloc DA750033 147.274796 57.999378 21.504999 -0.959026 0.000000 0.000000 -0.283317 */;

INSERT INTO `landblock_instance` (`weenie_Class_Id`, `obj_Cell_Id`, `origin_X`, `origin_Y`, `origin_Z`, `angles_W`, `angles_X`, `angles_Y`, `angles_Z`, `is_Link_Child`, `last_Modified`)
	VALUES (2000341, 3665100837, 108.743690, 107.373962, 22.004999, 0.734296, 0.000000, 0.000000, 0.678829, False, '2019-07-27 14:14:00'); /* Linkable Monster Generator ( 5 Min.) */
/* @teleloc DA750025 108.743690 107.373962 22.004999 0.734296 0.000000 0.000000 0.678829 */;

INSERT INTO `landblock_instance` (`weenie_Class_Id`, `obj_Cell_Id`, `origin_X`, `origin_Y`, `origin_Z`, `angles_W`, `angles_X`, `angles_Y`, `angles_Z`, `is_Link_Child`, `last_Modified`)
	VALUES (2000342, 3465871378, 58.477718, 36.762863, 20.004999, -0.978493, 0.000000, 0.000000, 0.206279, False, '2019-07-27 14:14:00'); /* Linkable Monster Generator ( 5 Min.) */
/* @teleloc CE950012 58.477718 36.762863 20.004999 -0.978493 0.000000 0.000000 0.206279 */;

INSERT INTO `landblock_instance` (`weenie_Class_Id`, `obj_Cell_Id`, `origin_X`, `origin_Y`, `origin_Z`, `angles_W`, `angles_X`, `angles_Y`, `angles_Z`, `is_Link_Child`, `last_Modified`)
	VALUES (2000343, 3465871371, 44.045509, 66.164268, 20.004999, -0.316781, 0.000000, 0.000000, -0.948499, False, '2019-07-27 14:14:00'); /* Linkable Monster Generator ( 5 Min.) */
/* @teleloc CE95000B 44.045509 66.164268 20.004999 -0.316781 0.000000 0.000000 -0.948499 */;

INSERT INTO `landblock_instance` (`weenie_Class_Id`, `obj_Cell_Id`, `origin_X`, `origin_Y`, `origin_Z`, `angles_W`, `angles_X`, `angles_Y`, `angles_Z`, `is_Link_Child`, `last_Modified`)
	VALUES (2000344, 3465871406, 129.899185, 120.680290, 20.004999, 0.078535, 0.000000, 0.000000, -0.996911, False, '2019-07-27 14:14:00'); /* Linkable Monster Generator ( 5 Min.) */
/* @teleloc CE95002E 129.899185 120.680290 20.004999 0.078535 0.000000 0.000000 -0.996911 */;

INSERT INTO `landblock_instance` (`weenie_Class_Id`, `obj_Cell_Id`, `origin_X`, `origin_Y`, `origin_Z`, `angles_W`, `angles_X`, `angles_Y`, `angles_Z`, `is_Link_Child`, `last_Modified`)
	VALUES (2000345, 629211163, 90.941719, 53.481895, 220.004990, -0.971047, 0.000000, 0.000000, -0.238887, False, '2019-07-27 14:14:00'); /* Linkable Monster Generator ( 5 Min.) */
/* @teleloc 2581001B 90.941719 53.481895 220.004990 -0.971047 0.000000 0.000000 -0.238887 */;

INSERT INTO `landblock_instance` (`weenie_Class_Id`, `obj_Cell_Id`, `origin_X`, `origin_Y`, `origin_Z`, `angles_W`, `angles_X`, `angles_Y`, `angles_Z`, `is_Link_Child`, `last_Modified`)
	VALUES (2000346, 629211157, 59.818146, 104.482719, 235.204987, 0.048182, 0.000000, 0.000000, 0.998839, False, '2019-07-27 14:14:00'); /* Linkable Monster Generator ( 5 Min.) */
/* @teleloc 25810015 59.818146 104.482719 235.204987 0.048182 0.000000 0.000000 0.998839 */;

INSERT INTO `landblock_instance` (`weenie_Class_Id`, `obj_Cell_Id`, `origin_X`, `origin_Y`, `origin_Z`, `angles_W`, `angles_X`, `angles_Y`, `angles_Z`, `is_Link_Child`, `last_Modified`)
	VALUES (2000347, 629211189, 160.920670, 100.320953, 220.004990, 0.228900, 0.000000, 0.000000, 0.973450, False, '2019-07-27 14:14:00'); /* Linkable Monster Generator ( 5 Min.) */
/* @teleloc 25810035 160.920670 100.320953 220.004990 0.228900 0.000000 0.000000 0.973450 */;

INSERT INTO `landblock_instance` (`weenie_Class_Id`, `obj_Cell_Id`, `origin_X`, `origin_Y`, `origin_Z`, `angles_W`, `angles_X`, `angles_Y`, `angles_Z`, `is_Link_Child`, `last_Modified`)
	VALUES (2000348, 2711879724, 135.960358, 82.890129, 50.005001, 0.309173, 0.000000, 0.000000, 0.951006, False, '2019-07-27 14:14:00'); /* Linkable Monster Generator ( 5 Min.) */
/* @teleloc A1A4002C 135.960358 82.890129 50.005001 0.309173 0.000000 0.000000 0.951006 */;

INSERT INTO `landblock_instance` (`weenie_Class_Id`, `obj_Cell_Id`, `origin_X`, `origin_Y`, `origin_Z`, `angles_W`, `angles_X`, `angles_Y`, `angles_Z`, `is_Link_Child`, `last_Modified`)
	VALUES (2000349, 2711879742, 182.102951, 132.654236, 50.005001, -0.271704, 0.000000, 0.000000, -0.962381, False, '2019-07-27 14:14:00'); /* Linkable Monster Generator ( 5 Min.) */
/* @teleloc A1A4003E 182.102951 132.654236 50.005001 -0.271704 0.000000 0.000000 -0.962381 */;

INSERT INTO `landblock_instance` (`weenie_Class_Id`, `obj_Cell_Id`, `origin_X`, `origin_Y`, `origin_Z`, `angles_W`, `angles_X`, `angles_Y`, `angles_Z`, `is_Link_Child`, `last_Modified`)
	VALUES (2000350, 2711879694, 25.394789, 123.507927, 50.005001, -0.660675, 0.000000, 0.000000, 0.750672, False, '2019-07-27 14:14:00'); /* Linkable Monster Generator ( 5 Min.) */
/* @teleloc A1A4000E 25.394789 123.507927 50.005001 -0.660675 0.000000 0.000000 0.750672 */;

INSERT INTO `landblock_instance` (`weenie_Class_Id`, `obj_Cell_Id`, `origin_X`, `origin_Y`, `origin_Z`, `angles_W`, `angles_X`, `angles_Y`, `angles_Z`, `is_Link_Child`, `last_Modified`)
	VALUES (2000351, 3212836874, 25.777973, 28.309404, 37.441471, -0.852790, 0.000000, 0.000000, -0.522255, False, '2019-07-27 14:14:00'); /* Linkable Monster Generator ( 5 Min.) */
/* @teleloc BF80000A 25.777973 28.309404 37.441471 -0.852790 0.000000 0.000000 -0.522255 */;

INSERT INTO `landblock_instance` (`weenie_Class_Id`, `obj_Cell_Id`, `origin_X`, `origin_Y`, `origin_Z`, `angles_W`, `angles_X`, `angles_Y`, `angles_Z`, `is_Link_Child`, `last_Modified`)
	VALUES (2000352, 3212836908, 142.455643, 79.403984, 34.005001, 0.190490, 0.000000, 0.000000, -0.981689, False, '2019-07-27 14:14:00'); /* Linkable Monster Generator ( 5 Min.) */
/* @teleloc BF80002C 142.455643 79.403984 34.005001 0.190490 0.000000 0.000000 -0.981689 */;

INSERT INTO `landblock_instance` (`weenie_Class_Id`, `obj_Cell_Id`, `origin_X`, `origin_Y`, `origin_Z`, `angles_W`, `angles_X`, `angles_Y`, `angles_Z`, `is_Link_Child`, `last_Modified`)
	VALUES (2000353, 3212836905, 128.121307, 21.205856, 37.505001, -0.997766, 0.000000, 0.000000, 0.066811, False, '2019-07-27 14:14:00'); /* Linkable Monster Generator ( 5 Min.) */
/* @teleloc BF800029 128.121307 21.205856 37.505001 -0.997766 0.000000 0.000000 0.066811 */;

INSERT INTO `landblock_instance` (`weenie_Class_Id`, `obj_Cell_Id`, `origin_X`, `origin_Y`, `origin_Z`, `angles_W`, `angles_X`, `angles_Y`, `angles_Z`, `is_Link_Child`, `last_Modified`)
	VALUES (2000354, 1236664334, 28.565247, 139.120010, 240.004990, -0.127867, 0.000000, 0.000000, 0.991791, False, '2019-07-27 14:14:00'); /* Linkable Monster Generator ( 5 Min.) */
/* @teleloc 49B6000E 28.565247 139.120010 240.004990 -0.127867 0.000000 0.000000 0.991791 */;

INSERT INTO `landblock_instance` (`weenie_Class_Id`, `obj_Cell_Id`, `origin_X`, `origin_Y`, `origin_Z`, `angles_W`, `angles_X`, `angles_Y`, `angles_Z`, `is_Link_Child`, `last_Modified`)
	VALUES (2000355, 3381395488, 79.161407, 173.119812, 22.004999, 0.925157, 0.000000, 0.000000, -0.379585, False, '2019-07-27 14:14:00'); /* Linkable Monster Generator ( 5 Min.) */
/* @teleloc C98C0020 79.161407 173.119812 22.004999 0.925157 0.000000 0.000000 -0.379585 */;

INSERT INTO `landblock_instance` (`weenie_Class_Id`, `obj_Cell_Id`, `origin_X`, `origin_Y`, `origin_Z`, `angles_W`, `angles_X`, `angles_Y`, `angles_Z`, `is_Link_Child`, `last_Modified`)
	VALUES (2000356, 3364683785, 34.128525, 6.953797, 23.912786, 0.062176, 0.000000, 0.000000, -0.998065, False, '2019-07-27 14:14:00'); /* Linkable Monster Generator ( 5 Min.) */
/* @teleloc C88D0009 34.128525 6.953797 23.912786 0.062176 0.000000 0.000000 -0.998065 */;

INSERT INTO `landblock_instance` (`weenie_Class_Id`, `obj_Cell_Id`, `origin_X`, `origin_Y`, `origin_Z`, `angles_W`, `angles_X`, `angles_Y`, `angles_Z`, `is_Link_Child`, `last_Modified`)
	VALUES (2000357, 3364618260, 52.315105, 85.197212, 22.004999, 0.997111, 0.000000, 0.000000, 0.075953, False, '2019-07-27 14:14:00'); /* Linkable Monster Generator ( 5 Min.) */
/* @teleloc C88C0014 52.315105 85.197212 22.004999 0.997111 0.000000 0.000000 0.075953 */;

INSERT INTO `landblock_instance` (`weenie_Class_Id`, `obj_Cell_Id`, `origin_X`, `origin_Y`, `origin_Z`, `angles_W`, `angles_X`, `angles_Y`, `angles_Z`, `is_Link_Child`, `last_Modified`)
	VALUES (2000358, 1691680796, 93.157196, 73.022881, 78.005005, 0.823507, 0.000000, 0.000000, -0.567306, False, '2019-07-27 14:14:00'); /* Linkable Monster Generator ( 5 Min.) */
/* @teleloc 64D5001C 93.157196 73.022881 78.005005 0.823507 0.000000 0.000000 -0.567306 */;

INSERT INTO `landblock_instance` (`weenie_Class_Id`, `obj_Cell_Id`, `origin_X`, `origin_Y`, `origin_Z`, `angles_W`, `angles_X`, `angles_Y`, `angles_Z`, `is_Link_Child`, `last_Modified`)
	VALUES (2000359, 1691680796, 93.384865, 78.700233, 78.005005, 0.472888, 0.000000, 0.000000, -0.881123, False, '2019-07-27 14:14:00'); /* Linkable Monster Generator ( 5 Min.) */
/* @teleloc 64D5001C 93.384865 78.700233 78.005005 0.472888 0.000000 0.000000 -0.881123 */;

INSERT INTO `landblock_instance` (`weenie_Class_Id`, `obj_Cell_Id`, `origin_X`, `origin_Y`, `origin_Z`, `angles_W`, `angles_X`, `angles_Y`, `angles_Z`, `is_Link_Child`, `last_Modified`)
	VALUES (2000360, 3663003680, 84.832481, 177.972183, 20.004999, -0.439596, 0.000000, 0.000000, 0.898196, False, '2019-07-27 14:14:00'); /* Linkable Monster Generator ( 5 Min.) */
/* @teleloc DA550020 84.832481 177.972183 20.004999 -0.439596 0.000000 0.000000 0.898196 */;

INSERT INTO `landblock_instance` (`weenie_Class_Id`, `obj_Cell_Id`, `origin_X`, `origin_Y`, `origin_Z`, `angles_W`, `angles_X`, `angles_Y`, `angles_Z`, `is_Link_Child`, `last_Modified`)
	VALUES (2000361, 3663003680, 89.841164, 177.043137, 20.004999, 0.698717, 0.000000, 0.000000, 0.715398, False, '2019-07-27 14:14:00'); /* Linkable Monster Generator ( 5 Min.) */
/* @teleloc DA550020 89.841164 177.043137 20.004999 0.698717 0.000000 0.000000 0.715398 */;

INSERT INTO `landblock_instance` (`weenie_Class_Id`, `obj_Cell_Id`, `origin_X`, `origin_Y`, `origin_Z`, `angles_W`, `angles_X`, `angles_Y`, `angles_Z`, `is_Link_Child`, `last_Modified`)
	VALUES (2000362, 3663004050, 83.570732, 58.295029, 20.045000, 0.997990, 0.000000, 0.000000, -0.063375, False, '2019-07-27 14:14:00'); /* Linkable Monster Generator ( 5 Min.) */
/* @teleloc DA550192 83.570732 58.295029 20.045000 0.997990 0.000000 0.000000 -0.063375 */;

INSERT INTO `landblock_instance` (`weenie_Class_Id`, `obj_Cell_Id`, `origin_X`, `origin_Y`, `origin_Z`, `angles_W`, `angles_X`, `angles_Y`, `angles_Z`, `is_Link_Child`, `last_Modified`)
	VALUES (2000363, 3880648739, 104.362488, 67.619720, 32.005001, 0.997888, 0.000000, 0.000000, 0.064963, False, '2019-07-27 14:14:00'); /* Linkable Monster Generator ( 5 Min.) */
/* @teleloc E74E0023 104.362488 67.619720 32.005001 0.997888 0.000000 0.000000 0.064963 */;

INSERT INTO `landblock_instance` (`weenie_Class_Id`, `obj_Cell_Id`, `origin_X`, `origin_Y`, `origin_Z`, `angles_W`, `angles_X`, `angles_Y`, `angles_Z`, `is_Link_Child`, `last_Modified`)
	VALUES (2000364, 3880648718, 42.933964, 125.108826, 32.005001, 0.503481, 0.000000, 0.000000, -0.864006, False, '2019-07-27 14:14:00'); /* Linkable Monster Generator ( 5 Min.) */
/* @teleloc E74E000E 42.933964 125.108826 32.005001 0.503481 0.000000 0.000000 -0.864006 */;

INSERT INTO `landblock_instance` (`weenie_Class_Id`, `obj_Cell_Id`, `origin_X`, `origin_Y`, `origin_Z`, `angles_W`, `angles_X`, `angles_Y`, `angles_Z`, `is_Link_Child`, `last_Modified`)
	VALUES (2000365, 3880648715, 37.560379, 59.858898, 32.005001, 0.930897, 0.000000, 0.000000, -0.365282, False, '2019-07-27 14:14:00'); /* Linkable Monster Generator ( 5 Min.) */
/* @teleloc E74E000B 37.560379 59.858898 32.005001 0.930897 0.000000 0.000000 -0.365282 */;

INSERT INTO `landblock_instance` (`weenie_Class_Id`, `obj_Cell_Id`, `origin_X`, `origin_Y`, `origin_Z`, `angles_W`, `angles_X`, `angles_Y`, `angles_Z`, `is_Link_Child`, `last_Modified`)
	VALUES (2000366, 3443589176, 158.659592, 168.264862, 54.005001, -0.219825, 0.000000, 0.000000, -0.975539, False, '2019-07-27 14:14:00'); /* Linkable Monster Generator ( 5 Min.) */
/* @teleloc CD410038 158.659592 168.264862 54.005001 -0.219825 0.000000 0.000000 -0.975539 */;

INSERT INTO `landblock_instance` (`weenie_Class_Id`, `obj_Cell_Id`, `origin_X`, `origin_Y`, `origin_Z`, `angles_W`, `angles_X`, `angles_Y`, `angles_Z`, `is_Link_Child`, `last_Modified`)
	VALUES (2000367, 3443589148, 74.465561, 78.856117, 54.005001, -0.361798, 0.000000, 0.000000, -0.932257, False, '2019-07-27 14:14:00'); /* Linkable Monster Generator ( 5 Min.) */
/* @teleloc CD41001C 74.465561 78.856117 54.005001 -0.361798 0.000000 0.000000 -0.932257 */;

INSERT INTO `landblock_instance` (`weenie_Class_Id`, `obj_Cell_Id`, `origin_X`, `origin_Y`, `origin_Z`, `angles_W`, `angles_X`, `angles_Y`, `angles_Z`, `is_Link_Child`, `last_Modified`)
	VALUES (2000368, 3443589174, 153.965225, 126.225937, 54.005001, 0.711139, 0.000000, 0.000000, 0.703052, False, '2019-07-27 14:14:00'); /* Linkable Monster Generator ( 5 Min.) */
/* @teleloc CD410036 153.965225 126.225937 54.005001 0.711139 0.000000 0.000000 0.703052 */;

INSERT INTO `landblock_instance` (`weenie_Class_Id`, `obj_Cell_Id`, `origin_X`, `origin_Y`, `origin_Z`, `angles_W`, `angles_X`, `angles_Y`, `angles_Z`, `is_Link_Child`, `last_Modified`)
	VALUES (2000369, 3122069514, 39.775841, 45.596416, 132.004990, 0.480261, 0.000000, 0.000000, 0.877126, False, '2019-07-27 14:14:00'); /* Linkable Monster Generator ( 5 Min.) */
/* @teleloc BA17000A 39.775841 45.596416 132.004990 0.480261 0.000000 0.000000 0.877126 */;

INSERT INTO `landblock_instance` (`weenie_Class_Id`, `obj_Cell_Id`, `origin_X`, `origin_Y`, `origin_Z`, `angles_W`, `angles_X`, `angles_Y`, `angles_Z`, `is_Link_Child`, `last_Modified`)
	VALUES (2000370, 3122069524, 67.343704, 86.755508, 132.004990, 0.437127, 0.000000, 0.000000, 0.899400, False, '2019-07-27 14:14:00'); /* Linkable Monster Generator ( 5 Min.) */
/* @teleloc BA170014 67.343704 86.755508 132.004990 0.437127 0.000000 0.000000 0.899400 */;

INSERT INTO `landblock_instance` (`weenie_Class_Id`, `obj_Cell_Id`, `origin_X`, `origin_Y`, `origin_Z`, `angles_W`, `angles_X`, `angles_Y`, `angles_Z`, `is_Link_Child`, `last_Modified`)
	VALUES (2000371, 3911319558, 15.077836, 132.288788, -0.445000, -0.987102, 0.000000, 0.000000, 0.160093, False, '2019-07-27 14:14:00'); /* Linkable Monster Generator ( 5 Min.) */
/* @teleloc E9220006 15.077836 132.288788 -0.445000 -0.987102 0.000000 0.000000 0.160093 */;

INSERT INTO `landblock_instance` (`weenie_Class_Id`, `obj_Cell_Id`, `origin_X`, `origin_Y`, `origin_Z`, `angles_W`, `angles_X`, `angles_Y`, `angles_Z`, `is_Link_Child`, `last_Modified`)
	VALUES (2000372, 3911319587, 113.428856, 65.561996, 0.005000, 0.948552, 0.000000, 0.000000, 0.316622, False, '2019-07-27 14:14:00'); /* Linkable Monster Generator ( 5 Min.) */
/* @teleloc E9220023 113.428856 65.561996 0.005000 0.948552 0.000000 0.000000 0.316622 */;

INSERT INTO `landblock_instance` (`weenie_Class_Id`, `obj_Cell_Id`, `origin_X`, `origin_Y`, `origin_Z`, `angles_W`, `angles_X`, `angles_Y`, `angles_Z`, `is_Link_Child`, `last_Modified`)
	VALUES (2000373, 3911319587, 108.914314, 70.703056, 0.005000, -0.370227, 0.000000, 0.000000, 0.928941, False, '2019-07-27 14:14:00'); /* Linkable Monster Generator ( 5 Min.) */
/* @teleloc E9220023 108.914314 70.703056 0.005000 -0.370227 0.000000 0.000000 0.928941 */;

INSERT INTO `landblock_instance` (`weenie_Class_Id`, `obj_Cell_Id`, `origin_X`, `origin_Y`, `origin_Z`, `angles_W`, `angles_X`, `angles_Y`, `angles_Z`, `is_Link_Child`, `last_Modified`)
	VALUES (2000374, 3678076990, 173.805298, 135.177826, 20.004999, 0.969965, 0.000000, 0.000000, 0.243246, False, '2019-07-27 14:14:00'); /* Linkable Monster Generator ( 5 Min.) */
/* @teleloc DB3B003E 173.805298 135.177826 20.004999 0.969965 0.000000 0.000000 0.243246 */;

INSERT INTO `landblock_instance` (`weenie_Class_Id`, `obj_Cell_Id`, `origin_X`, `origin_Y`, `origin_Z`, `angles_W`, `angles_X`, `angles_Y`, `angles_Z`, `is_Link_Child`, `last_Modified`)
	VALUES (2000375, 3661299772, 181.186813, 92.612358, 0.821598, -0.976311, 0.000000, 0.000000, -0.216370, False, '2019-07-27 14:14:00'); /* Linkable Monster Generator ( 5 Min.) */
/* @teleloc DA3B003C 181.186813 92.612358 0.821598 -0.976311 0.000000 0.000000 -0.216370 */;

INSERT INTO `landblock_instance` (`weenie_Class_Id`, `obj_Cell_Id`, `origin_X`, `origin_Y`, `origin_Z`, `angles_W`, `angles_X`, `angles_Y`, `angles_Z`, `is_Link_Child`, `last_Modified`)
	VALUES (2000376, 3661299739, 72.525955, 63.420383, 25.610531, 0.664697, 0.000000, 0.000000, -0.747113
, False, '2019-07-27 14:14:00'); /* Linkable Monster Generator ( 5 Min.) */
/* @teleloc DA3B001B 72.525955 63.420383 25.610531 0.664697 0.000000 0.000000 -0.747113
 */;

INSERT INTO `landblock_instance` (`weenie_Class_Id`, `obj_Cell_Id`, `origin_X`, `origin_Y`, `origin_Z`, `angles_W`, `angles_X`, `angles_Y`, `angles_Z`, `is_Link_Child`, `last_Modified`)
	VALUES (2000377, 3862036514, 118.670959, 44.492039, 28.186577, -0.948288, 0.000000, 0.000000, 0.317411
, False, '2019-07-27 14:14:00'); /* Linkable Monster Generator ( 5 Min.) */
/* @teleloc E6320022 118.670959 44.492039 28.186577 -0.948288 0.000000 0.000000 0.317411
 */;

INSERT INTO `landblock_instance` (`weenie_Class_Id`, `obj_Cell_Id`, `origin_X`, `origin_Y`, `origin_Z`, `angles_W`, `angles_X`, `angles_Y`, `angles_Z`, `is_Link_Child`, `last_Modified`)
	VALUES (2000378, 3862036487, 19.931759, 150.722382, 26.904219, -0.700085, 0.000000, 0.000000, -0.714060
, False, '2019-07-27 14:14:00'); /* Linkable Monster Generator ( 5 Min.) */
/* @teleloc E6320007 19.931759 150.722382 26.904219 -0.700085 0.000000 0.000000 -0.714060
 */;

INSERT INTO `landblock_instance` (`weenie_Class_Id`, `obj_Cell_Id`, `origin_X`, `origin_Y`, `origin_Z`, `angles_W`, `angles_X`, `angles_Y`, `angles_Z`, `is_Link_Child`, `last_Modified`)
	VALUES (2000379, 3845259312, 139.304672, 169.620789, 28.004999, 0.481760, 0.000000, 0.000000, 0.876303
, False, '2019-07-27 14:14:00'); /* Linkable Monster Generator ( 5 Min.) */
/* @teleloc E5320030 139.304672 169.620789 28.004999 0.481760 0.000000 0.000000 0.876303
 */;

INSERT INTO `landblock_instance` (`weenie_Class_Id`, `obj_Cell_Id`, `origin_X`, `origin_Y`, `origin_Z`, `angles_W`, `angles_X`, `angles_Y`, `angles_Z`, `is_Link_Child`, `last_Modified`)
	VALUES (2000380, 3862757390, 47.723637, 132.266220, 89.186714, -0.096276, 0.000000, 0.000000, 0.995355
, False, '2019-07-27 14:14:00'); /* Linkable Monster Generator ( 5 Min.) */
/* @teleloc E63D000E 47.723637 132.266220 89.186714 -0.096276 0.000000 0.000000 0.995355
 */;

INSERT INTO `landblock_instance` (`weenie_Class_Id`, `obj_Cell_Id`, `origin_X`, `origin_Y`, `origin_Z`, `angles_W`, `angles_X`, `angles_Y`, `angles_Z`, `is_Link_Child`, `last_Modified`)
	VALUES (2000381, 3862757414, 100.436684, 135.487015, 86.005005, -0.578059, 0.000000, 0.000000, -0.815995
, False, '2019-07-27 14:14:00'); /* Linkable Monster Generator ( 5 Min.) */
/* @teleloc E63D0026 100.436684 135.487015 86.005005 -0.578059 0.000000 0.000000 -0.815995
 */;

INSERT INTO `landblock_instance` (`weenie_Class_Id`, `obj_Cell_Id`, `origin_X`, `origin_Y`, `origin_Z`, `angles_W`, `angles_X`, `angles_Y`, `angles_Z`, `is_Link_Child`, `last_Modified`)
	VALUES (2000382, 3862757383, 23.067492, 165.231506, 96.005005, 0.452634, 0.000000, 0.000000, -0.891696
, False, '2019-07-27 14:14:00'); /* Linkable Monster Generator ( 5 Min.) */
/* @teleloc E63D0007 23.067492 165.231506 96.005005 0.452634 0.000000 0.000000 -0.891696
 */;

INSERT INTO `landblock_instance` (`weenie_Class_Id`, `obj_Cell_Id`, `origin_X`, `origin_Y`, `origin_Z`, `angles_W`, `angles_X`, `angles_Y`, `angles_Z`, `is_Link_Child`, `last_Modified`)
	VALUES (2000383, 3378184228, 109.675262, 88.698227, 12.004999, 0.360779, 0.000000, 0.000000, 0.932651
, False, '2019-07-27 14:14:00'); /* Linkable Monster Generator ( 5 Min.) */
/* @teleloc C95B0024 109.675262 88.698227 12.004999 0.360779 0.000000 0.000000 0.932651
 */;

INSERT INTO `landblock_instance` (`weenie_Class_Id`, `obj_Cell_Id`, `origin_X`, `origin_Y`, `origin_Z`, `angles_W`, `angles_X`, `angles_Y`, `angles_Z`, `is_Link_Child`, `last_Modified`)
	VALUES (2000384, 3378184235, 137.356216, 64.545357, 12.004999, 0.895686, 0.000000, 0.000000, 0.444687
, False, '2019-07-27 14:14:00'); /* Linkable Monster Generator ( 5 Min.) */
/* @teleloc C95B002B 137.356216 64.545357 12.004999 0.895686 0.000000 0.000000 0.444687
 */;

INSERT INTO `landblock_instance` (`weenie_Class_Id`, `obj_Cell_Id`, `origin_X`, `origin_Y`, `origin_Z`, `angles_W`, `angles_X`, `angles_Y`, `angles_Z`, `is_Link_Child`, `last_Modified`)
	VALUES (2000385, 3378184247, 152.993057, 155.181107, 12.004999, 0.157882, 0.000000, 0.000000, -0.987458
, False, '2019-07-27 14:14:00'); /* Linkable Monster Generator ( 5 Min.) */
/* @teleloc C95B0037 152.993057 155.181107 12.004999 0.157882 0.000000 0.000000 -0.987458
 */;

INSERT INTO `landblock_instance` (`weenie_Class_Id`, `obj_Cell_Id`, `origin_X`, `origin_Y`, `origin_Z`, `angles_W`, `angles_X`, `angles_Y`, `angles_Z`, `is_Link_Child`, `last_Modified`)
	VALUES (2000386, 1060241674, 63.938255, 33.726604, 0.005000, -0.775899, 0.000000, 0.000000, -0.630857
, False, '2019-07-27 14:14:00'); /* Linkable Monster Generator ( 5 Min.) */
/* @teleloc 3F32010A 63.938255 33.726604 0.005000 -0.775899 0.000000 0.000000 -0.630857
 */;

INSERT INTO `landblock_instance` (`weenie_Class_Id`, `obj_Cell_Id`, `origin_X`, `origin_Y`, `origin_Z`, `angles_W`, `angles_X`, `angles_Y`, `angles_Z`, `is_Link_Child`, `last_Modified`)
	VALUES (2000387, 1060241426, 50.768837, 38.716831, 0.005000, -0.605655, 0.000000, 0.000000, -0.795728
, False, '2019-07-27 14:14:00'); /* Linkable Monster Generator ( 5 Min.) */
/* @teleloc 3F320012 50.768837 38.716831 0.005000 -0.605655 0.000000 0.000000 -0.795728
 */;

INSERT INTO `landblock_instance` (`weenie_Class_Id`, `obj_Cell_Id`, `origin_X`, `origin_Y`, `origin_Z`, `angles_W`, `angles_X`, `angles_Y`, `angles_Z`, `is_Link_Child`, `last_Modified`)
	VALUES (2000388, 3027173427, 145.520126, 48.888195, 22.004999, 0.855284, 0.000000, 0.000000, -0.518159
, False, '2019-07-27 14:14:00'); /* Linkable Monster Generator ( 5 Min.) */
/* @teleloc B46F0033 145.520126 48.888195 22.004999 0.855284 0.000000 0.000000 -0.518159
 */;

INSERT INTO `landblock_instance` (`weenie_Class_Id`, `obj_Cell_Id`, `origin_X`, `origin_Y`, `origin_Z`, `angles_W`, `angles_X`, `angles_Y`, `angles_Z`, `is_Link_Child`, `last_Modified`)
	VALUES (2000389, 3027238938, 87.387688, 36.771217, 42.005001, 0.121942, 0.000000, 0.000000, -0.992537, False, '2019-07-27 14:14:00'); /* Linkable Monster Generator ( 5 Min.) */
/* @teleloc B470001A 87.387688 36.771217 42.005001 0.121942 0.000000 0.000000 -0.992537 */;

INSERT INTO `landblock_instance` (`weenie_Class_Id`, `obj_Cell_Id`, `origin_X`, `origin_Y`, `origin_Z`, `angles_W`, `angles_X`, `angles_Y`, `angles_Z`, `is_Link_Child`, `last_Modified`)
	VALUES (2000390, 3027238947, 116.599358, 70.898300, 42.005001, -0.703395, 0.000000, 0.000000, -0.710799
, False, '2019-07-27 14:14:00'); /* Linkable Monster Generator ( 5 Min.) */
/* @teleloc B4700023 116.599358 70.898300 42.005001 -0.703395 0.000000 0.000000 -0.710799
 */;

INSERT INTO `landblock_instance` (`weenie_Class_Id`, `obj_Cell_Id`, `origin_X`, `origin_Y`, `origin_Z`, `angles_W`, `angles_X`, `angles_Y`, `angles_Z`, `is_Link_Child`, `last_Modified`)
	VALUES (2000391, 2103705618, 51.071510, 28.837421, 12.004999, -0.985713, 0.000000, 0.000000, 0.168432
, False, '2019-07-27 14:14:00'); /* Linkable Monster Generator ( 5 Min.) */
/* @teleloc 7D640012 51.071510 28.837421 12.004999 -0.985713 0.000000 0.000000 0.168432
 */;

INSERT INTO `landblock_instance` (`weenie_Class_Id`, `obj_Cell_Id`, `origin_X`, `origin_Y`, `origin_Z`, `angles_W`, `angles_X`, `angles_Y`, `angles_Z`, `is_Link_Child`, `last_Modified`)
	VALUES (2000392, 2103705619, 64.385582, 58.656532, 12.004999, 0.486478, 0.000000, 0.000000, 0.873693
, False, '2019-07-27 14:14:00'); /* Linkable Monster Generator ( 5 Min.) */
/* @teleloc 7D640013 64.385582 58.656532 12.004999 0.486478 0.000000 0.000000 0.873693
 */;

INSERT INTO `landblock_instance` (`weenie_Class_Id`, `obj_Cell_Id`, `origin_X`, `origin_Y`, `origin_Z`, `angles_W`, `angles_X`, `angles_Y`, `angles_Z`, `is_Link_Child`, `last_Modified`)
	VALUES (2000393, 2103705636, 101.452072, 88.303513, 12.004999, -0.018370, 0.000000, 0.000000, -0.999831
, False, '2019-07-27 14:14:00'); /* Linkable Monster Generator ( 5 Min.) */
/* @teleloc 7D640024 101.452072 88.303513 12.004999 -0.018370 0.000000 0.000000 -0.999831
 */;

INSERT INTO `landblock_instance` (`weenie_Class_Id`, `obj_Cell_Id`, `origin_X`, `origin_Y`, `origin_Z`, `angles_W`, `angles_X`, `angles_Y`, `angles_Z`, `is_Link_Child`, `last_Modified`)
	VALUES (2000394, 2156920850, 67.574936, 31.783112, 124.005005, 0.811271, 0.000000, 0.000000, -0.584670
, False, '2019-07-27 14:14:00'); /* Linkable Monster Generator ( 5 Min.) */
/* @teleloc 80900012 67.574936 31.783112 124.005005 0.811271 0.000000 0.000000 -0.584670
 */;

INSERT INTO `landblock_instance` (`weenie_Class_Id`, `obj_Cell_Id`, `origin_X`, `origin_Y`, `origin_Z`, `angles_W`, `angles_X`, `angles_Y`, `angles_Z`, `is_Link_Child`, `last_Modified`)
	VALUES (2000395, 2156920845, 35.027794, 99.800568, 124.005005, 0.470697, 0.000000, 0.000000, -0.882295
, False, '2019-07-27 14:14:00'); /* Linkable Monster Generator ( 5 Min.) */
/* @teleloc 8090000D 35.027794 99.800568 124.005005 0.470697 0.000000 0.000000 -0.882295
 */;

INSERT INTO `landblock_instance` (`weenie_Class_Id`, `obj_Cell_Id`, `origin_X`, `origin_Y`, `origin_Z`, `angles_W`, `angles_X`, `angles_Y`, `angles_Z`, `is_Link_Child`, `last_Modified`)
	VALUES (2000396, 2156920866, 102.262619, 29.993509, 124.005005, 0.194977, 0.000000, 0.000000, 0.980808
, False, '2019-07-27 14:14:00'); /* Linkable Monster Generator ( 5 Min.) */
/* @teleloc 80900022 102.262619 29.993509 124.005005 0.194977 0.000000 0.000000 0.980808
 */;

INSERT INTO `landblock_instance` (`weenie_Class_Id`, `obj_Cell_Id`, `origin_X`, `origin_Y`, `origin_Z`, `angles_W`, `angles_X`, `angles_Y`, `angles_Z`, `is_Link_Child`, `last_Modified`)
	VALUES (2000397, 2421686588, 132.138702, 66.727394, -0.171487, -0.724142, 0.000000, 0.000000, -0.689651, False, '2019-07-27 14:14:00'); /* Linkable Monster Generator ( 5 Min.) */
/* @teleloc 9058013C 132.138702 66.727394 -0.171487 -0.724142 0.000000 0.000000 -0.689651 */;

INSERT INTO `landblock_instance` (`weenie_Class_Id`, `obj_Cell_Id`, `origin_X`, `origin_Y`, `origin_Z`, `angles_W`, `angles_X`, `angles_Y`, `angles_Z`, `is_Link_Child`, `last_Modified`)
	VALUES (2000398, 2421686333, 174.632950, 97.577232, 0.005000, -0.961381, 0.000000, 0.000000, -0.275221
, False, '2019-07-27 14:14:00'); /* Linkable Monster Generator ( 5 Min.) */
/* @teleloc 9058003D 174.632950 97.577232 0.005000 -0.961381 0.000000 0.000000 -0.275221
 */;

INSERT INTO `landblock_instance` (`weenie_Class_Id`, `obj_Cell_Id`, `origin_X`, `origin_Y`, `origin_Z`, `angles_W`, `angles_X`, `angles_Y`, `angles_Z`, `is_Link_Child`, `last_Modified`)
	VALUES (2000399, 2240282646, 71.766403, 124.798660, 86.005005, 0.707670, 0.000000, 0.000000, 0.706543
, False, '2019-07-27 14:14:00'); /* Linkable Monster Generator ( 5 Min.) */
/* @teleloc 85880016 71.766403 124.798660 86.005005 0.707670 0.000000 0.000000 0.706543
 */;

INSERT INTO `landblock_instance` (`weenie_Class_Id`, `obj_Cell_Id`, `origin_X`, `origin_Y`, `origin_Z`, `angles_W`, `angles_X`, `angles_Y`, `angles_Z`, `is_Link_Child`, `last_Modified`)
	VALUES (2000400, 2240282637, 32.162704, 118.199219, 86.005005, 0.805015, 0.000000, 0.000000, -0.593255
, False, '2019-07-27 14:14:00'); /* Linkable Monster Generator ( 5 Min.) */
/* @teleloc 8588000D 32.162704 118.199219 86.005005 0.805015 0.000000 0.000000 -0.593255
 */;

INSERT INTO `landblock_instance` (`weenie_Class_Id`, `obj_Cell_Id`, `origin_X`, `origin_Y`, `origin_Z`, `angles_W`, `angles_X`, `angles_Y`, `angles_Z`, `is_Link_Child`, `last_Modified`)
	VALUES (2000401, 288620573, 79.464966, 103.814941, 42.005001, 0.833929, 0.000000, 0.000000, 0.551871
, False, '2019-07-27 14:14:00'); /* Linkable Monster Generator ( 5 Min.) */
/* @teleloc 1134001D 79.464966 103.814941 42.005001 0.833929 0.000000 0.000000 0.551871
 */;

INSERT INTO `landblock_instance` (`weenie_Class_Id`, `obj_Cell_Id`, `origin_X`, `origin_Y`, `origin_Z`, `angles_W`, `angles_X`, `angles_Y`, `angles_Z`, `is_Link_Child`, `last_Modified`)
	VALUES (2000402, 288620856, 84.919289, 155.693359, 42.005001, 0.953470, 0.000000, 0.000000, 0.301488
, False, '2019-07-27 14:14:00'); /* Linkable Monster Generator ( 5 Min.) */
/* @teleloc 11340138 84.919289 155.693359 42.005001 0.953470 0.000000 0.000000 0.301488
 */;

INSERT INTO `landblock_instance` (`weenie_Class_Id`, `obj_Cell_Id`, `origin_X`, `origin_Y`, `origin_Z`, `angles_W`, `angles_X`, `angles_Y`, `angles_Z`, `is_Link_Child`, `last_Modified`)
	VALUES (2000403, 288620559, 38.993069, 149.254929, 42.005001, 0.211495, 0.000000, 0.000000, -0.977379
, False, '2019-07-27 14:14:00'); /* Linkable Monster Generator ( 5 Min.) */
/* @teleloc 1134000F 38.993069 149.254929 42.005001 0.211495 0.000000 0.000000 -0.977379
 */;

INSERT INTO `landblock_instance` (`weenie_Class_Id`, `obj_Cell_Id`, `origin_X`, `origin_Y`, `origin_Z`, `angles_W`, `angles_X`, `angles_Y`, `angles_Z`, `is_Link_Child`, `last_Modified`)
	VALUES (2000404, 2535587869, 85.792557, 97.186325, 102.004997, -0.856140, 0.000000, 0.000000, 0.516745
, False, '2019-07-27 14:14:00'); /* Linkable Monster Generator ( 5 Min.) */
/* @teleloc 9722001D 85.792557 97.186325 102.004997 -0.856140 0.000000 0.000000 0.516745
 */;

INSERT INTO `landblock_instance` (`weenie_Class_Id`, `obj_Cell_Id`, `origin_X`, `origin_Y`, `origin_Z`, `angles_W`, `angles_X`, `angles_Y`, `angles_Z`, `is_Link_Child`, `last_Modified`)
	VALUES (2000405, 2535587876, 101.677910, 88.430267, 102.004997, 0.362325, 0.000000, 0.000000, -0.932052
, False, '2019-07-27 14:14:00'); /* Linkable Monster Generator ( 5 Min.) */
/* @teleloc 97220024 101.677910 88.430267 102.004997 0.362325 0.000000 0.000000 -0.932052
 */;

INSERT INTO `landblock_instance` (`weenie_Class_Id`, `obj_Cell_Id`, `origin_X`, `origin_Y`, `origin_Z`, `angles_W`, `angles_X`, `angles_Y`, `angles_Z`, `is_Link_Child`, `last_Modified`)
	VALUES (2000506, 2535587884, 122.161705, 83.280945, 105.605003, -0.230399, 0.000000, 0.000000, -0.973096
, False, '2019-07-27 14:14:00'); /* Linkable Monster Generator ( 5 Min.) */
/* @teleloc 9722002C 122.161705 83.280945 105.605003 -0.230399 0.000000 0.000000 -0.973096
 */;

INSERT INTO `landblock_instance` (`weenie_Class_Id`, `obj_Cell_Id`, `origin_X`, `origin_Y`, `origin_Z`, `angles_W`, `angles_X`, `angles_Y`, `angles_Z`, `is_Link_Child`, `last_Modified`)
	VALUES (2000407, 2558197766, 15.169734, 127.529579, 0.005000, 0.489974, 0.000000, 0.000000, -0.871737
, False, '2019-07-27 14:14:00'); /* Linkable Monster Generator ( 5 Min.) */
/* @teleloc 987B0006 15.169734 127.529579 0.005000 0.489974 0.000000 0.000000 -0.871737
 */;

INSERT INTO `landblock_instance` (`weenie_Class_Id`, `obj_Cell_Id`, `origin_X`, `origin_Y`, `origin_Z`, `angles_W`, `angles_X`, `angles_Y`, `angles_Z`, `is_Link_Child`, `last_Modified`)
	VALUES (2000408, 2541420591, 125.513115, 164.748108, 0.005000, 0.909609, 0.000000, 0.000000, -0.415465
, False, '2019-07-27 14:14:00'); /* Linkable Monster Generator ( 5 Min.) */
/* @teleloc 977B002F 125.513115 164.748108 0.005000 0.909609 0.000000 0.000000 -0.415465
 */;

INSERT INTO `landblock_instance` (`weenie_Class_Id`, `obj_Cell_Id`, `origin_X`, `origin_Y`, `origin_Z`, `angles_W`, `angles_X`, `angles_Y`, `angles_Z`, `is_Link_Child`, `last_Modified`)
	VALUES (2000409, 2541420591, 128.774857, 167.397141, 0.005000, -0.441848, 0.000000, 0.000000, -0.897090
, False, '2019-07-27 14:14:00'); /* Linkable Monster Generator ( 5 Min.) */
/* @teleloc 977B002F 128.774857 167.397141 0.005000 -0.441848 0.000000 0.000000 -0.897090
 */;

INSERT INTO `landblock_instance` (`weenie_Class_Id`, `obj_Cell_Id`, `origin_X`, `origin_Y`, `origin_Z`, `angles_W`, `angles_X`, `angles_Y`, `angles_Z`, `is_Link_Child`, `last_Modified`)
	VALUES (2000410, 2272067594, 47.647137, 38.187702, 10.004999, 0.190833, 0.000000, 0.000000, -0.981623
, False, '2019-07-27 14:14:00'); /* Linkable Monster Generator ( 5 Min.) */
/* @teleloc 876D000A 47.647137 38.187702 10.004999 0.190833 0.000000 0.000000 -0.981623
 */;

INSERT INTO `landblock_instance` (`weenie_Class_Id`, `obj_Cell_Id`, `origin_X`, `origin_Y`, `origin_Z`, `angles_W`, `angles_X`, `angles_Y`, `angles_Z`, `is_Link_Child`, `last_Modified`)
	VALUES (2000411, 2255290399, 82.511658, 153.571793, 35.521976, 0.784500, 0.000000, 0.000000, 0.620129
, False, '2019-07-27 14:14:00'); /* Linkable Monster Generator ( 5 Min.) */
/* @teleloc 866D001F 82.511658 153.571793 35.521976 0.784500 0.000000 0.000000 0.620129
 */;

INSERT INTO `landblock_instance` (`weenie_Class_Id`, `obj_Cell_Id`, `origin_X`, `origin_Y`, `origin_Z`, `angles_W`, `angles_X`, `angles_Y`, `angles_Z`, `is_Link_Child`, `last_Modified`)
	VALUES (2000412, 2255355922, 52.254490, 41.200420, 20.004997, -0.576652, 0.000000, 0.000000, -0.816990
, False, '2019-07-27 14:14:00'); /* Linkable Monster Generator ( 5 Min.) */
/* @teleloc 866E0012 52.254490 41.200420 20.004997 -0.576652 0.000000 0.000000 -0.816990
 */;

INSERT INTO `landblock_instance` (`weenie_Class_Id`, `obj_Cell_Id`, `origin_X`, `origin_Y`, `origin_Z`, `angles_W`, `angles_X`, `angles_Y`, `angles_Z`, `is_Link_Child`, `last_Modified`)
	VALUES (2000413, 2272067602, 51.504360, 39.713341, 10.004999, -0.325504, 0.000000, 0.000000, -0.945541
, False, '2019-07-27 14:14:00'); /* Linkable Monster Generator ( 5 Min.) */
/* @teleloc 876D0012 51.504360 39.713341 10.004999 -0.325504 0.000000 0.000000 -0.945541
 */;

INSERT INTO `landblock_instance` (`weenie_Class_Id`, `obj_Cell_Id`, `origin_X`, `origin_Y`, `origin_Z`, `angles_W`, `angles_X`, `angles_Y`, `angles_Z`, `is_Link_Child`, `last_Modified`)
	VALUES (2000414, 2724200500, 160.673706, 77.784393, 20.004999, 0.123072, 0.000000, 0.000000, -0.992398
, False, '2019-07-27 14:14:00'); /* Linkable Monster Generator ( 5 Min.) */
/* @teleloc A2600034 160.673706 77.784393 20.004999 0.123072 0.000000 0.000000 -0.992398
 */;

INSERT INTO `landblock_instance` (`weenie_Class_Id`, `obj_Cell_Id`, `origin_X`, `origin_Y`, `origin_Z`, `angles_W`, `angles_X`, `angles_Y`, `angles_Z`, `is_Link_Child`, `last_Modified`)
	VALUES (2000415, 2724134966, 156.859695, 136.654587, 20.004999, -0.923310, 0.000000, 0.000000, -0.384056
, False, '2019-07-27 14:14:00'); /* Linkable Monster Generator ( 5 Min.) */
/* @teleloc A25F0036 156.859695 136.654587 20.004999 -0.923310 0.000000 0.000000 -0.384056
 */;

INSERT INTO `landblock_instance` (`weenie_Class_Id`, `obj_Cell_Id`, `origin_X`, `origin_Y`, `origin_Z`, `angles_W`, `angles_X`, `angles_Y`, `angles_Z`, `is_Link_Child`, `last_Modified`)
	VALUES (2000416, 853082157, 139.286575, 99.664146, 52.005001, -0.967191, 0.000000, 0.000000, -0.254052
, False, '2019-07-27 14:14:00'); /* Linkable Monster Generator ( 5 Min.) */
/* @teleloc 32D9002D 139.286575 99.664146 52.005001 -0.967191 0.000000 0.000000 -0.254052
 */;

INSERT INTO `landblock_instance` (`weenie_Class_Id`, `obj_Cell_Id`, `origin_X`, `origin_Y`, `origin_Z`, `angles_W`, `angles_X`, `angles_Y`, `angles_Z`, `is_Link_Child`, `last_Modified`)
	VALUES (2000417, 869859355, 79.723549, 63.556755, 52.005001, -0.577276, 0.000000, 0.000000, -0.816549, False, '2019-07-27 14:14:00'); /* Linkable Monster Generator ( 5 Min.) */
/* @teleloc 33D9001B 79.723549 63.556755 52.005001 -0.577276 0.000000 0.000000 -0.816549 */;

INSERT INTO `landblock_instance` (`weenie_Class_Id`, `obj_Cell_Id`, `origin_X`, `origin_Y`, `origin_Z`, `angles_W`, `angles_X`, `angles_Y`, `angles_Z`, `is_Link_Child`, `last_Modified`)
	VALUES (2000418, 869859331, 8.489905, 62.492947, 52.005001, -0.801502, 0.000000, 0.000000, -0.597992
, False, '2019-07-27 14:14:00'); /* Linkable Monster Generator ( 5 Min.) */
/* @teleloc 33D90003 8.489905 62.492947 52.005001 -0.801502 0.000000 0.000000 -0.597992
 */;

INSERT INTO `landblock_instance` (`weenie_Class_Id`, `obj_Cell_Id`, `origin_X`, `origin_Y`, `origin_Z`, `angles_W`, `angles_X`, `angles_Y`, `angles_Z`, `is_Link_Child`, `last_Modified`)
	VALUES (2000419, 565182469, 1.447654, 115.020111, 0.005000, -0.419322, 0.000000, 0.000000, -0.907837
, False, '2019-07-27 14:14:00'); /* Linkable Monster Generator ( 5 Min.) */
/* @teleloc 21B00005 1.447654 115.020111 0.005000 -0.419322 0.000000 0.000000 -0.907837
 */;

INSERT INTO `landblock_instance` (`weenie_Class_Id`, `obj_Cell_Id`, `origin_X`, `origin_Y`, `origin_Z`, `angles_W`, `angles_X`, `angles_Y`, `angles_Z`, `is_Link_Child`, `last_Modified`)
	VALUES (2000420, 565182486, 70.195206, 127.136505, 0.005000, 0.847121, 0.000000, 0.000000, -0.531399
, False, '2019-07-27 14:14:00'); /* Linkable Monster Generator ( 5 Min.) */
/* @teleloc 21B00016 70.195206 127.136505 0.005000 0.847121 0.000000 0.000000 -0.531399
 */;

INSERT INTO `landblock_instance` (`weenie_Class_Id`, `obj_Cell_Id`, `origin_X`, `origin_Y`, `origin_Z`, `angles_W`, `angles_X`, `angles_Y`, `angles_Z`, `is_Link_Child`, `last_Modified`)
	VALUES (2000421, 750059530, 33.198807, 30.272196, 0.005000, 0.965900, 0.000000, 0.000000, 0.258914
, False, '2019-07-27 14:14:00'); /* Linkable Monster Generator ( 5 Min.) */
/* @teleloc 2CB5000A 33.198807 30.272196 0.005000 0.965900 0.000000 0.000000 0.258914
 */;

INSERT INTO `landblock_instance` (`weenie_Class_Id`, `obj_Cell_Id`, `origin_X`, `origin_Y`, `origin_Z`, `angles_W`, `angles_X`, `angles_Y`, `angles_Z`, `is_Link_Child`, `last_Modified`)
	VALUES (2000422, 750059525, 22.076534, 106.175903, 0.005000, 0.918174, 0.000000, 0.000000, -0.396177
, False, '2019-07-27 14:14:00'); /* Linkable Monster Generator ( 5 Min.) */
/* @teleloc 2CB50005 22.076534 106.175903 0.005000 0.918174 0.000000 0.000000 -0.396177
 */;

INSERT INTO `landblock_instance` (`weenie_Class_Id`, `obj_Cell_Id`, `origin_X`, `origin_Y`, `origin_Z`, `angles_W`, `angles_X`, `angles_Y`, `angles_Z`, `is_Link_Child`, `last_Modified`)
	VALUES (2000423, 397541412, 118.234856, 86.147781, 44.005001, 0.841427, 0.000000, 0.000000, 0.540371
, False, '2019-07-27 14:14:00'); /* Linkable Monster Generator ( 5 Min.) */
/* @teleloc 17B20024 118.234856 86.147781 44.005001 0.841427 0.000000 0.000000 0.540371
 */;

INSERT INTO `landblock_instance` (`weenie_Class_Id`, `obj_Cell_Id`, `origin_X`, `origin_Y`, `origin_Z`, `angles_W`, `angles_X`, `angles_Y`, `angles_Z`, `is_Link_Child`, `last_Modified`)
	VALUES (2000424, 397541632, 132.190170, 56.158367, 41.205002, -0.425558, 0.000000, 0.000000, -0.904931
, False, '2019-07-27 14:14:00'); /* Linkable Monster Generator ( 5 Min.) */
/* @teleloc 17B20100 132.190170 56.158367 41.205002 -0.425558 0.000000 0.000000 -0.904931
 */;

INSERT INTO `landblock_instance` (`weenie_Class_Id`, `obj_Cell_Id`, `origin_X`, `origin_Y`, `origin_Z`, `angles_W`, `angles_X`, `angles_Y`, `angles_Z`, `is_Link_Child`, `last_Modified`)
	VALUES (2000425, 669777958, 101.736122, 135.742371, 80.005005, -0.455012, 0.000000, 0.000000, -0.890485
, False, '2019-07-27 14:14:00'); /* Linkable Monster Generator ( 5 Min.) */
/* @teleloc 27EC0026 101.736122 135.742371 80.005005 -0.455012 0.000000 0.000000 -0.890485
 */;

INSERT INTO `landblock_instance` (`weenie_Class_Id`, `obj_Cell_Id`, `origin_X`, `origin_Y`, `origin_Z`, `angles_W`, `angles_X`, `angles_Y`, `angles_Z`, `is_Link_Child`, `last_Modified`)
	VALUES (2000426, 669777939, 53.415318, 69.236443, 80.005005, 0.979090, 0.000000, 0.000000, 0.203425
, False, '2019-07-27 14:14:00'); /* Linkable Monster Generator ( 5 Min.) */
/* @teleloc 27EC0013 53.415318 69.236443 80.005005 0.979090 0.000000 0.000000 0.203425
 */;

INSERT INTO `landblock_instance` (`weenie_Class_Id`, `obj_Cell_Id`, `origin_X`, `origin_Y`, `origin_Z`, `angles_W`, `angles_X`, `angles_Y`, `angles_Z`, `is_Link_Child`, `last_Modified`)
	VALUES (2000427, 498466879, 186.752670, 165.064774, 120.005005, 0.114046, 0.000000, 0.000000, -0.993475
, False, '2019-07-27 14:14:00'); /* Linkable Monster Generator ( 5 Min.) */
/* @teleloc 1DB6003F 186.752670 165.064774 120.005005 0.114046 0.000000 0.000000 -0.993475
 */;

INSERT INTO `landblock_instance` (`weenie_Class_Id`, `obj_Cell_Id`, `origin_X`, `origin_Y`, `origin_Z`, `angles_W`, `angles_X`, `angles_Y`, `angles_Z`, `is_Link_Child`, `last_Modified`)
	VALUES (2000428, 2719875343, 130.579727, 37.809238, 576.005005, -0.926123, 0.000000, 0.000000, -0.377222
, False, '2019-07-27 14:14:00'); /* Linkable Monster Generator ( 5 Min.) */
/* @teleloc A21E010F 130.579727 37.809238 576.005005 -0.926123 0.000000 0.000000 -0.377222
 */;

INSERT INTO `landblock_instance` (`weenie_Class_Id`, `obj_Cell_Id`, `origin_X`, `origin_Y`, `origin_Z`, `angles_W`, `angles_X`, `angles_Y`, `angles_Z`, `is_Link_Child`, `last_Modified`)
	VALUES (2000429, 722599970, 96.589615, 40.144890, 48.005001, 0.822689, 0.000000, 0.000000, -0.568492
, False, '2019-07-27 14:14:00'); /* Linkable Monster Generator ( 5 Min.) */
/* @teleloc 2B120022 96.589615 40.144890 48.005001 0.822689 0.000000 0.000000 -0.568492
 */;

INSERT INTO `landblock_instance` (`weenie_Class_Id`, `obj_Cell_Id`, `origin_X`, `origin_Y`, `origin_Z`, `angles_W`, `angles_X`, `angles_Y`, `angles_Z`, `is_Link_Child`, `last_Modified`)
	VALUES (2000430, 722599945, 42.848038, 12.493179, 48.005001, 0.481763, 0.000000, 0.000000, -0.876302
, False, '2019-07-27 14:14:00'); /* Linkable Monster Generator ( 5 Min.) */
/* @teleloc 2B120009 42.848038 12.493179 48.005001 0.481763 0.000000 0.000000 -0.876302
 */;

INSERT INTO `landblock_instance` (`weenie_Class_Id`, `obj_Cell_Id`, `origin_X`, `origin_Y`, `origin_Z`, `angles_W`, `angles_X`, `angles_Y`, `angles_Z`, `is_Link_Child`, `last_Modified`)
	VALUES (2000431, 722599985, 145.517883, 11.862106, 48.005001, 0.677246, 0.000000, 0.000000, -0.735757
, False, '2019-07-27 14:14:00'); /* Linkable Monster Generator ( 5 Min.) */
/* @teleloc 2B120031 145.517883 11.862106 48.005001 0.677246 0.000000 0.000000 -0.735757
 */;

INSERT INTO `landblock_instance` (`weenie_Class_Id`, `obj_Cell_Id`, `origin_X`, `origin_Y`, `origin_Z`, `angles_W`, `angles_X`, `angles_Y`, `angles_Z`, `is_Link_Child`, `last_Modified`)
	VALUES (2000432, 4133027851, 24.629978, 68.944382, 19.555000, 0.877218, 0.000000, 0.000000, 0.480093, False, '2019-07-27 14:14:00'); /* Linkable Monster Generator ( 5 Min.) */
/* @teleloc F659000B 24.629978 68.944382 19.555000 0.877218 0.000000 0.000000 0.480093 */;


/* #endregion */

/* We hung high the topsail, battened the hatches and beat the Squal, Heave ho boys the battle begins now! */

 